"Expiry","Texp","Strike","Bid","Ask","Fwd","CallMid"
2025-02-11,0.004,2400,NA,4.14259337920558,6063.01666666685,NA
2025-02-11,0.004,2600,NA,3.79707959916068,6063.01666666685,NA
2025-02-11,0.004,2800,NA,3.47706507163068,6063.01666666685,NA
2025-02-11,0.004,3000,NA,3.17888731151015,6063.01666666685,NA
2025-02-11,0.004,3200,NA,2.89959499655931,6063.01666666685,NA
2025-02-11,0.004,3400,NA,2.63677140348678,6063.01666666685,NA
2025-02-11,0.004,3600,NA,2.38840827005669,6063.01666666685,NA
2025-02-11,0.004,3800,NA,2.15281333993178,6063.01666666685,NA
2025-02-11,0.004,4000,NA,1.92854078327286,6063.01666666685,NA
2025-02-11,0.004,4200,NA,1.7143372130623,6063.01666666685,NA
2025-02-11,0.004,4400,NA,1.50909806122705,6063.01666666685,NA
2025-02-11,0.004,4500,NA,1.40952637551386,6063.01666666685,NA
2025-02-11,0.004,4600,NA,1.31183011371425,6063.01666666685,NA
2025-02-11,0.004,4700,NA,1.21589672753233,6063.01666666685,NA
2025-02-11,0.004,4750,NA,1.16855663685519,6063.01666666685,NA
2025-02-11,0.004,4800,NA,1.12161607730524,6063.01666666685,NA
2025-02-11,0.004,4850,NA,1.07506142828982,6063.01666666685,NA
2025-02-11,0.004,4900,NA,1.02887902963506,6063.01666666685,NA
2025-02-11,0.004,4950,NA,0.983055120031297,6063.01666666685,NA
2025-02-11,0.004,5000,NA,0.937575766747289,6063.01666666685,NA
2025-02-11,0.004,5050,NA,0.892426782975362,6063.01666666685,NA
2025-02-11,0.004,5100,NA,0.847593632807395,6063.01666666685,NA
2025-02-11,0.004,5150,NA,0.803061315983652,6063.01666666685,NA
2025-02-11,0.004,5200,NA,0.758814230231663,6063.01666666685,NA
2025-02-11,0.004,5225,NA,0.736792567496968,6063.01666666685,NA
2025-02-11,0.004,5250,NA,0.714836001008818,6063.01666666685,NA
2025-02-11,0.004,5275,NA,0.69294232848036,6063.01666666685,NA
2025-02-11,0.004,5300,NA,0.671109270499594,6063.01666666685,NA
2025-02-11,0.004,5325,NA,0.649334459469912,6063.01666666685,NA
2025-02-11,0.004,5350,NA,0.627615429423759,6063.01666666685,NA
2025-02-11,0.004,5375,NA,0.605949602052795,6063.01666666685,NA
2025-02-11,0.004,5400,NA,0.584334272155981,6063.01666666685,NA
2025-02-11,0.004,5425,NA,0.562766590177274,6063.01666666685,NA
2025-02-11,0.004,5450,NA,0.541243541832955,6063.01666666685,NA
2025-02-11,0.004,5475,NA,0.519761924828559,6063.01666666685,NA
2025-02-11,0.004,5500,NA,0.498318320337123,6063.01666666685,NA
2025-02-11,0.004,5525,NA,0.506436810705402,6063.01666666685,NA
2025-02-11,0.004,5550,NA,0.483926496549093,6063.01666666685,NA
2025-02-11,0.004,5560,NA,0.474928621283406,6063.01666666685,NA
2025-02-11,0.004,5570,NA,0.465933827240249,6063.01666666685,NA
2025-02-11,0.004,5575,NA,0.461437478829682,6063.01666666685,NA
2025-02-11,0.004,5580,0.429909577528837,0.456941770557866,6063.01666666685,483.091666666756
2025-02-11,0.004,5590,NA,0.447952093986738,6063.01666666685,NA
2025-02-11,0.004,5600,0.412846030545017,0.438964425870949,6063.01666666685,463.091666666944
2025-02-11,0.004,5610,NA,0.429978379129555,6063.01666666685,NA
2025-02-11,0.004,5620,NA,0.420993550237947,6063.01666666685,NA
2025-02-11,0.004,5625,0.391530899674441,0.416501461609525,6063.01666666685,438.091666666895
2025-02-11,0.004,5630,NA,0.412009518063697,6063.01666666685,NA
2025-02-11,0.004,5640,NA,0.403025841974813,6063.01666666685,NA
2025-02-11,0.004,5650,0.370226301334588,0.394042061403178,6063.01666666685,413.091666666971
2025-02-11,0.004,5660,0.361706006975486,0.385057692643129,6063.01666666685,403.091666666892
2025-02-11,0.004,5665,0.357445974683306,0.380565130204347,6063.01666666685,398.091666666794
2025-02-11,0.004,5670,0.353185942973203,0.376072228560421,6063.01666666685,393.091666666741
2025-02-11,0.004,5675,0.348925853055439,0.371578920190464,6063.01666666685,388.09166666676
2025-02-11,0.004,5680,0.344665644539565,0.36708513582736,6063.01666666685,383.091666666846
2025-02-11,0.004,5685,0.340405255579943,0.362590804166725,6063.01666666685,378.09166666682
2025-02-11,0.004,5690,0.336144622439183,0.358095852448981,6063.01666666685,373.091666666982
2025-02-11,0.004,5695,0.331883679779186,0.353600205295209,6063.01666666685,368.091666666853
2025-02-11,0.004,5700,0.327622360661143,0.349103785725777,6063.01666666685,363.091666666852
2025-02-11,0.004,5705,0.323360596108974,0.344606514287227,6063.01666666685,358.091666666863
2025-02-11,0.004,5710,0.319098314963815,0.340108309343315,6063.01666666685,353.091666666744
2025-02-11,0.004,5715,0.314835444466089,0.33560908692949,6063.01666666685,348.091666666876
2025-02-11,0.004,5720,0.310571909382394,0.331108760316338,6063.01666666685,343.091666666987
2025-02-11,0.004,5725,0.306307632151023,0.326607240300618,6063.01666666685,338.091666666977
2025-02-11,0.004,5730,0.30204253302748,0.322104434768707,6063.01666666685,333.091666666687
2025-02-11,0.004,5735,0.297776529938962,0.317600249133156,6063.01666666685,328.091666666788
2025-02-11,0.004,5740,0.293509537902286,0.313094585168536,6063.01666666685,323.091666666726
2025-02-11,0.004,5745,0.289241469314921,0.308587341884557,6063.01666666685,318.091666666758
2025-02-11,0.004,5750,0.284972233663955,0.304078414798467,6063.01666666685,313.091666666911
2025-02-11,0.004,5755,0.280701737380573,0.299567695644016,6063.01666666685,308.091666666781
2025-02-11,0.004,5760,0.276429883985576,0.295055072808015,6063.01666666685,303.091666666882
2025-02-11,0.004,5765,0.27215657321627,0.290540430457219,6063.01666666685,298.091666666825
2025-02-11,0.004,5770,0.267881701608536,0.286023648829365,6063.01666666685,293.091666666941
2025-02-11,0.004,5775,0.263605161623721,0.281504603505578,6063.01666666685,288.091666666741
2025-02-11,0.004,5780,0.259326842230712,0.288834856207155,6063.01666666685,283.116666666646
2025-02-11,0.004,5785,0.255046627887302,0.284151043039698,6063.01666666685,278.116666666799
2025-02-11,0.004,5790,0.250764398685709,0.279464106594677,6063.01666666685,273.116666666877
2025-02-11,0.004,5795,0.246480029916021,0.274773888547252,6063.01666666685,268.116666666906
2025-02-11,0.004,5800,0.24219339221171,0.270080223878705,6063.01666666685,263.116666666619
2025-02-11,0.004,5805,0.237904350822041,0.265382941167475,6063.01666666685,258.116666666767
2025-02-11,0.004,5810,0.233612765029996,0.260681861425005,6063.01666666685,253.116666666967
2025-02-11,0.004,5815,0.245254178177906,0.255976797659183,6063.01666666685,248.141666666773
2025-02-11,0.004,5820,0.2407083056708,0.251267555310904,6063.01666666685,243.141666667024
2025-02-11,0.004,5825,0.236158620270866,0.246553930216797,6063.01666666685,238.141666667
2025-02-11,0.004,5830,0.231604927710036,0.241835709336821,6063.01666666685,233.141666666893
2025-02-11,0.004,5835,0.227047024989092,0.23711266929908,6063.01666666685,228.14166666708
2025-02-11,0.004,5840,0.222484698776957,0.232384575963257,6063.01666666685,223.141666666937
2025-02-11,0.004,5845,0.217917725847251,0.227651183547503,6063.01666666685,218.141666667068
2025-02-11,0.004,5850,0.213345871041024,0.222912233755324,6063.01666666685,213.141666666621
2025-02-11,0.004,5855,0.208768887703314,0.218167455047981,6063.01666666685,208.141666666848
2025-02-11,0.004,5860,0.204186515500356,0.220632573934859,6063.01666666685,203.166666666742
2025-02-11,0.004,5865,0.199598480419587,0.215745369084815,6063.01666666685,198.166666667132
2025-02-11,0.004,5870,0.195004492441337,0.210850801256704,6063.01666666685,193.166666666705
2025-02-11,0.004,5875,0.190404245684347,0.205948508398875,6063.01666666685,188.166666667086
2025-02-11,0.004,5880,0.185797415495388,0.201038106486286,6063.01666666685,183.166666666873
2025-02-11,0.004,5885,0.189559168382281,0.196119188065309,6063.01666666685,178.191666666485
2025-02-11,0.004,5890,0.184764593457585,0.191191320216466,6063.01666666685,173.191666666622
2025-02-11,0.004,5895,0.179961376004915,0.186254041498526,6063.01666666685,168.191666666771
2025-02-11,0.004,5900,0.175149058221018,0.181306859474678,6063.01666666685,163.191666666895
2025-02-11,0.004,5905,0.176349247947666,0.181397441945552,6063.01666666685,158.241666666921
2025-02-11,0.004,5910,0.16549512819268,0.176316205495834,6063.01666666685,153.216666666558
2025-02-11,0.004,5915,0.166400437763624,0.17122258653041,6063.01666666685,148.241666666734
2025-02-11,0.004,5920,0.16140798153008,0.170220287425836,6063.01666666685,143.266666666785
2025-02-11,0.004,5925,0.156402569871927,0.165000875447856,6063.01666666685,138.266666667482
2025-02-11,0.004,5930,0.15976603392864,0.163258835407902,6063.01666666685,133.34166666706
2025-02-11,0.004,5935,0.154514841295397,0.15791890635975,6063.01666666685,128.341666666505
2025-02-11,0.004,5940,0.152560818558662,0.155578654547062,6063.01666666685,123.391666667601
2025-02-11,0.004,5945,0.14718342662339,0.152828899616243,6063.01666666685,118.416666666594
2025-02-11,0.004,5950,0.147273918581352,0.149728507265813,6063.01666666685,113.491666667165
2025-02-11,0.004,5955,0.144080084454224,0.148438173226458,6063.01666666685,108.566666666527
2025-02-11,0.004,5960,0.142636522239975,0.146456964601694,6063.01666666685,103.666666667084
2025-02-11,0.004,5965,0.142246850180879,0.143915195684139,6063.01666666685,98.791666666822
2025-02-11,0.004,5970,0.140899935093696,0.142360747584813,6063.01666666685,93.9416666672751
2025-02-11,0.004,5975,0.138808092623026,0.141378811120737,6063.01666666685,89.1166666673694
2025-02-11,0.004,5980,0.137277792553907,0.139552720964654,6063.01666666685,84.3166666667857
2025-02-11,0.004,5985,0.136023347612041,0.138033072606443,6063.01666666685,79.5666666663838
2025-02-11,0.004,5990,0.134838745896985,0.135734926760468,6063.01666666685,74.8416666659814
2025-02-11,0.004,5995,0.132775671980645,0.134379164981941,6063.01666666685,70.1666666637143
2025-02-11,0.004,6000,0.131434005914804,0.132154751944198,6063.01666666685,65.5416666636315
2025-02-11,0.004,6005,0.129185875583544,0.130489572064577,6063.01666666685,60.9666666684498
2025-02-11,0.004,6010,0.127352444422787,0.128535737629625,6063.01666666685,56.4666666656121
2025-02-11,0.004,6015,0.124626108325702,0.125712933102995,6063.01666666685,51.9666666695939
2025-02-11,0.004,6020,0.122107416417392,0.124100693236493,6063.01666666685,47.6166666675235
2025-02-11,0.004,6025,0.120556272912496,0.121475454824227,6063.01666666685,43.3666666711183
2025-02-11,0.004,6030,0.117926691917687,0.118781985537357,6063.01666666685,39.166666668887
2025-02-11,0.004,6035,0.11510712082662,0.116707038858902,6063.01666666685,35.1166666626982
2025-02-11,0.004,6040,0.112753738093226,0.114260993021794,6063.01666666685,31.2166666618164
2025-02-11,0.004,6045,0.110656109344504,0.112087682817872,6063.01666666685,27.5166666729835
2025-02-11,0.004,6050,0.108647502664786,0.110021063763944,6063.01666666685,24.0166666664472
2025-02-11,0.004,6055,0.105925621927587,0.107259313834922,6063.01666666685,20.6166666704819
2025-02-11,0.004,6060,0.103718731287527,0.105030163712214,6063.01666666685,17.5166666603166
2025-02-11,0.004,6065,0.101773161176272,0.103081999285512,6063.01666666685,14.6999999995078
2025-02-11,0.004,6070,0.0995499667159098,0.100878328984292,6063.01666666685,12.1000000074835
2025-02-11,0.004,6075,0.097518470455615,0.0988922624936675,6063.01666666685,9.80000000189989
2025-02-11,0.004,6080,0.0956481352012811,0.0970986814617241,6063.01666666685,7.80000000092866
2025-02-11,0.004,6085,0.0939659594122695,0.0955321056507281,6063.01666666685,6.09999999510171
2025-02-11,0.004,6090,0.0925840258686851,0.0934512539505919,6063.01666666685,4.64999999765075
2025-02-11,0.004,6095,0.0907669904963343,0.0917547800317537,6063.01666666685,3.44999999364074
2025-02-11,0.004,6100,0.08909889470394,0.09025687121626,6063.01666666685,2.49999999667023
2025-02-11,0.004,6105,0.0880073712587396,0.0887055626926447,6063.01666666685,1.77499999952147
2025-02-11,0.004,6110,0.085760046958065,0.0875166125742807,6063.01666666685,1.20000000200321
2025-02-11,0.004,6115,0.0842465104042502,0.0854010603770914,6063.01666666685,0.774999999791817
2025-02-11,0.004,6120,0.0821085916223168,0.0852136183211898,6063.01666666685,0.499999999139249
2025-02-11,0.004,6125,0.079769393950368,0.0842193668622941,6063.01666666685,0.300000001220695
2025-02-11,0.004,6130,0.0790534519447483,0.082349480389026,6063.01666666685,0.175000000584213
2025-02-11,0.004,6135,0.0734474569882365,0.0840862412851735,6063.01666666685,0.100000000129707
2025-02-11,0.004,6140,0.0779341816351864,0.0845282322816472,6063.01666666685,0.0750000000978943
2025-02-11,0.004,6145,0.0823910117006065,0.0892833445950323,6063.01666666685,0.074999999894473
2025-02-11,0.004,6150,0.0868199298829464,0.0940061130940354,6063.01666666685,0.0749999996756436
2025-02-11,0.004,6155,NA,0.0912226669870035,6063.01666666685,NA
2025-02-11,0.004,6160,NA,0.0956007452886297,6063.01666666685,NA
2025-02-11,0.004,6165,NA,0.0999555140414051,6063.01666666685,NA
2025-02-11,0.004,6170,NA,0.104288176397681,6063.01666666685,NA
2025-02-11,0.004,6175,NA,0.108599811818528,6063.01666666685,NA
2025-02-11,0.004,6180,NA,0.112891393536038,6063.01666666685,NA
2025-02-11,0.004,6185,NA,0.117163802959715,6063.01666666685,NA
2025-02-11,0.004,6190,NA,0.121417842627685,6063.01666666685,NA
2025-02-11,0.004,6195,NA,0.125654245665437,6063.01666666685,NA
2025-02-11,0.004,6200,NA,0.129873683934896,6063.01666666685,NA
2025-02-11,0.004,6205,NA,0.134076776037979,6063.01666666685,NA
2025-02-11,0.004,6210,NA,0.138264092700802,6063.01666666685,NA
2025-02-11,0.004,6215,NA,0.142436162448926,6063.01666666685,NA
2025-02-11,0.004,6220,NA,0.146593475536374,6063.01666666685,NA
2025-02-11,0.004,6225,NA,0.150736488602246,6063.01666666685,NA
2025-02-11,0.004,6230,NA,0.154865627290063,6063.01666666685,NA
2025-02-11,0.004,6235,NA,0.158981289594706,6063.01666666685,NA
2025-02-11,0.004,6240,NA,0.163083848336244,6063.01666666685,NA
2025-02-11,0.004,6245,NA,0.167173653779276,6063.01666666685,NA
2025-02-11,0.004,6250,NA,0.171251035088124,6063.01666666685,NA
2025-02-11,0.004,6255,NA,0.175316302509621,6063.01666666685,NA
2025-02-11,0.004,6260,NA,0.179369748682783,6063.01666666685,NA
2025-02-11,0.004,6265,NA,0.183411650239518,6063.01666666685,NA
2025-02-11,0.004,6270,NA,0.187442269114299,6063.01666666685,NA
2025-02-11,0.004,6275,NA,0.19146185385384,6063.01666666685,NA
2025-02-11,0.004,6280,NA,0.195470640053647,6063.01666666685,NA
2025-02-11,0.004,6290,NA,0.203456702172584,6063.01666666685,NA
2025-02-11,0.004,6300,NA,0.211402122829556,6063.01666666685,NA
2025-02-11,0.004,6310,NA,0.219308418916207,6063.01666666685,NA
2025-02-11,0.004,6320,NA,0.227176976647982,6063.01666666685,NA
2025-02-11,0.004,6325,NA,0.231097505045373,6063.01666666685,NA
2025-02-11,0.004,6350,NA,0.250568441576612,6063.01666666685,NA
2025-02-11,0.004,6375,NA,0.269831603533916,6063.01666666685,NA
2025-02-11,0.004,6400,NA,0.288900853799328,6063.01666666685,NA
2025-02-11,0.004,6425,NA,0.307787909429468,6063.01666666685,NA
2025-02-11,0.004,6450,NA,0.326502812701038,6063.01666666685,NA
2025-02-11,0.004,6475,NA,0.34505427308082,6063.01666666685,NA
2025-02-11,0.004,6500,NA,0.363449923630428,6063.01666666685,NA
2025-02-11,0.004,6550,NA,0.399800066684798,6063.01666666685,NA
2025-02-11,0.004,6600,NA,0.435599150246309,6063.01666666685,NA
2025-02-11,0.004,6700,NA,0.505687713616126,6063.01666666685,NA
2025-02-11,0.004,6800,NA,0.573949356788617,6063.01666666685,NA
2025-02-11,0.004,7000,NA,0.705646619628344,6063.01666666685,NA
2025-02-11,0.004,7200,NA,0.831688900962769,6063.01666666685,NA
2025-02-11,0.004,7400,NA,0.95275999281464,6063.01666666685,NA
2025-02-11,0.004,7600,NA,1.06937133563242,6063.01666666685,NA
2025-02-11,0.004,7800,NA,1.18192743802588,6063.01666666685,NA
2025-02-12,0.008,2400,NA,2.92905868089087,6063.06601978616,NA
2025-02-12,0.008,2600,NA,2.68476098688591,6063.06601978616,NA
2025-02-12,0.008,2800,NA,2.4584927076675,6063.06601978616,NA
2025-02-12,0.008,3000,NA,2.24766427302278,6063.06601978616,NA
2025-02-12,0.008,3200,NA,2.05018894252808,6063.06601978616,NA
2025-02-12,0.008,3400,NA,1.86435796583233,6063.06601978616,NA
2025-02-12,0.008,3600,NA,1.68875139746104,6063.06601978616,NA
2025-02-12,0.008,3800,NA,1.52217272510208,6063.06601978616,NA
2025-02-12,0.008,4000,NA,1.36359967583754,6063.06601978616,NA
2025-02-12,0.008,4200,NA,1.21214604501495,6063.06601978616,NA
2025-02-12,0.008,4400,NA,1.06703085477258,6063.06601978616,NA
2025-02-12,0.008,4500,NA,0.996628329320623,6063.06601978616,NA
2025-02-12,0.008,4600,NA,0.927551864315094,6063.06601978616,NA
2025-02-12,0.008,4700,NA,0.85972188464484,6063.06601978616,NA
2025-02-12,0.008,4800,NA,0.793060519519014,6063.06601978616,NA
2025-02-12,0.008,4900,0.727490610026464,0.768038470725066,6063.06601978616,1163.1409341697
2025-02-12,0.008,4950,NA,0.734055404047358,6063.06601978616,NA
2025-02-12,0.008,5000,NA,0.700321228816621,6063.06601978616,NA
2025-02-12,0.008,5050,NA,0.666825080136386,6063.06601978616,NA
2025-02-12,0.008,5100,NA,0.633555789557236,6063.06601978616,NA
2025-02-12,0.008,5150,0.567826008358414,0.600501792963176,6063.06601978616,913.140934169723
2025-02-12,0.008,5200,0.536541122004612,0.567651018230854,6063.06601978616,863.140934169643
2025-02-12,0.008,5225,NA,0.551297894438803,6063.06601978616,NA
2025-02-12,0.008,5250,0.505446351621134,0.534990747422916,6063.06601978616,813.140934169711
2025-02-12,0.008,5275,0.48996645726635,0.537717585415557,6063.06601978616,788.165905630989
2025-02-12,0.008,5300,0.474529426159946,0.520988518423312,6063.06601978616,763.16590563101
2025-02-12,0.008,5325,0.459133584977192,0.486327648563569,6063.06601978616,738.140934169782
2025-02-12,0.008,5350,0.443777190253124,0.487648629518471,6063.06601978616,713.165905630788
2025-02-12,0.008,5375,0.428458419505878,0.471033565577065,6063.06601978616,688.165905630906
2025-02-12,0.008,5400,0.413175360322756,0.454452077415185,6063.06601978616,663.165905630972
2025-02-12,0.008,5425,0.421974443475221,0.437901747086595,6063.06601978616,638.190877091978
2025-02-12,0.008,5450,0.405966634739787,0.421380007778969,6063.06601978616,613.190877091914
2025-02-12,0.008,5475,0.389986155665304,0.416381128184524,6063.06601978616,588.215848553204
2025-02-12,0.008,5500,0.374030283879473,0.38841115793337,6063.06601978616,563.190877091899
2025-02-12,0.008,5525,0.358096092119025,0.38266570105929,6063.06601978616,538.215848553192
2025-02-12,0.008,5550,0.355521098123101,0.36583165465884,6063.06601978616,513.240820014717
2025-02-12,0.008,5560,0.348950107896703,0.359101243981061,6063.06601978616,503.240820014636
2025-02-12,0.008,5570,0.329458899965474,0.342380887183196,6063.06601978616,493.190877092245
2025-02-12,0.008,5575,0.326279808674702,0.349008231884103,6063.06601978616,488.215848553397
2025-02-12,0.008,5580,0.323101170821609,0.34564444855837,6063.06601978616,483.215848553446
2025-02-12,0.008,5590,0.316745126935046,0.338917493960457,6063.06601978616,473.215848553319
2025-02-12,0.008,5600,0.310390505789236,0.332191102085106,6063.06601978616,463.21584855333
2025-02-12,0.008,5610,0.304037033662651,0.325464957737834,6063.06601978616,453.215848553443
2025-02-12,0.008,5620,0.309551727865753,0.318738731754317,6063.06601978616,443.240820014526
2025-02-12,0.008,5625,0.306269483723175,0.315375481319719,6063.06601978616,438.240820014717
2025-02-12,0.008,5630,0.302987202327695,0.312012080272798,6063.06601978616,433.240820014524
2025-02-12,0.008,5640,0.296422355919905,0.312638094207172,6063.06601978616,423.265791475787
2025-02-12,0.008,5650,0.289856834448769,0.298556045042158,6063.06601978616,413.240820014379
2025-02-12,0.008,5660,0.283290266403889,0.291825888731858,6063.06601978616,403.240820014366
2025-02-12,0.008,5665,0.280006468698841,0.295478417416873,6063.06601978616,398.265791475875
2025-02-12,0.008,5670,0.27672226135738,0.292044712720544,6063.06601978616,393.265791475481
2025-02-12,0.008,5675,0.273437592429168,0.281726818818109,6063.06601978616,388.24082001435
2025-02-12,0.008,5680,0.270152408654195,0.285175077175896,6063.06601978616,383.265791475634
2025-02-12,0.008,5685,0.266866655026221,0.281739025110122,6063.06601978616,378.265791475832
2025-02-12,0.008,5690,0.263580275520374,0.271621807793931,6063.06601978616,373.240820014662
2025-02-12,0.008,5695,0.260293212074511,0.274864136178557,6063.06601978616,368.265791475355
2025-02-12,0.008,5700,0.257005405316818,0.271425167908971,6063.06601978616,363.265791475444
2025-02-12,0.008,5705,0.253716794129251,0.267985092675194,6063.06601978616,358.265791475496
2025-02-12,0.008,5710,0.25042731521098,0.264543839900437,6063.06601978616,353.26579147524
2025-02-12,0.008,5715,0.247136904097018,0.261101336679604,6063.06601978616,348.265791475606
2025-02-12,0.008,5720,0.243845493557519,0.257657507924812,6063.06601978616,343.265791475365
2025-02-12,0.008,5725,0.240553015052961,0.254212276219874,6063.06601978616,338.265791475498
2025-02-12,0.008,5730,0.23725939742448,0.250765561674774,6063.06601978616,333.265791475498
2025-02-12,0.008,5735,0.23396456747594,0.247317281925672,6063.06601978616,328.265791475949
2025-02-12,0.008,5740,0.230668449391865,0.243867351698345,6063.06601978616,323.265791475744
2025-02-12,0.008,5745,0.227370965028468,0.240415683244744,6063.06601978616,318.265791475899
2025-02-12,0.008,5750,0.23110764889444,0.23696218532436,6063.06601978616,313.290762936373
2025-02-12,0.008,5755,0.227722105507789,0.23350676422286,6063.06601978616,308.290762937054
2025-02-12,0.008,5760,0.22433472683359,0.234996985843616,6063.06601978616,303.315734397903
2025-02-12,0.008,5765,0.220945417265759,0.231477277727578,6063.06601978616,298.315734398042
2025-02-12,0.008,5770,0.217554077560234,0.227955170873833,6063.06601978616,293.31573439824
2025-02-12,0.008,5775,0.214160604980494,0.224430551631925,6063.06601978616,288.3157343975
2025-02-12,0.008,5780,0.210764892861001,0.220903302713416,6063.06601978616,283.315734398393
2025-02-12,0.008,5785,0.20736683031616,0.21737330144566,6063.06601978616,278.315734398449
2025-02-12,0.008,5790,0.203966302240322,0.213840420790439,6063.06601978616,273.31573439836
2025-02-12,0.008,5795,0.200563188725706,0.21030452861636,6063.06601978616,268.315734398228
2025-02-12,0.008,5800,0.202304101865345,0.206765487116789,6063.06601978616,263.340705859405
2025-02-12,0.008,5805,0.19374870188387,0.203223152955358,6063.06601978616,258.315734398368
2025-02-12,0.008,5810,0.195339560475807,0.199677376247342,6063.06601978616,253.340705859282
2025-02-12,0.008,5815,0.191852304731439,0.199931845879976,6063.06601978616,248.365677320215
2025-02-12,0.008,5820,0.188361520002109,0.196323822772495,6063.06601978616,243.365677320889
2025-02-12,0.008,5825,0.184867043306366,0.192711650913982,6063.06601978616,238.365677320471
2025-02-12,0.008,5830,0.185456614151837,0.189095144621999,6063.06601978616,233.390648781756
2025-02-12,0.008,5835,0.181891135314755,0.18872118164643,6063.06601978616,228.415620242536
2025-02-12,0.008,5840,0.178321161827617,0.185045341957372,6063.06601978616,223.415620242118
2025-02-12,0.008,5845,0.178217623059019,0.181364328189336,6063.06601978616,218.440591703413
2025-02-12,0.008,5850,0.174581732015242,0.18052242145856,6063.06601978616,213.465563165047
2025-02-12,0.008,5855,0.173985831377684,0.176784126550053,6063.06601978616,208.490534626826
2025-02-12,0.008,5860,0.170287842509496,0.175594400960127,6063.06601978616,203.51550608762
2025-02-12,0.008,5865,0.169288816712733,0.174151520503107,6063.06601978616,198.565449009941
2025-02-12,0.008,5870,0.165531220143867,0.170310599667645,6063.06601978616,193.565449009875
2025-02-12,0.008,5875,0.164191658867045,0.168601820358251,6063.06601978616,188.615391932269
2025-02-12,0.008,5880,0.162605858375321,0.166699119170624,6063.06601978616,183.665334855118
2025-02-12,0.008,5885,0.160804838404313,0.164622254404222,6063.06601978616,178.715277777268
2025-02-12,0.008,5890,0.158812715697609,0.162387155895127,6063.06601978616,173.765220700425
2025-02-12,0.008,5895,0.158362786049302,0.161588159415418,6063.06601978616,168.865106544315
2025-02-12,0.008,5900,0.155940623397543,0.158988178762414,6063.06601978616,163.9150494672
2025-02-12,0.008,5905,0.154851630093843,0.157643784794543,6063.06601978616,159.014935310704
2025-02-12,0.008,5910,0.154747004442697,0.156017392171849,6063.06601978616,154.139792617312
2025-02-12,0.008,5915,0.152960684961972,0.155295193570276,6063.06601978616,149.264649924296
2025-02-12,0.008,5920,0.152043767037212,0.154180564739596,6063.06601978616,144.414478691442
2025-02-12,0.008,5925,0.15075716425444,0.152728949786498,6063.06601978616,139.56430745685
2025-02-12,0.008,5930,0.149150256646236,0.150981534560097,6063.06601978616,134.714136225341
2025-02-12,0.008,5935,0.148969691097876,0.150630398009794,6063.06601978616,129.963850836402
2025-02-12,0.008,5940,0.147503383075972,0.149801931427923,6063.06601978616,125.188593986344
2025-02-12,0.008,5945,0.147156538904104,0.148565047009759,6063.06601978616,120.463280058563
2025-02-12,0.008,5950,0.146317237984788,0.147616722122919,6063.06601978616,115.762937593036
2025-02-12,0.008,5955,0.145660471779001,0.146859069526123,6063.06601978616,111.112538050095
2025-02-12,0.008,5960,0.145105727159131,0.146212764546675,6063.06601978616,106.51208143472
2025-02-12,0.008,5965,0.144073197032746,0.146123243783536,6063.06601978616,101.961567731417
2025-02-12,0.008,5970,0.143585257490824,0.145489206650701,6063.06601978616,97.4609969547396
2025-02-12,0.008,5975,0.142597458933218,0.144379072615596,6063.06601978616,92.9604261753234
2025-02-12,0.008,5980,0.14200670981917,0.143672296861379,6063.06601978616,88.5597412473439
2025-02-12,0.008,5985,0.140915348191267,0.142482994441147,6063.06601978616,84.1590563161744
2025-02-12,0.008,5990,0.140115776037792,0.141591963645982,6063.06601978616,79.8582572355385
2025-02-12,0.008,5995,0.139523161368213,0.140915719410624,6063.06601978616,75.6573439859435
2025-02-12,0.008,6000,0.138406616486854,0.139728260718052,6063.06601978616,71.4564307437768
2025-02-12,0.008,6005,0.137439579292222,0.138696612292211,6063.06601978616,67.3554033450255
2025-02-12,0.008,6010,0.136566780882685,0.137765713469377,6063.06601978616,63.3542617967096
2025-02-12,0.008,6015,0.135167266442718,0.136316599699469,6063.06601978616,59.3531202463082
2025-02-12,0.008,6020,0.134376535450859,0.135479859480676,6063.06601978616,55.5517503830783
2025-02-12,0.008,6025,0.133028843000364,0.134093279947116,6063.06601978616,51.7503805191154
2025-02-12,0.008,6030,0.131664163080589,0.132694652446382,6063.06601978616,48.048896501351
2025-02-12,0.008,6035,0.130251138933562,0.131252477757251,6063.06601978616,44.4472983380688
2025-02-12,0.008,6040,0.128761086551581,0.129737936393689,6063.06601978616,40.9455860072592
2025-02-12,0.008,6045,0.127166857736077,0.128602059875027,6063.06601978616,37.5937024351826
2025-02-12,0.008,6050,0.125912502579528,0.126853895952587,6063.06601978616,34.3417047210462
2025-02-12,0.008,6055,0.124023478154948,0.125419416316228,6063.06601978616,31.1895928561401
2025-02-12,0.008,6060,0.12241105915437,0.123797982840724,6063.06601978616,28.1873097412679
2025-02-12,0.008,6065,0.120745858756548,0.122131345004717,6063.06601978616,25.3210616499614
2025-02-12,0.008,6070,0.119154426237074,0.120082586389463,6063.06601978616,22.5742009262938
2025-02-12,0.008,6075,0.117287156780241,0.118225873474013,6063.06601978616,19.9771689560203
2025-02-12,0.008,6080,0.115585737101974,0.116541745109016,6063.06601978616,17.5799086827503
2025-02-12,0.008,6085,0.113549413534841,0.114530766030559,6063.06601978616,15.282534250576
2025-02-12,0.008,6090,0.111636372629367,0.112652232372704,6063.06601978616,13.1849315056753
2025-02-12,0.008,6095,0.109846751319077,0.110907796650946,6063.06601978616,11.2871004601044
2025-02-12,0.008,6100,0.107634061740798,0.108755041463842,6063.06601978616,9.48915525860855
2025-02-12,0.008,6105,0.105517630025853,0.106715499886175,6063.06601978616,7.89098172845036
2025-02-12,0.008,6110,0.103529846118193,0.104825342740513,6063.06601978616,6.49257991955483
2025-02-12,0.008,6115,0.101735489760206,0.103153544795366,6063.06601978616,5.29394978173582
2025-02-12,0.008,6120,0.0994550496660465,0.101037474258956,6063.06601978616,4.19520548330803
2025-02-12,0.008,6125,0.097473740342029,0.0992640764423957,6063.06601978616,3.29623287452591
2025-02-12,0.008,6130,0.0965554370749392,0.0975769617333556,6063.06601978616,2.59703195988914
2025-02-12,0.008,6135,0.0943586440088563,0.096153542134647,6063.06601978616,1.97274543220024
2025-02-12,0.008,6140,0.0932007702330579,0.0946165097674665,6063.06601978616,1.4982876707478
2025-02-12,0.008,6145,0.0913825484430585,0.0931053058856628,6063.06601978616,1.09874429483679
2025-02-12,0.008,6150,0.0897777898616951,0.0919055259409476,6063.06601978616,0.799086757886954
2025-02-12,0.008,6155,0.0875457463816825,0.0902908912657571,6063.06601978616,0.549372147130086
2025-02-12,0.008,6160,0.0864598663147267,0.0899178529188816,6063.06601978616,0.399543378671588
2025-02-12,0.008,6165,0.0832971561149273,0.0881600755646849,6063.06601978616,0.249714611313799
2025-02-12,0.008,6170,0.0836113105733892,0.0867894671946459,6063.06601978616,0.174800227917032
2025-02-12,0.008,6175,0.0828284431454817,0.0869841357316498,6063.06601978616,0.12485730618479
2025-02-12,0.008,6180,0.0797863444577833,0.0903391957662806,6063.06601978616,0.0998858448221451
2025-02-12,0.008,6185,0.0828072094273382,0.0892675355398475,6063.06601978616,0.0749143833518211
2025-02-12,0.008,6190,NA,0.0924644171290625,6063.06601978616,NA
2025-02-12,0.008,6195,NA,0.0888104828745551,6063.06601978616,NA
2025-02-12,0.008,6200,NA,0.0917938852480273,6063.06601978616,NA
2025-02-12,0.008,6205,NA,0.0947657275800422,6063.06601978616,NA
2025-02-12,0.008,6210,NA,0.0977264135407283,6063.06601978616,NA
2025-02-12,0.008,6215,NA,0.100676317114307,6063.06601978616,NA
2025-02-12,0.008,6220,NA,0.103615785072918,6063.06601978616,NA
2025-02-12,0.008,6225,NA,0.106545140469079,6063.06601978616,NA
2025-02-12,0.008,6230,NA,0.109464684381917,6063.06601978616,NA
2025-02-12,0.008,6235,NA,0.112374698390991,6063.06601978616,NA
2025-02-12,0.008,6240,NA,0.115275446177005,6063.06601978616,NA
2025-02-12,0.008,6245,NA,0.118167175559076,6063.06601978616,NA
2025-02-12,0.008,6250,NA,0.121050119367847,6063.06601978616,NA
2025-02-12,0.008,6255,NA,0.12392449690068,6063.06601978616,NA
2025-02-12,0.008,6260,NA,0.12679051523133,6063.06601978616,NA
2025-02-12,0.008,6265,NA,0.129648370228575,6063.06601978616,NA
2025-02-12,0.008,6270,NA,0.132498246847257,6063.06601978616,NA
2025-02-12,0.008,6275,NA,0.135340321165552,6063.06601978616,NA
2025-02-12,0.008,6280,NA,0.13817475951185,6063.06601978616,NA
2025-02-12,0.008,6290,NA,0.143821355039445,6063.06601978616,NA
2025-02-12,0.008,6300,NA,0.14943921286277,6063.06601978616,NA
2025-02-12,0.008,6310,NA,0.155029405603497,6063.06601978616,NA
2025-02-12,0.008,6320,NA,0.160592913915193,6063.06601978616,NA
2025-02-12,0.008,6325,NA,0.163364945208882,6063.06601978616,NA
2025-02-12,0.008,6350,NA,0.177131974658554,6063.06601978616,NA
2025-02-12,0.008,6375,NA,0.190752091173503,6063.06601978616,NA
2025-02-12,0.008,6400,NA,0.204235098233499,6063.06601978616,NA
2025-02-12,0.008,6425,NA,0.217589281699073,6063.06601978616,NA
2025-02-12,0.008,6450,NA,0.230821743050377,6063.06601978616,NA
2025-02-12,0.008,6475,NA,0.243938640948972,6063.06601978616,NA
2025-02-12,0.008,6500,NA,0.256945372991255,6063.06601978616,NA
2025-02-12,0.008,6550,NA,0.28264691575427,6063.06601978616,NA
2025-02-12,0.008,6600,NA,0.307958833460875,6063.06601978616,NA
2025-02-12,0.008,6700,NA,0.357515312376582,6063.06601978616,NA
2025-02-12,0.008,6800,NA,0.405780082533501,6063.06601978616,NA
2025-02-12,0.008,7000,NA,0.498897431265928,6063.06601978616,NA
2025-02-12,0.008,7200,NA,0.58801648354664,6063.06601978616,NA
2025-02-12,0.008,7400,NA,0.673620703912588,6063.06601978616,NA
2025-02-12,0.008,7600,NA,0.756071696543257,6063.06601978616,NA
2025-02-12,0.008,7800,NA,0.835655460706005,6063.06601978616,NA
2025-02-13,0.012,2400,NA,2.39152335052827,6063.77100539631,NA
2025-02-13,0.012,2600,NA,2.19208129289277,6063.77100539631,NA
2025-02-13,0.012,2800,NA,2.0073583940465,6063.77100539631,NA
2025-02-13,0.012,3000,NA,1.83524057240881,6063.77100539631,NA
2025-02-13,0.012,3200,NA,1.67402425141658,6063.77100539631,NA
2025-02-13,0.012,3400,NA,1.52231444343962,6063.77100539631,NA
2025-02-13,0.012,3600,NA,1.3789519410191,6063.77100539631,NA
2025-02-13,0.012,3800,NA,1.24295995091987,6063.77100539631,NA
2025-02-13,0.012,4000,NA,1.11350393331823,6063.77100539631,NA
2025-02-13,0.012,4200,NA,0.98986044411419,6063.77100539631,NA
2025-02-13,0.012,4400,NA,0.871391960700176,6063.77100539631,NA
2025-02-13,0.012,4500,NA,0.81391725836602,6063.77100539631,NA
2025-02-13,0.012,4600,NA,0.757525264072339,6063.77100539631,NA
2025-02-13,0.012,4700,NA,0.702151029856605,6063.77100539631,NA
2025-02-13,0.012,4800,NA,0.647731002993923,6063.77100539631,NA
2025-02-13,0.012,4900,0.594202217492619,0.649051598468591,6063.77100539631,1163.87069209542
2025-02-13,0.012,4950,0.567752289083463,0.620473202891961,6063.77100539631,1113.87069209538
2025-02-13,0.012,5000,0.541501320425593,0.592100572706332,6063.77100539631,1063.87069209542
2025-02-13,0.012,5050,0.515441128977076,0.563924385809287,6063.77100539631,1013.87069209548
2025-02-13,0.012,5100,0.517525560593877,0.535935041574756,6063.77100539631,963.895613770117
2025-02-13,0.012,5150,0.490542339852762,0.521628325972611,6063.77100539631,913.920535444911
2025-02-13,0.012,5200,0.463725128524723,0.493352698853893,6063.77100539631,863.920535445159
2025-02-13,0.012,5225,0.450375559616986,0.479273802215795,6063.77100539631,838.920535444769
2025-02-13,0.012,5250,0.437063556041854,0.465232190785933,6063.77100539631,813.920535444862
2025-02-13,0.012,5275,0.439295428245824,0.451226302416207,6063.77100539631,788.945457119886
2025-02-13,0.012,5300,0.425639214832037,0.43725451282184,6063.77100539631,763.945457119578
2025-02-13,0.012,5325,0.412015782954241,0.432645706919351,6063.77100539631,738.970378794389
2025-02-13,0.012,5350,0.398423445026829,0.418478196975548,6063.77100539631,713.970378794435
2025-02-13,0.012,5375,0.38486043124587,0.404338966059645,6063.77100539631,688.970378794417
2025-02-13,0.012,5400,0.37132487794758,0.390225970791708,6063.77100539631,663.970378794551
2025-02-13,0.012,5425,0.367844793823594,0.376137047156422,6063.77100539631,638.99530046911
2025-02-13,0.012,5450,0.354038889659986,0.368985405098914,6063.77100539631,614.020222143663
2025-02-13,0.012,5475,0.34025316201788,0.354713829170624,6063.77100539631,589.020222143747
2025-02-13,0.012,5500,0.326485087013099,0.340458056767791,6063.77100539631,564.020222143964
2025-02-13,0.012,5525,0.312731944601649,0.326215133560585,6063.77100539631,539.020222143966
2025-02-13,0.012,5550,0.305966963811977,0.311981853762082,6063.77100539631,514.045143818778
2025-02-13,0.012,5560,0.300366592734143,0.311534443341339,6063.77100539631,504.070065493823
2025-02-13,0.012,5570,0.294767176407468,0.305763721577559,6063.77100539631,494.070065493339
2025-02-13,0.012,5575,0.291967752151996,0.302878491517386,6063.77100539631,489.070065493378
2025-02-13,0.012,5580,0.289168476617098,0.299993304676402,6063.77100539631,484.070065493391
2025-02-13,0.012,5590,0.28357024525288,0.294222925610226,6063.77100539631,474.070065493397
2025-02-13,0.012,5600,0.277972224309355,0.28845230600089,6063.77100539631,464.070065493268
2025-02-13,0.012,5610,0.272374144430575,0.282681155828725,6063.77100539631,454.070065493219
2025-02-13,0.012,5620,0.266775724764573,0.276909171977337,6063.77100539631,444.070065493508
2025-02-13,0.012,5625,0.263976296143527,0.274022769032798,6063.77100539631,439.070065493666
2025-02-13,0.012,5630,0.261176671508183,0.271136037506012,6063.77100539631,434.070065493297
2025-02-13,0.012,5640,0.255576677324953,0.265361420776602,6063.77100539631,424.07006549342
2025-02-13,0.012,5650,0.249975420181002,0.259584973852813,6063.77100539631,414.070065493636
2025-02-13,0.012,5660,0.244372562035336,0.253806331481574,6063.77100539631,404.070065493582
2025-02-13,0.012,5665,0.241570422392483,0.250916067768405,6063.77100539631,399.070065493914
2025-02-13,0.012,5670,0.238767747675707,0.248025109637842,6063.77100539631,394.070065493331
2025-02-13,0.012,5675,0.235964490882322,0.245133406012661,6063.77100539631,389.070065494157
2025-02-13,0.012,5680,0.233160603117892,0.246095491045021,6063.77100539631,384.094987168725
2025-02-13,0.012,5685,0.235121255125128,0.243164934824815,6063.77100539631,379.119908843191
2025-02-13,0.012,5690,0.232268604911403,0.240233394749621,6063.77100539631,374.119908842449
2025-02-13,0.012,5695,0.22941507532544,0.237300811884181,6063.77100539631,369.119908843185
2025-02-13,0.012,5700,0.226560609469252,0.234367125547009,6063.77100539631,364.119908843869
2025-02-13,0.012,5705,0.223705149135177,0.231432273019351,6063.77100539631,359.119908843052
2025-02-13,0.012,5710,0.220848634369325,0.22849619027278,6063.77100539631,354.119908843088
2025-02-13,0.012,5715,0.217991003326055,0.225558810950562,6063.77100539631,349.119908843174
2025-02-13,0.012,5720,0.215132192413499,0.222620066658695,6063.77100539631,344.119908843393
2025-02-13,0.012,5725,0.212272135856999,0.21967988696591,6063.77100539631,339.119908843395
2025-02-13,0.012,5730,0.209410765844631,0.216738199258151,6063.77100539631,334.119908843547
2025-02-13,0.012,5735,0.206548012527201,0.216947769829463,6063.77100539631,329.144830518118
2025-02-13,0.012,5740,0.207447303862564,0.213968152263622,6063.77100539631,324.169752192861
2025-02-13,0.012,5745,0.204538885470995,0.210986700865425,6063.77100539631,319.169752192061
2025-02-13,0.012,5750,0.201628746752007,0.208003330360647,6063.77100539631,314.169752192545
2025-02-13,0.012,5755,0.198716804614165,0.205017952273644,6063.77100539631,309.169752192267
2025-02-13,0.012,5760,0.195802973346689,0.202030475218389,6063.77100539631,304.169752193309
2025-02-13,0.012,5765,0.196097524920147,0.20176725857503,6063.77100539631,299.219595542683
2025-02-13,0.012,5770,0.193140845247242,0.198742856034884,6063.77100539631,294.219595543074
2025-02-13,0.012,5775,0.190181880923647,0.195715957113679,6063.77100539631,289.219595541592
2025-02-13,0.012,5780,0.187220529503877,0.19268645325413,6063.77100539631,284.219595543004
2025-02-13,0.012,5785,0.187058159815837,0.192079716969455,6063.77100539631,279.269438891968
2025-02-13,0.012,5790,0.18405596844598,0.189014171944903,6063.77100539631,274.269438892039
2025-02-13,0.012,5795,0.181050933631887,0.185945561268369,6063.77100539631,269.269438892514
2025-02-13,0.012,5800,0.180540056342548,0.185069226306874,6063.77100539631,264.319282240986
2025-02-13,0.012,5805,0.177495736887067,0.181965289983009,6063.77100539631,259.319282240209
2025-02-13,0.012,5810,0.176719999606583,0.180880341529666,6063.77100539631,254.369125591087
2025-02-13,0.012,5815,0.173637761934553,0.177741802061061,6063.77100539631,249.36912559168
2025-02-13,0.012,5820,0.17263134958562,0.176470043687014,6063.77100539631,244.418968940047
2025-02-13,0.012,5825,0.171452524544353,0.17329732991861,6063.77100539631,239.44389061384
2025-02-13,0.012,5830,0.168301439142033,0.171856195545899,6063.77100539631,234.468812289628
2025-02-13,0.012,5835,0.166938297214179,0.170288546822193,6063.77100539631,229.518655638653
2025-02-13,0.012,5840,0.165437774292634,0.168604942180625,6063.77100539631,224.5684989901
2025-02-13,0.012,5845,0.163812244016435,0.166814251595603,6063.77100539631,219.618342338404
2025-02-13,0.012,5850,0.162071988477846,0.164923992732054,6063.77100539631,214.668185689477
2025-02-13,0.012,5855,0.160225638126748,0.162940582693554,6063.77100539631,209.718029039948
2025-02-13,0.012,5860,0.158280498606665,0.160869531999362,6063.77100539631,204.767872387694
2025-02-13,0.012,5865,0.157497308417277,0.158715595342261,6063.77100539631,199.842637411897
2025-02-13,0.012,5870,0.155316783082747,0.157618608526007,6063.77100539631,194.917402435524
2025-02-13,0.012,5875,0.154174986699451,0.156328629698903,6063.77100539631,190.017089133948
2025-02-13,0.012,5880,0.152841544502981,0.154865132670464,6063.77100539631,185.116775832656
2025-02-13,0.012,5885,0.151335630096844,0.153243842967882,6063.77100539631,180.216462536142
2025-02-13,0.012,5890,0.150583572129377,0.152355759954185,6063.77100539631,175.365992583585
2025-02-13,0.012,5895,0.148728669035623,0.150411495586284,6063.77100539631,170.465679280074
2025-02-13,0.012,5900,0.14755114609973,0.149128113724429,6063.77100539631,165.615209328907
2025-02-13,0.012,5905,0.146911972868416,0.148376007735642,6063.77100539631,160.814582728968
2025-02-13,0.012,5910,0.145990906483663,0.147358452403142,6063.77100539631,156.013956125581
2025-02-13,0.012,5915,0.144820578451216,0.146104399053315,6063.77100539631,151.213329525074
2025-02-13,0.012,5920,0.144034375287781,0.1452330216383,6063.77100539631,146.462546269895
2025-02-13,0.012,5925,0.142972962665571,0.145204611788681,6063.77100539631,141.761606372985
2025-02-13,0.012,5930,0.142197164558081,0.14428724260903,6063.77100539631,137.060666465802
2025-02-13,0.012,5935,0.141135743350241,0.143103124308598,6063.77100539631,132.359726561901
2025-02-13,0.012,5940,0.140752266769053,0.142590353815088,6063.77100539631,127.758473361843
2025-02-13,0.012,5945,0.140026761099226,0.141754400272832,6063.77100539631,123.157220152439
2025-02-13,0.012,5950,0.13899599597464,0.140627769459029,6063.77100539631,118.555966953016
2025-02-13,0.012,5955,0.138464921209041,0.140000254058043,6063.77100539631,114.054400447916
2025-02-13,0.012,5960,0.137597394521834,0.139049453308346,6063.77100539631,109.552833948495
2025-02-13,0.012,5965,0.137116148860917,0.138487100801675,6063.77100539631,105.150954127677
2025-02-13,0.012,5970,0.136284612698048,0.137585447835989,6063.77100539631,100.749074338044
2025-02-13,0.012,5975,0.135754205865359,0.136988087350296,6063.77100539631,96.446881233865
2025-02-13,0.012,5980,0.13486965765739,0.136045404677548,6063.77100539631,92.1446881126308
2025-02-13,0.012,5985,0.134221553188104,0.134782937264817,6063.77100539631,87.8923383660285
2025-02-13,0.012,5990,0.133219928273762,0.134293026811497,6063.77100539631,83.7396752979757
2025-02-13,0.012,5995,0.132404026543095,0.133432438040913,6063.77100539631,79.6368555878321
2025-02-13,0.012,6000,0.131235994366314,0.132225211881175,6063.77100539631,75.5340358951512
2025-02-13,0.012,6005,0.130211981621432,0.131164889197415,6063.77100539631,71.530902884675
2025-02-13,0.012,6010,0.129296296825969,0.130215982088448,6063.77100539631,67.6274565829031
2025-02-13,0.012,6015,0.128458198767966,0.129347830687519,6063.77100539631,63.8236969514396
2025-02-13,0.012,6020,0.12723932336353,0.128102847983012,6063.77100539631,60.0199373566006
2025-02-13,0.012,6025,0.126072674782849,0.127332463479025,6063.77100539631,56.3657077821297
2025-02-13,0.012,6030,0.124934216608906,0.12616320122885,6063.77100539631,52.7613215690662
2025-02-13,0.012,6035,0.123802508340841,0.125004791214976,6063.77100539631,49.256622057422
2025-02-13,0.012,6040,0.122658184289869,0.123837845920743,6063.77100539631,45.8516092511259
2025-02-13,0.012,6045,0.121483445862955,0.122257583596917,6063.77100539631,42.4964397844838
2025-02-13,0.012,6050,0.119879285510827,0.121026027071476,6063.77100539631,39.2409570069435
2025-02-13,0.012,6055,0.118597617573548,0.119733958443826,6063.77100539631,36.1350042873835
2025-02-13,0.012,6060,0.117235175738335,0.118365397819298,6063.77100539631,33.12873826898
2025-02-13,0.012,6065,0.115898983229887,0.117027569093502,6063.77100539631,30.2549131606786
2025-02-13,0.012,6070,0.114383763601557,0.115515497480993,6063.77100539631,27.4636855988588
2025-02-13,0.012,6075,0.112735399915174,0.113875508858381,6063.77100539631,24.7721447379274
2025-02-13,0.012,6080,0.111317356667066,0.112471522178307,6063.77100539631,22.2799772512979
2025-02-13,0.012,6085,0.109733507005098,0.110908200030037,6063.77100539631,19.8874964645263
2025-02-13,0.012,6090,0.10796085904873,0.109163648620552,6063.77100539631,17.5947023851256
2025-02-13,0.012,6095,0.106384235140269,0.107623350949114,6063.77100539631,15.5012817151677
2025-02-13,0.012,6100,0.104585042162217,0.10587098035902,6063.77100539631,13.507547718939
2025-02-13,0.012,6105,0.102977304512769,0.104321292627723,6063.77100539631,11.7131871444385
2025-02-13,0.012,6110,0.101588502610716,0.102532543122674,6063.77100539631,10.0683566196345
2025-02-13,0.012,6115,0.0994587294088502,0.100966143826409,6063.77100539631,8.52321277617182
2025-02-13,0.012,6120,0.0980632940162404,0.0991422364576111,6063.77100539631,7.1774423344699
2025-02-13,0.012,6125,0.0964281059249433,0.0975984926016082,6063.77100539631,5.98120193965815
2025-02-13,0.012,6130,0.0945166162536334,0.095804509500247,6063.77100539631,4.88464826072823
2025-02-13,0.012,6135,0.0930007609976461,0.0944293340116136,6063.77100539631,3.98746796277862
2025-02-13,0.012,6140,0.0912790249539717,0.092888905372938,6063.77100539631,3.18997437211118
2025-02-13,0.012,6145,0.0898089514784839,0.0907330670715542,6063.77100539631,2.49216748169522
2025-02-13,0.012,6150,0.0882775412437518,0.0893484277448522,6063.77100539631,1.94389063517934
2025-02-13,0.012,6155,0.0861342507678311,0.0874166972325748,6063.77100539631,1.44545713695524
2025-02-13,0.012,6160,0.0847301446165325,0.0862636188949206,6063.77100539631,1.09655368751891
2025-02-13,0.012,6165,0.0828999268096956,0.0847937485641695,6063.77100539631,0.797493591246976
2025-02-13,0.012,6170,0.0817960057147973,0.0841119402585049,6063.77100539631,0.598120194690452
2025-02-13,0.012,6175,0.0808274925194041,0.0823034448231248,6063.77100539631,0.423668470797139
2025-02-13,0.012,6180,0.0784010639736963,0.0822231096654351,6063.77100539631,0.299060097605619
2025-02-13,0.012,6185,0.0760762271503287,0.0812728512656191,6063.77100539631,0.199373398029294
2025-02-13,0.012,6190,0.0787895452495694,0.0816910098629277,6063.77100539631,0.17445172291271
2025-02-13,0.012,6195,0.0777032475426466,0.0814901148524361,6063.77100539631,0.124608373512856
2025-02-13,0.012,6200,0.0745829544295076,0.0802914241185757,6063.77100539631,0.0747650249008824
2025-02-13,0.012,6205,0.077010086851355,0.0828687708681537,6063.77100539631,0.0747650243036322
2025-02-13,0.012,6210,NA,0.0854356799654959,6063.77100539631,NA
2025-02-13,0.012,6215,NA,0.0879925136077724,6063.77100539631,NA
2025-02-13,0.012,6220,NA,0.0842377987546797,6063.77100539631,NA
2025-02-13,0.012,6225,NA,0.0866300969473729,6063.77100539631,NA
2025-02-13,0.012,6230,NA,0.0890143541882684,6063.77100539631,NA
2025-02-13,0.012,6235,NA,0.0913908027259334,6063.77100539631,NA
2025-02-13,0.012,6240,NA,0.0937596598204621,6063.77100539631,NA
2025-02-13,0.012,6245,NA,0.0961211290531485,6063.77100539631,NA
2025-02-13,0.012,6250,NA,0.0984754022182355,6063.77100539631,NA
2025-02-13,0.012,6255,NA,0.100822659904991,6063.77100539631,NA
2025-02-13,0.012,6260,NA,0.103163072370823,6063.77100539631,NA
2025-02-13,0.012,6265,NA,0.105496800705433,6063.77100539631,NA
2025-02-13,0.012,6270,NA,0.107823997121855,6063.77100539631,NA
2025-02-13,0.012,6275,NA,0.110144806120607,6063.77100539631,NA
2025-02-13,0.012,6280,NA,0.11245936463521,6063.77100539631,NA
2025-02-13,0.012,6290,NA,0.117070245204253,6063.77100539631,NA
2025-02-13,0.012,6300,NA,0.121657607549981,6063.77100539631,NA
2025-02-13,0.012,6310,NA,0.12622233293638,6063.77100539631,NA
2025-02-13,0.012,6320,NA,0.130765226520919,6063.77100539631,NA
2025-02-13,0.012,6325,NA,0.133028719454604,6063.77100539631,NA
2025-02-13,0.012,6350,NA,0.14427001124965,6063.77100539631,NA
2025-02-13,0.012,6375,NA,0.155391156466287,6063.77100539631,NA
2025-02-13,0.012,6400,NA,0.166400195474236,6063.77100539631,NA
2025-02-13,0.012,6425,NA,0.177303920962005,6063.77100539631,NA
2025-02-13,0.012,6450,NA,0.188108152094976,6063.77100539631,NA
2025-02-13,0.012,6475,NA,0.198817934458716,6063.77100539631,NA
2025-02-13,0.012,6500,NA,0.209437688779552,6063.77100539631,NA
2025-02-13,0.012,6550,NA,0.23042232251775,6063.77100539631,NA
2025-02-13,0.012,6600,NA,0.251088625979892,6063.77100539631,NA
2025-02-13,0.012,6700,NA,0.291549309064745,6063.77100539631,NA
2025-02-13,0.012,6800,NA,0.330954930565269,6063.77100539631,NA
2025-02-13,0.012,7000,NA,0.40697948602017,6063.77100539631,NA
2025-02-13,0.012,7200,NA,0.47973902723668,6063.77100539631,NA
2025-02-13,0.012,7400,NA,0.549628570464763,6063.77100539631,NA
2025-02-13,0.012,7600,NA,0.616943497755681,6063.77100539631,NA
2025-02-13,0.012,7800,NA,0.68191739747131,6063.77100539631,NA
2025-02-14,0.016,1200,NA,3.5755366818836,6065.43872168475,NA
2025-02-14,0.016,1400,NA,3.23929254765456,6065.43872168475,NA
2025-02-14,0.016,1600,NA,2.94912859666285,6065.43872168475,NA
2025-02-14,0.016,1800,NA,2.69389103792522,6065.43872168475,NA
2025-02-14,0.016,2000,NA,2.46601438615729,6065.43872168475,NA
2025-02-14,0.016,2200,NA,2.26013204709043,6065.43872168475,NA
2025-02-14,0.016,2400,NA,2.07229938387824,6065.43872168475,NA
2025-02-14,0.016,2600,NA,1.89953156136568,6065.43872168475,NA
2025-02-14,0.016,2800,NA,1.73951459642087,6065.43872168475,NA
2025-02-14,0.016,3000,NA,1.59041711086726,6065.43872168475,NA
2025-02-14,0.016,3200,NA,1.45076334550504,6065.43872168475,NA
2025-02-14,0.016,3400,NA,1.3193448708766,6065.43872168475,NA
2025-02-14,0.016,3600,NA,1.19515751606451,6065.43872168475,NA
2025-02-14,0.016,3800,NA,1.07735513914859,6065.43872168475,NA
2025-02-14,0.016,4000,NA,0.965214840415991,6065.43872168475,NA
2025-02-14,0.016,4200,NA,0.858109974379218,6065.43872168475,NA
2025-02-14,0.016,4400,NA,0.755488349406409,6065.43872168475,NA
2025-02-14,0.016,4500,NA,0.705701913995828,6065.43872168475,NA
2025-02-14,0.016,4600,0.656853512939714,0.692406979962778,6065.43872168475,1465.51382898155
2025-02-14,0.016,4700,0.642141192386489,0.663935582144996,6065.43872168475,1365.56390051281
2025-02-14,0.016,4750,0.585217052888326,0.638388745740424,6065.43872168475,1315.53886474716
2025-02-14,0.016,4800,0.592727338974723,0.613051175044539,6065.43872168475,1265.56390051279
2025-02-14,0.016,4850,0.568321658960215,0.602928048486612,6065.43872168475,1215.58893627831
2025-02-14,0.016,4900,0.562973307991125,0.577434368773176,6065.43872168475,1165.61397204389
2025-02-14,0.016,4925,0.532069090426468,0.564758553249468,6065.43872168475,1140.58893627845
2025-02-14,0.016,4950,0.520076115084733,0.552128735311162,6065.43872168475,1115.5889362785
2025-02-14,0.016,4975,0.525907106515814,0.539543888029601,6065.43872168475,1090.61397204412
2025-02-14,0.016,5000,0.513640210287398,0.527002972252518,6065.43872168475,1065.61397204397
2025-02-14,0.016,5025,0.501415886414577,0.525285149218849,6065.43872168475,1040.63900780943
2025-02-14,0.016,5050,0.489233105931427,0.5126056225202,6065.43872168475,1015.6390078095
2025-02-14,0.016,5075,0.477090822700762,0.499966976662521,6065.43872168475,990.639007809299
2025-02-14,0.016,5100,0.464987971667905,0.487368066410083,6065.43872168475,965.6390078096
2025-02-14,0.016,5125,0.464919882819995,0.474807721061307,6065.43872168475,940.664043575241
2025-02-14,0.016,5130,0.462456915288264,0.472300174755908,6065.43872168475,935.664043575108
2025-02-14,0.016,5140,0.457535421178291,0.467289527609695,6065.43872168475,925.664043575319
2025-02-14,0.016,5150,0.452619784941794,0.462284741974934,6065.43872168475,915.66404357523
2025-02-14,0.016,5160,0.447709930181216,0.457285738252652,6065.43872168475,905.6640435749
2025-02-14,0.016,5170,0.442805779189332,0.460440891060797,6065.43872168475,895.689079340929
2025-02-14,0.016,5175,0.440355818159432,0.449797898495495,6065.43872168475,890.66404357508
2025-02-14,0.016,5180,0.437907253531317,0.455377216007895,6065.43872168475,885.689079340682
2025-02-14,0.016,5190,0.433014273899235,0.450319069955185,6065.43872168475,875.689079340904
2025-02-14,0.016,5200,0.428126759820992,0.445266366900847,6065.43872168475,865.6890793407
2025-02-14,0.016,5210,0.423244629951385,0.440219019969946,6065.43872168475,855.689079340468
2025-02-14,0.016,5220,0.418367801926571,0.435176941123397,6065.43872168475,845.689079340894
2025-02-14,0.016,5225,0.415931349876135,0.432657849328456,6065.43872168475,840.689079340937
2025-02-14,0.016,5230,0.41349619192752,0.4301400407214,6065.43872168475,835.689079340659
2025-02-14,0.016,5240,0.417492019646816,0.425108228251044,6065.43872168475,825.714115106529
2025-02-14,0.016,5250,0.412541317951232,0.420081411453186,6065.43872168475,815.714115106437
2025-02-14,0.016,5260,0.407595546881084,0.415059496759011,6065.43872168475,805.714115106236
2025-02-14,0.016,5270,0.40265461432275,0.410042389290031,6065.43872168475,795.714115106502
2025-02-14,0.016,5275,0.400185933272543,0.407535608124336,6065.43872168475,790.714115106722
2025-02-14,0.016,5280,0.397718426561895,0.405029992276011,6065.43872168475,785.714115106406
2025-02-14,0.016,5290,0.392786888574512,0.406410482851682,6065.43872168475,775.739150872097
2025-02-14,0.016,5300,0.387859903299329,0.401340328849563,6065.43872168475,765.739150871756
2025-02-14,0.016,5310,0.382937372365396,0.396274543914473,6065.43872168475,755.739150871659
2025-02-14,0.016,5320,0.3780191953645,0.38502551661233,6065.43872168475,745.71411510647
2025-02-14,0.016,5325,0.375561707647486,0.388683824444959,6065.43872168475,740.739150872003
2025-02-14,0.016,5330,0.373105269851156,0.386155652109397,6065.43872168475,735.739150871768
2025-02-14,0.016,5340,0.368195491633653,0.381102325359971,6065.43872168475,725.739150872048
2025-02-14,0.016,5350,0.370066619967367,0.376052927627658,6065.43872168475,715.764186637442
2025-02-14,0.016,5360,0.365088210988631,0.371007343370249,6065.43872168475,705.764186637867
2025-02-14,0.016,5370,0.360113557568176,0.365965453989636,6065.43872168475,695.764186637568
2025-02-14,0.016,5375,0.357627602666998,0.363445857243237,6065.43872168475,690.764186637642
2025-02-14,0.016,5380,0.355142542272048,0.360927138704922,6065.43872168475,685.764186637217
2025-02-14,0.016,5390,0.350175045046945,0.361039485893326,6065.43872168475,675.789222402955
2025-02-14,0.016,5400,0.345210942929185,0.355947632511777,6065.43872168475,665.789222403479
2025-02-14,0.016,5410,0.340250110044699,0.350858902844351,6065.43872168475,655.789222403702
2025-02-14,0.016,5420,0.335292417172481,0.345773160248563,6065.43872168475,645.789222403565
2025-02-14,0.016,5425,0.332814706949913,0.343231365428598,6065.43872168475,640.789222403309
2025-02-14,0.016,5430,0.330337732035622,0.340690264443952,6065.43872168475,635.789222403812
2025-02-14,0.016,5440,0.325385918573714,0.335610071221036,6065.43872168475,625.789222403117
2025-02-14,0.016,5450,0.32043683737941,0.33053243258684,6065.43872168475,615.789222402716
2025-02-14,0.016,5460,0.320733770810352,0.325457196473847,6065.43872168475,605.814258169163
2025-02-14,0.016,5470,0.315721663233926,0.320384205721374,6065.43872168475,595.814258168809
2025-02-14,0.016,5475,0.313216437813487,0.317848502333124,6065.43872168475,590.814258169102
2025-02-14,0.016,5480,0.310711738008226,0.319516856713051,6065.43872168475,585.839293934547
2025-02-14,0.016,5490,0.305703833606994,0.314392422320902,6065.43872168475,575.839293934501
2025-02-14,0.016,5500,0.300697783265282,0.309269633604845,6065.43872168475,565.839293934279
2025-02-14,0.016,5510,0.295693414542893,0.30414830895698,6065.43872168475,555.839293934415
2025-02-14,0.016,5520,0.290690549469905,0.299028260221042,6065.43872168475,545.839293933739
2025-02-14,0.016,5525,0.288189623703859,0.296468653856838,6065.43872168475,540.839293934327
2025-02-14,0.016,5530,0.285689004255628,0.293909292983444,6065.43872168475,535.839293934089
2025-02-14,0.016,5540,0.280688588269973,0.288791205845679,6065.43872168475,525.839293934839
2025-02-14,0.016,5550,0.275689104043449,0.283673789842244,6065.43872168475,515.839293934163
2025-02-14,0.016,5560,0.27069034697613,0.278556828586159,6065.43872168475,505.839293934235
2025-02-14,0.016,5570,0.269739577367532,0.273440097104817,6065.43872168475,495.864329700117
2025-02-14,0.016,5575,0.267209472974185,0.270881744824667,6065.43872168475,490.864329699943
2025-02-14,0.016,5580,0.264679374256085,0.268323361548938,6065.43872168475,485.864329700185
2025-02-14,0.016,5590,0.259619073355767,0.263206378319462,6065.43872168475,475.864329699545
2025-02-14,0.016,5600,0.254558428011617,0.261351999676733,6065.43872168475,465.889365466292
2025-02-14,0.016,5610,0.249497180363694,0.256181399042484,6065.43872168475,455.889365465106
2025-02-14,0.016,5620,0.244435061783646,0.251009596128998,6065.43872168475,445.889365465103
2025-02-14,0.016,5625,0.241903588637152,0.248423151667539,6065.43872168475,440.889365465765
2025-02-14,0.016,5630,0.239371791128469,0.245836294368244,6065.43872168475,435.889365465
2025-02-14,0.016,5640,0.234307074012918,0.240661183513389,6065.43872168475,425.88936546606
2025-02-14,0.016,5650,0.23248426007503,0.235483937747051,6065.43872168475,415.914401232008
2025-02-14,0.016,5655,0.229921320158085,0.235667034164508,6065.43872168475,410.939436996738
2025-02-14,0.016,5660,0.227357766150318,0.233052153077905,6065.43872168475,405.939436996405
2025-02-14,0.016,5665,0.224793553668387,0.230436516019306,6065.43872168475,400.939436996779
2025-02-14,0.016,5670,0.222228637164797,0.227820074967391,6065.43872168475,395.939436995711
2025-02-14,0.016,5675,0.219662970073419,0.225202781027724,6065.43872168475,390.939436996538
2025-02-14,0.016,5680,0.217096504081896,0.22258458370516,6065.43872168475,385.939436996036
2025-02-14,0.016,5685,0.217341666746107,0.21996543119488,6065.43872168475,380.9644727626
2025-02-14,0.016,5690,0.214746495064528,0.217345270091356,6065.43872168475,375.964472762913
2025-02-14,0.016,5695,0.212150314498666,0.217141628115827,6065.43872168475,370.989508527535
2025-02-14,0.016,5700,0.209553070187801,0.214495849675216,6065.43872168475,365.989508528789
2025-02-14,0.016,5705,0.206954705233944,0.211848839269462,6065.43872168475,360.989508527944
2025-02-14,0.016,5710,0.206853420120457,0.209200535926039,6065.43872168475,356.01454429467
2025-02-14,0.016,5715,0.204227361416729,0.208746156156536,6065.43872168475,351.039580059034
2025-02-14,0.016,5720,0.201599940217179,0.206072852768271,6065.43872168475,346.039580059064
2025-02-14,0.016,5725,0.198971090892668,0.203398004694204,6065.43872168475,341.039580058823
2025-02-14,0.016,5730,0.198593103002866,0.200721541503066,6065.43872168475,336.064615825721
2025-02-14,0.016,5735,0.195937349515404,0.200043018146745,6065.43872168475,331.089651591634
2025-02-14,0.016,5740,0.193279893890418,0.197341899354598,6065.43872168475,326.089651592034
2025-02-14,0.016,5745,0.192681719225068,0.194638879209207,6065.43872168475,321.114687355224
2025-02-14,0.016,5750,0.189998041485398,0.193779570861644,6065.43872168475,316.139723120394
2025-02-14,0.016,5755,0.187312358782848,0.191052217731204,6065.43872168475,311.139723121322
2025-02-14,0.016,5760,0.186517576246752,0.190049788386988,6065.43872168475,306.189794652033
2025-02-14,0.016,5765,0.183806100856537,0.187298482222006,6065.43872168475,301.189794652891
2025-02-14,0.016,5770,0.18285647255465,0.186165075454395,6065.43872168475,296.239866184213
2025-02-14,0.016,5775,0.180119674358112,0.183390057234587,6065.43872168475,291.239866183641
2025-02-14,0.016,5780,0.179029328599411,0.182135797247564,6065.43872168475,286.289937715601
2025-02-14,0.016,5785,0.177831682838583,0.179337180914426,6065.43872168475,281.314973479766
2025-02-14,0.016,5790,0.175048098924914,0.17797056660856,6065.43872168475,276.340009247018
2025-02-14,0.016,5795,0.17373071971455,0.176518937540104,6065.43872168475,271.390080777505
2025-02-14,0.016,5800,0.172322772730746,0.173676546572134,6065.43872168475,266.415116541909
2025-02-14,0.016,5805,0.170830600425755,0.172125670240401,6065.43872168475,261.465188075974
2025-02-14,0.016,5810,0.169259678976314,0.17050053184728,6065.43872168475,256.515259603708
2025-02-14,0.016,5815,0.167614767004223,0.16880533878802,6065.43872168475,251.565331134586
2025-02-14,0.016,5820,0.165900020245433,0.167043784338707,6065.43872168475,246.615402668371
2025-02-14,0.016,5825,0.164119084536784,0.165219122453104,6065.43872168475,241.665474197594
2025-02-14,0.016,5830,0.162275170321815,0.164368656285791,6065.43872168475,236.740581496565
2025-02-14,0.016,5835,0.160371112604651,0.162389478526316,6065.43872168475,231.790653027718
2025-02-14,0.016,5840,0.159393656529754,0.161300377101886,6065.43872168475,226.890796089888
2025-02-14,0.016,5845,0.157342245973469,0.159184885586184,6065.43872168475,221.940867620977
2025-02-14,0.016,5850,0.156138604969087,0.157887174598923,6065.43872168475,217.041010685075
2025-02-14,0.016,5855,0.154809903641079,0.156473428676901,6065.43872168475,212.141153745822
2025-02-14,0.016,5860,0.153365672038731,0.155726338733292,6065.43872168475,207.266332577518
2025-02-14,0.016,5865,0.152577280412764,0.15407023299145,6065.43872168475,202.39151139901
2025-02-14,0.016,5870,0.151611590288925,0.153022276525252,6065.43872168475,197.541725993412
2025-02-14,0.016,5875,0.149804021373988,0.15182269332243,6065.43872168475,192.66690482641
2025-02-14,0.016,5880,0.149212272252326,0.1504836380157,6065.43872168475,187.842155183474
2025-02-14,0.016,5885,0.147803623866208,0.149015219384012,6065.43872168475,182.992369777088
2025-02-14,0.016,5890,0.14685021759609,0.14799609026188,6065.43872168475,178.192655904269
2025-02-14,0.016,5895,0.146268914566774,0.147878828309627,6065.43872168475,173.468049325124
2025-02-14,0.016,5900,0.144435873542864,0.146488822236588,6065.43872168475,168.64329968512
2025-02-14,0.016,5905,0.143987956715471,0.145919231752802,6065.43872168475,163.943728874836
2025-02-14,0.016,5910,0.143302056847802,0.144220449900209,6065.43872168475,159.194086524528
2025-02-14,0.016,5915,0.142401685323771,0.143272364828932,6065.43872168475,154.494515711583
2025-02-14,0.016,5920,0.141305571185874,0.142953210041359,6065.43872168475,149.845016432524
2025-02-14,0.016,5925,0.140818774842412,0.1416011376099,6065.43872168475,145.195517147546
2025-02-14,0.016,5930,0.140087715288619,0.140829934997239,6065.43872168475,140.596089399323
2025-02-14,0.016,5935,0.139134085792122,0.140542004836248,6065.43872168475,136.046733185055
2025-02-14,0.016,5940,0.137975175919959,0.139320111655633,6065.43872168475,131.447305427364
2025-02-14,0.016,5945,0.137270913135982,0.139185224132617,6065.43872168475,126.998092269903
2025-02-14,0.016,5950,0.136943564164945,0.137553112752756,6065.43872168475,122.498807580228
2025-02-14,0.016,5955,0.135758301501899,0.137501751767958,6065.43872168475,118.099665966971
2025-02-14,0.016,5960,0.134930986995157,0.136598896231998,6065.43872168475,113.70052433588
2025-02-14,0.016,5965,0.134402392021433,0.134935825943528,6065.43872168475,109.30138270937
2025-02-14,0.016,5970,0.133608410859308,0.13411980415956,6065.43872168475,105.002384143541
2025-02-14,0.016,5975,0.132566780692735,0.133548757320098,6065.43872168475,100.753457115808
2025-02-14,0.016,5980,0.131765321592413,0.132709620982943,6065.43872168475,96.5546016144554
2025-02-14,0.016,5985,0.130707540255129,0.1316181701518,6065.43872168475,92.3557461053797
2025-02-14,0.016,5990,0.129846794760418,0.130725390361944,6065.43872168475,88.2570336698986
2025-02-14,0.016,5995,0.128723765545634,0.129573719776569,6065.43872168475,84.1583212435658
2025-02-14,0.016,6000,0.127761808424608,0.128995414296271,6065.43872168475,80.2098234032333
2025-02-14,0.016,6005,0.12693216371968,0.128128318782312,6065.43872168475,76.3113970842328
2025-02-14,0.016,6010,0.125821621066796,0.12698449939176,6065.43872168475,72.4129707690995
2025-02-14,0.016,6015,0.124817217027684,0.125949450474369,6065.43872168475,68.6146875161462
2025-02-14,0.016,6020,0.123897058682441,0.1250014087678,6065.43872168475,64.9165473343189
2025-02-14,0.016,6025,0.122681717356138,0.12376159344839,6065.43872168475,61.2184071392192
2025-02-14,0.016,6030,0.121882055271827,0.122587226677391,6065.43872168475,57.6704815389289
2025-02-14,0.016,6035,0.120768327786776,0.121460704129837,6065.43872168475,54.1726274653006
2025-02-14,0.016,6040,0.11968477369795,0.120366146610311,6065.43872168475,50.7749164734832
2025-02-14,0.016,6045,0.118280796767659,0.118953082154479,6065.43872168475,47.3772054776462
2025-02-14,0.016,6050,0.11721922771236,0.118216552972309,6065.43872168475,44.2298521285279
2025-02-14,0.016,6055,0.115817289650911,0.116806462491392,6065.43872168475,41.0324272693695
2025-02-14,0.016,6060,0.114724711773933,0.11570858451585,6065.43872168475,38.0352885052389
2025-02-14,0.016,6065,0.113270702157666,0.11425231964376,6065.43872168475,35.0381497319945
2025-02-14,0.016,6070,0.111950293093032,0.112932864602689,6065.43872168475,32.1959945616572
2025-02-14,0.016,6075,0.110367622136198,0.111354624558523,6065.43872168475,29.3919888330793
2025-02-14,0.016,6080,0.1090415490296,0.11003673195659,6065.43872168475,26.7882691963955
2025-02-14,0.016,6085,0.107631799936614,0.108639320559411,6065.43872168475,24.2846926319744
2025-02-14,0.016,6090,0.106124276088653,0.107148828273033,6065.43872168475,21.8812591292835
2025-02-14,0.016,6095,0.104502899802175,0.105549902681369,6065.43872168475,19.5779686906913
2025-02-14,0.016,6100,0.103107625790306,0.104182786625466,6065.43872168475,17.4749643977342
2025-02-14,0.016,6105,0.1015809797071,0.102691423261442,6065.43872168475,15.4721031479916
2025-02-14,0.016,6110,0.0999036539259148,0.101058051249165,6065.43872168475,13.5693849470443
2025-02-14,0.016,6115,0.0984550740657766,0.0996621915227073,6065.43872168475,11.8669528928561
2025-02-14,0.016,6120,0.0972702808475166,0.0981173578737729,6065.43872168475,10.314735425314
2025-02-14,0.016,6125,0.0955017474451789,0.0964022151573692,6065.43872168475,8.81258949695916
2025-02-14,0.016,6130,0.0940058587265572,0.0949695609132568,6065.43872168475,7.51072968420681
2025-02-14,0.016,6135,0.0923384535680597,0.0933808065282614,6065.43872168475,6.30901293359943
2025-02-14,0.016,6140,0.0910470784846895,0.0921809363616718,6065.43872168475,5.30758231573537
2025-02-14,0.016,6145,0.0896485867533242,0.0902748581110778,6065.43872168475,4.3562232062535
2025-02-14,0.016,6150,0.0881493665192301,0.088847538599088,6065.43872168475,3.55507871866098
2025-02-14,0.016,6155,0.0865648969456737,0.0877441099410011,6065.43872168475,2.87911304406731
2025-02-14,0.016,6160,0.0853832322436686,0.0862792524540078,6065.43872168475,2.30329043025142
2025-02-14,0.016,6165,0.0843586400415221,0.0853836117576178,6065.43872168475,1.85264665363744
2025-02-14,0.016,6170,0.0830616704743423,0.0842572310912371,6065.43872168475,1.45207440231991
2025-02-14,0.016,6175,0.0814497858200917,0.0828792696384334,6065.43872168475,1.10157368284881
2025-02-14,0.016,6180,0.0803594519939612,0.0820623789596074,6065.43872168475,0.85121602830165
2025-02-14,0.016,6185,0.0792736133999638,0.0813271702182255,6065.43872168475,0.650929908527161
2025-02-14,0.016,6190,0.0783917321214988,0.0808732091073234,6065.43872168475,0.50071531125586
2025-02-14,0.016,6195,0.0780832799765382,0.0810211956823517,6065.43872168475,0.400572248891436
2025-02-14,0.016,6200,0.0789054525640346,0.0806269956493131,6065.43872168475,0.32546495133672
2025-02-14,0.016,6205,0.0771612803774613,0.0813952513536207,6065.43872168475,0.250357655588136
2025-02-14,0.016,6210,0.0767790664659578,0.0818546691416952,6065.43872168475,0.200286125122169
2025-02-14,0.016,6220,0.0776928017413383,0.0842635827111959,6065.43872168475,0.150214593767252
2025-02-14,0.016,6225,0.0743467915427879,0.0836581837475308,6065.43872168475,0.100143062332331
2025-02-14,0.016,6230,0.0764141325172304,0.085933504477913,6065.43872168475,0.100143062709085
2025-02-14,0.016,6240,NA,0.0864485006868569,6065.43872168475,NA
2025-02-14,0.016,6250,NA,0.0907815309155494,6065.43872168475,NA
2025-02-14,0.016,6260,NA,0.0950868077315187,6065.43872168475,NA
2025-02-14,0.016,6270,NA,0.0993657010520643,6065.43872168475,NA
2025-02-14,0.016,6275,NA,0.101495641455436,6065.43872168475,NA
2025-02-14,0.016,6280,NA,0.103619434984295,6065.43872168475,NA
2025-02-14,0.016,6290,NA,0.107849110380599,6065.43872168475,NA
2025-02-14,0.016,6300,NA,0.104713516074116,6065.43872168475,NA
2025-02-14,0.016,6310,NA,0.116240172527499,6065.43872168475,NA
2025-02-14,0.016,6320,NA,0.120403286008356,6065.43872168475,NA
2025-02-14,0.016,6325,NA,0.12247707944753,6065.43872168475,NA
2025-02-14,0.016,6330,NA,0.12454581653272,6065.43872168475,NA
2025-02-14,0.016,6340,NA,0.128668457499349,6065.43872168475,NA
2025-02-14,0.016,6350,NA,0.124313191944188,6065.43872168475,NA
2025-02-14,0.016,6360,NA,0.136856579655111,6065.43872168475,NA
2025-02-14,0.016,6370,NA,0.132032162826817,6065.43872168475,NA
2025-02-14,0.016,6375,NA,0.133951891210453,6065.43872168475,NA
2025-02-14,0.016,6380,NA,0.135867721135998,6065.43872168475,NA
2025-02-14,0.016,6390,NA,0.139687887011328,6065.43872168475,NA
2025-02-14,0.016,6400,NA,0.143493045642002,6065.43872168475,NA
2025-02-14,0.016,6410,NA,0.147283558497594,6065.43872168475,NA
2025-02-14,0.016,6420,NA,0.151059765656364,6065.43872168475,NA
2025-02-14,0.016,6425,NA,0.152942605225935,6065.43872168475,NA
2025-02-14,0.016,6430,NA,0.154821986969408,6065.43872168475,NA
2025-02-14,0.016,6440,NA,0.158570524243448,6065.43872168475,NA
2025-02-14,0.016,6450,NA,0.16230566313258,6065.43872168475,NA
2025-02-14,0.016,6460,NA,0.16602767386587,6065.43872168475,NA
2025-02-14,0.016,6470,NA,0.169736812702545,6065.43872168475,NA
2025-02-14,0.016,6475,NA,0.171586631793675,6065.43872168475,NA
2025-02-14,0.016,6480,NA,0.173433323241665,6065.43872168475,NA
2025-02-14,0.016,6490,NA,0.177117436858683,6065.43872168475,NA
2025-02-14,0.016,6500,NA,0.180789374306153,6065.43872168475,NA
2025-02-14,0.016,6510,NA,0.184449345859251,6065.43872168475,NA
2025-02-14,0.016,6525,NA,0.189917304549329,6065.43872168475,NA
2025-02-14,0.016,6550,NA,0.198973464019003,6065.43872168475,NA
2025-02-14,0.016,6575,NA,0.207960582217915,6065.43872168475,NA
2025-02-14,0.016,6600,NA,0.216881124677062,6065.43872168475,NA
2025-02-14,0.016,6625,NA,0.225737331663794,6065.43872168475,NA
2025-02-14,0.016,6650,NA,0.234531249759468,6065.43872168475,NA
2025-02-14,0.016,6700,NA,0.25193958560265,6065.43872168475,NA
2025-02-14,0.016,6800,NA,0.286082543195158,6065.43872168475,NA
2025-02-14,0.016,7000,NA,0.351951311191516,6065.43872168475,NA
2025-02-14,0.016,7200,NA,0.414988907892064,6065.43872168475,NA
2025-02-14,0.016,7400,NA,0.475538456689467,6065.43872168475,NA
2025-02-14,0.016,7600,NA,0.53385637178879,6065.43872168475,NA
2025-02-14,0.016,7800,NA,0.590145337795059,6065.43872168475,NA
2025-02-18,0.02,2400,NA,1.85366995880901,6065.23454671217,NA
2025-02-18,0.02,2600,NA,1.69912490747381,6065.23454671217,NA
2025-02-18,0.02,2800,NA,1.5559857835004,6065.23454671217,NA
2025-02-18,0.02,3000,NA,1.42261436210384,6065.23454671217,NA
2025-02-18,0.02,3200,NA,1.29769053020544,6065.23454671217,NA
2025-02-18,0.02,3400,NA,1.18013330853225,6065.23454671217,NA
2025-02-18,0.02,3600,NA,1.12337300046201,6065.23454671217,NA
2025-02-18,0.02,3800,NA,0.963666995102681,6065.23454671217,NA
2025-02-18,0.02,4000,0.863354334160666,0.908157521789659,6065.23454671217,2065.30978317107
2025-02-18,0.02,4200,0.767545884611092,0.834200803383991,6065.23454671217,1865.33486199075
2025-02-18,0.02,4400,0.675747677762521,0.735288570887739,6065.23454671217,1665.33486199081
2025-02-18,0.02,4500,0.665102992809478,0.704229560671782,6065.23454671217,1565.38501963017
2025-02-18,0.02,4600,0.619323565063625,0.640151984573925,6065.23454671217,1465.35994081058
2025-02-18,0.02,4700,0.574358668403544,0.608782194052089,6065.23454671217,1365.38501963019
2025-02-18,0.02,4750,0.571004511024215,0.585429295045755,6065.23454671217,1315.41009844962
2025-02-18,0.02,4800,0.56226591043357,0.573720209525748,6065.23454671217,1265.46025608918
2025-02-18,0.02,4850,0.539284997961678,0.55033492072098,6065.23454671217,1215.46025608905
2025-02-18,0.02,4900,0.516479461825177,0.527126477558482,6065.23454671217,1165.46025608895
2025-02-18,0.02,4950,0.493842116579364,0.504087490139144,6065.23454671217,1115.46025608914
2025-02-18,0.02,5000,0.481210426391645,0.497102203684777,6065.23454671217,1065.5354925483
2025-02-18,0.02,5050,0.458487563032495,0.473740423062502,6065.23454671217,1015.53549254812
2025-02-18,0.02,5100,0.443677069292856,0.456680273077773,6065.23454671217,965.585650187566
2025-02-18,0.02,5150,0.420898411998972,0.438705544243137,6065.23454671217,915.610729006941
2025-02-18,0.02,5200,0.404501684411574,0.410123904171489,6065.23454671217,865.610729007469
2025-02-18,0.02,5250,0.387029201979836,0.39191391772478,6065.23454671217,815.660886646048
2025-02-18,0.02,5300,0.368685160816219,0.376948417129649,6065.23454671217,765.736123105577
2025-02-18,0.02,5325,0.357107512123571,0.365156195790347,6065.23454671217,740.736123105022
2025-02-18,0.02,5350,0.345552254171845,0.353385913063963,6065.23454671217,715.736123105068
2025-02-18,0.02,5375,0.334017712472158,0.345076331456,6065.23454671217,690.761201924117
2025-02-18,0.02,5400,0.326336060412689,0.333247702679989,6065.23454671217,665.786280743916
2025-02-18,0.02,5425,0.314724952501357,0.321435155225497,6065.23454671217,640.786280744883
2025-02-18,0.02,5450,0.306487714866836,0.312605165405797,6065.23454671217,615.836438384141
2025-02-18,0.02,5475,0.294798754063513,0.300726334850556,6065.23454671217,590.836438383424
2025-02-18,0.02,5500,0.286071958132021,0.291494720028592,6065.23454671217,565.886596023553
2025-02-18,0.02,5525,0.274300843181604,0.279543254025045,6065.23454671217,540.886596023542
2025-02-18,0.02,5550,0.265131625516948,0.269938491425804,6065.23454671217,515.936753662657
2025-02-18,0.02,5575,0.255645039021274,0.257905128989583,6065.23454671217,490.961832483069
2025-02-18,0.02,5600,0.24586695699986,0.247945560138055,6065.23454671217,466.011990121382
2025-02-18,0.02,5625,0.235817461968835,0.237732175471444,6065.23454671217,441.062147761837
2025-02-18,0.02,5640,0.228534139921465,0.232197628672473,6065.23454671217,426.087226581498
2025-02-18,0.02,5650,0.225511915075432,0.228978659458729,6065.23454671217,416.137384218355
2025-02-18,0.02,5660,0.220618502232833,0.224026310049783,6065.23454671217,406.13738421994
2025-02-18,0.02,5670,0.217426785991448,0.220657159395637,6065.23454671217,396.187541858154
2025-02-18,0.02,5675,0.214961681219927,0.218163536944805,6065.23454671217,391.187541858747
2025-02-18,0.02,5680,0.212495502080505,0.217177309557486,6065.23454671217,386.212620677737
2025-02-18,0.02,5690,0.209144718271683,0.212157055236838,6065.23454671217,376.237699497369
2025-02-18,0.02,5700,0.205677247893336,0.208541147756167,6065.23454671217,366.28785713675
2025-02-18,0.02,5710,0.202100002814158,0.20482638052972,6065.23454671217,356.338014778737
2025-02-18,0.02,5720,0.198418912648567,0.201017357055881,6065.23454671217,346.388172417715
2025-02-18,0.02,5725,0.195884122829555,0.199692301710234,6065.23454671217,341.41325123551
2025-02-18,0.02,5730,0.19463907435039,0.197118056264829,6065.23454671217,336.438330055363
2025-02-18,0.02,5740,0.190764870665456,0.194272295073292,6065.23454671217,326.513566514604
2025-02-18,0.02,5750,0.187944684464933,0.19015334359925,6065.23454671217,316.588802971865
2025-02-18,0.02,5755,0.186453045633153,0.188589456400112,6065.23454671217,311.638960612558
2025-02-18,0.02,5760,0.183841695859819,0.18697864131163,6065.23454671217,306.664039431893
2025-02-18,0.02,5765,0.182285036888013,0.185322752684363,6065.23454671217,301.714197071488
2025-02-18,0.02,5770,0.180679747452782,0.183623470536925,6065.23454671217,296.764354709816
2025-02-18,0.02,5775,0.179027812289844,0.181882320055548,6065.23454671217,291.814512349434
2025-02-18,0.02,5780,0.177331024049637,0.180100686437046,6065.23454671217,286.864669989128
2025-02-18,0.02,5785,0.176503641439931,0.178279829586237,6065.23454671217,281.939906447592
2025-02-18,0.02,5790,0.174695121702853,0.176420895320927,6065.23454671217,276.9900640849
2025-02-18,0.02,5795,0.17284738368112,0.175343421749879,6065.23454671217,272.065300545986
2025-02-18,0.02,5800,0.171783764697523,0.173389441795775,6065.23454671217,267.140537002791
2025-02-18,0.02,5805,0.169838270547265,0.17216526381895,6065.23454671217,262.215773461594
2025-02-18,0.02,5810,0.168623857778673,0.170123588057395,6065.23454671217,257.291009923802
2025-02-18,0.02,5815,0.167324052043215,0.168765440055809,6065.23454671217,252.391325205343
2025-02-18,0.02,5820,0.165943850759619,0.167331059081436,6065.23454671217,247.491640482078
2025-02-18,0.02,5825,0.164487618047263,0.165824323219684,6065.23454671217,242.591955755732
2025-02-18,0.02,5830,0.162959181205369,0.164248647950576,6065.23454671217,237.692271041952
2025-02-18,0.02,5835,0.161987892232146,0.163219600388544,6065.23454671217,232.842743954981
2025-02-18,0.02,5840,0.160902195664841,0.161494666998056,6065.23454671217,227.968138054736
2025-02-18,0.02,5845,0.159136452883287,0.160277959101394,6065.23454671217,223.0935321472
2025-02-18,0.02,5850,0.158417840164665,0.159504038190969,6065.23454671217,218.2941627113
2025-02-18,0.02,5855,0.156502554044191,0.158592713294827,6065.23454671217,213.444635626701
2025-02-18,0.02,5860,0.155556417765402,0.157554255300255,6065.23454671217,208.645266179673
2025-02-18,0.02,5865,0.154483636168382,0.156397330891406,6065.23454671217,203.845896743218
2025-02-18,0.02,5870,0.153292748753543,0.155129305520173,6065.23454671217,199.046527299294
2025-02-18,0.02,5875,0.151991006740245,0.153756475509236,6065.23454671217,194.247157861339
2025-02-18,0.02,5880,0.151439424542592,0.153119456834491,6065.23454671217,189.548103696235
2025-02-18,0.02,5885,0.150717271634034,0.151523229167911,6065.23454671217,184.798891888674
2025-02-18,0.02,5890,0.149059564890478,0.150609050641192,6065.23454671217,180.049680077729
2025-02-18,0.02,5895,0.148813298317978,0.149552371465967,6065.23454671217,175.400783566602
2025-02-18,0.02,5900,0.147652150215734,0.149066251786564,6065.23454671217,170.751887031709
2025-02-18,0.02,5905,0.146362604162588,0.147723811704352,6065.23454671217,166.052832874055
2025-02-18,0.02,5910,0.14560982034559,0.146912867520164,6065.23454671217,161.45409398484
2025-02-18,0.02,5915,0.144690819168646,0.145941222898133,6065.23454671217,156.855355103988
2025-02-18,0.02,5920,0.143616346493556,0.14481877372269,6065.23454671217,152.256616222851
2025-02-18,0.02,5925,0.142395324099548,0.144128341078946,6065.23454671217,147.708034967102
2025-02-18,0.02,5930,0.14159552086166,0.143259998174814,6065.23454671217,143.209611362423
2025-02-18,0.02,5935,0.140622412462476,0.142224642648568,6065.23454671217,138.711187753511
2025-02-18,0.02,5940,0.140003132135836,0.141031255505732,6065.23454671217,134.262921795341
2025-02-18,0.02,5945,0.138693739162069,0.14018126984266,6065.23454671217,129.814655813463
2025-02-18,0.02,5950,0.138198667580975,0.139153762309817,6065.23454671217,125.466705136065
2025-02-18,0.02,5955,0.137034223469931,0.137957525028864,6065.23454671217,121.068596801315
2025-02-18,0.02,5960,0.136153266092564,0.137044929896041,6065.23454671217,116.770803747604
2025-02-18,0.02,5965,0.135086004910105,0.136378741616183,6065.23454671217,112.523168342217
2025-02-18,0.02,5970,0.134259256763903,0.135093927554832,6065.23454671217,108.275532929705
2025-02-18,0.02,5975,0.133235582642088,0.13404464977473,6065.23454671217,104.078055161076
2025-02-18,0.02,5980,0.132023039794603,0.1332005688423,6065.23454671217,99.9307350228678
2025-02-18,0.02,5985,0.131010261710354,0.132154023766359,6065.23454671217,95.833572522366
2025-02-18,0.02,5990,0.130170633081907,0.131282178652789,6065.23454671217,91.8367253181582
2025-02-18,0.02,5995,0.129119033107173,0.130201408490866,6065.23454671217,87.8398781054598
2025-02-18,0.02,6000,0.128214275053816,0.128917836726517,6065.23454671217,83.8931885346942
2025-02-18,0.02,6005,0.12709212506575,0.128122089107403,6065.23454671217,80.0468142527543
2025-02-18,0.02,6010,0.126093701427239,0.127100445705358,6065.23454671217,76.2505975890213
2025-02-18,0.02,6015,0.124872162731279,0.12585804320094,6065.23454671217,72.454380907848
2025-02-18,0.02,6020,0.123753312972067,0.125041906893399,6065.23454671217,68.8086371884522
2025-02-18,0.02,6025,0.1230376160207,0.123986484567093,6065.23454671217,65.2632087210766
2025-02-18,0.02,6030,0.121761078652173,0.123005716330771,6065.23454671217,61.7177802625481
2025-02-18,0.02,6035,0.120860397317867,0.121780294165194,6065.23454671217,58.272667087582
2025-02-18,0.02,6040,0.119704769775703,0.120613025527405,6065.23454671217,54.8777115484854
2025-02-18,0.02,6045,0.118593360847305,0.119491849499025,6065.23454671217,51.5830712788686
2025-02-18,0.02,6050,0.117515117625461,0.118405778219903,6065.23454671217,48.3887463002402
2025-02-18,0.02,6055,0.116459939334773,0.11734477625274,6065.23454671217,45.2947365909729
2025-02-18,0.02,6060,0.115124849715981,0.116299641693943,6065.23454671217,42.2508845121138
2025-02-18,0.02,6065,0.11379604084932,0.114968717415365,6065.23454671217,39.2571901035024
2025-02-18,0.02,6070,0.112611324174134,0.113784925077835,6065.23454671217,36.4144461490603
2025-02-18,0.02,6075,0.11151319765188,0.112396525536238,6065.23454671217,33.6557759944599
2025-02-18,0.02,6080,0.110098427711583,0.111283865579687,6065.23454671217,30.9974210930727
2025-02-18,0.02,6085,0.108949334852471,0.109847022712296,6065.23454671217,28.4393814945709
2025-02-18,0.02,6090,0.107460549796787,0.108370094993697,6065.23454671217,25.931499528572
2025-02-18,0.02,6095,0.106225604130289,0.107150358697957,6065.23454671217,23.6242481078439
2025-02-18,0.02,6100,0.104936823071327,0.105880686340958,6065.23454671217,21.4173120030455
2025-02-18,0.02,6105,0.103585189525631,0.10455262195028,6065.23454671217,19.3106911393571
2025-02-18,0.02,6110,0.102160744016899,0.103156930735001,6065.23454671217,17.304385564711
2025-02-18,0.02,6115,0.100652195568586,0.102026205303291,6065.23454671217,15.4485529048895
2025-02-18,0.02,6120,0.099404703095259,0.100476490359912,6065.23454671217,13.693035520139
2025-02-18,0.02,6125,0.0980781280931049,0.0991985820554514,6065.23454671217,12.0879910643472
2025-02-18,0.02,6130,0.0966639207298507,0.0978426916379934,6065.23454671217,10.5832619004653
2025-02-18,0.02,6135,0.0955697955477266,0.0968149664084983,6065.23454671217,9.2791632712532
2025-02-18,0.02,6140,0.0944223912928583,0.0957462034683871,6065.23454671217,8.07537993106064
2025-02-18,0.02,6145,0.0932253692271171,0.0941725012934655,6065.23454671217,6.92175422140815
2025-02-18,0.02,6150,0.0919856940426505,0.0930079701619693,6065.23454671217,5.91860144476499
2025-02-18,0.02,6155,0.0907155016002014,0.091827900058835,6065.23454671217,5.0157639240976
2025-02-18,0.02,6160,0.0900485135470818,0.0912572533970413,6065.23454671217,4.31355697655709
2025-02-18,0.02,6165,0.0888573122474319,0.090191410589759,6065.23454671217,3.6113500219837
2025-02-18,0.02,6170,0.0881303948963088,0.089237936653235,6065.23454671217,3.03453717671891
2025-02-18,0.02,6175,0.0872475897167459,0.0880750009937245,6065.23454671217,2.50788196479979
2025-02-18,0.02,6180,0.0862014272106566,0.0871366725450508,6065.23454671217,2.05646321205688
2025-02-18,0.02,6185,0.0855252114970524,0.086580718952063,6065.23454671217,1.7053597402533
2025-02-18,0.02,6190,0.0848426953862311,0.0860429941067242,6065.23454671217,1.40441390352925
2025-02-18,0.02,6195,0.084225102208643,0.0855971068349482,6065.23454671217,1.15362570611768
2025-02-18,0.02,6200,0.082961993638527,0.0845819493670398,6065.23454671217,0.902837508111062
2025-02-18,0.02,6205,0.0827500756977691,0.08459936422607,6065.23454671217,0.752364589098647
2025-02-18,0.02,6210,0.0820085332352841,0.084180304137613,6065.23454671217,0.601891670271854
2025-02-18,0.02,6220,0.081221326862813,0.0841687133916146,6065.23454671217,0.401261116202377
2025-02-18,0.02,6225,0.0817207491755222,0.0850114446339071,6065.23454671217,0.351103474914986
2025-02-18,0.02,6230,0.0819284665604303,0.0838996283974017,6065.23454671217,0.275867016432219
2025-02-18,0.02,6240,0.0810103072117822,0.0861811604672799,6065.23454671217,0.200630556629545
2025-02-18,0.02,6250,0.0812939933066967,0.0850300750144163,6065.23454671217,0.125394098632231
2025-02-18,0.02,6260,0.0794083863994074,0.0851449570009345,6065.23454671217,0.0752364588898784
2025-02-18,0.02,6275,0.0848222486356631,0.0908775304823866,6065.23454671217,0.0752364586804362
2025-02-18,0.02,6300,NA,0.0937490877085296,6065.23454671217,NA
2025-02-18,0.02,6325,NA,0.102565494188478,6065.23454671217,NA
2025-02-18,0.02,6350,NA,0.118853844349946,6065.23454671217,NA
2025-02-18,0.02,6375,NA,0.127958106194041,6065.23454671217,NA
2025-02-18,0.02,6400,NA,0.12843710271094,6065.23454671217,NA
2025-02-18,0.02,6425,NA,0.136889738085707,6065.23454671217,NA
2025-02-18,0.02,6450,NA,0.145265016061197,6065.23454671217,NA
2025-02-18,0.02,6500,NA,0.16179878412747,6065.23454671217,NA
2025-02-18,0.02,6550,NA,0.178064583476947,6065.23454671217,NA
2025-02-18,0.02,6600,NA,0.19408314695085,6065.23454671217,NA
2025-02-18,0.02,6700,NA,0.225443319820872,6065.23454671217,NA
2025-02-18,0.02,6800,NA,0.255984619459138,6065.23454671217,NA
2025-02-18,0.02,7000,NA,0.314905129804619,6065.23454671217,NA
2025-02-18,0.02,7200,NA,0.371293158992438,6065.23454671217,NA
2025-02-18,0.02,7400,NA,0.425455597310495,6065.23454671217,NA
2025-02-18,0.02,7600,NA,0.477621795020877,6065.23454671217,NA
2025-02-18,0.02,7800,NA,0.52797304963328,6065.23454671217,NA
2025-02-19,0.024,2400,NA,1.69203457059789,6065.94122130219,NA
2025-02-19,0.024,2600,NA,1.55098099204488,6065.94122130219,NA
2025-02-19,0.024,2800,NA,1.420337719623,6065.94122130219,NA
2025-02-19,0.024,3000,NA,1.29860955975862,6065.94122130219,NA
2025-02-19,0.024,3200,NA,1.18459165854522,6065.94122130219,NA
2025-02-19,0.024,3400,NA,1.13153640429801,6065.94122130219,NA
2025-02-19,0.024,3600,NA,1.02548345881467,6065.94122130219,NA
2025-02-19,0.024,3800,0.879729638563984,0.924864957068878,6065.94122130219,2266.01624273687
2025-02-19,0.024,4000,0.788175102226237,0.855722430151711,6065.94122130219,2066.04124988183
2025-02-19,0.024,4200,0.737532655786565,0.779899914797512,6065.94122130219,1866.09126417157
2025-02-19,0.024,4400,0.671285672890526,0.701171264974839,6065.94122130219,1666.14127846148
2025-02-19,0.024,4500,0.627467732868401,0.655642106160251,6065.94122130219,1566.14127846124
2025-02-19,0.024,4600,0.598998523804189,0.621173950369777,6065.94122130219,1466.19129275104
2025-02-19,0.024,4700,0.567024002397117,0.585058145537476,6065.94122130219,1366.24130704086
2025-02-19,0.024,4800,0.532788273434647,0.547758359629305,6065.94122130219,1266.29132133082
2025-02-19,0.024,4900,0.49697871438592,0.509570710732395,6065.94122130219,1166.34133562081
2025-02-19,0.024,5000,0.460008440154428,0.470688228692576,6065.94122130219,1066.39134991096
2025-02-19,0.024,5100,0.426852001424102,0.435336399118719,6065.94122130219,966.491378489802
2025-02-19,0.024,5150,0.409323837252896,0.41694908114129,6065.94122130219,916.541392780347
2025-02-19,0.024,5200,0.391283681115646,0.398162412189389,6065.94122130219,866.591407069135
2025-02-19,0.024,5250,0.372794182354348,0.379016174143347,6065.94122130219,816.641421359038
2025-02-19,0.024,5300,0.353902344673825,0.359540307132191,6065.94122130219,766.691435648944
2025-02-19,0.024,5325,0.342893744551639,0.348388461303439,6065.94122130219,741.691435649206
2025-02-19,0.024,5350,0.334642986296123,0.339756596682687,6065.94122130219,716.741449938756
2025-02-19,0.024,5375,0.326140566927611,0.330910659855647,6065.94122130219,691.791464227748
2025-02-19,0.024,5400,0.31504098459344,0.319679755508729,6065.94122130219,666.791464228067
2025-02-19,0.024,5425,0.306254527410223,0.310586605507102,6065.94122130219,641.841478519251
2025-02-19,0.024,5450,0.297255555366685,0.301307404321631,6065.94122130219,616.891492807806
2025-02-19,0.024,5475,0.288058038301446,0.291852383694952,6065.94122130219,591.941507097963
2025-02-19,0.024,5500,0.27867341809441,0.282229915780452,6065.94122130219,566.991521386565
2025-02-19,0.024,5525,0.269110980177168,0.272446738696959,6065.94122130219,542.041535677972
2025-02-19,0.024,5550,0.259378128273146,0.26250811936467,6065.94122130219,517.091549967846
2025-02-19,0.024,5575,0.249480582885743,0.252417969047361,6065.94122130219,492.141564259582
2025-02-19,0.024,5600,0.239422516922167,0.243505209243516,6065.94122130219,467.216585693114
2025-02-19,0.024,5625,0.230515674072573,0.233038658795875,6065.94122130219,442.291607126206
2025-02-19,0.024,5650,0.22125832389749,0.223573431310336,6065.94122130219,417.391635707228
2025-02-19,0.024,5670,0.214055935528083,0.216202178733123,6065.94122130219,397.491664286454
2025-02-19,0.024,5675,0.211673633919076,0.214834323730965,6065.94122130219,392.516671430166
2025-02-19,0.024,5680,0.210355770275454,0.212423764339851,6065.94122130219,387.541678576181
2025-02-19,0.024,5690,0.206592231577524,0.208585628740964,6065.94122130219,377.591692863788
2025-02-19,0.024,5700,0.202766974569133,0.205624628749947,6065.94122130219,367.666714300606
2025-02-19,0.024,5710,0.199816629635965,0.201638562746424,6065.94122130219,357.741735734624
2025-02-19,0.024,5720,0.195838819952585,0.198455699890264,6065.94122130219,347.81675716802
2025-02-19,0.024,5725,0.194265967900551,0.195980095620868,6065.94122130219,342.841764315018
2025-02-19,0.024,5730,0.192660173368343,0.194331499831437,6065.94122130219,337.891778607101
2025-02-19,0.024,5740,0.189353519406604,0.190944191442988,6065.94122130219,327.991807186569
2025-02-19,0.024,5750,0.185925663416044,0.187441568730619,6065.94122130219,318.091835764325
2025-02-19,0.024,5760,0.183110285313831,0.184537925550032,6065.94122130219,308.241878635545
2025-02-19,0.024,5770,0.179423502147964,0.181457830065443,6065.94122130219,298.36691436193
2025-02-19,0.024,5775,0.178211797345277,0.179530374032745,6065.94122130219,293.441935788207
2025-02-19,0.024,5780,0.176937238309625,0.178212884664382,6065.94122130219,288.541964368806
2025-02-19,0.024,5785,0.174975156722237,0.176838041687012,6065.94122130219,283.616985809218
2025-02-19,0.024,5790,0.173603257597317,0.175408245875608,6065.94122130219,278.717014386295
2025-02-19,0.024,5795,0.172175384675991,0.173925653824007,6065.94122130219,273.817042961374
2025-02-19,0.024,5800,0.170693771386208,0.172947964045352,6065.94122130219,268.942078689646
2025-02-19,0.024,5805,0.169160422981887,0.171349701438946,6065.94122130219,264.042107266222
2025-02-19,0.024,5810,0.167577142445324,0.169704644966337,6065.94122130219,259.142135852835
2025-02-19,0.024,5815,0.165945552024029,0.168014154649521,6065.94122130219,254.24216442505
2025-02-19,0.024,5820,0.165281287070806,0.167262394268721,6065.94122130219,249.442221589938
2025-02-19,0.024,5825,0.163529901645373,0.165459107982435,6065.94122130219,244.542250167119
2025-02-19,0.024,5830,0.16268174952362,0.164534849344038,6065.94122130219,239.742307323257
2025-02-19,0.024,5835,0.160820621120531,0.163513133182417,6065.94122130219,234.892350196127
2025-02-19,0.024,5840,0.159805853498432,0.161545636972892,6065.94122130219,230.042393060901
2025-02-19,0.024,5845,0.158696899623652,0.160374604482229,6065.94122130219,225.242450224093
2025-02-19,0.024,5850,0.157498854267232,0.159915529973835,6065.94122130219,220.492521668434
2025-02-19,0.024,5855,0.156216150961185,0.158553056415447,6065.94122130219,215.692578834592
2025-02-19,0.024,5860,0.155614182320496,0.157114762285549,6065.94122130219,210.942650287689
2025-02-19,0.024,5865,0.154149223843211,0.156320767444624,6065.94122130219,206.192721735954
2025-02-19,0.024,5870,0.153319608678671,0.154717978756025,6065.94122130219,201.442793188115
2025-02-19,0.024,5875,0.152371842148819,0.15371883829017,6065.94122130219,196.742878918144
2025-02-19,0.024,5880,0.151312766564195,0.152612322443268,6065.94122130219,192.042964661726
2025-02-19,0.024,5885,0.15014824023483,0.151403790540177,6065.94122130219,187.34305039596
2025-02-19,0.024,5890,0.148883296377166,0.150699262765824,6065.94122130219,182.693150421105
2025-02-19,0.024,5895,0.148112200284525,0.149281281799913,6065.94122130219,178.043250452459
2025-02-19,0.024,5900,0.147209174054599,0.148336550799577,6065.94122130219,173.443364776794
2025-02-19,0.024,5905,0.146181570333596,0.147270504119962,6065.94122130219,168.843479097485
2025-02-19,0.024,5910,0.145035621852327,0.146611855187383,6065.94122130219,164.293607695648
2025-02-19,0.024,5915,0.14428787256144,0.145303546622339,6065.94122130219,159.743736304843
2025-02-19,0.024,5920,0.142904736156543,0.144379501751576,6065.94122130219,155.193864902977
2025-02-19,0.024,5925,0.141897037272785,0.143323759283135,6065.94122130219,150.694007822089
2025-02-19,0.024,5930,0.141222258560809,0.142599741401121,6065.94122130219,146.294179287308
2025-02-19,0.024,5935,0.139947071610015,0.141283721485159,6065.94122130219,141.794322181021
2025-02-19,0.024,5940,0.138987295530044,0.140282027158181,6065.94122130219,137.394493667754
2025-02-19,0.024,5945,0.138306952893281,0.13955965160532,6065.94122130219,133.094693710869
2025-02-19,0.024,5950,0.137059824072316,0.138276976966545,6065.94122130219,128.694865205242
2025-02-19,0.024,5955,0.136078650856193,0.137260081563401,6065.94122130219,124.395065261969
2025-02-19,0.024,5960,0.13533335225335,0.136479528472092,6065.94122130219,120.195293887055
2025-02-19,0.024,5965,0.134051455559963,0.135537948834518,6065.94122130219,115.945508234503
2025-02-19,0.024,5970,0.133357167240761,0.134441307917289,6065.94122130219,111.795751175791
2025-02-19,0.024,5975,0.132137693170533,0.133545577144544,6065.94122130219,107.64599410461
2025-02-19,0.024,5980,0.131113762789491,0.13248604492082,6065.94122130219,103.5462513001
2025-02-19,0.024,5985,0.130263276540535,0.131267326968107,6065.94122130219,99.4965228280316
2025-02-19,0.024,5990,0.129238929683679,0.130219363516989,6065.94122130219,95.4968085983824
2025-02-19,0.024,5995,0.128045214104116,0.129323009340196,6065.94122130219,91.5471086986931
2025-02-19,0.024,6000,0.127311442073325,0.128248852587186,6065.94122130219,87.6974373580938
2025-02-19,0.024,6005,0.126081710212534,0.127306198436192,6065.94122130219,83.8477660385756
2025-02-19,0.024,6010,0.124978887059639,0.126179912793817,6065.94122130219,80.048108962
2025-02-19,0.024,6015,0.123987843424937,0.125167039831081,6065.94122130219,76.3484805303392
2025-02-19,0.024,6020,0.122804848241322,0.12396440436404,6065.94122130219,72.6488520518228
2025-02-19,0.024,6025,0.122002348533542,0.123143598055865,6065.94122130219,69.149280757081
2025-02-19,0.024,6030,0.120711450025396,0.121836847855422,6065.94122130219,65.5496808747007
2025-02-19,0.024,6035,0.119777621610987,0.120888689442492,6065.94122130219,62.150138125324
2025-02-19,0.024,6040,0.118630632376741,0.1197294343989,6065.94122130219,58.7505954204914
2025-02-19,0.024,6045,0.11754160676779,0.118630034001987,6065.94122130219,55.4510812442613
2025-02-19,0.024,6050,0.116501165201653,0.117581188559287,6065.94122130219,52.2515956929449
2025-02-19,0.024,6055,0.115232370907219,0.116306063745171,6065.94122130219,49.0521101248469
2025-02-19,0.024,6060,0.11426546031425,0.115334907630934,6065.94122130219,46.0526817111734
2025-02-19,0.024,6065,0.11305655922907,0.114123984848171,6065.94122130219,43.0532533240857
2025-02-19,0.024,6070,0.111752933906903,0.112820666425897,6065.94122130219,40.1114603970527
2025-02-19,0.024,6075,0.110836807897369,0.111639690175001,6065.94122130219,37.3606744749202
2025-02-19,0.024,6080,0.10938879294258,0.110464752677887,6065.94122130219,34.6098885306628
2025-02-19,0.024,6085,0.108204922897823,0.109289183482133,6065.94122130219,32.0091454657299
2025-02-19,0.024,6090,0.107010911768861,0.10810658280094,6065.94122130219,29.5084309711829
2025-02-19,0.024,6095,0.105800247573632,0.106910741768639,6065.94122130219,27.1077450593425
2025-02-19,0.024,6100,0.10484886751219,0.105695558330616,6065.94122130219,24.8571020474458
2025-02-19,0.024,6105,0.103591178075305,0.104454948185596,6065.94122130219,22.6564732961028
2025-02-19,0.024,6110,0.102298307637126,0.10318274685125,6065.94122130219,20.5558731068229
2025-02-19,0.024,6115,0.100963372559673,0.102175203236427,6065.94122130219,18.6053158145384
2025-02-19,0.024,6120,0.099892285533181,0.100830130567231,6065.94122130219,16.7547870711917
2025-02-19,0.024,6125,0.0984623832017574,0.0997585241828841,6065.94122130219,15.0042869504624
2025-02-19,0.024,6130,0.097307097193044,0.0986560892750881,6065.94122130219,13.4038296648309
2025-02-19,0.024,6135,0.0961107657611996,0.0975217714120653,6065.94122130219,11.9034009698136
2025-02-19,0.024,6140,0.0952439365472892,0.0963553833106669,6065.94122130219,10.5530151515011
2025-02-19,0.024,6145,0.0939826047660225,0.0951579571382398,6065.94122130219,9.25264361223117
2025-02-19,0.024,6150,0.0931000919344365,0.0943459003146143,6065.94122130219,8.15232924422014
2025-02-19,0.024,6155,0.0917924332579259,0.0931260142796666,6065.94122130219,7.05201485543205
2025-02-19,0.024,6160,0.0909421064979608,0.0923710101314423,6065.94122130219,6.15175764753616
2025-02-19,0.024,6165,0.0901599636099125,0.0916980103911037,6065.94122130219,5.35152900803257
2025-02-19,0.024,6170,0.0894870863967001,0.0905998796487939,6065.94122130219,4.60131465269183
2025-02-19,0.024,6175,0.0883664551920261,0.0901859063278239,6065.94122130219,3.95112889427264
2025-02-19,0.024,6180,0.0873699983903776,0.0893715638348736,6065.94122130219,3.35095742110411
2025-02-19,0.024,6185,0.0873271844729888,0.0884255733662748,6065.94122130219,2.87582166368554
2025-02-19,0.024,6190,0.0865230604804309,0.0877431177914208,6065.94122130219,2.42569305593119
2025-02-19,0.024,6195,0.0856472601563014,0.0870143773763579,6065.94122130219,2.02557873101665
2025-02-19,0.024,6200,0.0852463246237802,0.0862680879336064,6065.94122130219,1.70048584754693
2025-02-19,0.024,6205,0.0849746688882231,0.0861135668210448,6065.94122130219,1.45041439991559
2025-02-19,0.024,6210,0.0842743899820785,0.0855693973690089,6065.94122130219,1.20034295367749
2025-02-19,0.024,6220,0.0836143312599523,0.0852697617929276,6065.94122130219,0.850242927572836
2025-02-19,0.024,6225,0.0830462672720733,0.0849503546751449,6065.94122130219,0.700200058323631
2025-02-19,0.024,6230,0.0830707338437039,0.0852112558177525,6065.94122130219,0.600171475403819
2025-02-19,0.024,6240,0.0834007293715641,0.0860819779600249,6065.94122130219,0.450128607069054
2025-02-19,0.024,6250,0.0841514113099273,0.0874450122037067,6065.94122130219,0.350100029402263
2025-02-19,0.024,6260,0.083733931559464,0.0880482959009742,6065.94122130219,0.250071449585885
2025-02-19,0.024,6275,0.0863988315077233,0.0893053273002526,6065.94122130219,0.175050014338566
2025-02-19,0.024,6300,0.085319472881577,0.0953331234894931,6065.94122130219,0.100028579582626
2025-02-19,0.024,6325,0.0998124477599538,0.104145399553823,6065.94122130219,0.12503572441479
2025-02-19,0.024,6350,0.101323589941637,0.108218621925299,6065.94122130219,0.0750214343936451
2025-02-19,0.024,6375,0.109193912966248,0.116529363902982,6065.94122130219,0.0750214346056692
2025-02-19,0.024,6400,0.116984507211478,0.124751360880127,6065.94122130219,0.0750214344216111
2025-02-19,0.024,6425,0.12470024524062,0.132890244738965,6065.94122130219,0.0750214349216121
2025-02-19,0.024,6450,NA,0.140950825615074,6065.94122130219,NA
2025-02-19,0.024,6500,NA,0.156853191609322,6065.94122130219,NA
2025-02-19,0.024,6550,NA,0.172485992832712,6065.94122130219,NA
2025-02-19,0.024,6600,NA,0.176906023141788,6065.94122130219,NA
2025-02-19,0.024,6700,NA,0.205530681439715,6065.94122130219,NA
2025-02-19,0.024,6800,NA,0.233407613293261,6065.94122130219,NA
2025-02-19,0.024,7000,NA,0.287187495584288,6065.94122130219,NA
2025-02-19,0.024,7200,NA,0.338655455876713,6065.94122130219,NA
2025-02-19,0.024,7400,NA,0.388091802038329,6065.94122130219,NA
2025-02-19,0.024,7600,NA,0.435705971053868,6065.94122130219,NA
2025-02-19,0.024,7800,NA,0.481663496634296,6065.94122130219,NA
2025-02-20,0.028,2400,NA,1.56676556727027,6065.86198662586,NA
2025-02-20,0.028,2600,NA,1.43615434384097,6065.86198662586,NA
2025-02-20,0.028,2800,NA,1.31518273513892,6065.86198662586,NA
2025-02-20,0.028,3000,NA,1.20246622261832,6065.86198662586,NA
2025-02-20,0.028,3200,NA,1.09688913611343,6065.86198662586,NA
2025-02-20,0.028,3400,NA,1.04777698159381,6065.86198662586,NA
2025-02-20,0.028,3600,0.903653392615538,0.94957385126646,6065.86198662586,2465.93720152596
2025-02-20,0.028,3800,0.814595912253021,0.883637632378155,6065.86198662586,2265.9622731593
2025-02-20,0.028,4000,0.767689688674646,0.792386067788574,6065.86198662586,2065.98734479265
2025-02-20,0.028,4200,0.682936007090068,0.736116860954878,6065.86198662586,1866.03748805915
2025-02-20,0.028,4400,0.636802122192375,0.659962535740028,6065.86198662586,1666.11270295934
2025-02-20,0.028,4500,0.607122078530006,0.617196453407055,6065.86198662586,1566.13777459297
2025-02-20,0.028,4600,0.565731393020297,0.583546247674835,6065.86198662586,1466.16284622609
2025-02-20,0.028,4700,0.541766925911356,0.548784062288102,6065.86198662586,1366.23806112608
2025-02-20,0.028,4800,0.507229102826727,0.518696161765772,6065.86198662586,1266.31327602596
2025-02-20,0.028,4900,0.476987088645462,0.486186171060222,6065.86198662586,1166.41356255961
2025-02-20,0.028,5000,0.444392764789031,0.45194032138623,6065.86198662586,1066.51384909329
2025-02-20,0.028,5100,0.410090485698167,0.416368573228622,6065.86198662586,966.614135626273
2025-02-20,0.028,5150,0.392424317856818,0.400862112606359,6065.86198662586,916.689350525768
2025-02-20,0.028,5200,0.377145883708912,0.382200329064061,6065.86198662586,866.764565426237
2025-02-20,0.028,5250,0.358680815284977,0.363326301036028,6065.86198662586,816.814708693477
2025-02-20,0.028,5300,0.342150901875529,0.346278372040746,6065.86198662586,766.914995226436
2025-02-20,0.028,5325,0.33363742203281,0.337535118329688,6065.86198662586,741.96513849238
2025-02-20,0.028,5350,0.324971937976787,0.328656169027761,6065.86198662586,717.015281760312
2025-02-20,0.028,5375,0.314342354710329,0.319647918537554,6065.86198662586,692.04035339222
2025-02-20,0.028,5400,0.305497320393071,0.310515742482073,6065.86198662586,667.090496661319
2025-02-20,0.028,5425,0.298140210240193,0.301264097821912,6065.86198662586,642.165711558964
2025-02-20,0.028,5450,0.288937510946902,0.291896601581122,6065.86198662586,617.215854827716
2025-02-20,0.028,5475,0.279612685287135,0.282416087454154,6065.86198662586,592.265998093593
2025-02-20,0.028,5500,0.270168740123136,0.274109070912289,6065.86198662586,567.341212991956
2025-02-20,0.028,5525,0.261879470951564,0.26434190370041,6065.86198662586,542.416427892329
2025-02-20,0.028,5550,0.252135056095703,0.255601467094621,6065.86198662586,517.491642791412
2025-02-20,0.028,5575,0.243394878222966,0.246618186963351,6065.86198662586,492.591929327808
2025-02-20,0.028,5600,0.234402732191824,0.236420594617222,6065.86198662586,467.667144225999
2025-02-20,0.028,5625,0.225170472865534,0.227966675181455,6065.86198662586,442.792502392251
2025-02-20,0.028,5650,0.216589123908825,0.218313457760406,6065.86198662586,417.91786056248
2025-02-20,0.028,5670,0.209136974469995,0.211552404678173,6065.86198662586,398.043218726528
2025-02-20,0.028,5675,0.20764946678143,0.210012122868322,6065.86198662586,393.093361992416
2025-02-20,0.028,5680,0.206135804353548,0.207687166428211,6065.86198662586,388.118433626047
2025-02-20,0.028,5690,0.20227500807571,0.204518532143722,6065.86198662586,378.193648529849
2025-02-20,0.028,5700,0.199106515526875,0.201256852913264,6065.86198662586,368.293935061372
2025-02-20,0.028,5710,0.19584291660776,0.197905817792867,6065.86198662586,358.394221592099
2025-02-20,0.028,5720,0.192488025084308,0.194468630968743,6065.86198662586,348.494508126598
2025-02-20,0.028,5725,0.190777394189221,0.192718612259189,6065.86198662586,343.544651393118
2025-02-20,0.028,5730,0.189045140166738,0.190948063998668,6065.86198662586,338.594794660779
2025-02-20,0.028,5740,0.18613318202179,0.187944109518762,6065.86198662586,328.745224458341
2025-02-20,0.028,5750,0.183085152992078,0.184811232200372,6065.86198662586,318.895654263863
2025-02-20,0.028,5760,0.179908176676666,0.182095216176048,6065.86198662586,309.071155695046
2025-02-20,0.028,5770,0.177137443995892,0.179210629601567,6065.86198662586,299.271728763871
2025-02-20,0.028,5775,0.175688289626141,0.177708351864564,6065.86198662586,294.372015296058
2025-02-20,0.028,5780,0.174198366901724,0.176167583002111,6065.86198662586,289.47230182967
2025-02-20,0.028,5785,0.172668846378704,0.174589324477012,6065.86198662586,284.572588360734
2025-02-20,0.028,5790,0.171100794130389,0.17389191186161,6065.86198662586,279.723018158985
2025-02-20,0.028,5795,0.170415839700652,0.17221992037599,6065.86198662586,274.873447955897
2025-02-20,0.028,5800,0.16875156291289,0.17051371195346,6065.86198662586,269.973734497444
2025-02-20,0.028,5805,0.167052219792926,0.169618996904397,6065.86198662586,265.124164295582
2025-02-20,0.028,5810,0.166164921418498,0.167827493303872,6065.86198662586,260.274594093004
2025-02-20,0.028,5815,0.165195845063986,0.166803359341536,6065.86198662586,255.475167159982
2025-02-20,0.028,5820,0.163358537273011,0.165705313582411,6065.86198662586,250.625596964567
2025-02-20,0.028,5825,0.162263305854292,0.164536707914651,6065.86198662586,245.826170034144
2025-02-20,0.028,5830,0.161096050895303,0.163300512820711,6065.86198662586,241.02674309954
2025-02-20,0.028,5835,0.159859861185572,0.161999365689708,6065.86198662586,236.227316157573
2025-02-20,0.028,5840,0.159256286158961,0.16063561156278,6065.86198662586,231.478032504522
2025-02-20,0.028,5845,0.157870305873271,0.159873695400341,6065.86198662586,226.728748826575
2025-02-20,0.028,5850,0.157078636864957,0.158373143957042,6065.86198662586,221.979465163043
2025-02-20,0.028,5855,0.155555801055235,0.157439830971471,6065.86198662586,217.230181500765
2025-02-20,0.028,5860,0.154592908537098,0.156416148555064,6065.86198662586,212.531041100847
2025-02-20,0.028,5865,0.153539732589946,0.155306238619454,6065.86198662586,207.831900704605
2025-02-20,0.028,5870,0.152400345421734,0.154113719207323,6065.86198662586,203.132760295747
2025-02-20,0.028,5875,0.151178298863932,0.152841754923675,6065.86198662586,198.43361990746
2025-02-20,0.028,5880,0.150418444271324,0.152026154417653,6065.86198662586,193.834766022406
2025-02-20,0.028,5885,0.149548907819105,0.150588894492371,6065.86198662586,189.185768892236
2025-02-20,0.028,5890,0.148575150113463,0.149582911424938,6065.86198662586,184.586915024269
2025-02-20,0.028,5895,0.147501871277499,0.148479573570802,6065.86198662586,179.988061159407
2025-02-20,0.028,5900,0.146333121109221,0.147754569068935,6065.86198662586,175.439350565549
2025-02-20,0.028,5905,0.145534847714181,0.146454451631453,6065.86198662586,170.890639968403
2025-02-20,0.028,5910,0.14417260116567,0.145512751358502,6065.86198662586,166.341929367971
2025-02-20,0.028,5915,0.143161246404249,0.144462410415474,6065.86198662586,161.843362028331
2025-02-20,0.028,5920,0.142465663546668,0.14372657390447,6065.86198662586,157.445081231513
2025-02-20,0.028,5925,0.141232373888123,0.142459549122927,6065.86198662586,152.946513906005
2025-02-20,0.028,5930,0.140299183284159,0.141491512793796,6065.86198662586,148.54823310283
2025-02-20,0.028,5935,0.139248066141972,0.140407966999562,6065.86198662586,144.149952303282
2025-02-20,0.028,5940,0.138460474725824,0.139587598849554,6065.86198662586,139.851958024694
2025-02-20,0.028,5945,0.137542584005531,0.138639361856282,6065.86198662586,135.553963769961
2025-02-20,0.028,5950,0.13649914605453,0.137567719237667,6065.86198662586,131.255969517981
2025-02-20,0.028,5955,0.135334079412553,0.136376348699243,6065.86198662586,126.957975234113
2025-02-20,0.028,5960,0.134390311894525,0.135406414654847,6065.86198662586,122.760267489913
2025-02-20,0.028,5965,0.133314651492115,0.134636151222795,6065.86198662586,118.612703034816
2025-02-20,0.028,5970,0.132434026917049,0.133401990923161,6065.86198662586,114.465138573939
2025-02-20,0.028,5975,0.13141312246126,0.132359027364597,6065.86198662586,110.367717355425
2025-02-20,0.028,5980,0.130255420107022,0.131488720533985,6065.86198662586,106.320439427815
2025-02-20,0.028,5985,0.129265949243318,0.130472865738299,6065.86198662586,102.323304782273
2025-02-20,0.028,5990,0.128427988991952,0.129314538524822,6065.86198662586,98.3763133740622
2025-02-20,0.028,5995,0.127436349310801,0.128594709266087,6065.86198662586,94.5296085070681
2025-02-20,0.028,6000,0.126293872625467,0.127430842429521,6065.86198662586,90.6327603715554
2025-02-20,0.028,6005,0.125281946264816,0.126398647288226,6065.86198662586,86.8361987689907
2025-02-20,0.028,6010,0.124387412678137,0.125485111519603,6065.86198662586,83.1399237101052
2025-02-20,0.028,6015,0.12332807836046,0.124408542641125,6065.86198662586,79.4436486628251
2025-02-20,0.028,6020,0.122105253420713,0.123436133461468,6065.86198662586,75.797516855831
2025-02-20,0.028,6025,0.121244637583566,0.122294921337567,6065.86198662586,72.2516715810095
2025-02-20,0.028,6030,0.120206884629287,0.121244270438745,6065.86198662586,68.7559695699445
2025-02-20,0.028,6035,0.118992133383147,0.120274638637628,6065.86198662586,65.3104108390903
2025-02-20,0.028,6040,0.118107378683501,0.119123470384367,6065.86198662586,61.9651386402545
2025-02-20,0.028,6045,0.117033441664411,0.118041192498507,6065.86198662586,58.6700097256337
2025-02-20,0.028,6050,0.115768571730476,0.11701982412766,6065.86198662586,55.4250240512242
2025-02-20,0.028,6055,0.114807343951442,0.115803217512328,6065.86198662586,52.2803249286844
2025-02-20,0.028,6060,0.113643147659515,0.114883702943815,6065.86198662586,49.235912331073
2025-02-20,0.028,6065,0.112519132843512,0.113757625830386,6065.86198662586,46.241642998411
2025-02-20,0.028,6070,0.111493673638256,0.112484687150495,6065.86198662586,43.3237824356979
2025-02-20,0.028,6075,0.110395721593466,0.111388933609056,6065.86198662586,40.5157594825812
2025-02-20,0.028,6080,0.109319910433214,0.110317424431503,6065.86198662586,37.8080230899616
2025-02-20,0.028,6085,0.108010039720069,0.109014171201809,6065.86198662586,35.1002866878257
2025-02-20,0.028,6090,0.106961273730826,0.107974408628037,6065.86198662586,32.5931233346055
2025-02-20,0.028,6095,0.10566360654483,0.106688539989389,6065.86198662586,30.0859600102679
2025-02-20,0.028,6100,0.104622076495435,0.10566155356063,6065.86198662586,27.7793697564066
2025-02-20,0.028,6105,0.103315238837981,0.10437276013254,6065.86198662586,25.4727794633075
2025-02-20,0.028,6110,0.101993568995413,0.103342370447367,6065.86198662586,23.3166189983243
2025-02-20,0.028,6115,0.100927787451693,0.102032391467973,6065.86198662586,21.2607450990992
2025-02-20,0.028,6120,0.099850691648365,0.100984993795319,6065.86198662586,19.3553009522105
2025-02-20,0.028,6125,0.09876013372274,0.0999290911102912,6065.86198662586,17.5501433631173
2025-02-20,0.028,6130,0.0976544856065425,0.0988637419039734,6065.86198662586,15.8452722890398
2025-02-20,0.028,6135,0.096532761698554,0.0977887871239327,6065.86198662586,14.2406877399675
2025-02-20,0.028,6140,0.095394800909073,0.0963784492604568,6065.86198662586,12.6862464819235
2025-02-20,0.028,6145,0.0942415342696358,0.0952726396180002,6065.86198662586,11.2822350085055
2025-02-20,0.028,6150,0.0934385397967379,0.0945215474611467,6065.86198662586,10.0787965898232
2025-02-20,0.028,6155,0.0922856653314161,0.0934317999316807,6065.86198662586,8.87535821080144
2025-02-20,0.028,6160,0.0915436627373716,0.0927577550727904,6065.86198662586,7.87249287266104
2025-02-20,0.028,6165,0.0904369792524056,0.0917345937604682,6065.86198662586,6.86962754519789
2025-02-20,0.028,6170,0.0898355125072734,0.0912206821057664,6065.86198662586,6.06733526874262
2025-02-20,0.028,6175,0.0888686844236636,0.0903621891020135,6065.86198662586,5.26504300908232
2025-02-20,0.028,6180,0.0880102934288366,0.08962684502782,6065.86198662586,4.56303726165794
2025-02-20,0.028,6185,0.0873143917387926,0.0890683125444156,6065.86198662586,3.9613180773793
2025-02-20,0.028,6190,0.0868541632635208,0.0887571454486308,6065.86198662586,3.45988540747766
2025-02-20,0.028,6195,0.0867248668773733,0.0881075045881357,6065.86198662586,3.00859599787458
2025-02-20,0.028,6200,0.085891049556273,0.0874195121550565,6065.86198662586,2.55730660656783
2025-02-20,0.028,6205,0.0854450074521189,0.0867137090508529,6065.86198662586,2.18123209883797
2025-02-20,0.028,6210,0.0850810877718829,0.0864810699104058,6065.86198662586,1.88037249698536
2025-02-20,0.028,6220,0.0842950326014255,0.0860243075558222,6065.86198662586,1.37893983195619
2025-02-20,0.028,6225,0.0846041589366186,0.085874931709447,6065.86198662586,1.20343840154264
2025-02-20,0.028,6230,0.0839469085886123,0.0860803990772226,6065.86198662586,1.02793696427845
2025-02-20,0.028,6240,0.0838921588993151,0.0865193341714984,6065.86198662586,0.777220630422747
2025-02-20,0.028,6250,0.0847560068623527,0.0868887428341585,6065.86198662586,0.601719199332692
2025-02-20,0.028,6260,0.0847348213110485,0.0874011917303416,6065.86198662586,0.451289400421025
2025-02-20,0.028,6275,0.084984909798565,0.0902616211069096,6065.86198662586,0.325931233365498
2025-02-20,0.028,6300,0.0883135281301112,0.0936604275456569,6065.86198662586,0.200573066113748
2025-02-20,0.028,6325,0.0924585278234505,0.0996026673500237,6065.86198662586,0.15042979996848
2025-02-20,0.028,6350,0.10024260062787,0.104531061105083,6065.86198662586,0.125358166740616
2025-02-20,0.028,6375,0.107938302707011,0.112493715740779,6065.86198662586,0.125358166912063
2025-02-20,0.028,6400,0.115551825173207,0.120368476371939,6065.86198662586,0.125358166877254
2025-02-20,0.028,6425,NA,0.123088382414242,6065.86198662586,NA
2025-02-20,0.028,6450,NA,0.130552428334809,6065.86198662586,NA
2025-02-20,0.028,6500,NA,0.145277905420111,6065.86198662586,NA
2025-02-20,0.028,6550,NA,0.159753751530111,6065.86198662586,NA
2025-02-20,0.028,6600,NA,0.174000087306957,6065.86198662586,NA
2025-02-20,0.028,6700,NA,0.201866812447162,6065.86198662586,NA
2025-02-20,0.028,6800,NA,0.216160495936105,6065.86198662586,NA
2025-02-20,0.028,7000,NA,0.265959187406249,6065.86198662586,NA
2025-02-20,0.028,7200,NA,0.31361696443719,6065.86198662586,NA
2025-02-20,0.028,7400,NA,0.3593934126784,6065.86198662586,NA
2025-02-20,0.028,7600,NA,0.403482486895441,6065.86198662586,NA
2025-02-20,0.028,7800,NA,0.446037483075131,6065.86198662586,NA
2025-02-21,0.032,200,NA,5.40591172798532,6068.03379086837,NA
2025-02-21,0.032,400,NA,4.26326272760259,6068.03379086837,NA
2025-02-21,0.032,600,NA,3.61363696952159,6068.03379086837,NA
2025-02-21,0.032,800,NA,3.15985808817932,6068.03379086837,NA
2025-02-21,0.032,1000,NA,2.81143995642109,6068.03379086837,NA
2025-02-21,0.032,1200,NA,2.52878411338511,6068.03379086837,NA
2025-02-21,0.032,1400,NA,2.29103583915709,6068.03379086837,NA
2025-02-21,0.032,1600,NA,2.08586977766301,6068.03379086837,NA
2025-02-21,0.032,1800,NA,1.90539937976519,6068.03379086837,NA
2025-02-21,0.032,1900,NA,1.87263123473655,6068.03379086837,NA
2025-02-21,0.032,2000,NA,1.7921673107869,6068.03379086837,NA
2025-02-21,0.032,2100,NA,1.71568078382833,6068.03379086837,NA
2025-02-21,0.032,2200,NA,1.64278980316511,6068.03379086837,NA
2025-02-21,0.032,2300,NA,1.5731641619756,6068.03379086837,NA
2025-02-21,0.032,2400,NA,1.50651637233149,6068.03379086837,NA
2025-02-21,0.032,2500,NA,1.44259458132555,6068.03379086837,NA
2025-02-21,0.032,2600,NA,1.38117688942181,6068.03379086837,NA
2025-02-21,0.032,2700,NA,1.32206675306899,6068.03379086837,NA
2025-02-21,0.032,2800,NA,1.29118347643794,6068.03379086837,NA
2025-02-21,0.032,2850,NA,1.23735066082767,6068.03379086837,NA
2025-02-21,0.032,2900,NA,1.23513047133781,6068.03379086837,NA
2025-02-21,0.032,2950,NA,1.20781372986737,6068.03379086837,NA
2025-02-21,0.032,3000,NA,1.15692222798064,6068.03379086837,NA
2025-02-21,0.032,3050,NA,1.15451692910688,6068.03379086837,NA
2025-02-21,0.032,3100,NA,1.12850615727215,6068.03379086837,NA
2025-02-21,0.032,3150,NA,1.10290121783494,6068.03379086837,NA
2025-02-21,0.032,3200,NA,1.07768851595947,6068.03379086837,NA
2025-02-21,0.032,3250,NA,1.05285507977749,6068.03379086837,NA
2025-02-21,0.032,3300,NA,1.02838852182562,6068.03379086837,NA
2025-02-21,0.032,3325,NA,0.995359535753784,6068.03379086837,NA
2025-02-21,0.032,3350,NA,1.02115324423605,6068.03379086837,NA
2025-02-21,0.032,3375,NA,1.00904459964918,6068.03379086837,NA
2025-02-21,0.032,3400,0.892080594367274,0.997021729871439,6068.03379086837,2668.10885520925
2025-02-21,0.032,3425,NA,0.99898010814192,6068.03379086837,NA
2025-02-21,0.032,3450,NA,0.986973088164722,6068.03379086837,NA
2025-02-21,0.032,3475,0.859958184901639,0.961454280640628,6068.03379086837,2593.10885520927
2025-02-21,0.032,3500,0.849398550799935,0.963206007890549,6068.03379086837,2568.12136593269
2025-02-21,0.032,3525,0.838910943294402,0.95144337859846,6068.03379086837,2543.12136593264
2025-02-21,0.032,3550,0.828494262114729,0.926611402846687,6068.03379086837,2518.10885520925
2025-02-21,0.032,3575,0.856421548397097,0.928153713048001,6068.03379086837,2493.13387665623
2025-02-21,0.032,3600,0.845703983232536,0.916624259134435,6068.03379086837,2468.13387665623
2025-02-21,0.032,3625,0.797659104010728,0.905170152127538,6068.03379086837,2443.12136593273
2025-02-21,0.032,3650,0.787515560242621,0.893790241407372,6068.03379086837,2418.12136593278
2025-02-21,0.032,3675,0.777437761299919,0.882483397890836,6068.03379086837,2393.12136593262
2025-02-21,0.032,3700,0.803527555855104,0.871248514322698,6068.03379086837,2368.13387665616
2025-02-21,0.032,3725,0.793151745039022,0.870710650797607,6068.03379086837,2343.14638737971
2025-02-21,0.032,3750,0.782841255442094,0.868871891889647,6068.03379086837,2318.15889810311
2025-02-21,0.032,3775,0.772595120817147,0.857615284494861,6068.03379086837,2293.15889810309
2025-02-21,0.032,3800,0.784659411893994,0.846427677770993,6068.03379086837,2268.17140882657
2025-02-21,0.032,3825,0.752292137641852,0.835308037222391,6068.03379086837,2243.15889810306
2025-02-21,0.032,3850,0.763947445249461,0.824255346543294,6068.03379086837,2218.17140882659
2025-02-21,0.032,3875,0.753685052351706,0.813268606744722,6068.03379086837,2193.17140882673
2025-02-21,0.032,3900,0.759552465771412,0.802346835426878,6068.03379086837,2168.18391955018
2025-02-21,0.032,3925,0.749214398112339,0.791489066779148,6068.03379086837,2143.18391955026
2025-02-21,0.032,3950,0.738936741710701,0.780694350561469,6068.03379086837,2118.18391955
2025-02-21,0.032,3975,0.741354455259898,0.769961752249843,6068.03379086837,2093.19643027368
2025-02-21,0.032,4000,0.731037315292191,0.759290351290113,6068.03379086837,2068.19643027348
2025-02-21,0.032,4025,0.720778746928796,0.76294778222433,6068.03379086837,2043.22145172042
2025-02-21,0.032,4050,0.710577892188792,0.752218093859192,6068.03379086837,2018.22145172048
2025-02-21,0.032,4075,0.700433905605905,0.741547757954138,6068.03379086837,1993.22145172054
2025-02-21,0.032,4100,0.690345954665064,0.730935891353433,6068.03379086837,1968.22145172057
2025-02-21,0.032,4125,0.690282779707887,0.720381623415988,6068.03379086837,1943.23396244391
2025-02-21,0.032,4150,0.680174453175343,0.709884096015363,6068.03379086837,1918.23396244404
2025-02-21,0.032,4175,0.670120311281228,0.699442461939053,6068.03379086837,1893.23396244399
2025-02-21,0.032,4200,0.668514663432325,0.689055885616085,6068.03379086837,1868.24647316747
2025-02-21,0.032,4225,0.658454532115421,0.689728426534536,6068.03379086837,1843.27149461429
2025-02-21,0.032,4250,0.64844668801272,0.679303367380709,6068.03379086837,1818.27149461449
2025-02-21,0.032,4275,0.638490351432602,0.668931510756553,6068.03379086837,1793.27149461441
2025-02-21,0.032,4300,0.635690063812,0.658612046993503,6068.03379086837,1768.28400533783
2025-02-21,0.032,4325,0.632091397294972,0.648344175445184,6068.03379086837,1743.29651606145
2025-02-21,0.032,4350,0.622098951883446,0.642779456996217,6068.03379086837,1718.30902678488
2025-02-21,0.032,4375,0.612155685397029,0.636873251517453,6068.03379086837,1693.32153750837
2025-02-21,0.032,4400,0.60784837087637,0.626630493227878,6068.03379086837,1668.33404823203
2025-02-21,0.032,4425,0.603019371649971,0.616436643925384,6068.03379086837,1643.3465589554
2025-02-21,0.032,4450,0.593066054446745,0.61021592324618,6068.03379086837,1618.35906967873
2025-02-21,0.032,4475,0.58315945602184,0.603738457887915,6068.03379086837,1593.37158040196
2025-02-21,0.032,4500,0.573298831608234,0.593576702979976,6068.03379086837,1568.37158040259
2025-02-21,0.032,4525,0.572169738319335,0.583461136287529,6068.03379086837,1543.39660184926
2025-02-21,0.032,4550,0.56226829127242,0.57674618367274,6068.03379086837,1518.40911257236
2025-02-21,0.032,4575,0.552411006086802,0.569831743217661,6068.03379086837,1493.42162329625
2025-02-21,0.032,4600,0.549972548491409,0.562738075699384,6068.03379086837,1468.45915546697
2025-02-21,0.032,4625,0.540086888235249,0.552655557279536,6068.03379086837,1443.45915546692
2025-02-21,0.032,4650,0.530243484121566,0.545398849375446,6068.03379086837,1418.4716661899
2025-02-21,0.032,4675,0.523695093601594,0.537996358201813,6068.03379086837,1393.49668763663
2025-02-21,0.032,4700,0.516935778454597,0.530460905742183,6068.03379086837,1368.52170908415
2025-02-21,0.032,4725,0.507112703948565,0.520418910477228,6068.03379086837,1343.52170908368
2025-02-21,0.032,4750,0.502869276846852,0.512762751190451,6068.03379086837,1318.55924125465
2025-02-21,0.032,4775,0.495596824934639,0.50499531762798,6068.03379086837,1293.58426270149
2025-02-21,0.032,4800,0.485754284331606,0.497125148126074,6068.03379086837,1268.5967734249
2025-02-21,0.032,4825,0.478337369590637,0.489159793673546,6068.03379086837,1243.62179487195
2025-02-21,0.032,4850,0.470792971777678,0.481105952953532,6068.03379086837,1218.64681631869
2025-02-21,0.032,4875,0.463131378369198,0.472969583811165,6068.03379086837,1193.67183776528
2025-02-21,0.032,4890,0.459299194794677,0.468761571560023,6068.03379086837,1178.69685921287
2025-02-21,0.032,4900,0.45536159932903,0.464755995803754,6068.03379086837,1168.69685921278
2025-02-21,0.032,4910,0.453401036525034,0.462478383583281,6068.03379086837,1158.72188065933
2025-02-21,0.032,4920,0.449460025579364,0.458471381302761,6068.03379086837,1148.72188065986
2025-02-21,0.032,4925,0.447491556283267,0.458133070519501,6068.03379086837,1143.73439138315
2025-02-21,0.032,4930,0.445524435513155,0.456126892990993,6068.03379086837,1138.73439138309
2025-02-21,0.032,4940,0.443467094905896,0.452118580310507,6068.03379086837,1128.74690210645
2025-02-21,0.032,4950,0.441335886157593,0.448115610365698,6068.03379086837,1118.7594128298
2025-02-21,0.032,4960,0.437388757004685,0.445701330049861,6068.03379086837,1108.77192355337
2025-02-21,0.032,4970,0.433446840347811,0.443233698774818,6068.03379086837,1098.7844342766
2025-02-21,0.032,4975,0.43320464205425,0.441227713040553,6068.03379086837,1093.79694500078
2025-02-21,0.032,4980,0.431230331473862,0.439223014714227,6068.03379086837,1088.79694500043
2025-02-21,0.032,4990,0.427285531063947,0.435217451472605,6068.03379086837,1078.79694500032
2025-02-21,0.032,5000,0.424996586685009,0.432686703448047,6068.03379086837,1068.8219664478
2025-02-21,0.032,5010,0.421049044985304,0.428679917845546,6068.03379086837,1058.82196644751
2025-02-21,0.032,5020,0.418691808031642,0.426095180614781,6068.03379086837,1048.8469878943
2025-02-21,0.032,5025,0.416716116765537,0.424090579786287,6068.03379086837,1043.84698789504
2025-02-21,0.032,5030,0.414741637382932,0.422087193024081,6068.03379086837,1038.84698789456
2025-02-21,0.032,5040,0.412319853080969,0.418084030993991,6068.03379086837,1028.85949861772
2025-02-21,0.032,5050,0.408367137593324,0.41677143368849,6068.03379086837,1018.88452006488
2025-02-21,0.032,5060,0.405884199886249,0.412756380124313,6068.03379086837,1008.89703078821
2025-02-21,0.032,5070,0.401928996603176,0.408745966438307,6068.03379086837,998.897030788849
2025-02-21,0.032,5075,0.399953114561462,0.406742479558924,6068.03379086837,993.897030788552
2025-02-21,0.032,5080,0.399387987150076,0.404740128602044,6068.03379086837,988.909541511836
2025-02-21,0.032,5090,0.396798540919543,0.403241539193475,6068.03379086837,978.947073681983
2025-02-21,0.032,5100,0.39283404914898,0.399224160087726,6068.03379086837,968.947073681983
2025-02-21,0.032,5110,0.388873939978726,0.395211158780154,6068.03379086837,958.947073682442
2025-02-21,0.032,5120,0.386224944691735,0.393557105294916,6068.03379086837,948.984605852947
2025-02-21,0.032,5125,0.385518335556946,0.39154449349157,6068.03379086837,943.997116575913
2025-02-21,0.032,5130,0.383532176225103,0.389532932773062,6068.03379086837,938.997116576903
2025-02-21,0.032,5140,0.379562983312806,0.385512929083882,6068.03379086837,928.997116576365
2025-02-21,0.032,5150,0.378022734681321,0.383715352823612,6068.03379086837,919.047159469847
2025-02-21,0.032,5160,0.37404075223625,0.379684452078233,6068.03379086837,909.047159470457
2025-02-21,0.032,5170,0.370062733441848,0.375657499704012,6068.03379086837,899.047159470414
2025-02-21,0.032,5175,0.36807518789456,0.373645481036731,6068.03379086837,894.047159470535
2025-02-21,0.032,5180,0.367236957850685,0.373726730054697,6068.03379086837,889.084691639508
2025-02-21,0.032,5190,0.364374400547554,0.369689065433601,6068.03379086837,879.097202364885
2025-02-21,0.032,5200,0.361476437707076,0.365655115334385,6068.03379086837,869.109713086361
2025-02-21,0.032,5210,0.357483587309635,0.363600121514495,6068.03379086837,859.134734534815
2025-02-21,0.032,5220,0.354545456089957,0.359555559140061,6068.03379086837,849.147245257833
2025-02-21,0.032,5225,0.352547323442263,0.357534583041361,6068.03379086837,844.147245256871
2025-02-21,0.032,5230,0.350550054014181,0.35646300474221,6068.03379086837,839.159755981259
2025-02-21,0.032,5240,0.348571750097216,0.353343053162522,6068.03379086837,829.19728815194
2025-02-21,0.032,5250,0.344564321154542,0.349291363260009,6068.03379086837,819.197288152575
2025-02-21,0.032,5260,0.341524963465596,0.347024010867368,6068.03379086837,809.234820321898
2025-02-21,0.032,5270,0.338455905899745,0.342961855227423,6068.03379086837,799.247331045582
2025-02-21,0.032,5275,0.33644744823164,0.340931912384078,6068.03379086837,794.247331046658
2025-02-21,0.032,5280,0.334439740714764,0.339758971700772,6068.03379086837,789.259841768743
2025-02-21,0.032,5290,0.332232199167536,0.33653152716056,6068.03379086837,779.297373937826
2025-02-21,0.032,5300,0.328204230778595,0.33246178851759,6068.03379086837,769.297373940525
2025-02-21,0.032,5310,0.325899662444834,0.330005296733655,6068.03379086837,759.347416832547
2025-02-21,0.032,5320,0.321859991114627,0.325924970553722,6068.03379086837,749.34741683424
2025-02-21,0.032,5325,0.319841114566256,0.324664469395776,6068.03379086837,744.359927555336
2025-02-21,0.032,5330,0.317822860985377,0.322621957190135,6068.03379086837,739.359927558812
2025-02-21,0.032,5340,0.315412615042517,0.319296529511521,6068.03379086837,729.39745972816
2025-02-21,0.032,5350,0.312151804561398,0.315949139936927,6068.03379086837,719.422481172843
2025-02-21,0.032,5360,0.308866994334089,0.312580211490526,6068.03379086837,709.447502621682
2025-02-21,0.032,5370,0.3048060479583,0.309190138529222,6068.03379086837,699.460013344778
2025-02-21,0.032,5375,0.304264563480143,0.307137301739726,6068.03379086837,694.485034792398
2025-02-21,0.032,5380,0.302227400849577,0.305779289361989,6068.03379086837,689.497545515733
2025-02-21,0.032,5390,0.298873546295604,0.302348006104355,6068.03379086837,679.522566962843
2025-02-21,0.032,5400,0.29549755289436,0.298231546791314,6068.03379086837,669.535077686726
2025-02-21,0.032,5410,0.292099808017828,0.295425384417015,6068.03379086837,659.57260985576
2025-02-21,0.032,5420,0.288680670661758,0.292565355945712,6068.03379086837,649.610142026584
2025-02-21,0.032,5425,0.28663174469948,0.289867560811003,6068.03379086837,644.597631305413
2025-02-21,0.032,5430,0.285240472755336,0.288424536290022,6068.03379086837,639.622652749853
2025-02-21,0.032,5440,0.2817795200343,0.285500041524585,6068.03379086837,629.660184920087
2025-02-21,0.032,5450,0.278920352017744,0.281347370789133,6068.03379086837,619.685206366288
2025-02-21,0.032,5460,0.27479644838143,0.278360391991455,6068.03379086837,609.710227816384
2025-02-21,0.032,5470,0.271870408348115,0.274195463450211,6068.03379086837,599.735249261927
2025-02-21,0.032,5475,0.269801863057168,0.272677463241919,6068.03379086837,594.747759982848
2025-02-21,0.032,5480,0.268316128082916,0.271147728223668,6068.03379086837,589.772781433599
2025-02-21,0.032,5485,0.266817847320469,0.26905888446617,6068.03379086837,584.78529215287
2025-02-21,0.032,5490,0.264742548485665,0.268053817296281,6068.03379086837,579.810313603869
2025-02-21,0.032,5495,0.263228534192473,0.265958452971087,6068.03379086837,574.822824324705
2025-02-21,0.032,5500,0.261702418381059,0.263863067545617,6068.03379086837,569.835335049745
2025-02-21,0.032,5505,0.259620275052927,0.262292714057428,6068.03379086837,564.847845773023
2025-02-21,0.032,5510,0.258078833455432,0.260193975143093,6068.03379086837,559.860356497929
2025-02-21,0.032,5515,0.256525689498749,0.258609301551685,6068.03379086837,554.885377943278
2025-02-21,0.032,5520,0.254436590500658,0.257013775723977,6068.03379086837,549.897888665233
2025-02-21,0.032,5525,0.252868477570856,0.254908264784852,6068.03379086837,544.910399391959
2025-02-21,0.032,5530,0.251289020695538,0.253790763697144,6068.03379086837,539.947931560694
2025-02-21,0.032,5535,0.249698386057576,0.252163559077579,6068.03379086837,534.972953007669
2025-02-21,0.032,5540,0.247598715966186,0.250048002805854,6068.03379086837,529.972953008148
2025-02-21,0.032,5545,0.245993575542567,0.248407148489805,6068.03379086837,524.99797445514
2025-02-21,0.032,5550,0.244377561345813,0.246287932556919,6068.03379086837,520.010485178721
2025-02-21,0.032,5555,0.242270606274621,0.244633504359864,6068.03379086837,515.022995899963
2025-02-21,0.032,5560,0.241113475665134,0.243424022798785,6068.03379086837,510.073038794396
2025-02-21,0.032,5565,0.238999450545928,0.24129456711971,6068.03379086837,505.073038794149
2025-02-21,0.032,5570,0.237348094985774,0.239610275045667,6068.03379086837,500.098060241916
2025-02-21,0.032,5575,0.235686385301378,0.237476918725715,6068.03379086837,495.11057096701
2025-02-21,0.032,5580,0.233564775578437,0.236212547049357,6068.03379086837,490.135592411386
2025-02-21,0.032,5585,0.232332360489997,0.23407219649687,6068.03379086837,485.160613861745
2025-02-21,0.032,5590,0.230203513808574,0.232776571963215,6068.03379086837,480.18563530409
2025-02-21,0.032,5595,0.228938232783033,0.230629154127578,6068.03379086837,475.210656753281
2025-02-21,0.032,5600,0.226802081767762,0.229303016264957,6068.03379086837,470.2356782037
2025-02-21,0.032,5605,0.225504770812651,0.227148446599543,6068.03379086837,465.260699648819
2025-02-21,0.032,5610,0.223361235573516,0.225792472217534,6068.03379086837,460.285721093966
2025-02-21,0.032,5615,0.222032659683018,0.223630654679703,6068.03379086837,455.31074254117
2025-02-21,0.032,5620,0.219881648106396,0.222245462234703,6068.03379086837,450.335763986562
2025-02-21,0.032,5625,0.218522505772442,0.220076288267166,6068.03379086837,445.360785435661
2025-02-21,0.032,5630,0.216753331503758,0.218662440481737,6068.03379086837,440.398317610047
2025-02-21,0.032,5635,0.214974839643753,0.216857548973682,6068.03379086837,435.423339052198
2025-02-21,0.032,5640,0.213187085344186,0.215043795349254,6068.03379086837,430.448360502456
2025-02-21,0.032,5645,0.21176095312296,0.213580715378705,6068.03379086837,425.498403391961
2025-02-21,0.032,5650,0.2099496526604,0.2117444771535,6068.03379086837,420.523424838233
2025-02-21,0.032,5655,0.208129305126625,0.209899548815559,6068.03379086837,415.54844629068
2025-02-21,0.032,5660,0.206653335651644,0.208389048518857,6068.03379086837,410.598489182253
2025-02-21,0.032,5665,0.205156535255533,0.206522187825322,6068.03379086837,405.636021350925
2025-02-21,0.032,5670,0.20329965630273,0.20497880936791,6068.03379086837,400.673553517994
2025-02-21,0.032,5675,0.201769004077262,0.203416180181843,6068.03379086837,395.72359641317
2025-02-21,0.032,5680,0.199889953971936,0.201834638017073,6068.03379086837,390.7611285865
2025-02-21,0.032,5685,0.198326292764041,0.200234499377757,6068.03379086837,385.811171482942
2025-02-21,0.032,5690,0.197059579539004,0.198616060249849,6068.03379086837,380.873725095599
2025-02-21,0.032,5695,0.195451744246204,0.197280584277707,6068.03379086837,375.936278720362
2025-02-21,0.032,5700,0.193825405465595,0.195325371339826,6068.03379086837,370.973810887453
2025-02-21,0.032,5705,0.191881897942805,0.193943937363491,6068.03379086837,366.023853779101
2025-02-21,0.032,5710,0.190518302140714,0.192533603429032,6068.03379086837,361.098918117926
2025-02-21,0.032,5715,0.189124792985123,0.190817470163759,6068.03379086837,356.1614717412
2025-02-21,0.032,5720,0.18714025575527,0.189629117401515,6068.03379086837,351.224025354801
2025-02-21,0.032,5725,0.185701749895006,0.187870443940379,6068.03379086837,346.28657897104
2025-02-21,0.032,5730,0.184504344531817,0.18661716504348,6068.03379086837,341.386664762173
2025-02-21,0.032,5735,0.183266614938417,0.184817515571848,6068.03379086837,336.461729104315
2025-02-21,0.032,5740,0.181477629401303,0.183002154542864,6068.03379086837,331.51177199939
2025-02-21,0.032,5745,0.179672497641128,0.181662953425943,6068.03379086837,326.586836340958
2025-02-21,0.032,5750,0.178346298514944,0.180288267318218,6068.03379086837,321.686922120663
2025-02-21,0.032,5755,0.176983590961759,0.17887907992916,6068.03379086837,316.787007908524
2025-02-21,0.032,5760,0.1760531288419,0.177436294205109,6068.03379086837,311.912115139063
2025-02-21,0.032,5765,0.174609464764245,0.176405094269295,6068.03379086837,307.037222386138
2025-02-21,0.032,5770,0.173132599618882,0.174887618512028,6068.03379086837,302.137308162891
2025-02-21,0.032,5775,0.171623310769122,0.173339183555113,6068.03379086837,297.237393951827
2025-02-21,0.032,5780,0.170505767044302,0.172584227573728,6068.03379086837,292.412544086762
2025-02-21,0.032,5785,0.16892438320437,0.170958188708093,6068.03379086837,287.512629872241
2025-02-21,0.032,5790,0.167715579180464,0.169694853273618,6068.03379086837,282.662758556009
2025-02-21,0.032,5795,0.166457721232401,0.168385114109787,6068.03379086837,277.81288723004
2025-02-21,0.032,5800,0.165532005510732,0.167030397449812,6068.03379086837,272.98803736231
2025-02-21,0.032,5805,0.164171129898156,0.165992722784837,6068.03379086837,268.163187499323
2025-02-21,0.032,5810,0.162766112651444,0.164893492499812,6068.03379086837,263.338337627159
2025-02-21,0.032,5815,0.161668207027263,0.163735140257041,6068.03379086837,258.538509202566
2025-02-21,0.032,5820,0.160510079902621,0.162519843896156,6068.03379086837,253.738680777043
2025-02-21,0.032,5825,0.159623313691733,0.161249554683471,6068.03379086837,248.963873797737
2025-02-21,0.032,5830,0.158342450184328,0.159926022050234,6068.03379086837,244.164045369862
2025-02-21,0.032,5835,0.157318798035905,0.158855971411144,6068.03379086837,239.414259846943
2025-02-21,0.032,5840,0.156226085553711,0.15771955952752,6068.03379086837,234.664474301213
2025-02-21,0.032,5845,0.155067020412613,0.156519227919698,6068.03379086837,229.914688784352
2025-02-21,0.032,5850,0.154128453021491,0.155537094859247,6068.03379086837,225.214946150497
2025-02-21,0.032,5855,0.152836067598647,0.154479888904691,6068.03379086837,220.490182058906
2025-02-21,0.032,5860,0.151753065755004,0.153350537028259,6068.03379086837,215.79043942534
2025-02-21,0.032,5865,0.150597872733029,0.152408163729229,6068.03379086837,211.115718233892
2025-02-21,0.032,5870,0.149879744302146,0.151135250806228,6068.03379086837,206.466018489869
2025-02-21,0.032,5875,0.148820018101392,0.150282612329009,6068.03379086837,201.841340199323
2025-02-21,0.032,5880,0.147682470731822,0.149105380140383,6068.03379086837,197.191640449787
2025-02-21,0.032,5885,0.146701912770676,0.148084407872669,6068.03379086837,192.591983606722
2025-02-21,0.032,5890,0.145861263761933,0.146980605521399,6068.03379086837,188.017348198372
2025-02-21,0.032,5895,0.144707127500042,0.146229849222749,6068.03379086837,183.467734245444
2025-02-21,0.032,5900,0.143686840627535,0.144957475593726,6068.03379086837,178.893098850534
2025-02-21,0.032,5905,0.142785533560874,0.144020563628481,6068.03379086837,174.393527792778
2025-02-21,0.032,5910,0.141788044882917,0.143188997343147,6068.03379086837,169.918978178881
2025-02-21,0.032,5915,0.140697808554618,0.142062371040437,6068.03379086837,165.41940711403
2025-02-21,0.032,5920,0.13970856135385,0.141037117599263,6068.03379086837,160.969878930818
2025-02-21,0.032,5925,0.138808051004548,0.140101260356833,6068.03379086837,156.570393673623
2025-02-21,0.032,5930,0.13780415104378,0.139064309213083,6068.03379086837,152.170908404251
2025-02-21,0.032,5935,0.136876323984731,0.137929335786279,6068.03379086837,147.796444574883
2025-02-21,0.032,5940,0.135670847110723,0.137040296420714,6068.03379086837,143.447002192413
2025-02-21,0.032,5945,0.134873579835101,0.136041915564834,6068.03379086837,139.172624152439
2025-02-21,0.032,5950,0.133959840194146,0.135099785282787,6068.03379086837,134.923267564029
2025-02-21,0.032,5955,0.132933211742502,0.13420524456567,6068.03379086837,130.698932421619
2025-02-21,0.032,5960,0.131952464606457,0.13319534179435,6068.03379086837,126.499618714909
2025-02-21,0.032,5965,0.131009582717989,0.132224473225958,6068.03379086837,122.35034790189
2025-02-21,0.032,5970,0.129948201818954,0.131285224223127,6068.03379086837,118.226098568636
2025-02-21,0.032,5975,0.128916629354111,0.130225589699439,6068.03379086837,114.126870649124
2025-02-21,0.032,5980,0.128050621595815,0.129190103788033,6068.03379086837,110.10270706564
2025-02-21,0.032,5985,0.127055329674981,0.128172257562748,6068.03379086837,106.10356498044
2025-02-21,0.032,5990,0.125933157568003,0.127302645440569,6068.03379086837,102.15446573032
2025-02-21,0.032,5995,0.124955167874375,0.126299514985078,6068.03379086837,98.2554094060251
2025-02-21,0.032,6000,0.123975976483587,0.12529672562648,6068.03379086837,94.4063959841042
2025-02-21,0.032,6005,0.122990325788668,0.124289021649551,6068.03379086837,90.6074254305245
2025-02-21,0.032,6010,0.121993171368203,0.123271357323207,6068.03379086837,86.8584977514713
2025-02-21,0.032,6015,0.120979636147805,0.122364658189877,6068.03379086837,83.1846344349287
2025-02-21,0.032,6020,0.119944962524307,0.121186747008886,6068.03379086837,79.5107711481921
2025-02-21,0.032,6025,0.119007115452989,0.12023286663737,6068.03379086837,75.9620150758431
2025-02-21,0.032,6030,0.118035866643052,0.119247186402063,6068.03379086837,72.4633018778388
2025-02-21,0.032,6035,0.116907098152902,0.118105668542423,6068.03379086837,68.964588694244
2025-02-21,0.032,6040,0.115857420777208,0.117044743118335,6068.03379086837,65.5659612914528
2025-02-21,0.032,6045,0.114878968478195,0.116056628929687,6068.03379086837,62.2674196779076
2025-02-21,0.032,6050,0.113847665660341,0.115134306278092,6068.03379086837,59.0439424049619
2025-02-21,0.032,6055,0.11275906394868,0.114038831987907,6068.03379086837,55.8454865959391
2025-02-21,0.032,6060,0.111724259357946,0.112999097499331,6068.03379086837,52.7471165802197
2025-02-21,0.032,6065,0.110621577795186,0.111777894225017,6068.03379086837,49.6737679882979
2025-02-21,0.032,6070,0.109479378469357,0.110750571501497,6068.03379086837,46.7150414629143
2025-02-21,0.032,6075,0.108446206312473,0.109834598432593,6068.03379086837,43.8876179350921
2025-02-21,0.032,6080,0.107328922630378,0.108721566529089,6068.03379086837,41.085215888628
2025-02-21,0.032,6085,0.106354636253656,0.107637665959162,6068.03379086837,38.4079210774732
2025-02-21,0.032,6090,0.105168722537924,0.10646098412397,6068.03379086837,35.7556476985453
2025-02-21,0.032,6095,0.104116923638509,0.105421332435792,6068.03379086837,33.2535030131035
2025-02-21,0.032,6100,0.103078783021208,0.104398520660473,6068.03379086837,30.8514441083894
2025-02-21,0.032,6105,0.102050919111961,0.10314621412255,6068.03379086837,28.499428084504
2025-02-21,0.032,6110,0.100906510077804,0.10214417869868,6068.03379086837,26.2725193103588
2025-02-21,0.032,6115,0.0998883000546383,0.101150353465381,6068.03379086837,24.1707177586145
2025-02-21,0.032,6120,0.0990016665572172,0.100034167434252,6068.03379086837,22.1690020142371
2025-02-21,0.032,6125,0.0978573410510537,0.099049041626915,6068.03379086837,20.2423505629793
2025-02-21,0.032,6130,0.0968420760444918,0.0979324354819932,6068.03379086837,18.415784964636
2025-02-21,0.032,6135,0.0958263910696565,0.0969523334323505,6068.03379086837,16.7143265823503
2025-02-21,0.032,6140,0.0946645776538483,0.0958322800842302,6068.03379086837,15.0629110652937
2025-02-21,0.032,6145,0.0936450451526266,0.0948599238735443,6068.03379086837,13.561624251889
2025-02-21,0.032,6150,0.0927889392450479,0.0940565252939605,6068.03379086837,12.2104661102987
2025-02-21,0.032,6155,0.0917905532959975,0.0931197330909775,6068.03379086837,10.9093508677723
2025-02-21,0.032,6160,0.0909855781619179,0.0922092479858632,6068.03379086837,9.73334285876354
2025-02-21,0.032,6165,0.0900430635637905,0.0911530663406201,6068.03379086837,8.60737775005202
2025-02-21,0.032,6170,0.0891450012831874,0.0905184934062672,6068.03379086837,7.6315413327477
2025-02-21,0.032,6175,0.0885230418034351,0.089775898694792,6068.03379086837,6.75579068069749
2025-02-21,0.032,6180,0.0877985786328152,0.0889164550144174,6068.03379086837,5.93008292784373
2025-02-21,0.032,6185,0.0869644456806736,0.0884050925642251,6068.03379086837,5.20446096793654
2025-02-21,0.032,6190,0.0865370467627142,0.0878284008913265,6068.03379086837,4.57892478898964
2025-02-21,0.032,6195,0.0860722032930469,0.0871893852572544,6068.03379086837,4.00343150898874
2025-02-21,0.032,6200,0.0855816711819081,0.0870901112184525,6068.03379086837,3.52802401980992
2025-02-21,0.032,6205,0.085249144348394,0.0864000398987639,6068.03379086837,3.06512724974178
2025-02-21,0.032,6210,0.0849619372720708,0.0860368956900904,6068.03379086837,2.67729482215333
2025-02-21,0.032,6215,0.0845595990804408,0.0857365802485296,6068.03379086837,2.32699457096177
2025-02-21,0.032,6220,0.0844725151810256,0.0855438575936301,6068.03379086837,2.03924793118588
2025-02-21,0.032,6225,0.0841053671583963,0.0852862667206986,6068.03379086837,1.76401200835002
2025-02-21,0.032,6230,0.0839277597233634,0.0854783940567461,6068.03379086837,1.55132970893628
2025-02-21,0.032,6235,0.083740743893059,0.0851723015048398,6068.03379086837,1.33864740899412
2025-02-21,0.032,6240,0.0835723201717267,0.0854593378871973,6068.03379086837,1.17600800806993
2025-02-21,0.032,6245,0.0838223478322375,0.0855459537970187,6068.03379086837,1.03839004710484
2025-02-21,0.032,6250,0.0838621326229523,0.0857585834719505,6068.03379086837,0.913282815431742
2025-02-21,0.032,6255,0.0836446363510108,0.0861579092716091,6068.03379086837,0.800686304130522
2025-02-21,0.032,6260,0.0840945016798528,0.086384857594568,6068.03379086837,0.713111240532875
2025-02-21,0.032,6265,0.0843811646600656,0.0864061957954629,6068.03379086837,0.625536174931007
2025-02-21,0.032,6270,0.0844723300806639,0.0867093102979177,6068.03379086837,0.550471834571766
2025-02-21,0.032,6275,0.0849818790711804,0.0874024260237913,6068.03379086837,0.500428939031124
2025-02-21,0.032,6280,0.0853479974002883,0.0879862191768405,6068.03379086837,0.450386044467486
2025-02-21,0.032,6285,0.0855431019126723,0.0884448753176718,6068.03379086837,0.400343151409402
2025-02-21,0.032,6290,0.0863975742222476,0.0887575441711081,6068.03379086837,0.362810980700189
2025-02-21,0.032,6295,0.0862414061239205,0.0904541758327074,6068.03379086837,0.337789533600958
2025-02-21,0.032,6300,0.0878708223435615,0.0913730410947633,6068.03379086837,0.325278809683198
2025-02-21,0.032,6305,0.0873685482920251,0.0922281436477871,6068.03379086837,0.287746641226356
2025-02-21,0.032,6310,0.0889578921751063,0.0930132884504278,6068.03379086837,0.275235914971535
2025-02-21,0.032,6315,0.0879763919774485,0.0946551127971456,6068.03379086837,0.25021446990387
2025-02-21,0.032,6320,0.089520996288199,0.0953453581577404,6068.03379086837,0.237703746742497
2025-02-21,0.032,6325,0.089532875307638,0.095948122060596,6068.03379086837,0.212682299954224
2025-02-21,0.032,6330,0.0892977111188605,0.0964514733904168,6068.03379086837,0.187660851420132
2025-02-21,0.032,6335,0.0907859197731823,0.0980350285216202,6068.03379086837,0.187660851861068
2025-02-21,0.032,6340,0.0922705079109953,0.0996144781209804,6068.03379086837,0.187660852450577
2025-02-21,0.032,6345,0.0916377523653351,0.101189892183209,6068.03379086837,0.175150128509818
2025-02-21,0.032,6350,0.0930879169290417,0.100176698932819,6068.03379086837,0.150128681432802
2025-02-21,0.032,6355,0.0919144232729564,0.103072853261272,6068.03379086837,0.150128681746353
2025-02-21,0.032,6360,0.0933248459740981,0.104621476811008,6068.03379086837,0.150128680854168
2025-02-21,0.032,6365,0.0947321913817264,0.104773316005593,6068.03379086837,0.137617957901005
2025-02-21,0.032,6370,0.0961365034426254,0.106298295894505,6068.03379086837,0.137617958530835
2025-02-21,0.032,6375,0.0975378243573493,0.107819752473702,6068.03379086837,0.137617958320488
2025-02-21,0.032,6380,0.0953255842877325,0.109337736820406,6068.03379086837,0.125107235146882
2025-02-21,0.032,6385,0.100331655584203,0.110852297974572,6068.03379086837,0.137617958368989
2025-02-21,0.032,6390,0.0980284353398687,0.112363483666482,6068.03379086837,0.125107234447123
2025-02-21,0.032,6395,0.0993758415541911,0.113871340025707,6068.03379086837,0.125107235386324
2025-02-21,0.032,6400,0.104500949700016,0.113726818407213,6068.03379086837,0.125107235181315
2025-02-21,0.032,6405,0.102062780378064,0.113359687846882,6068.03379086837,0.100085788234023
2025-02-21,0.032,6410,0.103402375851887,0.116691530009728,6068.03379086837,0.11259651172227
2025-02-21,0.032,6420,0.100105090122134,0.119643884853427,6068.03379086837,0.100085788034616
2025-02-21,0.032,6425,0.107406024206985,0.121115522805321,6068.03379086837,0.112596510840477
2025-02-21,0.032,6430,0.102639256537098,0.122584182707763,6068.03379086837,0.100085787773397
2025-02-21,0.032,6440,0.105164567966126,0.12352743217761,6068.03379086837,0.0875750641201556
2025-02-21,0.032,6450,0.107681203543295,0.126406755469872,6068.03379086837,0.0875750639438304
2025-02-21,0.032,6460,0.110189333380494,0.129275098614498,6068.03379086837,0.0875750643934832
2025-02-21,0.032,6470,0.112689118712944,0.132132691822788,6068.03379086837,0.087575064243449
2025-02-21,0.032,6475,0.113935930156639,0.133557526013176,6068.03379086837,0.0875750641119524
2025-02-21,0.032,6480,0.115180712481274,0.134979753810027,6068.03379086837,0.0875750641280004
2025-02-21,0.032,6490,0.117664260641193,0.137816492232046,6068.03379086837,0.0875750647105655
2025-02-21,0.032,6500,0.120139901872453,0.140643104267296,6068.03379086837,0.0875750642365358
2025-02-21,0.032,6510,NA,0.14345977821756,6068.03379086837,NA
2025-02-21,0.032,6520,NA,0.146266693507953,6068.03379086837,NA
2025-02-21,0.032,6525,NA,0.147666545406835,6068.03379086837,NA
2025-02-21,0.032,6530,NA,0.149064021268998,6068.03379086837,NA
2025-02-21,0.032,6540,NA,0.151851925209741,6068.03379086837,NA
2025-02-21,0.032,6550,NA,0.154630562054309,6068.03379086837,NA
2025-02-21,0.032,6560,NA,0.157400081978467,6068.03379086837,NA
2025-02-21,0.032,6570,NA,0.160160628900658,6068.03379086837,NA
2025-02-21,0.032,6575,NA,0.161537580887102,6068.03379086837,NA
2025-02-21,0.032,6580,NA,0.162912340918556,6068.03379086837,NA
2025-02-21,0.032,6590,NA,0.162791024948239,6068.03379086837,NA
2025-02-21,0.032,6600,NA,0.165486337235172,6068.03379086837,NA
2025-02-21,0.032,6610,NA,0.168173413865681,6068.03379086837,NA
2025-02-21,0.032,6620,NA,0.170852368926783,6068.03379086837,NA
2025-02-21,0.032,6625,NA,0.172188835302275,6068.03379086837,NA
2025-02-21,0.032,6630,NA,0.170002775437826,6068.03379086837,NA
2025-02-21,0.032,6640,NA,0.172620789406258,6068.03379086837,NA
2025-02-21,0.032,6650,NA,0.175231231722159,6068.03379086837,NA
2025-02-21,0.032,6660,NA,0.177834197555054,6068.03379086837,NA
2025-02-21,0.032,6670,NA,0.180429778436489,6068.03379086837,NA
2025-02-21,0.032,6675,NA,0.181724827441897,6068.03379086837,NA
2025-02-21,0.032,6680,NA,0.183018063424187,6068.03379086837,NA
2025-02-21,0.032,6690,NA,0.185599138519965,6068.03379086837,NA
2025-02-21,0.032,6700,NA,0.188173087251818,6068.03379086837,NA
2025-02-21,0.032,6710,NA,0.190739990673914,6068.03379086837,NA
2025-02-21,0.032,6725,NA,0.194577306708936,6068.03379086837,NA
2025-02-21,0.032,6750,NA,0.200938687364889,6068.03379086837,NA
2025-02-21,0.032,6775,NA,0.207258347097806,6068.03379086837,NA
2025-02-21,0.032,6800,NA,0.213537330589682,6068.03379086837,NA
2025-02-21,0.032,6825,NA,0.2197766155837,6068.03379086837,NA
2025-02-21,0.032,6850,NA,0.225977120451231,6068.03379086837,NA
2025-02-21,0.032,6900,NA,0.238265200048164,6068.03379086837,NA
2025-02-21,0.032,6950,NA,0.250407930313666,6068.03379086837,NA
2025-02-21,0.032,7000,NA,0.24816636202306,6068.03379086837,NA
2025-02-21,0.032,7100,NA,0.286018528737992,6068.03379086837,NA
2025-02-21,0.032,7200,NA,0.309123959329147,6068.03379086837,NA
2025-02-21,0.032,7300,NA,0.3317580635724,6068.03379086837,NA
2025-02-21,0.032,7400,NA,0.346003760665687,6068.03379086837,NA
2025-02-21,0.032,7500,NA,0.367359505786146,6068.03379086837,NA
2025-02-21,0.032,7600,NA,0.376807831367667,6068.03379086837,NA
2025-02-21,0.032,7800,NA,0.416613266593568,6068.03379086837,NA
2025-02-21,0.032,8000,NA,0.455101151333063,6068.03379086837,NA
2025-02-21,0.032,8200,NA,0.492370905871701,6068.03379086837,NA
2025-02-21,0.032,8400,NA,0.543866051470078,6068.03379086837,NA
2025-02-21,0.032,8600,NA,0.579807909401621,6068.03379086837,NA
2025-02-21,0.032,8800,NA,0.597675085176324,6068.03379086837,NA
2025-02-21,0.032,9000,NA,0.630830026078015,6068.03379086837,NA
2025-02-24,0.036,2400,NA,1.38225225645761,6068.67668097296,NA
2025-02-24,0.036,2600,NA,1.32908402754341,6068.67668097296,NA
2025-02-24,0.036,2800,NA,1.2175399328558,6068.67668097296,NA
2025-02-24,0.036,3000,NA,1.06100943916161,6068.67668097296,NA
2025-02-24,0.036,3200,NA,1.01624910852368,6068.67668097296,NA
2025-02-24,0.036,3400,NA,0.953446400253113,6068.67668097296,NA
2025-02-24,0.036,3600,0.79751651605073,0.884482564597626,6068.67668097296,2468.80185979981
2025-02-24,0.036,3800,0.779904442916974,0.7982195919805,6068.67668097296,2268.85193133058
2025-02-24,0.036,4000,0.716063636811739,0.729689008023277,6068.67668097296,2068.90200286137
2025-02-24,0.036,4200,0.649848285268314,0.669609479393865,6068.67668097296,1868.9771101575
2025-02-24,0.036,4400,0.590998045539394,0.605185020998121,6068.67668097296,1669.077253219
2025-02-24,0.036,4500,0.559836640626414,0.577524441199422,6068.67668097296,1569.15236051487
2025-02-24,0.036,4600,0.533472644041545,0.543390265978793,6068.67668097296,1469.22746781116
2025-02-24,0.036,4700,0.504836156055172,0.51306613621301,6068.67668097296,1369.32761087267
2025-02-24,0.036,4800,0.474604677460532,0.484779614657437,6068.67668097296,1269.45278970029
2025-02-24,0.036,4900,0.446208155940481,0.451883171504035,6068.67668097296,1169.5779685269
2025-02-24,0.036,5000,0.413434125680765,0.420647320447939,6068.67668097296,1069.70314735316
2025-02-24,0.036,5100,0.382122952165218,0.388179313909571,6068.67668097296,969.853361944559
2025-02-24,0.036,5200,0.351323228556874,0.356313977123167,6068.67668097296,870.053648069355
2025-02-24,0.036,5250,0.335293469421471,0.339841214905586,6068.67668097296,820.153791128668
2025-02-24,0.036,5300,0.320307807875387,0.324371918565143,6068.67668097296,770.304005724332
2025-02-24,0.036,5350,0.3034414134405,0.307158515812784,6068.67668097296,720.40414878541
2025-02-24,0.036,5400,0.287414809742396,0.290754693148078,6068.67668097296,670.554363376919
2025-02-24,0.036,5425,0.279741946894206,0.282884265786234,6068.67668097296,645.654506435738
2025-02-24,0.036,5450,0.271882946132757,0.274842834794007,6068.67668097296,620.754649499212
2025-02-24,0.036,5475,0.262889051980038,0.265721478233017,6068.67668097296,595.80472103188
2025-02-24,0.036,5500,0.254740675470339,0.257410921210177,6068.67668097296,570.904864088817
2025-02-24,0.036,5525,0.246426357505008,0.248945114751417,6068.67668097296,546.005007151234
2025-02-24,0.036,5550,0.23875394576619,0.241100640584864,6068.67668097296,521.155221744521
2025-02-24,0.036,5575,0.230076892792041,0.232292906755353,6068.67668097296,496.255364810676
2025-02-24,0.036,5600,0.221954030737389,0.224022960198898,6068.67668097296,471.40557939671
2025-02-24,0.036,5625,0.214245220875087,0.216158738501303,6068.67668097296,446.605865523875
2025-02-24,0.036,5650,0.205613435416754,0.207989364160007,6068.67668097296,421.781115885022
2025-02-24,0.036,5675,0.198436466332868,0.200602913708049,6068.67668097296,397.081545059425
2025-02-24,0.036,5700,0.191786470993832,0.193740045240539,6068.67668097296,372.48211730911
2025-02-24,0.036,5710,0.188376621688694,0.190270576447673,6068.67668097296,362.582260371867
2025-02-24,0.036,5720,0.185837071210615,0.187648511080522,6068.67668097296,352.782546494062
2025-02-24,0.036,5725,0.184521150684234,0.18629362052516,6068.67668097296,347.882689562085
2025-02-24,0.036,5730,0.183175515437994,0.184910410487571,6068.67668097296,342.982832616413
2025-02-24,0.036,5740,0.18039789926476,0.182878637595368,6068.67668097296,333.233190266812
2025-02-24,0.036,5750,0.178312301311953,0.179891352916432,6068.67668097296,323.48354792763
2025-02-24,0.036,5760,0.175285361790906,0.177550729884387,6068.67668097296,313.733905577431
2025-02-24,0.036,5770,0.17289125479515,0.175050147834578,6068.67668097296,304.034334771199
2025-02-24,0.036,5775,0.171989315447772,0.173395235349785,6068.67668097296,299.184549352748
2025-02-24,0.036,5780,0.17103052831596,0.172398401362494,6068.67668097296,294.384835481967
2025-02-24,0.036,5790,0.168294465718737,0.170249013488573,6068.67668097296,284.735336198649
2025-02-24,0.036,5800,0.166045479734863,0.167903722202123,6068.67668097296,275.135908434385
2025-02-24,0.036,5810,0.164198111913852,0.165374357191588,6068.67668097296,265.586552220129
2025-02-24,0.036,5815,0.162894591219956,0.164612678807445,6068.67668097296,260.836909873477
2025-02-24,0.036,5820,0.161547433988903,0.163226890170478,6068.67668097296,256.037196002054
2025-02-24,0.036,5825,0.160708470237463,0.162340869745245,6068.67668097296,251.337625182722
2025-02-24,0.036,5830,0.15980042417886,0.160862165819874,6068.67668097296,246.587982829522
2025-02-24,0.036,5835,0.158826082504861,0.159859711300845,6068.67668097296,241.888412016808
2025-02-24,0.036,5840,0.157787924134224,0.158794957413379,6068.67668097296,237.188841206673
2025-02-24,0.036,5845,0.156688157029046,0.15766997213015,6068.67668097296,232.489270392726
2025-02-24,0.036,5850,0.155528748026191,0.156962177596347,6068.67668097296,227.83977109295
2025-02-24,0.036,5855,0.154311448739695,0.155710883144128,6068.67668097296,223.140200287938
2025-02-24,0.036,5860,0.153495430884744,0.154856645265907,6068.67668097296,218.54077253388
2025-02-24,0.036,5865,0.152601699399632,0.153486970255711,6068.67668097296,213.891273242446
2025-02-24,0.036,5870,0.151633213125282,0.152495761165732,6068.67668097296,209.291845495752
2025-02-24,0.036,5875,0.15059257685452,0.151433653835089,6068.67668097296,204.692417745301
2025-02-24,0.036,5880,0.149482082222955,0.150711134654825,6068.67668097296,200.143061526942
2025-02-24,0.036,5885,0.148705099298528,0.149503989694774,6068.67668097296,195.593705292122
2025-02-24,0.036,5890,0.14745144438014,0.148620775897432,6068.67668097296,191.044349075567
2025-02-24,0.036,5895,0.146515905824654,0.147656153302094,6068.67668097296,186.54506436387
2025-02-24,0.036,5900,0.145499898670415,0.146612712004152,6068.67668097296,182.045779687257
2025-02-24,0.036,5905,0.144769017232065,0.145492701584182,6068.67668097296,177.596566534392
2025-02-24,0.036,5910,0.143590700780235,0.144650531318221,6068.67668097296,173.147353372246
2025-02-24,0.036,5915,0.142684916671335,0.143719356008997,6068.67668097296,168.748211735428
2025-02-24,0.036,5920,0.141691329798408,0.142701861794542,6068.67668097296,164.349070113186
2025-02-24,0.036,5925,0.140612382263867,0.141600347149865,6068.67668097296,159.949928460716
2025-02-24,0.036,5930,0.139772916034794,0.140737851496309,6068.67668097296,155.650929891763
2025-02-24,0.036,5935,0.138837793518564,0.139781109781701,6068.67668097296,151.351931340522
2025-02-24,0.036,5940,0.137809608885105,0.138732577496217,6068.67668097296,147.052932765396
2025-02-24,0.036,5945,0.136690531097382,0.137894739771978,6068.67668097296,142.804005723252
2025-02-24,0.036,5950,0.135777926651334,0.136662430330442,6068.67668097296,138.555078665498
2025-02-24,0.036,5955,0.134765762803426,0.13592031059348,6068.67668097296,134.406294721293
2025-02-24,0.036,5960,0.133939544492458,0.13478802650613,6068.67668097296,130.257510738762
2025-02-24,0.036,5965,0.133006451822884,0.133838166392233,6068.67668097296,126.158798283176
2025-02-24,0.036,5970,0.131968713711558,0.132784712794538,6068.67668097296,122.060085836256
2025-02-24,0.036,5975,0.131095360291974,0.131895969414928,6068.67668097296,118.061516452687
2025-02-24,0.036,5980,0.130110888447708,0.130897131483391,6068.67668097296,114.062947080237
2025-02-24,0.036,5985,0.129017021562079,0.130047112350913,6068.67668097296,110.114449208002
2025-02-24,0.036,5990,0.128068527290946,0.129081325020281,6068.67668097296,106.216022891171
2025-02-24,0.036,5995,0.127004552367502,0.128001262517995,6068.67668097296,102.317596573459
2025-02-24,0.036,6000,0.126071726580053,0.127053034837949,6068.67668097296,98.5193133299465
2025-02-24,0.036,6005,0.125259737277314,0.125984900540576,6068.67668097296,94.771101592007
2025-02-24,0.036,6010,0.124082188293493,0.12503578708545,6068.67668097296,91.0228898440014
2025-02-24,0.036,6015,0.123255549141137,0.123961388479609,6068.67668097296,87.3748211551697
2025-02-24,0.036,6020,0.122064527994197,0.122994266447312,6068.67668097296,83.7267524954475
2025-02-24,0.036,6025,0.12120705537074,0.122126197846781,6068.67668097296,80.2288984515019
2025-02-24,0.036,6030,0.120212744248992,0.121122398730785,6068.67668097296,76.7310443684048
2025-02-24,0.036,6035,0.119081296314691,0.11998252465549,6068.67668097296,73.2331902856085
2025-02-24,0.036,6040,0.118035090007337,0.118928851469394,6068.67668097296,69.8354792549005
2025-02-24,0.036,6045,0.117067326090058,0.117954638143287,6068.67668097296,66.5379113336112
2025-02-24,0.036,6050,0.115951373617169,0.117053810271195,6068.67668097296,63.2904148820132
2025-02-24,0.036,6055,0.114904423997985,0.116001546438088,6068.67668097296,60.0929900033238
2025-02-24,0.036,6060,0.113920811735351,0.115014048668569,6068.67668097296,56.9957081553664
2025-02-24,0.036,6065,0.112995481202878,0.113868160141191,6068.67668097296,53.9484978387181
2025-02-24,0.036,6070,0.111952692412815,0.112824710694177,6068.67668097296,50.9728183290977
2025-02-24,0.036,6075,0.110897293224054,0.111769965905043,6068.67668097296,48.0686695435722
2025-02-24,0.036,6080,0.109887261959323,0.110761977147134,6068.67668097296,45.2646638013514
2025-02-24,0.036,6085,0.108918775393935,0.10979699861195,6068.67668097296,42.5608011475174
2025-02-24,0.036,6090,0.107767692705935,0.108651025683463,6068.67668097296,39.8569384923806
2025-02-24,0.036,6095,0.106648715471946,0.107538860055473,6068.67668097296,37.2532188805408
2025-02-24,0.036,6100,0.105783051720926,0.10668171295836,6068.67668097296,34.849785400412
2025-02-24,0.036,6105,0.104493392744919,0.105402791113004,6068.67668097296,32.3462088764613
2025-02-24,0.036,6110,0.103681987992614,0.104373506063715,6068.67668097296,30.0929899659147
2025-02-24,0.036,6115,0.102430104187829,0.10336731388526,6068.67668097296,27.8397710907543
2025-02-24,0.036,6120,0.101428053484447,0.102382853391487,6068.67668097296,25.7367668127498
2025-02-24,0.036,6125,0.100444233711502,0.101419386800295,6068.67668097296,23.733905567458
2025-02-24,0.036,6130,0.0992282672349212,0.100227508545549,6068.67668097296,21.7310443379403
2025-02-24,0.036,6135,0.0982739833387956,0.0993001339055439,6068.67668097296,19.9284692487564
2025-02-24,0.036,6140,0.0973385508667715,0.0983953316143646,6068.67668097296,18.2260372095971
2025-02-24,0.036,6145,0.0964243609895593,0.0975158839982023,6068.67668097296,16.6237482031781
2025-02-24,0.036,6150,0.0955351327401338,0.0963839005534205,6068.67668097296,15.0715307454938
2025-02-24,0.036,6155,0.0943810458092352,0.0955583709846001,6068.67668097296,13.6194563505021
2025-02-24,0.036,6160,0.0935470468802329,0.0944688319840793,6068.67668097296,12.267525026714
2025-02-24,0.036,6165,0.0927590989421617,0.093723462076851,6068.67668097296,11.0658083056728
2025-02-24,0.036,6170,0.0920301564009963,0.0930420763588046,6068.67668097296,9.96423461965423
2025-02-24,0.036,6175,0.0910194471625349,0.0920882891195458,6068.67668097296,8.86266093768148
2025-02-24,0.036,6180,0.0904440145213418,0.0911977191835362,6068.67668097296,7.91130185825943
2025-02-24,0.036,6190,0.088843354050345,0.0901212019643574,6068.67668097296,6.25894134456081
2025-02-24,0.036,6200,0.0878274932883737,0.089284611484772,6068.67668097296,4.95708155252152
2025-02-24,0.036,6210,0.0866855580798056,0.0883753320058344,6068.67668097296,3.85550787198494
2025-02-24,0.036,6220,0.0861910840003507,0.087507108572926,6068.67668097296,3.00429184602973
2025-02-24,0.036,6225,0.085896177214642,0.0869709140069926,6068.67668097296,2.62875536626925
2025-02-24,0.036,6230,0.0857181991423283,0.0872628535116671,6068.67668097296,2.35336194643415
2025-02-24,0.036,6250,0.0852544419731328,0.0868908016391249,6068.67668097296,1.42703862202043
2025-02-24,0.036,6275,0.0851405757102975,0.0877102626227377,6068.67668097296,0.776108727349175
2025-02-24,0.036,6300,0.0866683853646448,0.0904876341782767,6068.67668097296,0.475679543817947
2025-02-24,0.036,6325,0.0892424087478229,0.094573195409713,6068.67668097296,0.325464950459427
2025-02-24,0.036,6350,0.0913365687565119,0.0987984000211007,6068.67668097296,0.225321887205002
2025-02-24,0.036,6375,0.0943761170755474,0.10404618066678,6068.67668097296,0.175250357905702
2025-02-24,0.036,6400,0.0947924310720818,0.108590802873329,6068.67668097296,0.12517882693176
2025-02-24,0.036,6450,0.107342866566588,0.118997921407429,6068.67668097296,0.100143061421224
2025-02-24,0.036,6500,NA,0.132422551858777,6068.67668097296,NA
2025-02-24,0.036,6600,NA,0.158586572968677,6068.67668097296,NA
2025-02-24,0.036,6700,NA,0.177246611008743,6068.67668097296,NA
2025-02-24,0.036,6800,NA,0.201163042827592,6068.67668097296,NA
2025-02-24,0.036,7000,NA,0.233822690377001,6068.67668097296,NA
2025-02-24,0.036,7200,NA,0.275857238618226,6068.67668097296,NA
2025-02-24,0.036,7400,NA,0.316231200437391,6068.67668097296,NA
2025-02-24,0.036,7600,NA,0.355116095330274,6068.67668097296,NA
2025-02-24,0.036,7800,NA,0.392647399153824,6068.67668097296,NA
2025-02-25,0.04,2400,NA,1.37548443615272,6069.2481598318,NA
2025-02-25,0.04,2600,NA,1.26121307928414,6069.2481598318,NA
2025-02-25,0.04,2800,NA,1.15537758685354,6069.2481598318,NA
2025-02-25,0.04,3000,NA,1.00683907921746,6069.2481598318,NA
2025-02-25,0.04,3200,NA,0.99420311353153,6069.2481598318,NA
2025-02-25,0.04,3400,0.835383254325976,0.904812031094482,6069.2481598318,2669.3485326451
2025-02-25,0.04,3600,0.795291706618815,0.839386171883891,6069.2481598318,2469.39871905182
2025-02-25,0.04,3800,0.740150971561719,0.783951290087618,6069.2481598318,2269.47399866195
2025-02-25,0.04,4000,0.692520102913783,0.713289251454724,6069.2481598318,2069.54927827158
2025-02-25,0.04,4200,0.635525145210489,0.650535645711714,6069.2481598318,1869.64965108507
2025-02-25,0.04,4400,0.580302998008456,0.590884613069151,6069.2481598318,1669.80021030519
2025-02-25,0.04,4500,0.548166210231942,0.561819592716141,6069.2481598318,1569.8754899151
2025-02-25,0.04,4600,0.520057758716787,0.531583227588368,6069.2481598318,1469.9758627283
2025-02-25,0.04,4700,0.494048779386975,0.500470723513398,6069.2481598318,1370.10132874481
2025-02-25,0.04,4800,0.463125829141845,0.468679427308232,6069.2481598318,1270.2017015571
2025-02-25,0.04,4850,0.447397504926841,0.455029493773462,6069.2481598318,1220.2769811674
2025-02-25,0.04,4900,0.43396945899547,0.438640104280356,6069.2481598318,1170.35226077796
2025-02-25,0.04,4950,0.417781068268012,0.424236099229608,6069.2481598318,1120.42754038669
2025-02-25,0.04,5000,0.40354712039108,0.407516426517278,6069.2481598318,1070.50281999673
2025-02-25,0.04,5050,0.38887900666457,0.392500385519848,6069.2481598318,1020.60319281323
2025-02-25,0.04,5100,0.37382761062494,0.377141162340017,6069.2481598318,970.703565624512
2025-02-25,0.04,5150,0.358432434028155,0.362942020316005,6069.2481598318,920.829031641002
2025-02-25,0.04,5200,0.342724037205865,0.346868823277089,6069.2481598318,870.929404455984
2025-02-25,0.04,5250,0.328020843322833,0.331763809541647,6069.2481598318,821.079963675348
2025-02-25,0.04,5300,0.312814642553814,0.31509394003159,6069.2481598318,771.205429691601
2025-02-25,0.04,5350,0.296093248204393,0.29922000120374,6069.2481598318,721.330895708074
2025-02-25,0.04,5400,0.28010639553656,0.282945360547128,6069.2481598318,671.481454927149
2025-02-25,0.04,5425,0.272417050170548,0.275104300259888,6069.2481598318,646.58182773941
2025-02-25,0.04,5450,0.264581043908986,0.266288912850562,6069.2481598318,621.657107347989
2025-02-25,0.04,5475,0.255779247988484,0.258221734863684,6069.2481598318,596.732386960992
2025-02-25,0.04,5500,0.248489777029335,0.250022954594171,6069.2481598318,571.857852979098
2025-02-25,0.04,5525,0.240242213646806,0.241695349420564,6069.2481598318,546.958225788348
2025-02-25,0.04,5550,0.231863523101676,0.233918367036839,6069.2481598318,522.083691809632
2025-02-25,0.04,5575,0.224011164561933,0.22656881864119,6069.2481598318,497.259344226683
2025-02-25,0.04,5600,0.216563213932723,0.218942676608589,6069.2481598318,472.46008985424
2025-02-25,0.04,5625,0.208836843110162,0.211054122653541,6069.2481598318,447.660835487354
2025-02-25,0.04,5650,0.201887797618594,0.203923838150976,6069.2481598318,422.961953925476
2025-02-25,0.04,5675,0.194529030293609,0.196404833430089,6069.2481598318,398.26307237113
2025-02-25,0.04,5700,0.188520348772616,0.190209765594645,6069.2481598318,373.764936435048
2025-02-25,0.04,5725,0.181853063284463,0.183385376320016,6069.2481598318,349.266800496983
2025-02-25,0.04,5730,0.180446697657287,0.181950405410999,6069.2481598318,344.3671733051
2025-02-25,0.04,5740,0.177564542125764,0.179727345264814,6069.2481598318,334.618105343448
2025-02-25,0.04,5750,0.175294062235502,0.177360732221133,6069.2481598318,324.919223780485
2025-02-25,0.04,5760,0.172880125053826,0.174858143462214,6069.2481598318,315.220342219669
2025-02-25,0.04,5770,0.170967178153725,0.1728480050479,6069.2481598318,305.621833486241
2025-02-25,0.04,5775,0.169939983487059,0.171168390978045,6069.2481598318,300.772392693852
2025-02-25,0.04,5780,0.168867758791834,0.17006716431577,6069.2481598318,295.973138318328
2025-02-25,0.04,5790,0.166593722850047,0.168305723516915,6069.2481598318,286.424815986207
2025-02-25,0.04,5800,0.16415487468125,0.165792769137741,6069.2481598318,276.826307238474
2025-02-25,0.04,5810,0.162085514774089,0.163645866876461,6069.2481598318,267.32817130923
2025-02-25,0.04,5820,0.160319529703146,0.161310063584258,6069.2481598318,257.88022177318
2025-02-25,0.04,5825,0.159348844488885,0.160315090350367,6069.2481598318,253.181340223856
2025-02-25,0.04,5830,0.158322355444589,0.159265518767097,6069.2481598318,248.482458650917
2025-02-25,0.04,5840,0.156108738763791,0.157456159530029,6069.2481598318,239.134881949247
2025-02-25,0.04,5850,0.154121884869034,0.1554057796859,6069.2481598318,229.837491642476
2025-02-25,0.04,5855,0.15325035451339,0.154502474786798,6069.2481598318,225.238982897772
2025-02-25,0.04,5860,0.152312399175823,0.153534447770892,6069.2481598318,220.640474141214
2025-02-25,0.04,5865,0.151310168319731,0.152503693269204,6069.2481598318,216.041965401351
2025-02-25,0.04,5870,0.150245566790817,0.151411979048395,6069.2481598318,211.443456652751
2025-02-25,0.04,5875,0.14912027897327,0.150260869439352,6069.2481598318,206.844947901569
2025-02-25,0.04,5880,0.148308836822544,0.149421630074638,6069.2481598318,202.346811975647
2025-02-25,0.04,5885,0.147422657781435,0.148509215676603,6069.2481598318,197.84867602578
2025-02-25,0.04,5890,0.146464115412837,0.147525852251719,6069.2481598318,193.350540108338
2025-02-25,0.04,5895,0.145435287875764,0.146473489029032,6069.2481598318,188.852404171887
2025-02-25,0.04,5900,0.14467735690083,0.145353826108797,6069.2481598318,184.404454649718
2025-02-25,0.04,5905,0.143506004268032,0.144498470643487,6069.2481598318,179.956505112042
2025-02-25,0.04,5910,0.142594182715023,0.143564594644315,6069.2481598318,175.558741984969
2025-02-25,0.04,5915,0.14160474415657,0.142554295042268,6069.2481598318,171.160978878763
2025-02-25,0.04,5920,0.14053959780395,0.141778246932874,6069.2481598318,166.813402158759
2025-02-25,0.04,5925,0.139704524507047,0.140614064174229,6069.2481598318,162.465825434557
2025-02-25,0.04,5930,0.138784295876053,0.139674757691333,6069.2481598318,158.168435136321
2025-02-25,0.04,5935,0.137781000256324,0.138653436468691,6069.2481598318,153.871044830966
2025-02-25,0.04,5940,0.136981881540528,0.137836161473784,6069.2481598318,149.674027337283
2025-02-25,0.04,5945,0.136091709017323,0.136928911841501,6069.2481598318,145.477009847294
2025-02-25,0.04,5950,0.135112553424247,0.135933659356357,6069.2481598318,141.279992344482
2025-02-25,0.04,5955,0.13404611573467,0.135120122457434,6069.2481598318,137.133161272954
2025-02-25,0.04,5960,0.133157839034982,0.133948638420842,6069.2481598318,132.986330188421
2025-02-25,0.04,5965,0.132175328061292,0.133210359370866,6069.2481598318,128.939871905883
2025-02-25,0.04,5970,0.131354685753201,0.132117324127192,6069.2481598318,124.893413647077
2025-02-25,0.04,5975,0.13043381640138,0.131183382935441,6069.2481598318,120.897141752775
2025-02-25,0.04,5980,0.129414260180536,0.130151566580498,6069.2481598318,116.900869896807
2025-02-25,0.04,5985,0.128297136715028,0.129264596642797,6069.2481598318,112.954784448174
2025-02-25,0.04,5990,0.127559934652298,0.128274208280837,6069.2481598318,109.109071785835
2025-02-25,0.04,5995,0.126477480542745,0.12741579327535,6069.2481598318,105.263359134917
2025-02-25,0.04,6000,0.125755295765492,0.126448951221901,6069.2481598318,101.518019324959
2025-02-25,0.04,6005,0.124690008259295,0.125374451043692,6069.2481598318,97.7224930622776
2025-02-25,0.04,6010,0.123516678603294,0.124417752402754,6069.2481598318,93.9771532507439
2025-02-25,0.04,6015,0.122680531666085,0.123570655731412,6069.2481598318,90.3823726097028
2025-02-25,0.04,6020,0.121725601228366,0.122605735403889,6069.2481598318,86.7875919859607
2025-02-25,0.04,6025,0.120651999630922,0.121523055739649,6069.2481598318,83.192811389808
2025-02-25,0.04,6030,0.119674996848185,0.120537739302223,6069.2481598318,79.6984036208851
2025-02-25,0.04,6035,0.118787886630021,0.119643136011869,6069.2481598318,76.3043685839575
2025-02-25,0.04,6040,0.117772413822109,0.118621102764016,6069.2481598318,72.9103336245719
2025-02-25,0.04,6045,0.116838236889331,0.117681237051017,6069.2481598318,69.6166714482358
2025-02-25,0.04,6050,0.115770320579648,0.116818125560409,6069.2481598318,66.3731957011582
2025-02-25,0.04,6055,0.114775310383892,0.115818363291217,6069.2481598318,63.179906308394
2025-02-25,0.04,6060,0.113848225618039,0.11467985069311,6069.2481598318,60.0368033596701
2025-02-25,0.04,6065,0.112777201746859,0.113814487584659,6069.2481598318,56.9940732163152
2025-02-25,0.04,6070,0.111660618739482,0.11269699682881,6069.2481598318,53.9503871456084
2025-02-25,0.04,6075,0.110874416594681,0.111703915052861,6069.2481598318,51.0897619634418
2025-02-25,0.04,6080,0.109725559040039,0.110764408190092,6069.2481598318,48.2291367992786
2025-02-25,0.04,6085,0.108624484881836,0.109666888337183,6069.2481598318,45.4186980028073
2025-02-25,0.04,6090,0.107567554686073,0.108615186935601,6069.2481598318,42.708632072603
2025-02-25,0.04,6095,0.106551610541628,0.107606251430087,6069.2481598318,40.0989389346851
2025-02-25,0.04,6100,0.105786747907394,0.106637533925804,6069.2481598318,37.6398049950712
2025-02-25,0.04,6105,0.10463255023642,0.105492188621421,6069.2481598318,35.1304846685593
2025-02-25,0.04,6110,0.103508039200108,0.104595808978776,6069.2481598318,32.771723557581
2025-02-25,0.04,6115,0.102631614453296,0.103514315441146,6069.2481598318,30.5133352456767
2025-02-25,0.04,6120,0.101563384695359,0.102684943293591,6069.2481598318,28.3553197429039
2025-02-25,0.04,6125,0.100519621363534,0.101434061824726,6069.2481598318,26.1973042769195
2025-02-25,0.04,6130,0.0994995392364737,0.100666714014409,6069.2481598318,24.2400344335
2025-02-25,0.04,6135,0.0985030253913175,0.0996980461321573,6069.2481598318,22.3329509659684
2025-02-25,0.04,6140,0.0975307454326674,0.0987574062572688,6069.2481598318,20.5262402985924
2025-02-25,0.04,6145,0.0965842818813046,0.0975947865198378,6069.2481598318,18.7697161073398
2025-02-25,0.04,6150,0.095666312289631,0.0967092495092291,6069.2481598318,17.1637510807202
2025-02-25,0.04,6155,0.094780839016411,0.0958602472645882,6069.2481598318,15.6581588829503
2025-02-25,0.04,6160,0.0939334798285184,0.0950537711004527,6069.2481598318,14.2529395017525
2025-02-25,0.04,6165,0.0931318330084898,0.0942977957574061,6069.2481598318,12.9480928997037
2025-02-25,0.04,6170,0.0920797582047624,0.0932996755263278,6069.2481598318,11.6432463391089
2025-02-25,0.04,6175,0.091388094177952,0.0923472120747973,6069.2481598318,10.4889590004216
2025-02-25,0.04,6180,0.0907803316922155,0.0917868118530732,6069.2481598318,9.48523084078698
2025-02-25,0.04,6190,0.089530627764331,0.0906500575628838,6069.2481598318,7.67852022659389
2025-02-25,0.04,6200,0.0880051208050495,0.0896894949518946,6069.2481598318,6.12274161170313
2025-02-25,0.04,6210,0.0871620302759701,0.0886013763638193,6069.2481598318,4.86808143768457
2025-02-25,0.04,6220,0.0863326747175978,0.087986674506268,6069.2481598318,3.86435331232076
2025-02-25,0.04,6225,0.0861181179325324,0.0873083647720625,6069.2481598318,3.41267565426205
2025-02-25,0.04,6230,0.0859942662909867,0.0875841116330668,6069.2481598318,3.08646401059639
2025-02-25,0.04,6250,0.0851014221816654,0.0864255003662046,6069.2481598318,1.88199024755377
2025-02-25,0.04,6275,0.085217732293144,0.0865582045198602,6069.2481598318,1.05391453898442
2025-02-25,0.04,6300,0.0856850487152852,0.0886959539175004,6069.2481598318,0.627330085825015
2025-02-25,0.04,6325,0.0880578233309124,0.0909538612440439,6069.2481598318,0.401491252617078
2025-02-25,0.04,6350,0.0892778125389391,0.0935822725559066,6069.2481598318,0.250932032819698
2025-02-25,0.04,6375,0.093178759297122,0.0985651514464439,6069.2481598318,0.200745626914198
2025-02-25,0.04,6400,0.0957746495522753,0.102880866205687,6069.2481598318,0.150559220813566
2025-02-25,0.04,6450,0.101710420157208,0.112760412620183,6069.2481598318,0.100372813137428
2025-02-25,0.04,6500,0.113410763177584,0.12550010304819,6069.2481598318,0.100372813003881
2025-02-25,0.04,6600,NA,0.144711326018623,6069.2481598318,NA
2025-02-25,0.04,6700,NA,0.168038667641762,6069.2481598318,NA
2025-02-25,0.04,6800,NA,0.180047669589814,6069.2481598318,NA
2025-02-25,0.04,7000,NA,0.22172695537621,6069.2481598318,NA
2025-02-25,0.04,7200,NA,0.261611956545562,6069.2481598318,NA
2025-02-25,0.04,7400,NA,0.299920917629291,6069.2481598318,NA
2025-02-25,0.04,7600,NA,0.336816705990939,6069.2481598318,NA
2025-02-25,0.04,7800,NA,0.372427942662267,6069.2481598318,NA
2025-02-26,0.044,2400,NA,1.25068810129615,6069.93264554294,NA
2025-02-26,0.044,2600,NA,1.20261379286306,6069.93264554294,NA
2025-02-26,0.044,2800,NA,1.10170833506148,6069.93264554294,NA
2025-02-26,0.044,3000,NA,1.00768706515634,6069.93264554294,NA
2025-02-26,0.044,3200,0.875868249877677,0.948043766565686,6069.93264554294,2870.03296081911
2025-02-26,0.044,3400,0.796617059987686,0.882675404737025,6069.93264554294,2670.0580396382
2025-02-26,0.044,3600,0.782262548619974,0.815326910106693,6069.93264554294,2470.13327609543
2025-02-26,0.044,3800,0.722405742873896,0.757781631274719,6069.93264554294,2270.20851255276
2025-02-26,0.044,4000,0.67096210188772,0.688518588742573,6069.93264554294,2070.28374900979
2025-02-26,0.044,4200,0.613581279779469,0.632468138376677,6069.93264554294,1870.40914310481
2025-02-26,0.044,4400,0.558654948712327,0.57243411606001,6069.93264554294,1670.55961601914
2025-02-26,0.044,4500,0.531731938412217,0.543390699916905,6069.93264554294,1570.65993129555
2025-02-26,0.044,4600,0.506994573246972,0.513507840973311,6069.93264554294,1470.78532539052
2025-02-26,0.044,4700,0.477334044867078,0.482984438153508,6069.93264554294,1370.88564066766
2025-02-26,0.044,4800,0.44953321181766,0.454302142338707,6069.93264554294,1271.03611358051
2025-02-26,0.044,4900,0.420514969469266,0.426538016786491,6069.93264554294,1171.21166531339
2025-02-26,0.044,5000,0.390536747314088,0.395721835835139,6069.93264554294,1071.36213822912
2025-02-26,0.044,5100,0.362782856851447,0.367078997101921,6069.93264554294,971.612926420351
2025-02-26,0.044,5200,0.333417217067367,0.337017942389362,6069.93264554294,871.86371461004
2025-02-26,0.044,5250,0.318785431469629,0.32206382983205,6069.93264554294,822.014187525434
2025-02-26,0.044,5300,0.303748560424184,0.305757068150878,6069.93264554294,772.139581620014
2025-02-26,0.044,5350,0.28833647857644,0.291068710527498,6069.93264554294,722.315133354871
2025-02-26,0.044,5400,0.272570219410185,0.275067448407687,6069.93264554294,672.465606266536
2025-02-26,0.044,5425,0.264962721291375,0.267335712876058,6069.93264554294,647.56592154029
2025-02-26,0.044,5450,0.25723273766482,0.259488460021292,6069.93264554294,622.666236817952
2025-02-26,0.044,5475,0.249383574725661,0.251528284740912,6069.93264554294,597.766552097903
2025-02-26,0.044,5500,0.242104724336322,0.244782000106406,6069.93264554294,572.942103830284
2025-02-26,0.044,5525,0.233989924770302,0.236537141051804,6069.93264554294,548.04241910861
2025-02-26,0.044,5550,0.226985740762262,0.229364124704652,6069.93264554294,523.243049660928
2025-02-26,0.044,5575,0.21972749515729,0.221951953305971,6069.93264554294,498.443680210525
2025-02-26,0.044,5600,0.212228314801557,0.214311481274849,6069.93264554294,473.644310764092
2025-02-26,0.044,5625,0.205481791661161,0.207406131255694,6069.93264554294,448.945256596273
2025-02-26,0.044,5650,0.198375948555413,0.200158525283542,6069.93264554294,424.246202421919
2025-02-26,0.044,5675,0.191765279330723,0.193400423038679,6069.93264554294,399.647463527285
2025-02-26,0.044,5700,0.185463895784698,0.187687135064959,6069.93264554294,375.199197545337
2025-02-26,0.044,5725,0.179984896702055,0.181324430475759,6069.93264554294,350.851246840557
2025-02-26,0.044,5730,0.178531985173311,0.180499501609999,6069.93264554294,346.001719755242
2025-02-26,0.044,5740,0.176208737128048,0.178097030900965,6069.93264554294,336.302665586446
2025-02-26,0.044,5750,0.173764245435487,0.175578769583827,6069.93264554294,326.603611405873
2025-02-26,0.044,5760,0.171789767362554,0.173523034634894,6069.93264554294,317.004872516624
2025-02-26,0.044,5770,0.169656028327232,0.171314777278956,6069.93264554294,307.40613362762
2025-02-26,0.044,5775,0.168532238483838,0.17015595544588,6069.93264554294,302.606764168983
2025-02-26,0.044,5780,0.167371808518611,0.168961840852802,6069.93264554294,297.80739472792
2025-02-26,0.044,5790,0.165456131533694,0.166973921757849,6069.93264554294,288.308971108361
2025-02-26,0.044,5800,0.163360736067402,0.164812547762394,6069.93264554294,278.810547488205
2025-02-26,0.044,5810,0.161095511601325,0.162486696816054,6069.93264554294,269.31212387543
2025-02-26,0.044,5820,0.15911563680511,0.160444956589515,6069.93264554294,259.914015524463
2025-02-26,0.044,5825,0.158053104267504,0.159353545630619,6069.93264554294,255.214961353
2025-02-26,0.044,5830,0.15736986594513,0.158637597949752,6069.93264554294,250.616222466024
2025-02-26,0.044,5840,0.155405254507279,0.156617206547007,6069.93264554294,241.318429400815
2025-02-26,0.044,5850,0.153234092893641,0.154395160669313,6069.93264554294,232.020636333358
2025-02-26,0.044,5855,0.152264505766904,0.153399950530242,6069.93264554294,227.421897418698
2025-02-26,0.044,5860,0.151238806455047,0.152717981425914,6069.93264554294,222.873316161583
2025-02-26,0.044,5865,0.150522018546595,0.151606643510863,6069.93264554294,218.324734922598
2025-02-26,0.044,5870,0.149380710816612,0.15079552164779,6069.93264554294,213.776153660755
2025-02-26,0.044,5875,0.148535421202103,0.149574106497591,6069.93264554294,209.22757239588
2025-02-26,0.044,5880,0.147624605622994,0.148640682480906,6069.93264554294,204.729148779998
2025-02-26,0.044,5885,0.146650074046501,0.14764465961737,6069.93264554294,200.2307251753
2025-02-26,0.044,5890,0.145613418161111,0.146910862993842,6069.93264554294,195.782459176227
2025-02-26,0.044,5895,0.144834874689294,0.14578753808414,6069.93264554294,191.334193219597
2025-02-26,0.044,5900,0.14367170110597,0.144916043380688,6069.93264554294,186.885927229933
2025-02-26,0.044,5905,0.142756340236139,0.143974934643091,6069.93264554294,182.487818873412
2025-02-26,0.044,5910,0.142070995815074,0.142965848234216,6069.93264554294,178.13986817898
2025-02-26,0.044,5915,0.141012734264587,0.141890194525687,6069.93264554294,173.741759821454
2025-02-26,0.044,5920,0.140175679724425,0.141035295553957,6069.93264554294,169.443966784089
2025-02-26,0.044,5925,0.138980825166457,0.140105234048324,6069.93264554294,165.096016051911
2025-02-26,0.044,5930,0.138274896915783,0.139101606208371,6069.93264554294,160.848380653054
2025-02-26,0.044,5935,0.137214262093441,0.138295612585744,6069.93264554294,156.600745200283
2025-02-26,0.044,5940,0.136347743126364,0.137143875061559,6069.93264554294,152.353109782227
2025-02-26,0.044,5945,0.135400797761088,0.1364424107564,6069.93264554294,148.205789610133
2025-02-26,0.044,5950,0.134631054851044,0.135398179289461,6069.93264554294,144.058469485633
2025-02-26,0.044,5955,0.13352291530144,0.134527999060512,6069.93264554294,139.911149338518
2025-02-26,0.044,5960,0.132585524287145,0.133573409283129,6069.93264554294,135.813986801575
2025-02-26,0.044,5965,0.131564003412227,0.1325356407583,6069.93264554294,131.716824313018
2025-02-26,0.044,5970,0.130698664750993,0.131654298773814,6069.93264554294,127.719977069052
2025-02-26,0.044,5975,0.129743445166718,0.130684025960831,6069.93264554294,123.723129836328
2025-02-26,0.044,5980,0.128699396326316,0.1296258028274,6069.93264554294,119.726282580106
2025-02-26,0.044,5985,0.127795666074731,0.128708269502145,6069.93264554294,115.829750611788
2025-02-26,0.044,5990,0.12679778158468,0.127922126874677,6069.93264554294,111.983376286949
2025-02-26,0.044,5995,0.125928412770524,0.126815621505154,6069.93264554294,108.137001980937
2025-02-26,0.044,6000,0.12517905447437,0.125835643001271,6069.93264554294,104.390942921128
2025-02-26,0.044,6005,0.12410946731378,0.124974004746561,6069.93264554294,100.64488387709
2025-02-26,0.044,6010,0.123155377103646,0.124009685704175,6069.93264554294,96.9489824713605
2025-02-26,0.044,6015,0.122098029704474,0.123154002238695,6069.93264554294,93.3032387204989
2025-02-26,0.044,6020,0.121146334448548,0.122191279686929,6069.93264554294,89.7076525521711
2025-02-26,0.044,6025,0.120293547250757,0.121121401779073,6069.93264554294,86.1622240706149
2025-02-26,0.044,6030,0.119328363824606,0.120148849263051,6069.93264554294,82.6669532337914
2025-02-26,0.044,6035,0.118250270050931,0.119267597063881,6069.93264554294,79.2218400095721
2025-02-26,0.044,6040,0.11746226201345,0.118270231495126,6069.93264554294,75.8770420313572
2025-02-26,0.044,6045,0.116352759968024,0.117356373110543,6069.93264554294,72.5322441075195
2025-02-26,0.044,6050,0.115522899603712,0.116321494596079,6069.93264554294,69.2877614462727
2025-02-26,0.044,6055,0.114368689854649,0.115362612440261,6069.93264554294,66.0432787947448
2025-02-26,0.044,6060,0.1134846531465,0.114475307808509,6069.93264554294,62.9492690339289
2025-02-26,0.044,6065,0.112469486656405,0.113457992873649,6069.93264554294,59.8552592719996
2025-02-26,0.044,6070,0.111453000453117,0.112440516849087,6069.93264554294,56.8286039881377
2025-02-26,0.044,6075,0.110530342670914,0.111518085494686,6069.93264554294,53.9194609710614
2025-02-26,0.044,6080,0.109466579332318,0.11045583089866,6069.93264554294,51.0103179619882
2025-02-26,0.044,6085,0.108455743492194,0.109447859166492,6069.93264554294,48.2014902231388
2025-02-26,0.044,6090,0.10749484356781,0.108491253221253,6069.93264554294,45.4929777652244
2025-02-26,0.044,6095,0.106581380267725,0.107383174935213,6069.93264554294,42.8346229649073
2025-02-26,0.044,6100,0.105511387981816,0.106521086735283,6069.93264554294,40.2765834269919
2025-02-26,0.044,6105,0.104481689076058,0.105500631351598,6069.93264554294,37.7687015244665
2025-02-26,0.044,6110,0.103490289501509,0.10452035162307,6069.93264554294,35.3611348864963
2025-02-26,0.044,6115,0.102535706709044,0.103578895676776,6069.93264554294,33.0538834967224
2025-02-26,0.044,6120,0.101617010685763,0.10246391061521,6069.93264554294,30.7967897813655
2025-02-26,0.044,6125,0.100518416464953,0.101594873439202,6069.93264554294,28.6400113817904
2025-02-26,0.044,6130,0.0996671078872672,0.10054460874821,6069.93264554294,26.5835481998772
2025-02-26,0.044,6135,0.0986279679899478,0.0997480687773118,6069.93264554294,24.6274003303876
2025-02-26,0.044,6140,0.0978462460888071,0.0987633313605923,6069.93264554294,22.7715676964485
2025-02-26,0.044,6145,0.0968695532618641,0.0978106842638915,6069.93264554294,20.9658927386216
2025-02-26,0.044,6150,0.0959240291821484,0.0968922394066666,6069.93264554294,19.2605330326406
2025-02-26,0.044,6155,0.0950126153738042,0.0960112175643149,6069.93264554294,17.6554886078602
2025-02-26,0.044,6160,0.0941395595408868,0.0951721615537324,6069.93264554294,16.1507594920338
2025-02-26,0.044,6165,0.0933106875426576,0.0943811981677877,6069.93264554294,14.7463456113952
2025-02-26,0.044,6170,0.0925337388152309,0.0936463577353802,6069.93264554294,13.4422470069103
2025-02-26,0.044,6175,0.0918187716424123,0.0929779537809089,6069.93264554294,12.2384637163848
2025-02-26,0.044,6180,0.091178641622672,0.0920877245052349,6069.93264554294,11.0848380308405
2025-02-26,0.044,6190,0.0898566868536028,0.0908575135953945,6069.93264554294,9.07853250519855
2025-02-26,0.044,6200,0.0890119048098972,0.0897526588496151,6069.93264554294,7.4233304458092
2025-02-26,0.044,6210,0.0876414473432192,0.0888928973554119,6069.93264554294,5.96875893241042
2025-02-26,0.044,6220,0.0870538123390306,0.0879990347575437,6069.93264554294,4.81513325550657
2025-02-26,0.044,6225,0.0866804478837349,0.0876903358121008,6069.93264554294,4.31355688147823
2025-02-26,0.044,6230,0.0860727460794849,0.0876944676829107,6069.93264554294,3.86213812739803
2025-02-26,0.044,6250,0.0852528905934503,0.0867010817719328,6069.93264554294,2.45772426256713
2025-02-26,0.044,6275,0.0851935764049035,0.086783148898573,6069.93264554294,1.42949268650656
2025-02-26,0.044,6300,0.0852070044757186,0.087597224363879,6069.93264554294,0.827601030985619
2025-02-26,0.044,6325,0.0865081795463993,0.0899489707344057,6069.93264554294,0.52665520142304
2025-02-26,0.044,6350,0.0890246696044163,0.0922443937715224,6069.93264554294,0.351103466967128
2025-02-26,0.044,6375,0.0914518237086173,0.0957966187242145,6069.93264554294,0.250788188967505
2025-02-26,0.044,6400,0.0911368163624039,0.100360224486256,6069.93264554294,0.175551733820702
2025-02-26,0.044,6450,0.0968076163816357,0.110593782763986,6069.93264554294,0.125394095701674
2025-02-26,0.044,6500,0.114871601280072,0.123040049100926,6069.93264554294,0.150472914998494
2025-02-26,0.044,6600,NA,0.143149808744399,6069.93264554294,NA
2025-02-26,0.044,6700,NA,0.166098771467773,6069.93264554294,NA
2025-02-26,0.044,6800,NA,0.181682245627556,6069.93264554294,NA
2025-02-26,0.044,7000,NA,0.223376227538661,6069.93264554294,NA
2025-02-26,0.044,7200,NA,0.263225245896189,6069.93264554294,NA
2025-02-26,0.044,7400,NA,0.301461367077205,6069.93264554294,NA
2025-02-26,0.044,7600,NA,0.320978110709277,6069.93264554294,NA
2025-02-26,0.044,7800,NA,0.354931914504094,6069.93264554294,NA
2025-02-27,0.048,2400,NA,1.25592695346872,6070.68492470554,NA
2025-02-27,0.048,2600,NA,1.15161363881024,6070.68492470554,NA
2025-02-27,0.048,2800,NA,1.08713715906378,6070.68492470554,NA
2025-02-27,0.048,3000,NA,0.99458160986525,6070.68492470554,NA
2025-02-27,0.048,3200,0.838760383504204,0.928595019667902,6070.68492470554,2870.81039062809
2025-02-27,0.048,3400,0.80129825744838,0.860864601436775,6070.68492470554,2670.86057699697
2025-02-27,0.048,3600,0.766562975205964,0.792994114618734,6070.68492470554,2470.93585655053
2025-02-27,0.048,3800,0.704855938258516,0.734466221785511,6070.68492470554,2271.01113610449
2025-02-27,0.048,4000,0.659415232387528,0.67326615726647,6070.68492470554,2071.13660202675
2025-02-27,0.048,4200,0.600193562443885,0.615831901107576,6070.68492470554,1871.26206794921
2025-02-27,0.048,4400,0.548282196417788,0.555953808528864,6070.68492470554,1671.43772024087
2025-02-27,0.048,4500,0.520477830745429,0.527093306904276,6070.68492470554,1571.53809297838
2025-02-27,0.048,4600,0.491869550773611,0.500346832436162,6070.68492470554,1471.66355890125
2025-02-27,0.048,4700,0.465209126582373,0.470080748805033,6070.68492470554,1371.78902482467
2025-02-27,0.048,4800,0.4373689688738,0.443543209426093,6070.68492470554,1271.96467711655
2025-02-27,0.048,4900,0.408612088527169,0.413949802337265,6070.68492470554,1172.11523622321
2025-02-27,0.048,5000,0.382234640297382,0.38667835079259,6070.68492470554,1072.36616806818
2025-02-27,0.048,5100,0.354304905655277,0.355575606687163,6070.68492470554,972.566913542929
2025-02-27,0.048,5200,0.326197541459228,0.329331427370862,6070.68492470554,872.918218128107
2025-02-27,0.048,5250,0.311601083546088,0.314475922811192,6070.68492470554,823.068777233673
2025-02-27,0.048,5300,0.296678603505542,0.300176933402918,6070.68492470554,773.244429523845
2025-02-27,0.048,5350,0.282266221353755,0.28466362785077,6070.68492470554,723.420081816478
2025-02-27,0.048,5400,0.267414821161775,0.271011537285605,6070.68492470554,673.671013659085
2025-02-27,0.048,5425,0.260533329589713,0.263265545970222,6070.68492470554,648.796479581795
2025-02-27,0.048,5450,0.252817597963414,0.255426053942886,6070.68492470554,623.896852323232
2025-02-27,0.048,5475,0.24626039465806,0.248705611327038,6070.68492470554,599.097597804065
2025-02-27,0.048,5500,0.238291784796576,0.241765860143726,6070.68492470554,574.248156910921
2025-02-27,0.048,5525,0.231353035221589,0.234618191486672,6070.68492470554,549.448902385241
2025-02-27,0.048,5550,0.225238819864421,0.22727170408639,6070.68492470554,524.699834224997
2025-02-27,0.048,5575,0.217818029948427,0.220671877784775,6070.68492470554,499.95076606867
2025-02-27,0.048,5600,0.2111117456185,0.213769390709422,6070.68492470554,475.251884290129
2025-02-27,0.048,5625,0.204937488768062,0.207389225422658,6070.68492470554,450.653375230133
2025-02-27,0.048,5650,0.199119932829273,0.201366689459735,6070.68492470554,426.15523892744
2025-02-27,0.048,5675,0.19350157340143,0.194874401957175,6070.68492470554,401.707288981199
2025-02-27,0.048,5700,0.187947183174296,0.189196515155228,6070.68492470554,377.409898164168
2025-02-27,0.048,5725,0.18234364545419,0.184042475182585,6070.68492470554,353.263066428245
2025-02-27,0.048,5730,0.181365450142,0.182478400845816,6070.68492470554,348.413625525822
2025-02-27,0.048,5740,0.178766847991924,0.180375174120825,6070.68492470554,338.764930116599
2025-02-27,0.048,5750,0.177115572176266,0.178653497740003,6070.68492470554,329.266793806869
2025-02-27,0.048,5760,0.174799507247398,0.17628077056362,6070.68492470554,319.668284753624
2025-02-27,0.048,5770,0.1728415300277,0.174262771786775,6070.68492470554,310.170148463913
2025-02-27,0.048,5775,0.172038661574388,0.17342839741836,6070.68492470554,305.471266662941
2025-02-27,0.048,5780,0.170731714923089,0.172097529310176,6070.68492470554,300.67201214624
2025-02-27,0.048,5790,0.16891721463989,0.170226086800612,6070.68492470554,291.274248574073
2025-02-27,0.048,5800,0.166930041039555,0.168186644903564,6070.68492470554,281.876484998086
2025-02-27,0.048,5810,0.165183087108867,0.166387163943111,6070.68492470554,272.579094167754
2025-02-27,0.048,5820,0.163247860353437,0.164403871338567,6070.68492470554,263.281703333341
2025-02-27,0.048,5825,0.162402308804454,0.163533997136395,6070.68492470554,258.683194288636
2025-02-27,0.048,5830,0.161505491440198,0.162613960445163,6070.68492470554,254.084685229348
2025-02-27,0.048,5840,0.159563461809918,0.160628467736556,6070.68492470554,244.887667143165
2025-02-27,0.048,5850,0.157773801209456,0.15879631161461,6070.68492470554,235.791021775242
2025-02-27,0.048,5855,0.156632527239916,0.157969412856086,6070.68492470554,231.242699101199
2025-02-27,0.048,5860,0.155776047639154,0.15708611553075,6070.68492470554,226.7445628037
2025-02-27,0.048,5865,0.154863351370521,0.156147827099843,6070.68492470554,222.246426495126
2025-02-27,0.048,5870,0.153895788124154,0.155155802083978,6070.68492470554,217.748290178691
2025-02-27,0.048,5875,0.153184595427107,0.154111153995706,6070.68492470554,213.300340228006
2025-02-27,0.048,5880,0.152105085315524,0.153317036336617,6070.68492470554,208.852390290433
2025-02-27,0.048,5885,0.151272532846895,0.152461042042228,6070.68492470554,204.454626704526
2025-02-27,0.048,5890,0.150378455462758,0.151544629505483,6070.68492470554,200.056863148274
2025-02-27,0.048,5895,0.149424222498336,0.150569080459077,6070.68492470554,195.659099576994
2025-02-27,0.048,5900,0.148692761311683,0.149535515254963,6070.68492470554,191.311522364555
2025-02-27,0.048,5905,0.147893164274433,0.148720216264624,6070.68492470554,187.014131551353
2025-02-27,0.048,5910,0.146755625927051,0.147839143054012,6070.68492470554,182.666554340063
2025-02-27,0.048,5915,0.146095718399324,0.146893616500471,6070.68492470554,178.419349859861
2025-02-27,0.048,5920,0.145100439866251,0.146145634815497,6070.68492470554,174.172145419996
2025-02-27,0.048,5925,0.144299589763582,0.14507015587547,6070.68492470554,169.924940931907
2025-02-27,0.048,5930,0.143428059698976,0.144185553534376,6070.68492470554,165.727922852792
2025-02-27,0.048,5935,0.142487119181519,0.143480086433895,6070.68492470554,161.581091114404
2025-02-27,0.048,5940,0.14147782919135,0.142455046178279,6070.68492470554,157.384073016251
2025-02-27,0.048,5945,0.140641887145107,0.141603332911831,6070.68492470554,153.287427688411
2025-02-27,0.048,5950,0.139731747211422,0.14067823390033,6070.68492470554,149.190782293891
2025-02-27,0.048,5955,0.13874843660999,0.139680717428214,6070.68492470554,145.094136934365
2025-02-27,0.048,5960,0.137922667225607,0.138840880998418,6070.68492470554,141.097864338033
2025-02-27,0.048,5965,0.137018534322528,0.137923443861323,6070.68492470554,137.10159169802
2025-02-27,0.048,5970,0.136036929933157,0.13715204072327,6070.68492470554,133.155505445919
2025-02-27,0.048,5975,0.135198752858255,0.136078729145497,6070.68492470554,129.209419190115
2025-02-27,0.048,5980,0.134278388603411,0.135146736455195,6070.68492470554,125.313519330316
2025-02-27,0.048,5985,0.133276494187599,0.134348024756468,6070.68492470554,121.467805822632
2025-02-27,0.048,5990,0.132405331413334,0.133463609407485,6070.68492470554,117.672278657647
2025-02-27,0.048,5995,0.131448200871551,0.132494053567365,6070.68492470554,113.876751530095
2025-02-27,0.048,6000,0.130612373930958,0.131439632849384,6070.68492470554,110.131410734531
2025-02-27,0.048,6005,0.129686491880898,0.130504860161196,6070.68492470554,106.436256357435
2025-02-27,0.048,6010,0.128670740840368,0.129683269795828,6070.68492470554,102.791288282478
2025-02-27,0.048,6015,0.127765643581867,0.128768436723963,6070.68492470554,99.1965066440812
2025-02-27,0.048,6020,0.12676648448956,0.127760321800948,6070.68492470554,95.6017249614786
2025-02-27,0.048,6025,0.125870072250625,0.126855594306613,6070.68492470554,92.1073160484978
2025-02-27,0.048,6030,0.124875478094125,0.125853468660869,6070.68492470554,88.6129071339999
2025-02-27,0.048,6035,0.123976309140369,0.12494746467253,6070.68492470554,85.2188709412092
2025-02-27,0.048,6040,0.122974784052166,0.123939899666392,6070.68492470554,81.8248347494264
2025-02-27,0.048,6045,0.122061839091301,0.123021666539533,6070.68492470554,78.5311712724315
2025-02-27,0.048,6050,0.12104216747377,0.122188582052884,6070.68492470554,75.2876942221571
2025-02-27,0.048,6055,0.120104584519714,0.121246614606769,6070.68492470554,72.0944034839979
2025-02-27,0.048,6060,0.119245326230739,0.120194218205715,6070.68492470554,68.9512991323077
2025-02-27,0.048,6065,0.118271709096599,0.119218685602973,6070.68492470554,65.8583811524957
2025-02-27,0.048,6070,0.117181533158748,0.118316709730289,6070.68492470554,62.8156495454771
2025-02-27,0.048,6075,0.11634852055856,0.117294465770703,6070.68492470554,59.8723382327728
2025-02-27,0.048,6080,0.115359905929547,0.116306823209627,6070.68492470554,56.9615288389025
2025-02-27,0.048,6085,0.114435566528021,0.115384511326449,6070.68492470554,54.1510921762879
2025-02-27,0.048,6090,0.113382889566041,0.114334990092806,6070.68492470554,51.3406555172576
2025-02-27,0.048,6095,0.112388871374347,0.113345309827041,6070.68492470554,48.6305915820985
2025-02-27,0.048,6100,0.111451588626301,0.112413607301928,6070.68492470554,46.0209003943266
2025-02-27,0.048,6105,0.11056960708514,0.111538509689785,6070.68492470554,43.5115819243276
2025-02-27,0.048,6110,0.109546504417037,0.110523780921299,6070.68492470554,41.0022634668358
2025-02-27,0.048,6115,0.108573464702893,0.109560625304536,6070.68492470554,38.5933177588622
2025-02-27,0.048,6120,0.107649769078096,0.108648411140854,6070.68492470554,36.2847447751992
2025-02-27,0.048,6125,0.106775268094477,0.107584826936334,6070.68492470554,34.0263582039261
2025-02-27,0.048,6130,0.105744872734057,0.106771982126499,6070.68492470554,31.8683443341685
2025-02-27,0.048,6135,0.104758379628765,0.105802832575853,6070.68492470554,29.7605168167416
2025-02-27,0.048,6140,0.103816429499429,0.104880413154022,6070.68492470554,27.7530620607658
2025-02-27,0.048,6145,0.102920404486958,0.104006253412815,6070.68492470554,25.8459800683457
2025-02-27,0.048,6150,0.102072528269517,0.10318272793376,6070.68492470554,24.0392707896868
2025-02-27,0.048,6155,0.101275985388236,0.102186121247385,6070.68492470554,22.2827478488566
2025-02-27,0.048,6160,0.100535062400782,0.101469092504736,6070.68492470554,20.6767840109657
2025-02-27,0.048,6165,0.0996145329817008,0.10057593494716,6070.68492470554,19.0708202303806
2025-02-27,0.048,6170,0.0987472232635495,0.0997388841904963,6070.68492470554,17.5652291594205
2025-02-27,0.048,6175,0.0979396722949553,0.0989646508504511,6070.68492470554,16.1600108280956
2025-02-27,0.048,6180,0.0972002318566251,0.0982617300440968,6070.68492470554,14.8551652373959
2025-02-27,0.048,6190,0.0959700679494708,0.097114490662428,6070.68492470554,12.5465922643699
2025-02-27,0.048,6200,0.0945461896743942,0.0957943299989874,6070.68492470554,10.4387647752304
2025-02-27,0.048,6210,0.0936051820726079,0.094633147117666,6070.68492470554,8.68224185706299
2025-02-27,0.048,6220,0.0925970192737924,0.093735795843641,6070.68492470554,7.17665075505522
2025-02-27,0.048,6225,0.0923835447146625,0.0935809887859452,6070.68492470554,6.57441435397999
2025-02-27,0.048,6230,0.0919935395622267,0.0932589020784924,6070.68492470554,5.97217790437105
2025-02-27,0.048,6250,0.0903199386347825,0.0919391177275796,6070.68492470554,3.96472315028777
2025-02-27,0.048,6275,0.0897356623581477,0.0912358361792467,6070.68492470554,2.4089457150921
2025-02-27,0.048,6300,0.08930757993673,0.091451573997752,6070.68492470554,1.45540470383652
2025-02-27,0.048,6325,0.0895253972239214,0.0918705926132507,6070.68492470554,0.87826145868965
2025-02-27,0.048,6350,0.0906945653232051,0.0939802122856398,6070.68492470554,0.57714324497303
2025-02-27,0.048,6375,0.091519474252841,0.0975142335199771,6070.68492470554,0.401490952308794
2025-02-27,0.048,6400,0.0935424323223948,0.0997343141615189,6070.68492470554,0.276025030648873
2025-02-27,0.048,6450,0.0985475415917496,0.10829263980555,6070.68492470554,0.175652292130762
2025-02-27,0.048,6500,0.103201349001044,0.117617174572531,6070.68492470554,0.12546592245072
2025-02-27,0.048,6600,NA,0.136879022928448,6070.68492470554,NA
2025-02-27,0.048,6700,NA,0.158854375939158,6070.68492470554,NA
2025-02-27,0.048,6800,NA,0.180219318452118,6070.68492470554,NA
2025-02-27,0.048,7000,NA,0.213705407829913,6070.68492470554,NA
2025-02-27,0.048,7200,NA,0.251861636085943,6070.68492470554,NA
2025-02-27,0.048,7400,NA,0.2884731025795,6070.68492470554,NA
2025-02-27,0.048,7600,NA,0.307167363086204,6070.68492470554,NA
2025-02-27,0.048,7800,NA,0.339677875623435,6070.68492470554,NA
2025-02-28,0.052,1200,NA,1.98451698220027,6072.37489276252,NA
2025-02-28,0.052,1400,NA,1.79801657971455,6072.37489276252,NA
2025-02-28,0.052,1600,NA,1.6370755693169,6072.37489276252,NA
2025-02-28,0.052,1800,NA,1.56730955249506,6072.37489276252,NA
2025-02-28,0.052,2000,NA,1.36911547729587,6072.37489276252,NA
2025-02-28,0.052,2200,NA,1.25492341541408,6072.37489276252,NA
2025-02-28,0.052,2400,NA,1.15074318078523,6072.37489276252,NA
2025-02-28,0.052,2600,NA,1.10653374025586,6072.37489276252,NA
2025-02-28,0.052,2800,0.966168038739241,1.0445972654438,6072.37489276252,3272.47497855025
2025-02-28,0.052,2900,0.924118966085908,0.999390989617462,6072.37489276252,3172.47497855024
2025-02-28,0.052,3000,0.927260387270286,0.955692746083008,6072.37489276252,3072.49999999716
2025-02-28,0.052,3100,0.886124419357846,0.93414432458274,6072.37489276252,2972.52502144427
2025-02-28,0.052,3200,0.846262474970578,0.892308407947112,6072.37489276252,2872.52502144414
2025-02-28,0.052,3300,0.832649426902932,0.867325480522063,6072.37489276252,2772.57506433815
2025-02-28,0.052,3400,0.794031175192886,0.827250297025653,6072.37489276252,2672.575064338
2025-02-28,0.052,3500,0.773971384789039,0.800508366975145,6072.37489276252,2572.62510723213
2025-02-28,0.052,3600,0.750364415454625,0.772324085284217,6072.37489276252,2472.67515012566
2025-02-28,0.052,3700,0.724600809064199,0.743201263850806,6072.37489276252,2372.72519301988
2025-02-28,0.052,3800,0.697449317978938,0.713465467144585,6072.37489276252,2272.77523591367
2025-02-28,0.052,3900,0.669377832694037,0.683336122185608,6072.37489276252,2172.8252788073
2025-02-28,0.052,3950,0.658568326928353,0.671143252714111,6072.37489276252,2122.87532170137
2025-02-28,0.052,4000,0.64068947658862,0.652965314968944,6072.37489276252,2072.87532170123
2025-02-28,0.052,4050,0.629227033517084,0.640370546919176,6072.37489276252,2022.92536459529
2025-02-28,0.052,4100,0.617210841758756,0.627391213077365,6072.37489276252,1972.97540748862
2025-02-28,0.052,4150,0.599622288012468,0.614091094778995,6072.37489276252,1923.0004289362
2025-02-28,0.052,4200,0.587208731325058,0.596323576486061,6072.37489276252,1873.0254503829
2025-02-28,0.052,4250,0.574424381069216,0.582828945210661,6072.37489276252,1823.07549327638
2025-02-28,0.052,4300,0.561329091600582,0.56910719782872,6072.37489276252,1773.12553617079
2025-02-28,0.052,4350,0.547970699866643,0.555191415063606,6072.37489276252,1723.17557906439
2025-02-28,0.052,4400,0.534387919491633,0.54110888059222,6072.37489276252,1673.22562195907
2025-02-28,0.052,4450,0.520612392451064,0.526882234866351,6072.37489276252,1623.27566485223
2025-02-28,0.052,4500,0.506670179624398,0.512530345171686,6072.37489276252,1573.32570774652
2025-02-28,0.052,4510,0.503260478603277,0.511843511507617,6072.37489276252,1563.35072919288
2025-02-28,0.052,4520,0.502808865589416,0.508390833442137,6072.37489276252,1553.375750641
2025-02-28,0.052,4530,0.499394234233896,0.504944212320333,6072.37489276252,1543.37575064089
2025-02-28,0.052,4540,0.495985580659633,0.501503605214054,6072.37489276252,1533.37575063934
2025-02-28,0.052,4550,0.495375468476145,0.500671601498148,6072.37489276252,1523.42579353417
2025-02-28,0.052,4560,0.491962397085937,0.497227817417737,6072.37489276252,1513.42579353424
2025-02-28,0.052,4570,0.488555194483142,0.493789935303104,6072.37489276252,1503.4257935354
2025-02-28,0.052,4580,0.485153818030646,0.490357911935061,6072.37489276252,1493.4257935335
2025-02-28,0.052,4590,0.484389283251062,0.489392519688927,6072.37489276252,1483.47583642769
2025-02-28,0.052,4600,0.480983862384767,0.485957584191608,6072.37489276252,1473.47583642864
2025-02-28,0.052,4610,0.477584156492139,0.482528393353865,6072.37489276252,1463.47583642736
2025-02-28,0.052,4620,0.474190123081587,0.479104904393065,6072.37489276252,1453.47583642827
2025-02-28,0.052,4625,0.472495220187517,0.479731644322488,6072.37489276252,1448.50085787436
2025-02-28,0.052,4630,0.473284178028505,0.478016441797713,6072.37489276252,1443.52587932228
2025-02-28,0.052,4640,0.469886407686122,0.474590252874562,6072.37489276252,1433.52587932302
2025-02-28,0.052,4650,0.466494196175356,0.471169649413033,6072.37489276252,1423.52587932284
2025-02-28,0.052,4660,0.463107500713576,0.469975194887214,6072.37489276252,1413.5509007694
2025-02-28,0.052,4670,0.462071476817865,0.466552130987858,6072.37489276252,1403.57592221528
2025-02-28,0.052,4675,0.460375707211723,0.46484265202238,6072.37489276252,1398.57592221448
2025-02-28,0.052,4680,0.458681293116486,0.463134534534091,6072.37489276252,1393.57592221635
2025-02-28,0.052,4690,0.45529650933981,0.461841497622002,6072.37489276252,1383.60094366203
2025-02-28,0.052,4700,0.454148896847035,0.458421640528205,6072.37489276252,1373.62596510943
2025-02-28,0.052,4710,0.450760895496383,0.45500713024462,6072.37489276252,1363.62596511026
2025-02-28,0.052,4720,0.447378175617843,0.451597922678944,6072.37489276252,1353.62596510891
2025-02-28,0.052,4725,0.445688782660955,0.451913151941865,6072.37489276252,1348.65098655661
2025-02-28,0.052,4730,0.444000693701191,0.450205503898361,6072.37489276252,1343.65098655555
2025-02-28,0.052,4740,0.442741319880118,0.44679412053032,6072.37489276252,1333.67600800428
2025-02-28,0.052,4750,0.439360769110063,0.443387916625467,6072.37489276252,1323.6760080023
2025-02-28,0.052,4760,0.43598533508444,0.441909669048157,6072.37489276252,1313.70102945104
2025-02-28,0.052,4770,0.434629881515477,0.438501416815716,6072.37489276252,1303.72605089617
2025-02-28,0.052,4775,0.432940095074801,0.436799188778558,6072.37489276252,1298.72605089709
2025-02-28,0.052,4780,0.431251562281622,0.436949524614781,6072.37489276252,1293.7510723446
2025-02-28,0.052,4790,0.427878235373325,0.433539403334348,6072.37489276252,1283.75107234423
2025-02-28,0.052,4800,0.426433028356098,0.430134253133676,6072.37489276252,1273.77609379188
2025-02-28,0.052,4810,0.423056962631835,0.428506324119771,6072.37489276252,1263.80111523853
2025-02-28,0.052,4820,0.421535059599879,0.425099373847185,6072.37489276252,1253.82613668437
2025-02-28,0.052,4825,0.419845154852132,0.423397716681662,6072.37489276252,1248.82613668549
2025-02-28,0.052,4830,0.418156451073949,0.421697263687124,6072.37489276252,1243.8261366854
2025-02-28,0.052,4840,0.414782623579768,0.419997581653054,6072.37489276252,1233.85115813339
2025-02-28,0.052,4850,0.413181463250483,0.416593712748518,6072.37489276252,1223.87617957758
2025-02-28,0.052,4860,0.409805174736398,0.414832503470634,6072.37489276252,1213.90120102404
2025-02-28,0.052,4870,0.408136293722658,0.411426980740932,6072.37489276252,1203.92622247283
2025-02-28,0.052,4875,0.406446416478031,0.4097259533823,6072.37489276252,1198.92622247347
2025-02-28,0.052,4880,0.404757684760171,0.409607434144571,6072.37489276252,1193.95124391928
2025-02-28,0.052,4890,0.401383634912725,0.406200341263216,6072.37489276252,1183.95124392157
2025-02-28,0.052,4900,0.399644011509333,0.402797772717824,6072.37489276252,1173.97626536661
2025-02-28,0.052,4910,0.396267666388298,0.400916771928262,6072.37489276252,1164.00128681355
2025-02-28,0.052,4920,0.39446764875321,0.397512603836349,6072.37489276252,1154.02630826148
2025-02-28,0.052,4925,0.392777830589359,0.397283468942608,6072.37489276252,1149.05132970735
2025-02-28,0.052,4930,0.391089100035652,0.395578984630994,6072.37489276252,1144.05132970829
2025-02-28,0.052,4940,0.389231765607903,0.392173260357267,6072.37489276252,1134.0763511534
2025-02-28,0.052,4950,0.385851083725091,0.390189450577655,6072.37489276252,1124.10137260005
2025-02-28,0.052,4960,0.383939240878799,0.386782196315561,6072.37489276252,1114.12639405074
2025-02-28,0.052,4970,0.380556476180361,0.384750423859915,6072.37489276252,1104.15141549644
2025-02-28,0.052,4975,0.380286626191964,0.38304552249041,6072.37489276252,1099.17643694373
2025-02-28,0.052,4980,0.378592691727852,0.381341648049564,6072.37489276252,1094.17643694281
2025-02-28,0.052,4990,0.375207875354887,0.379263960081317,6072.37489276252,1084.20145839107
2025-02-28,0.052,5000,0.373194499430472,0.375853655155714,6072.37489276252,1074.22647983588
2025-02-28,0.052,5010,0.369807644043144,0.373731933965102,6072.37489276252,1064.2515012828
2025-02-28,0.052,5020,0.367746831057873,0.370320076204625,6072.37489276252,1054.27652272998
2025-02-28,0.052,5025,0.366051901097241,0.368615601206237,6072.37489276252,1049.27652272922
2025-02-28,0.052,5030,0.364357931271975,0.368156054488193,6072.37489276252,1044.30154417706
2025-02-28,0.052,5040,0.362251658103531,0.364742604020594,6072.37489276252,1034.32656562282
2025-02-28,0.052,5050,0.358860691072555,0.36253787710481,6072.37489276252,1024.35158707079
2025-02-28,0.052,5060,0.356710772926844,0.35912277892385,6072.37489276252,1014.37660851714
2025-02-28,0.052,5070,0.353317699215101,0.356878815387997,6072.37489276252,1004.40162996602
2025-02-28,0.052,5075,0.352824741154174,0.355169963027989,6072.37489276252,999.426651412501
2025-02-28,0.052,5080,0.351125803596088,0.353461998916887,6072.37489276252,994.426651409855
2025-02-28,0.052,5090,0.347730566451108,0.351180151215967,6072.37489276252,984.451672856862
2025-02-28,0.052,5100,0.345498225820986,0.348866907175866,6072.37489276252,974.501715753133
2025-02-28,0.052,5110,0.343232454639453,0.345443043212211,6072.37489276252,964.526737198416
2025-02-28,0.052,5120,0.339829373721127,0.343094291771357,6072.37489276252,954.551758647501
2025-02-28,0.052,5125,0.339229728148185,0.341381007771086,6072.37489276252,949.576780091578
2025-02-28,0.052,5130,0.337525834207772,0.339668534166973,6072.37489276252,944.576780094094
2025-02-28,0.052,5140,0.334120449721265,0.337285337033102,6072.37489276252,934.60180153916
2025-02-28,0.052,5150,0.331780339062155,0.334873839334495,6072.37489276252,924.65184443495
2025-02-28,0.052,5160,0.329410258588113,0.331440889009452,6072.37489276252,914.67686588219
2025-02-28,0.052,5170,0.325996948109939,0.328996829799811,6072.37489276252,904.701887328495
2025-02-28,0.052,5175,0.325301420840673,0.327278899955084,6072.37489276252,899.726908773453
2025-02-28,0.052,5180,0.323592408264079,0.32652617885684,6072.37489276252,894.751930220832
2025-02-28,0.052,5190,0.321159798064782,0.323085899023134,6072.37489276252,884.776951670731
2025-02-28,0.052,5200,0.317738458130823,0.320584300231009,6072.37489276252,874.801973117893
2025-02-28,0.052,5210,0.315273192851678,0.318057597493365,6072.37489276252,864.852016009601
2025-02-28,0.052,5220,0.312781505369014,0.314609770745385,6072.37489276252,854.877037455963
2025-02-28,0.052,5225,0.311066409218739,0.313779656595672,6072.37489276252,849.902058900872
2025-02-28,0.052,5230,0.309351946367815,0.312053493713866,6072.37489276252,844.902058904552
2025-02-28,0.052,5240,0.306829138013725,0.309473406984169,6072.37489276252,834.952101801234
2025-02-28,0.052,5250,0.304281336745231,0.30601773515317,6072.37489276252,824.977123242541
2025-02-28,0.052,5260,0.301709175570644,0.303409231734454,6072.37489276252,815.027166136098
2025-02-28,0.052,5270,0.298265653861264,0.300778041006783,6072.37489276252,805.052187584906
2025-02-28,0.052,5275,0.297388495552406,0.299045830494527,6072.37489276252,800.077209034659
2025-02-28,0.052,5280,0.295664269384997,0.298124666320903,6072.37489276252,795.102230477951
2025-02-28,0.052,5290,0.293039680861265,0.294655496860934,6072.37489276252,785.127251925798
2025-02-28,0.052,5300,0.290392406047211,0.291975131282689,6072.37489276252,775.17729481949
2025-02-28,0.052,5310,0.287722930685766,0.289273484692577,6072.37489276252,765.227337711522
2025-02-28,0.052,5320,0.284259353817857,0.286550968473239,6072.37489276252,755.252359159958
2025-02-28,0.052,5325,0.283296929434833,0.284809065366808,6072.37489276252,750.277380610587
2025-02-28,0.052,5330,0.281562554325188,0.283807968104912,6072.37489276252,745.302402058175
2025-02-28,0.052,5340,0.278844414012279,0.281763113914033,6072.37489276252,735.377466399157
2025-02-28,0.052,5350,0.276105326653956,0.278261934751655,6072.37489276252,725.402487839688
2025-02-28,0.052,5360,0.273345660122637,0.274762083014985,6072.37489276252,715.427509288245
2025-02-28,0.052,5370,0.269860848372431,0.272637995828476,6072.37489276252,705.477552184631
2025-02-28,0.052,5375,0.268118875416806,0.270882347419477,6072.37489276252,700.477552183112
2025-02-28,0.052,5380,0.267765938503551,0.269126958616645,6072.37489276252,695.527595073505
2025-02-28,0.052,5390,0.264269428032135,0.266938415758901,6072.37489276252,685.577637970262
2025-02-28,0.052,5395,0.262521514111599,0.265177090356734,6072.37489276252,680.577637974901
2025-02-28,0.052,5400,0.262107716286727,0.263415961405421,6072.37489276252,675.627680866588
2025-02-28,0.052,5405,0.260353411456061,0.262932425418567,6072.37489276252,670.677723760385
2025-02-28,0.052,5410,0.25859927921111,0.261165139115364,6072.37489276252,665.677723757584
2025-02-28,0.052,5415,0.256845304563401,0.259397997894756,6072.37489276252,660.677723754089
2025-02-28,0.052,5420,0.256373110921352,0.258866291721556,6072.37489276252,655.777809546387
2025-02-28,0.052,5425,0.254612737359959,0.257093005227147,6072.37489276252,650.777809548465
2025-02-28,0.052,5430,0.25285246784476,0.255319809827728,6072.37489276252,645.777809546958
2025-02-28,0.052,5435,0.252330569080347,0.253546689079634,6072.37489276252,640.827852439845
2025-02-28,0.052,5440,0.250563914475784,0.252962385445398,6072.37489276252,635.877895333553
2025-02-28,0.052,5445,0.248797307747023,0.251183078241583,6072.37489276252,630.877895333513
2025-02-28,0.052,5450,0.248227606959719,0.249403788063509,6072.37489276252,625.927938228187
2025-02-28,0.052,5455,0.246454615287113,0.248774788803726,6072.37489276252,620.977981122358
2025-02-28,0.052,5460,0.244681612118494,0.246989296599382,6072.37489276252,615.977981120297
2025-02-28,0.052,5465,0.244065841713807,0.246323227208671,6072.37489276252,611.078066910875
2025-02-28,0.052,5470,0.242286440213581,0.24453154942172,6072.37489276252,606.078066905176
2025-02-28,0.052,5475,0.240506964644107,0.242739783159124,6072.37489276252,601.078066910066
2025-02-28,0.052,5480,0.239846701467572,0.242031829136331,6072.37489276252,596.178152702058
2025-02-28,0.052,5485,0.238060800499928,0.240233838291997,6072.37489276252,591.178152699904
2025-02-28,0.052,5490,0.2373637561935,0.239491312120042,6072.37489276252,586.278238489878
2025-02-28,0.052,5495,0.235571437685722,0.237687094074625,6072.37489276252,581.278238485669
2025-02-28,0.052,5500,0.233778930148565,0.235882671429279,6072.37489276252,576.278238487522
2025-02-28,0.052,5505,0.233040113259803,0.23510062123693,6072.37489276252,571.378324273859
2025-02-28,0.052,5510,0.231241135941135,0.233289908817265,6072.37489276252,566.378324272451
2025-02-28,0.052,5515,0.230467959215655,0.23247540072352,6072.37489276252,561.478410065509
2025-02-28,0.052,5520,0.22866249945531,0.230658376556144,6072.37489276252,556.478410060695
2025-02-28,0.052,5525,0.227856010631009,0.229812329951005,6072.37489276252,551.578495849362
2025-02-28,0.052,5530,0.226044046746634,0.227988963331376,6072.37489276252,546.578495845076
2025-02-28,0.052,5535,0.225205213089316,0.227112228774289,6072.37489276252,541.678581635318
2025-02-28,0.052,5540,0.223386714085332,0.225282480412238,6072.37489276252,536.678581633319
2025-02-28,0.052,5545,0.222516428937074,0.224375843706625,6072.37489276252,531.778667421194
2025-02-28,0.052,5550,0.221621613479796,0.223445972103486,6072.37489276252,526.878753213774
2025-02-28,0.052,5555,0.219790442085955,0.221603853158299,6072.37489276252,521.878753209025
2025-02-28,0.052,5560,0.218865753001905,0.220645476244977,6072.37489276252,516.978838998909
2025-02-28,0.052,5565,0.217027963397018,0.218796870492538,6072.37489276252,511.978839001697
2025-02-28,0.052,5570,0.216074107909276,0.217810612109639,6072.37489276252,507.078924787375
2025-02-28,0.052,5575,0.215097794014206,0.216802966194853,6072.37489276252,502.179010579999
2025-02-28,0.052,5580,0.213247263770978,0.214941882029587,6072.37489276252,497.179010575345
2025-02-28,0.052,5585,0.21224304439567,0.213907473978542,6072.37489276252,492.279096359875
2025-02-28,0.052,5590,0.211217518397124,0.212852709835361,6072.37489276252,487.379182150295
2025-02-28,0.052,5595,0.21017119538341,0.211778048276413,6072.37489276252,482.479267941386
2025-02-28,0.052,5600,0.209104554840134,0.210683921930135,6072.37489276252,477.579353725742
2025-02-28,0.052,5605,0.207229185205208,0.208798476840143,6072.37489276252,472.579353729743
2025-02-28,0.052,5610,0.206136689546551,0.207679416369199,6072.37489276252,467.679439506266
2025-02-28,0.052,5615,0.205024765334835,0.206541690593149,6072.37489276252,462.779525301191
2025-02-28,0.052,5620,0.203893810273902,0.205385659526376,6072.37489276252,457.879611091919
2025-02-28,0.052,5625,0.202744199803166,0.204211662519543,6072.37489276252,452.979696874297
2025-02-28,0.052,5630,0.201576287388648,0.203020020442381,6072.37489276252,448.079782663282
2025-02-28,0.052,5635,0.200390406560244,0.201811035247131,6072.37489276252,443.179868444222
2025-02-28,0.052,5640,0.199186871493804,0.200584992442369,6072.37489276252,438.279954240609
2025-02-28,0.052,5645,0.197965978320803,0.199342160365413,6072.37489276252,433.380040018833
2025-02-28,0.052,5650,0.196728006146976,0.198751407467867,6072.37489276252,428.530168710074
2025-02-28,0.052,5655,0.196143046366883,0.197465616390928,6072.37489276252,423.680297398446
2025-02-28,0.052,5660,0.194861396619498,0.196163986718415,6072.37489276252,418.78038317748
2025-02-28,0.052,5665,0.193563652162832,0.195480572608905,6072.37489276252,413.930511867563
2025-02-28,0.052,5670,0.192250020652716,0.194138577378741,6072.37489276252,409.030597641029
2025-02-28,0.052,5675,0.191545786536012,0.192781509420303,6072.37489276252,404.180726329743
2025-02-28,0.052,5680,0.190191741010367,0.192011660717835,6072.37489276252,399.330855008514
2025-02-28,0.052,5685,0.18942487734227,0.190616350035139,6072.37489276252,394.480983693259
2025-02-28,0.052,5690,0.188032023313903,0.189787681472685,6072.37489276252,389.631112371459
2025-02-28,0.052,5695,0.187205501158944,0.188355474699965,6072.37489276252,384.781241057823
2025-02-28,0.052,5700,0.186344119163461,0.187470519620447,6072.37489276252,379.981412628626
2025-02-28,0.052,5705,0.18489164491977,0.186552687689891,6072.37489276252,375.131541309785
2025-02-28,0.052,5710,0.1839747595913,0.185602881418081,6072.37489276252,370.331712888433
2025-02-28,0.052,5715,0.183025492031392,0.184621936521509,6072.37489276252,365.531884469025
2025-02-28,0.052,5720,0.182044697601622,0.183091704118795,6072.37489276252,360.682013141077
2025-02-28,0.052,5725,0.181033168653776,0.182060408431379,6072.37489276252,355.882184723259
2025-02-28,0.052,5730,0.179991638895419,0.18099980242183,6072.37489276252,351.082356300215
2025-02-28,0.052,5735,0.178920787900992,0.180401445712021,6072.37489276252,346.332570766984
2025-02-28,0.052,5740,0.177821245331867,0.179275361468153,6072.37489276252,341.532742339418
2025-02-28,0.052,5745,0.176693593992248,0.178122018431161,6072.37489276252,336.732913926647
2025-02-28,0.052,5750,0.176008512087734,0.177405243328395,6072.37489276252,332.033171281173
2025-02-28,0.052,5755,0.174818071562212,0.176190976369993,6072.37489276252,327.233342871979
2025-02-28,0.052,5760,0.1740532463264,0.175396920993101,6072.37489276252,322.533600215788
2025-02-28,0.052,5765,0.173245328795061,0.174124377834266,6072.37489276252,317.783814689903
2025-02-28,0.052,5770,0.17196234129011,0.173256735750371,6072.37489276252,313.034029164178
2025-02-28,0.052,5775,0.171080805328593,0.172349251541215,6072.37489276252,308.33428653191
2025-02-28,0.052,5780,0.170159418801704,0.171402966978409,6072.37489276252,303.634543891289
2025-02-28,0.052,5785,0.169199209511217,0.170418836522074,6072.37489276252,298.934801245366
2025-02-28,0.052,5790,0.16820111823845,0.169397734160237,6072.37489276252,294.235058620193
2025-02-28,0.052,5795,0.167166005292632,0.168340459375122,6072.37489276252,289.535315980567
2025-02-28,0.052,5800,0.166480313808389,0.167629550585942,6072.37489276252,284.93565911896
2025-02-28,0.052,5805,0.165366504687093,0.166495318870257,6072.37489276252,280.235916486777
2025-02-28,0.052,5810,0.1645889081084,0.165694568593726,6072.37489276252,275.636259639104
2025-02-28,0.052,5815,0.163763321350553,0.164846859141233,6072.37489276252,271.036602790135
2025-02-28,0.052,5820,0.162891062817071,0.163953430626997,6072.37489276252,266.43694594192
2025-02-28,0.052,5825,0.161973327802271,0.163015407331985,6072.37489276252,261.837289097116
2025-02-28,0.052,5830,0.161011198386569,0.162033808035785,6072.37489276252,257.23763224366
2025-02-28,0.052,5835,0.160005653186265,0.161009554165667,6072.37489276252,252.637975400235
2025-02-28,0.052,5840,0.159286990263536,0.16027056469119,6072.37489276252,248.138404334823
2025-02-28,0.052,5845,0.158191349935998,0.159157719488759,6072.37489276252,243.538747481445
2025-02-28,0.052,5850,0.157372170822983,0.158319897917145,6072.37489276252,239.039176412643
2025-02-28,0.052,5855,0.156501384652284,0.15743128928827,6072.37489276252,234.53960537723
2025-02-28,0.052,5860,0.155580198068711,0.156493038983381,6072.37489276252,230.040034283907
2025-02-28,0.052,5865,0.154609690824374,0.155506171311791,6072.37489276252,225.540463237473
2025-02-28,0.052,5870,0.153884937052007,0.154764155329985,6072.37489276252,221.140977961652
2025-02-28,0.052,5875,0.152813497578128,0.153677714868774,6072.37489276252,216.641406908404
2025-02-28,0.052,5880,0.151979205719072,0.152827626905738,6072.37489276252,212.241921629493
2025-02-28,0.052,5885,0.151089227754974,0.151922555113088,6072.37489276252,207.842436358471
2025-02-28,0.052,5890,0.150144693642051,0.151235763067496,6072.37489276252,203.492993980948
2025-02-28,0.052,5895,0.149415306976433,0.150219263039889,6072.37489276252,199.143551622933
2025-02-28,0.052,5900,0.148623976009109,0.149413720817673,6072.37489276252,194.844152130056
2025-02-28,0.052,5905,0.147772042863222,0.148548236782806,6072.37489276252,190.544752628304
2025-02-28,0.052,5910,0.146860678385871,0.147623932305876,6072.37489276252,186.245353159907
2025-02-28,0.052,5915,0.14589089451724,0.146641774943727,6072.37489276252,181.945953657452
2025-02-28,0.052,5920,0.14511014584819,0.14584844468877,6072.37489276252,177.746639973066
2025-02-28,0.052,5925,0.144022171033037,0.144991051373251,6072.37489276252,173.497283371918
2025-02-28,0.052,5930,0.143117036376114,0.144070656268347,6072.37489276252,169.297969667436
2025-02-28,0.052,5935,0.142384147355538,0.1433224400065,6072.37489276252,165.198741779496
2025-02-28,0.052,5940,0.141350678485102,0.142275115384461,6072.37489276252,160.999428065378
2025-02-28,0.052,5945,0.140483995226902,0.141394536647928,6072.37489276252,156.900200157123
2025-02-28,0.052,5950,0.139774536245035,0.140671271827527,6072.37489276252,152.901058052955
2025-02-28,0.052,5955,0.138770788351781,0.139654978291597,6072.37489276252,148.80183012693
2025-02-28,0.052,5960,0.137919429424469,0.138791175002939,6072.37489276252,144.802688000305
2025-02-28,0.052,5965,0.136996761601445,0.137856700337975,6072.37489276252,140.803545856844
2025-02-28,0.052,5970,0.136215759729069,0.13706409593255,6072.37489276252,136.904489545466
2025-02-28,0.052,5975,0.135149531441553,0.135987258134679,6072.37489276252,132.905347431045
2025-02-28,0.052,5980,0.134427448382187,0.135047825341159,6072.37489276252,129.056333960959
2025-02-28,0.052,5985,0.13342127031909,0.134238486087702,6072.37489276252,125.207320528015
2025-02-28,0.052,5990,0.132542877134705,0.133350583226716,6072.37489276252,121.408349986374
2025-02-28,0.052,5995,0.131585748048114,0.132384513297889,6072.37489276252,117.60937944542
2025-02-28,0.052,6000,0.130747729734606,0.131537903242593,6072.37489276252,113.910494704214
2025-02-28,0.052,6005,0.129827093941025,0.130609243522954,6072.37489276252,110.211609918691
2025-02-28,0.052,6010,0.128823922594652,0.129598591182481,6072.37489276252,106.512725145193
2025-02-28,0.052,6015,0.127929997423548,0.128697586650138,6072.37489276252,102.913926214042
2025-02-28,0.052,6020,0.126949609137733,0.127710665136462,6072.37489276252,99.3151272536818
2025-02-28,0.052,6025,0.126071180737713,0.126826150543417,6072.37489276252,95.816414048106
2025-02-28,0.052,6030,0.125102463087911,0.12585189778162,6072.37489276252,92.3177008388968
2025-02-28,0.052,6035,0.124042843116137,0.124973360533274,6072.37489276252,88.8690305789587
2025-02-28,0.052,6040,0.123261367433402,0.124001268585369,6072.37489276252,85.5204460679101
2025-02-28,0.052,6045,0.122198724301241,0.123118669897483,6072.37489276252,82.1718615399502
2025-02-28,0.052,6050,0.121406034767111,0.122138594768883,6072.37489276252,78.923362867738
2025-02-28,0.052,6055,0.120329979134684,0.121242169724263,6072.37489276252,75.6748641430504
2025-02-28,0.052,6060,0.119516579023763,0.120244115704399,6072.37489276252,72.5264512233825
2025-02-28,0.052,6065,0.118416716166984,0.119324144496785,6072.37489276252,69.3780382665752
2025-02-28,0.052,6070,0.117573024789325,0.11847926277246,6072.37489276252,66.3797540389573
2025-02-28,0.052,6075,0.116661260279824,0.117385969668849,6072.37489276252,63.3543036840579
2025-02-28,0.052,6080,0.115769679131225,0.116494808051966,6072.37489276252,60.451815815122
2025-02-28,0.052,6085,0.11476365677362,0.115489942571622,6072.37489276252,57.5493279694333
2025-02-28,0.052,6090,0.113822004667508,0.114550220194989,6072.37489276252,54.7469259144243
2025-02-28,0.052,6095,0.112942792064777,0.11367374509855,6072.37489276252,52.0446096368646
2025-02-28,0.052,6100,0.112124542673626,0.112675455919736,6072.37489276252,49.39233626138
2025-02-28,0.052,6105,0.110996680040199,0.111735776180215,6072.37489276252,46.7400628779831
2025-02-28,0.052,6110,0.110108969118974,0.110853544928188,6072.37489276252,44.2379182083355
2025-02-28,0.052,6115,0.109277036416415,0.109840364337964,6072.37489276252,41.7858163925519
2025-02-28,0.052,6120,0.108310960375784,0.109069665803647,6072.37489276252,39.4338003543839
2025-02-28,0.052,6125,0.107396437550752,0.108163954454323,6072.37489276252,37.1318272861954
2025-02-28,0.052,6130,0.10633901797408,0.107116781172202,6072.37489276252,34.8298541308484
2025-02-28,0.052,6135,0.105525549614677,0.10631468353384,6072.37489276252,32.7280525857822
2025-02-28,0.052,6140,0.104564683305217,0.105366872475127,6072.37489276252,30.6262510712833
2025-02-28,0.052,6145,0.103856207741782,0.104468663802256,6072.37489276252,28.6745782008513
2025-02-28,0.052,6150,0.102997154489293,0.103621788611064,6072.37489276252,26.7729482123424
2025-02-28,0.052,6155,0.10197766346103,0.102828791594966,6072.37489276252,24.9213611580695
2025-02-28,0.052,6160,0.101222122347134,0.102093135818749,6072.37489276252,23.2199027442854
2025-02-28,0.052,6165,0.100526493214462,0.101196435160854,6072.37489276252,21.5684872737602
2025-02-28,0.052,6170,0.0996665811079359,0.100355217172226,6072.37489276252,19.9671146555098
2025-02-28,0.052,6175,0.0988656640664559,0.0995748362300731,6072.37489276252,18.4658278441168
2025-02-28,0.052,6180,0.0981304477580781,0.0988620802207735,6072.37489276252,17.0646268119482
2025-02-28,0.052,6185,0.0974693135038974,0.0982253886730825,6072.37489276252,15.763511573299
2025-02-28,0.052,6190,0.0968925695896231,0.097675086752931,6072.37489276252,14.562482124713
2025-02-28,0.052,6195,0.0961411551078473,0.0969539415645023,6072.37489276252,13.3614526684659
2025-02-28,0.052,6200,0.0954802093009688,0.0963257970842206,6072.37489276252,12.2605089966037
2025-02-28,0.052,6205,0.0949252369436248,0.0958060818346874,6072.37489276252,11.259651119476
2025-02-28,0.052,6210,0.094494931717156,0.0954132805317405,6072.37489276252,10.3588790391382
2025-02-28,0.052,6215,0.0938897043205714,0.094851179918722,6072.37489276252,9.45810695455242
2025-02-28,0.052,6220,0.0934276670422368,0.0944348573365577,6072.37489276252,8.65742064639215
2025-02-28,0.052,6225,0.0931368896535124,0.0941917089484518,6072.37489276252,7.95682012857742
2025-02-28,0.052,6230,0.0926779287955762,0.0937875769422317,6072.37489276252,7.25621960061704
2025-02-28,0.052,6235,0.0924236508116655,0.0935896751151833,6072.37489276252,6.65570488325432
2025-02-28,0.052,6240,0.092001556357845,0.0932327207091712,6072.37489276252,6.05519015764219
2025-02-28,0.052,6245,0.0918289888331324,0.0926970233821812,6072.37489276252,5.50471832063567
2025-02-28,0.052,6250,0.0914951668791629,0.0924144020509039,6072.37489276252,5.00428939650567
2025-02-28,0.052,6255,0.0909782547650601,0.0924396443851354,6072.37489276252,4.55390333960523
2025-02-28,0.052,6260,0.0907785049902969,0.091817167875835,6072.37489276252,4.1035172953458
2025-02-28,0.052,6265,0.0904096260173511,0.0920605745604361,6072.37489276252,3.7532170328605
2025-02-28,0.052,6270,0.0904455023091548,0.0916179181048791,6072.37489276252,3.40291678640827
2025-02-28,0.052,6275,0.0903421028023857,0.0915887675627747,6072.37489276252,3.1026594245177
2025-02-28,0.052,6280,0.0904185472145009,0.0910852596543461,6072.37489276252,2.80240205570769
2025-02-28,0.052,6285,0.0903613765230672,0.0910720760557068,6072.37489276252,2.55218758649738
2025-02-28,0.052,6290,0.0901518790023692,0.0909142464196989,6072.37489276252,2.30197312114188
2025-02-28,0.052,6295,0.0901804723516394,0.0909933734773865,6072.37489276252,2.10180154897334
2025-02-28,0.052,6300,0.0900689116942529,0.0909409389978021,6072.37489276252,1.9016299673486
2025-02-28,0.052,6305,0.0902703582223318,0.0911968005211279,6072.37489276252,1.75150128313052
2025-02-28,0.052,6310,0.0903572567303469,0.0913463825681418,6072.37489276252,1.60137260201041
2025-02-28,0.052,6315,0.0903136146634626,0.0913759944059589,6072.37489276252,1.45124391913561
2025-02-28,0.052,6320,0.090118594697706,0.0912680811861243,6072.37489276252,1.30111524318744
2025-02-28,0.052,6325,0.0903804370581906,0.0916028574546945,6072.37489276252,1.20102945201027
2025-02-28,0.052,6330,0.0905391670211936,0.0918454068859695,6072.37489276252,1.10094366681332
2025-02-28,0.052,6335,0.0905802747265218,0.0919841698750495,6072.37489276252,1.00085787784825
2025-02-28,0.052,6340,0.0904849211192016,0.092725932653531,6072.37489276252,0.925793539344603
2025-02-28,0.052,6345,0.0910745152477374,0.0926696288196874,6072.37489276252,0.850729195836244
2025-02-28,0.052,6350,0.0916071451765164,0.0932855830150633,6072.37489276252,0.80068630045303
2025-02-28,0.052,6355,0.0911289075419965,0.0929824645835914,6072.37489276252,0.700600516270249
2025-02-28,0.052,6360,0.0914696519875592,0.093438931679815,6072.37489276252,0.650557617401972
2025-02-28,0.052,6365,0.0917253477645706,0.0938265363483147,6072.37489276252,0.600514726277147
2025-02-28,0.052,6370,0.0918842130603852,0.0941375458468575,6072.37489276252,0.550471831978427
2025-02-28,0.052,6375,0.0919311140286849,0.0954662828270571,6072.37489276252,0.525450383681211
2025-02-28,0.052,6380,0.0932182286023146,0.0956758967630769,6072.37489276252,0.500428941204525
2025-02-28,0.052,6385,0.0931152356760571,0.0957866727811943,6072.37489276252,0.45038604396014
2025-02-28,0.052,6390,0.0928519133857938,0.0970810705883957,6072.37489276252,0.425364598200357
2025-02-28,0.052,6395,0.094098835424044,0.0970607967145806,6072.37489276252,0.400343150269816
2025-02-28,0.052,6400,0.0936155348871779,0.0969045365026302,6072.37489276252,0.350300257178226
2025-02-28,0.052,6405,0.0948388471705661,0.0981617509650022,6072.37489276252,0.350300258221409
2025-02-28,0.052,6410,0.0940732354037362,0.0994160896778868,6072.37489276252,0.325278809028731
2025-02-28,0.052,6415,0.0952709507227188,0.099058089134689,6072.37489276252,0.300257363086551
2025-02-28,0.052,6420,0.0964660958824338,0.100290983417698,6072.37489276252,0.300257364440849
2025-02-28,0.052,6425,0.095292088543741,0.101521181521853,6072.37489276252,0.275235916622945
2025-02-28,0.052,6430,0.0964588707110039,0.100915222309451,6072.37489276252,0.250214470440104
2025-02-28,0.052,6435,0.0976232695655906,0.102122695997267,6072.37489276252,0.250214469348036
2025-02-28,0.052,6440,0.0958530263132136,0.103327643327079,6072.37489276252,0.225193022234697
2025-02-28,0.052,6445,0.0969846273336633,0.104530094130316,6072.37489276252,0.225193022196546
2025-02-28,0.052,6450,0.101102442739684,0.103584734487242,6072.37489276252,0.225193022787485
2025-02-28,0.052,6460,0.100366352152239,0.105938408841017,6072.37489276252,0.20017157508477
2025-02-28,0.052,6470,0.0986116187676697,0.108282836762338,6072.37489276252,0.175150128788436
2025-02-28,0.052,6475,0.0996943224425695,0.109451644992758,6072.37489276252,0.175150127972049
2025-02-28,0.052,6480,0.100775089403072,0.107999982745936,6072.37489276252,0.150128681400286
2025-02-28,0.052,6490,0.102930888268765,0.110281836704179,6072.37489276252,0.15012868129687
2025-02-28,0.052,6500,0.105079160447345,0.112555315889689,6072.37489276252,0.15012868108399
2025-02-28,0.052,6510,0.107220044182006,0.114820580810091,6072.37489276252,0.150128682403984
2025-02-28,0.052,6520,0.109353671022062,0.117077783969456,6072.37489276252,0.150128681760346
2025-02-28,0.052,6525,0.103826843286524,0.118203408227284,6072.37489276252,0.125107234761526
2025-02-28,0.052,6530,0.104835769042255,0.119327071177976,6072.37489276252,0.125107234205233
2025-02-28,0.052,6540,0.106848850581424,0.118092517540074,6072.37489276252,0.100085787609125
2025-02-28,0.052,6550,0.108855655588517,0.120273958917668,6072.37489276252,0.100085787460537
2025-02-28,0.052,6560,0.110856280397213,0.122448204955258,6072.37489276252,0.100085787643146
2025-02-28,0.052,6570,0.112850817557692,0.124615370467455,6072.37489276252,0.100085787907277
2025-02-28,0.052,6575,0.113845830954869,0.12569633271466,6072.37489276252,0.100085787915018
2025-02-28,0.052,6580,0.114839355691118,0.126775565757777,6072.37489276252,0.100085788105081
2025-02-28,0.052,6590,0.116821980217234,0.128928896618648,6072.37489276252,0.100085787745043
2025-02-28,0.052,6600,0.12617546296366,0.131075464913474,6072.37489276252,0.125107234325972
2025-02-28,0.052,6610,0.120769814264916,0.133215368722164,6072.37489276252,0.100085787728882
2025-02-28,0.052,6620,0.122735179200937,0.135348702195609,6072.37489276252,0.100085787681974
2025-02-28,0.052,6625,0.123715756225093,0.136412933669318,6072.37489276252,0.100085787780803
2025-02-28,0.052,6630,0.124694941649596,0.137475556428798,6072.37489276252,0.100085787931938
2025-02-28,0.052,6640,NA,0.139596018878743,6072.37489276252,NA
2025-02-28,0.052,6650,NA,0.141710174528628,6072.37489276252,NA
2025-02-28,0.052,6660,NA,0.143818105014698,6072.37489276252,NA
2025-02-28,0.052,6670,NA,0.14591988949937,6072.37489276252,NA
2025-02-28,0.052,6675,NA,0.146968500947273,6072.37489276252,NA
2025-02-28,0.052,6680,NA,0.148015604234682,6072.37489276252,NA
2025-02-28,0.052,6690,NA,0.15010532358092,6072.37489276252,NA
2025-02-28,0.052,6700,0.138262092540054,0.152189119133507,6072.37489276252,0.100085787700046
2025-02-28,0.052,6710,NA,0.154267060450597,6072.37489276252,NA
2025-02-28,0.052,6720,NA,0.150663324482861,6072.37489276252,NA
2025-02-28,0.052,6730,0.14399897062355,0.152667149985311,6072.37489276252,0.0750643406954947
2025-02-28,0.052,6740,NA,0.154665608741425,6072.37489276252,NA
2025-02-28,0.052,6750,NA,0.156658757649192,6072.37489276252,NA
2025-02-28,0.052,6800,NA,0.166546748249057,6072.37489276252,NA
2025-02-28,0.052,6850,NA,0.176309731494268,6072.37489276252,NA
2025-02-28,0.052,6900,NA,0.185953365023949,6072.37489276252,NA
2025-02-28,0.052,6950,NA,0.195482682054537,6072.37489276252,NA
2025-02-28,0.052,7000,NA,0.193772764639853,6072.37489276252,NA
2025-02-28,0.052,7100,NA,0.21144754168529,6072.37489276252,NA
2025-02-28,0.052,7200,NA,0.228755368468624,6072.37489276252,NA
2025-02-28,0.052,7300,NA,0.245718068497126,6072.37489276252,NA
2025-02-28,0.052,7400,NA,0.262354552566709,6072.37489276252,NA
2025-02-28,0.052,7500,NA,0.278681452206808,6072.37489276252,NA
2025-02-28,0.052,7600,NA,0.29471357180838,6072.37489276252,NA
2025-02-28,0.052,7800,NA,0.325945477258181,6072.37489276252,NA
2025-02-28,0.052,8000,NA,0.356142995466176,6072.37489276252,NA
2025-02-28,0.052,8200,NA,0.385384295246435,6072.37489276252,NA
2025-03-03,0.056,2400,NA,1.10910312448846,6072.78414517674,NA
2025-03-03,0.056,2600,1.01675374653384,1.09878564138659,6072.78414517674,3472.88443170961
2025-03-03,0.056,2800,NA,0.977073767734699,6072.78414517674,NA
2025-03-03,0.056,3000,0.893737666065248,0.941994798067384,6072.78414517674,3072.93457497616
2025-03-03,0.056,3200,0.815676130751838,0.875762220112231,6072.78414517674,2872.95964660939
2025-03-03,0.056,3400,0.78295854446091,0.80967940799478,6072.78414517674,2673.03486150907
2025-03-03,0.056,3600,0.734549045611743,0.753304760457166,6072.78414517674,2473.13514804207
2025-03-03,0.056,3800,0.680376731490897,0.700734193107788,6072.78414517674,2273.26050620803
2025-03-03,0.056,4000,0.629424033852984,0.639732629663665,6072.78414517674,2073.38586437408
2025-03-03,0.056,4200,0.57484075865762,0.58641926373048,6072.78414517674,1873.5613658075
2025-03-03,0.056,4400,0.524677676170706,0.527607782591213,6072.78414517674,1673.76193887296
2025-03-03,0.056,4500,0.496765654410855,0.504270557743809,6072.78414517674,1573.91236867164
2025-03-03,0.056,4600,0.4707731479946,0.477249694835976,6072.78414517674,1474.06279847283
2025-03-03,0.056,4700,0.443927758046875,0.449563668830713,6072.78414517674,1374.21322827116
2025-03-03,0.056,4800,0.418092753703017,0.422919241268847,6072.78414517674,1274.41380133606
2025-03-03,0.056,4900,0.391265924868684,0.395434165280315,6072.78414517674,1174.61437440182
2025-03-03,0.056,5000,0.364859604474932,0.36956897575318,6072.78414517674,1074.89016237105
2025-03-03,0.056,5100,0.338465019473215,0.342461228889247,6072.78414517674,975.191021967582
2025-03-03,0.056,5200,0.31176537044896,0.314309601114015,6072.78414517674,875.516953198644
2025-03-03,0.056,5300,0.283784467634933,0.286647057679874,6072.78414517674,775.893027695314
2025-03-03,0.056,5350,0.269695453923292,0.273599542439972,6072.78414517674,726.143744032129
2025-03-03,0.056,5400,0.256492197101698,0.260017774005148,6072.78414517674,676.444603630182
2025-03-03,0.056,5450,0.243829293783411,0.245940735937663,6072.78414517674,626.795606495617
2025-03-03,0.056,5500,0.23044291478747,0.23325891134608,6072.78414517674,577.246895898455
2025-03-03,0.056,5525,0.224398165908027,0.226165648807605,6072.78414517674,552.497612224185
2025-03-03,0.056,5550,0.218087467098988,0.219744152007056,6072.78414517674,527.79847183138
2025-03-03,0.056,5575,0.212308134093852,0.213847335132959,6072.78414517674,503.199617963897
2025-03-03,0.056,5600,0.206189043990602,0.20833043296776,6072.78414517674,478.650907348934
2025-03-03,0.056,5625,0.200425598038917,0.202409417568311,6072.78414517674,454.152340013508
2025-03-03,0.056,5650,0.19488976994381,0.196719652620039,6072.78414517674,429.754059220829
2025-03-03,0.056,5675,0.190032392299928,0.191704657943631,6072.78414517674,405.556351482151
2025-03-03,0.056,5700,0.184578532232919,0.186116112334189,6072.78414517674,381.358643747974
2025-03-03,0.056,5725,0.179532071077099,0.181402386540828,6072.78414517674,357.411652345201
2025-03-03,0.056,5750,0.174699855295358,0.176406702255928,6072.78414517674,333.615090729169
2025-03-03,0.056,5760,0.173054587092382,0.174287805009985,6072.78414517674,324.166666669124
2025-03-03,0.056,5770,0.171261045496129,0.172448480614598,6072.78414517674,314.768385865326
2025-03-03,0.056,5775,0.1703109678311,0.171476782150481,6072.78414517674,310.069245474824
2025-03-03,0.056,5780,0.169326429048023,0.170471396875725,6072.78414517674,305.370105070473
2025-03-03,0.056,5790,0.167256809534694,0.168728377928433,6072.78414517674,296.021967520267
2025-03-03,0.056,5800,0.165770616175113,0.166832782295493,6072.78414517674,286.774116512582
2025-03-03,0.056,5810,0.163765821369589,0.165131002893882,6072.78414517674,277.526265515759
2025-03-03,0.056,5820,0.161948897901466,0.16326511324965,6072.78414517674,268.32855779113
2025-03-03,0.056,5825,0.160979691598351,0.162272805635591,6072.78414517674,263.729703899342
2025-03-03,0.056,5830,0.160289875810294,0.161241925696393,6072.78414517674,259.180993317779
2025-03-03,0.056,5840,0.158454002838161,0.159677522195303,6072.78414517674,250.133715380761
2025-03-03,0.056,5850,0.156744947769974,0.157925065748909,6072.78414517674,241.136580697636
2025-03-03,0.056,5860,0.154852279109262,0.155992386015201,6072.78414517674,232.139446033755
2025-03-03,0.056,5870,0.153335107195985,0.154434706081022,6072.78414517674,223.342884441985
2025-03-03,0.056,5875,0.152498040141176,0.153309130717631,6072.78414517674,218.894460373131
2025-03-03,0.056,5880,0.151610108612917,0.152672620050246,6072.78414517674,214.546322831149
2025-03-03,0.056,5885,0.150672250336624,0.151717350698421,6072.78414517674,210.148042025205
2025-03-03,0.056,5890,0.149685290114853,0.150969953127325,6072.78414517674,205.799904491838
2025-03-03,0.056,5895,0.148903476973204,0.149914557867581,6072.78414517674,201.451766972505
2025-03-03,0.056,5900,0.148065811543641,0.14906036277199,6072.78414517674,197.153772674681
2025-03-03,0.056,5905,0.147173302855966,0.14815203484279,6072.78414517674,192.855778408504
2025-03-03,0.056,5910,0.146226825625802,0.14743069247591,6072.78414517674,188.607927419385
2025-03-03,0.056,5915,0.145464726109232,0.146412863276365,6072.78414517674,184.360076408572
2025-03-03,0.056,5920,0.14464279828495,0.145576207749719,6072.78414517674,180.1623686719
2025-03-03,0.056,5925,0.143762016258161,0.144910718980425,6072.78414517674,176.01480422002
2025-03-03,0.056,5930,0.142823205122459,0.143955127303678,6072.78414517674,171.817096445115
2025-03-03,0.056,5935,0.14205054659068,0.143165595826192,6072.78414517674,167.719675256851
2025-03-03,0.056,5940,0.141214735511674,0.14209421179511,6072.78414517674,163.572110795216
2025-03-03,0.056,5945,0.140316612986142,0.141400263408647,6072.78414517674,159.524832854947
2025-03-03,0.056,5950,0.139356859752678,0.140425882298957,6072.78414517674,155.427411654295
2025-03-03,0.056,5955,0.138547241102449,0.139601724539185,6072.78414517674,151.430276977175
2025-03-03,0.056,5960,0.137671411674489,0.138712074138699,6072.78414517674,147.433142305469
2025-03-03,0.056,5965,0.136935677608968,0.13775750240569,6072.78414517674,143.486150899605
2025-03-03,0.056,5970,0.135926581159271,0.136941161934779,6072.78414517674,139.539159500547
2025-03-03,0.056,5975,0.1350534246271,0.136055753999658,6072.78414517674,135.642311370323
2025-03-03,0.056,5980,0.134110995448715,0.135101718213687,6072.78414517674,131.745463229101
2025-03-03,0.056,5985,0.133295649164652,0.134275071930892,6072.78414517674,127.948901614166
2025-03-03,0.056,5990,0.132407170629899,0.133375942558345,6072.78414517674,124.152340023936
2025-03-03,0.056,5995,0.131445826872101,0.132404564236363,6072.78414517674,120.355778405182
2025-03-03,0.056,6000,0.130601615845549,0.131550700196844,6072.78414517674,116.659503360254
2025-03-03,0.056,6005,0.129680830458278,0.130620882435792,6072.78414517674,112.963228279193
2025-03-03,0.056,6010,0.128869831413371,0.129801292085653,6072.78414517674,109.367239718014
2025-03-03,0.056,6015,0.127978783446946,0.12890227534493,6072.78414517674,105.771251202944
2025-03-03,0.056,6020,0.127007535364605,0.127923660064466,6072.78414517674,102.175262656093
2025-03-03,0.056,6025,0.126137579089631,0.127046832375121,6072.78414517674,98.6795606525109
2025-03-03,0.056,6030,0.125183815133437,0.126086807748438,6072.78414517674,95.1838586727138
2025-03-03,0.056,6035,0.124325119421505,0.125222394734532,6072.78414517674,91.7884431876059
2025-03-03,0.056,6040,0.123379040040704,0.124271222037882,6072.78414517674,88.3930277032607
2025-03-03,0.056,6045,0.122344706204427,0.123409938122308,6072.78414517674,85.047755467443
2025-03-03,0.056,6050,0.121574461980903,0.122458278809613,6072.78414517674,81.8027698107696
2025-03-03,0.056,6055,0.120534451588015,0.121591169471334,6072.78414517674,78.5577841485688
2025-03-03,0.056,6060,0.119751875198412,0.120629915207814,6072.78414517674,75.4130850226318
2025-03-03,0.056,6065,0.11869676632036,0.119748177120195,6072.78414517674,72.2683858667153
2025-03-03,0.056,6070,0.117893229788619,0.11894326121241,6072.78414517674,69.274116500342
2025-03-03,0.056,6075,0.117005069067695,0.117879691996363,6072.78414517674,66.2392550075115
2025-03-03,0.056,6080,0.115971849908125,0.117021847425953,6072.78414517674,63.2808023228147
2025-03-03,0.056,6085,0.115182989856007,0.116059175951409,6072.78414517674,60.422636104021
2025-03-03,0.056,6090,0.114110666498797,0.115164548213838,6072.78414517674,57.5644699357349
2025-03-03,0.056,6095,0.113278920933868,0.114336323775837,6072.78414517674,54.8567335123289
2025-03-03,0.056,6100,0.112334230678895,0.11339630846915,6072.78414517674,52.1489971338704
2025-03-03,0.056,6105,0.111450871944476,0.112518812992415,6072.78414517674,49.5415472828749
2025-03-03,0.056,6110,0.110627912825962,0.111523820404477,6072.78414517674,46.9842407072288
2025-03-03,0.056,6115,0.109684247316859,0.110587262923887,6072.78414517674,44.4770774003048
2025-03-03,0.056,6120,0.108797246674617,0.109708548142175,6072.78414517674,42.0702005477758
2025-03-03,0.056,6125,0.107966758686202,0.108887578124953,6072.78414517674,39.7636103313062
2025-03-03,0.056,6130,0.107006705828803,0.107938548197821,6072.78414517674,37.4570200422027
2025-03-03,0.056,6135,0.106099525172599,0.107232532781174,6072.78414517674,35.3008596159898
2025-03-03,0.056,6140,0.105437704504577,0.106395662904816,6072.78414517674,33.2449856981417
2025-03-03,0.056,6150,0.103705377285961,0.104696490769857,6072.78414517674,29.233524372789
2025-03-03,0.056,6160,0.101991182626834,0.103023454747762,6072.78414517674,25.5229226340226
2025-03-03,0.056,6170,0.100510630608229,0.101592524905604,6072.78414517674,22.2134670319567
2025-03-03,0.056,6175,0.0998697255534836,0.100758269862893,6072.78414517674,20.6590257722972
2025-03-03,0.056,6180,0.0990747529693743,0.0999889288767479,6072.78414517674,19.1547277774728
2025-03-03,0.056,6190,0.09770127365198,0.0986735675804687,6072.78414517674,16.4469914099282
2025-03-03,0.056,6200,0.0964193864173385,0.0974612160906687,6072.78414517674,14.0401146183882
2025-03-03,0.056,6225,0.0939317894780455,0.0948895313457868,6072.78414517674,9.27650430099192
2025-03-03,0.056,6250,0.091920070434699,0.0935485233175519,6072.78414517674,6.01719198059516
2025-03-03,0.056,6275,0.0909920202947894,0.0926013256220658,6072.78414517674,3.86103152316286
2025-03-03,0.056,6300,0.0906669201767311,0.091762952532865,6072.78414517674,2.43194843131596
2025-03-03,0.056,6325,0.0908867271472917,0.0923823110032894,6072.78414517674,1.57951289104885
2025-03-03,0.056,6350,0.0913003346331128,0.0933679616982086,6072.78414517674,1.02793696018919
2025-03-03,0.056,6400,0.0946757247119514,0.0971437979286594,6072.78414517674,0.501432663210899
2025-03-03,0.056,6500,0.101184711119312,0.110995431049315,6072.78414517674,0.175501432084588
2025-03-03,0.056,6600,0.12151817706455,0.129887126703146,6072.78414517674,0.150429798695269
2025-03-03,0.056,6700,0.141241752451968,0.146589346139389,6072.78414517674,0.125358165983547
2025-03-03,0.056,6800,NA,0.166373216805479,6072.78414517674,NA
2025-03-03,0.056,7000,NA,0.204461108248964,6072.78414517674,NA
2025-03-03,0.056,7200,NA,0.23272506109369,6072.78414517674,NA
2025-03-03,0.056,7400,NA,0.266623177037236,6072.78414517674,NA
2025-03-03,0.056,7600,NA,0.299242932984872,6072.78414517674,NA
2025-03-03,0.056,7800,NA,0.330704161921235,6072.78414517674,NA
2025-03-04,0.06,2400,NA,1.15740547438438,6073.36765814096,NA
2025-03-04,0.06,2600,NA,1.06149783927165,6073.36765814096,NA
2025-03-04,0.06,2800,0.899643158209128,0.994520401890455,6073.36765814096,3273.49280116042
2025-03-04,0.06,3000,0.863430984191343,0.910040407634319,6073.36765814096,3073.51782976422
2025-03-04,0.06,3200,0.812375817641641,0.858995607723506,6073.36765814096,2873.59291557574
2025-03-04,0.06,3400,0.756417496178651,0.792655526184932,6073.36765814096,2673.64297278365
2025-03-04,0.06,3600,0.70965343200637,0.735537559250464,6073.36765814096,2473.74308719913
2025-03-04,0.06,3800,0.664423135915645,0.682625760984998,6073.36765814096,2273.89325882217
2025-03-04,0.06,4000,0.613239085672111,0.626928613076469,6073.36765814096,2074.04343044572
2025-03-04,0.06,4200,0.563009911296613,0.573231209585764,6073.36765814096,1874.24365927657
2025-03-04,0.06,4400,0.512483966035067,0.520144573405771,6073.36765814096,1674.49394531497
2025-03-04,0.06,4500,0.487212429165624,0.49383794076177,6073.36765814096,1574.64411693846
2025-03-04,0.06,4600,0.461112443322128,0.466892751160065,6073.36765814096,1474.79428856053
2025-03-04,0.06,4700,0.434370285825185,0.439444303651835,6073.36765814096,1374.9444601851
2025-03-04,0.06,4800,0.40863443503027,0.413019499415359,6073.36765814096,1275.14468901702
2025-03-04,0.06,4850,0.396839617047215,0.400853705964931,6073.36765814096,1225.29486063959
2025-03-04,0.06,4900,0.383380521112245,0.38713052521934,6073.36765814096,1175.39497505519
2025-03-04,0.06,4950,0.369761641364572,0.374400983297014,6073.36765814096,1125.5201180737
2025-03-04,0.06,5000,0.357104484597607,0.361383478471887,6073.36765814096,1075.67028969867
2025-03-04,0.06,5050,0.344149181206528,0.3481041580618,6073.36765814096,1025.82046132197
2025-03-04,0.06,5100,0.330922324525375,0.334583727404854,6073.36765814096,975.970632943857
2025-03-04,0.06,5150,0.318308356242097,0.320838335343454,6073.36765814096,926.145833170922
2025-03-04,0.06,5200,0.304532640608707,0.308403640689503,6073.36765814096,876.346062001631
2025-03-04,0.06,5250,0.29053904162243,0.294832089008841,6073.36765814096,826.52126222881
2025-03-04,0.06,5300,0.278357365047569,0.280966047600361,6073.36765814096,776.771548272867
2025-03-04,0.06,5350,0.264414651052943,0.266818236002125,6073.36765814096,726.971777097811
2025-03-04,0.06,5400,0.25129785399912,0.253477735411401,6073.36765814096,677.272120348965
2025-03-04,0.06,5450,0.238700381766945,0.240653454845692,6073.36765814096,627.672578007152
2025-03-04,0.06,5500,0.226339667158265,0.228074360809336,6073.36765814096,578.173150084493
2025-03-04,0.06,5550,0.213970184729622,0.216256087612759,6073.36765814096,528.823893784353
2025-03-04,0.06,5575,0.208168141277986,0.210301045469931,6073.36765814096,504.224351445416
2025-03-04,0.06,5600,0.202732108907841,0.204709865672794,6073.36765814096,479.724923532243
2025-03-04,0.06,5625,0.19753691495478,0.199362902228822,6073.36765814096,455.325610022956
2025-03-04,0.06,5650,0.192471232319654,0.194152635256447,6073.36765814096,431.026410932654
2025-03-04,0.06,5675,0.187438929595274,0.18898520315622,6073.36765814096,406.827326252089
2025-03-04,0.06,5700,0.18235830694534,0.183779973474821,6073.36765814096,382.728356003211
2025-03-04,0.06,5725,0.177598031466913,0.178899983464347,6073.36765814096,358.829614567119
2025-03-04,0.06,5750,0.172989463633757,0.174179993362519,6073.36765814096,335.131101969881
2025-03-04,0.06,5775,0.168391620562124,0.169480644861403,6073.36765814096,311.632818207017
2025-03-04,0.06,5790,0.165947774538041,0.16697780464539,6073.36765814096,297.734076766261
2025-03-04,0.06,5800,0.164021235421522,0.165016433773541,6073.36765814096,288.434877682645
2025-03-04,0.06,5810,0.162282049012144,0.163242370788936,6073.36765814096,279.235792985843
2025-03-04,0.06,5820,0.160391748675636,0.161627651567118,6073.36765814096,270.086765523411
2025-03-04,0.06,5825,0.159696610233546,0.160607271853392,6073.36765814096,265.53728039906
2025-03-04,0.06,5830,0.158655891598943,0.159849264626422,6073.36765814096,260.987795273152
2025-03-04,0.06,5840,0.157049038996979,0.158200809554011,6073.36765814096,251.988939412063
2025-03-04,0.06,5850,0.155268515398569,0.156381889563119,6073.36765814096,242.990083595852
2025-03-04,0.06,5860,0.15359093626854,0.154667015766109,6073.36765814096,234.091342141381
2025-03-04,0.06,5870,0.151995308140868,0.15303545517624,6073.36765814096,225.292715150949
2025-03-04,0.06,5875,0.151125955915895,0.152149225639985,6073.36765814096,220.893401644611
2025-03-04,0.06,5880,0.150210057498316,0.151217110859114,6073.36765814096,216.494088100942
2025-03-04,0.06,5890,0.148486005662852,0.149704436215238,6073.36765814096,207.845632739451
2025-03-04,0.06,5900,0.147042335327873,0.147986389955189,6073.36765814096,199.297291769028
2025-03-04,0.06,5910,0.145153042129418,0.146297911440654,6073.36765814096,190.748950786489
2025-03-04,0.06,5915,0.144360607981402,0.145488201404397,6073.36765814096,186.549866091769
2025-03-04,0.06,5920,0.143513059036534,0.144624126722521,6073.36765814096,182.350781420584
2025-03-04,0.06,5925,0.142830543071232,0.143706403058214,6073.36765814096,178.201753958463
2025-03-04,0.06,5930,0.141871876865836,0.142951181795415,6073.36765814096,174.052726496288
2025-03-04,0.06,5935,0.141073395378407,0.142137497776629,6073.36765814096,169.95375624453
2025-03-04,0.06,5940,0.140216509779211,0.141266096350953,6073.36765814096,165.854785957096
2025-03-04,0.06,5945,0.139301872285086,0.140337586225003,6073.36765814096,161.755815725598
2025-03-04,0.06,5950,0.138534707392344,0.139556607344654,6073.36765814096,157.756959860834
2025-03-04,0.06,5955,0.137705474215579,0.138714223602097,6073.36765814096,153.75810403628
2025-03-04,0.06,5960,0.136814782480039,0.137811003977218,6073.36765814096,149.759248191778
2025-03-04,0.06,5965,0.136060110988597,0.137043980238054,6073.36765814096,145.860506746797
2025-03-04,0.06,5970,0.135240087282422,0.136212237292469,6073.36765814096,141.961765333387
2025-03-04,0.06,5975,0.134355216021935,0.135316243421097,6073.36765814096,138.063023905548
2025-03-04,0.06,5980,0.133405833792935,0.134356303777598,6073.36765814096,134.164282455599
2025-03-04,0.06,5985,0.132580310481438,0.133520491679959,6073.36765814096,130.36565545555
2025-03-04,0.06,5990,0.131686580888075,0.132617046645913,6073.36765814096,126.567028417277
2025-03-04,0.06,5995,0.130909146417718,0.131830232738595,6073.36765814096,122.868515827336
2025-03-04,0.06,6000,0.129877552270521,0.1309724027201,6073.36765814096,119.119946055624
2025-03-04,0.06,6005,0.129139607187,0.130043638226672,6073.36765814096,115.471490661643
2025-03-04,0.06,6010,0.128147509557077,0.129223000138636,6073.36765814096,111.823035235898
2025-03-04,0.06,6015,0.127261389014668,0.128328105373421,6073.36765814096,108.224637102425
2025-03-04,0.06,6020,0.126476622270784,0.127358731868799,6073.36765814096,104.676296107795
2025-03-04,0.06,6025,0.125613763837982,0.126489557468231,6073.36765814096,101.178012321899
2025-03-04,0.06,6030,0.124672463597181,0.125542491613097,6073.36765814096,97.6797285284508
2025-03-04,0.06,6035,0.123825096114697,0.124689849061342,6073.36765814096,94.2815592137513
2025-03-04,0.06,6040,0.122895911944033,0.123755953853643,6073.36765814096,90.8833898348491
2025-03-04,0.06,6045,0.121884083226733,0.122911137321898,6073.36765814096,87.5352777072192
2025-03-04,0.06,6050,0.121129415227751,0.121981684086322,6073.36765814096,84.2872799706763
2025-03-04,0.06,6055,0.120117233917545,0.121136340484208,6073.36765814096,81.0392822629206
2025-03-04,0.06,6060,0.119356029198242,0.120202869173799,6073.36765814096,77.8913989207181
2025-03-04,0.06,6065,0.118334787574577,0.119348850883979,6073.36765814096,74.743515648413
2025-03-04,0.06,6070,0.117559099043009,0.118571793162707,6073.36765814096,71.7458039542003
2025-03-04,0.06,6075,0.116571483839534,0.117583617710496,6073.36765814096,68.6784890255819
2025-03-04,0.06,6080,0.115763675593078,0.116607355474725,6073.36765814096,65.7251138213173
2025-03-04,0.06,6085,0.114857243196355,0.115870818725559,6073.36765814096,62.8718529055338
2025-03-04,0.06,6090,0.113849741927606,0.114865408712547,6073.36765814096,59.9685348901528
2025-03-04,0.06,6095,0.113077773302128,0.114096478963526,6073.36765814096,57.2654456879941
2025-03-04,0.06,6100,0.112030393964887,0.113223648394256,6073.36765814096,54.5122992741055
2025-03-04,0.06,6105,0.111215858804579,0.112243801876245,6073.36765814096,51.8592672690218
2025-03-04,0.06,6110,0.110463654590364,0.111325497590521,6073.36765814096,49.3063496385339
2025-03-04,0.06,6115,0.109599866290178,0.110467942603224,6073.36765814096,46.8034892758103
2025-03-04,0.06,6120,0.108620315612604,0.109670788250465,6073.36765814096,44.3506860864638
2025-03-04,0.06,6125,0.10787367634181,0.108757485603524,6073.36765814096,41.9979973073432
2025-03-04,0.06,6130,0.107008100047801,0.107901560721771,6073.36765814096,39.6953657515901
2025-03-04,0.06,6135,0.10619914089037,0.107103484359662,6073.36765814096,37.4928486040944
2025-03-04,0.06,6140,0.105264296897798,0.106181087056742,6073.36765814096,35.2903314910261
2025-03-04,0.06,6150,0.10374618609495,0.10469188276038,6073.36765814096,31.2857548531923
2025-03-04,0.06,6160,0.102077917134765,0.103059714628051,6073.36765814096,27.481407045812
2025-03-04,0.06,6170,0.100647841490031,0.101672984918726,6073.36765814096,24.0775169368271
2025-03-04,0.06,6175,0.0999274359754531,0.100977613500473,6073.36765814096,22.4756862798671
2025-03-04,0.06,6180,0.099275887795429,0.100138224396551,6073.36765814096,20.9239128515127
2025-03-04,0.06,6190,0.0979788606026649,0.0988912751462193,6073.36765814096,18.1207091874425
2025-03-04,0.06,6200,0.0965396601794871,0.0977555879479736,6073.36765814096,15.5677915984054
2025-03-04,0.06,6225,0.0940810323199155,0.0952543110442128,6073.36765814096,10.5120136290573
2025-03-04,0.06,6250,0.0923838321149882,0.09348637761734,6073.36765814096,6.95795186518825
2025-03-04,0.06,6275,0.0912017553027439,0.0926276883082507,6073.36765814096,4.55520590568619
2025-03-04,0.06,6300,0.0907692841692125,0.0923418358697162,6073.36765814096,2.97840386594069
2025-03-04,0.06,6325,0.090853357277367,0.0921325153003074,6073.36765814096,1.92720249597166
2025-03-04,0.06,6350,0.0912480085652968,0.0929845396867029,6073.36765814096,1.27645879899332
2025-03-04,0.06,6375,0.09222659648816,0.0945571983437835,6073.36765814096,0.87600113395731
2025-03-04,0.06,6400,0.0936788186926798,0.0967487869173851,6073.36765814096,0.625715095791385
2025-03-04,0.06,6500,0.101527683463096,0.109248560210062,6073.36765814096,0.22525743480641
2025-03-04,0.06,6600,0.110398479035882,0.125330310573712,6073.36765814096,0.125143019442475
2025-03-04,0.06,6700,NA,0.145449449799664,6073.36765814096,NA
2025-03-04,0.06,6800,NA,0.160581668922701,6073.36765814096,NA
2025-03-04,0.06,7000,NA,0.197375443993024,6073.36765814096,NA
2025-03-04,0.06,7200,NA,0.224684707961824,6073.36765814096,NA
2025-03-04,0.06,7400,NA,0.257430750086424,6073.36765814096,NA
2025-03-04,0.06,7600,NA,0.288941783243694,6073.36765814096,NA
2025-03-04,0.06,7800,NA,0.319333605608736,6073.36765814096,NA
2025-03-05,0.064,2400,NA,1.0375744203507,6073.99380070532,NA
2025-03-05,0.064,2600,NA,1.02792464795007,6073.99380070532,NA
2025-03-05,0.064,2800,0.871197689430458,0.963076258066723,6073.99380070532,3274.11897953346
2025-03-05,0.064,3000,0.836141111377181,0.897224512464242,6073.99380070532,3074.16905106487
2025-03-05,0.064,3200,0.80465232722518,0.831858006732368,6073.99380070532,2874.24415836185
2025-03-05,0.064,3400,0.746015004717036,0.776663253656272,6073.99380070532,2674.31926565849
2025-03-05,0.064,3600,0.704800152181817,0.719232908470115,6073.99380070532,2474.44444448728
2025-03-05,0.064,3800,0.655633936132965,0.666224620965864,6073.99380070532,2274.59465908106
2025-03-05,0.064,4000,0.602990786304255,0.614943921121439,6073.99380070532,2074.76990943989
2025-03-05,0.064,4200,0.552017955946104,0.561159572847629,6073.99380070532,1874.97019556529
2025-03-05,0.064,4400,0.503784139895663,0.508366785965665,6073.99380070532,1675.24558898866
2025-03-05,0.064,4500,0.478314938977466,0.482315664434871,6073.99380070532,1575.39580358217
2025-03-05,0.064,4600,0.452227382506843,0.457444491062162,6073.99380070532,1475.57105394114
2025-03-05,0.064,4700,0.42722122338569,0.431742984242377,6073.99380070532,1375.77134006573
2025-03-05,0.064,4800,0.40143224136549,0.405378866003497,6073.99380070532,1275.97162619166
2025-03-05,0.064,4900,0.376176948362459,0.379584752977987,6073.99380070532,1176.22198384745
2025-03-05,0.064,5000,0.351079239795664,0.354000029206926,6073.99380070532,1076.52241303764
2025-03-05,0.064,5100,0.32499354771642,0.328333552630594,6073.99380070532,976.847877990707
2025-03-05,0.064,5200,0.29878942167367,0.301652195800338,6073.99380070532,877.198378706596
2025-03-05,0.064,5300,0.273457301543153,0.275854643284145,6073.99380070532,777.699094016996
2025-03-05,0.064,5350,0.259666437074971,0.262965918543214,6073.99380070532,727.949451678845
2025-03-05,0.064,5400,0.247666232050713,0.24965704799543,6073.99380070532,678.299952398077
2025-03-05,0.064,5450,0.235045948527265,0.236841048924677,6073.99380070532,628.700524643305
2025-03-05,0.064,5500,0.222670364189528,0.225064406429262,6073.99380070532,579.251311495321
2025-03-05,0.064,5550,0.211740817783378,0.213139885770586,6073.99380070532,530.002384456709
2025-03-05,0.064,5575,0.205839240104695,0.207797819773683,6073.99380070532,505.453028246974
2025-03-05,0.064,5600,0.200901205996836,0.202113414586828,6073.99380070532,481.003815084945
2025-03-05,0.064,5625,0.195544813202833,0.197227131018538,6073.99380070532,456.654745003069
2025-03-05,0.064,5675,0.185648223439703,0.187080875646547,6073.99380070532,408.257033998704
2025-03-05,0.064,5700,0.180867246115633,0.18218558095027,6073.99380070532,384.258464608981
2025-03-05,0.064,5725,0.176336065222142,0.177545818904036,6073.99380070532,360.460181372164
2025-03-05,0.064,5750,0.171535138823006,0.173016743381639,6073.99380070532,336.8121127192
2025-03-05,0.064,5775,0.16711707738806,0.168476395072593,6073.99380070532,313.41440172322
2025-03-05,0.064,5790,0.164554318933498,0.165844833562121,6073.99380070532,299.515975395564
2025-03-05,0.064,5800,0.162886421047151,0.164132983507576,6073.99380070532,290.317119909594
2025-03-05,0.064,5810,0.16107607358952,0.162281773835427,6073.99380070532,281.118264416731
2025-03-05,0.064,5820,0.159421385204221,0.160586570589826,6073.99380070532,272.019551977761
2025-03-05,0.064,5825,0.158680681950688,0.159825607286797,6073.99380070532,267.520267292618
2025-03-05,0.064,5830,0.157898069035778,0.158742952360813,6073.99380070532,262.970911056944
2025-03-05,0.064,5840,0.156210648154441,0.157299405135038,6073.99380070532,254.022413227522
2025-03-05,0.064,5850,0.154629659690046,0.155420040853862,6073.99380070532,245.073915376385
2025-03-05,0.064,5860,0.152879481054943,0.153899452441928,6073.99380070532,236.225560600369
2025-03-05,0.064,5870,0.151213598026778,0.152201581539228,6073.99380070532,227.42727734876
2025-03-05,0.064,5875,0.150315168892392,0.151288064251537,6073.99380070532,223.02813571959
2025-03-05,0.064,5880,0.149613988495099,0.150571230067995,6073.99380070532,218.729137185311
2025-03-05,0.064,5890,0.147831408128992,0.148991863414552,6073.99380070532,210.081068537058
2025-03-05,0.064,5900,0.146322700482726,0.147223517295363,6073.99380070532,201.533142911004
2025-03-05,0.064,5910,0.144614622430128,0.145707974032438,6073.99380070532,193.085360380454
2025-03-05,0.064,5915,0.143795557840686,0.144873357956711,6073.99380070532,188.886504874253
2025-03-05,0.064,5920,0.142925540738706,0.14398842892512,6073.99380070532,184.687649390459
2025-03-05,0.064,5925,0.142215173862849,0.143053741511156,6073.99380070532,180.538865416784
2025-03-05,0.064,5930,0.141449259998259,0.142276310969816,6073.99380070532,176.440152986912
2025-03-05,0.064,5935,0.140628541874689,0.141444582285108,6073.99380070532,172.341440525769
2025-03-05,0.064,5940,0.139753637220942,0.140559141753698,6073.99380070532,168.24272812759
2025-03-05,0.064,5945,0.138825043130441,0.139819049971642,6073.99380070532,164.194087189802
2025-03-05,0.064,5950,0.138039723559299,0.139021184321266,6073.99380070532,160.195517809666
2025-03-05,0.064,5955,0.137196616732074,0.1381661095624,6073.99380070532,156.196948455578
2025-03-05,0.064,5960,0.136296188892131,0.13725425905108,6073.99380070532,152.198379094969
2025-03-05,0.064,5965,0.13552835446577,0.136475152420144,6073.99380070532,148.299952755074
2025-03-05,0.064,5970,0.134699479557157,0.135635563227388,6073.99380070532,144.401526473606
2025-03-05,0.064,5975,0.13380994440784,0.13473584173741,6073.99380070532,140.503100144422
2025-03-05,0.064,5980,0.133043333215472,0.13395927819918,6073.99380070532,136.704816919899
2025-03-05,0.064,5985,0.13221263175046,0.133119159607747,6073.99380070532,132.906533640479
2025-03-05,0.064,5990,0.131318077500061,0.132215698566595,6073.99380070532,129.108250379008
2025-03-05,0.064,5995,0.13053766206987,0.131426676115103,6073.99380070532,125.4101102302
2025-03-05,0.064,6000,0.129690150377906,0.130571073121715,6073.99380070532,121.711970033866
2025-03-05,0.064,6005,0.128775577494285,0.129648904283864,6073.99380070532,118.013829824416
2025-03-05,0.064,6010,0.127967089091311,0.128833174702354,6073.99380070532,114.415832714602
2025-03-05,0.064,6015,0.127088366306047,0.127947713361704,6073.99380070532,110.817835622147
2025-03-05,0.064,6020,0.12613917397954,0.127162837187419,6073.99380070532,107.269910018982
2025-03-05,0.064,6025,0.12528856651313,0.126305224283499,6073.99380070532,103.772055951197
2025-03-05,0.064,6030,0.124532657963375,0.125374504012664,6073.99380070532,100.324273430835
2025-03-05,0.064,6035,0.123533075992412,0.124537455293268,6073.99380070532,96.8764909060103
2025-03-05,0.064,6040,0.122791559141298,0.123624143333101,6073.99380070532,93.5288514036577
2025-03-05,0.064,6045,0.121805071274695,0.122799519329966,6073.99380070532,90.1812119155156
2025-03-05,0.064,6050,0.121070149060524,0.121895481741932,6073.99380070532,86.9337155649941
2025-03-05,0.064,6055,0.120088518477706,0.121075519008282,6073.99380070532,83.686219138968
2025-03-05,0.064,6060,0.119352716600259,0.120172927880621,6073.99380070532,80.5388657806757
2025-03-05,0.064,6065,0.118367928833913,0.119350119810987,6073.99380070532,77.3915124587879
2025-03-05,0.064,6070,0.117460494101269,0.118441325638422,6073.99380070532,74.2942306463817
2025-03-05,0.064,6075,0.116635862967695,0.117616066444187,6073.99380070532,71.3018605670279
2025-03-05,0.064,6080,0.11570144345449,0.116681780808602,6073.99380070532,68.29756867019
2025-03-05,0.064,6085,0.11483814177035,0.11581940811873,6073.99380070532,65.3934198880374
2025-03-05,0.064,6090,0.114044291575462,0.115027313466895,6073.99380070532,62.5894141466576
2025-03-05,0.064,6095,0.113154318559015,0.11413997172776,6073.99380070532,59.7854083881832
2025-03-05,0.064,6100,0.112330424334428,0.11315476239243,6073.99380070532,57.0314741427389
2025-03-05,0.064,6105,0.111406013046441,0.112399724774801,6073.99380070532,54.3776829842398
2025-03-05,0.064,6110,0.110544325169699,0.111543564588578,6073.99380070532,51.7739633655833
2025-03-05,0.064,6115,0.109744720565454,0.110750532211326,6073.99380070532,49.2703867947544
2025-03-05,0.064,6120,0.108838006880209,0.109851588957775,6073.99380070532,46.7668102106668
2025-03-05,0.064,6125,0.108160901608027,0.109012950296121,6073.99380070532,44.4134482474808
2025-03-05,0.064,6130,0.10720207067495,0.108234782554756,6073.99380070532,42.0600863194695
2025-03-05,0.064,6135,0.106473573131353,0.10734380516512,6073.99380070532,39.8068673849662
2025-03-05,0.064,6140,0.105629734051754,0.106510861832048,6073.99380070532,37.6037200183248
2025-03-05,0.064,6150,0.104117147155927,0.104842604804433,6073.99380070532,33.4477829094716
2025-03-05,0.064,6160,0.102476007040263,0.103414421781794,6073.99380070532,29.5922749894288
2025-03-05,0.064,6170,0.101078160686338,0.102054588959462,6073.99380070532,26.0872677955301
2025-03-05,0.064,6175,0.100279853530854,0.101079151817284,6073.99380070532,24.3347642257542
2025-03-05,0.064,6180,0.0997509315755946,0.100568889782922,6073.99380070532,22.8326182524721
2025-03-05,0.064,6190,0.0982940261281969,0.0993714086042551,6073.99380070532,19.8783979268204
2025-03-05,0.064,6200,0.0971512716468014,0.0980652291299275,6073.99380070532,17.2246067805553
2025-03-05,0.064,6225,0.0944748417795494,0.0955626098119869,6073.99380070532,11.816881377366
2025-03-05,0.064,6250,0.092702491991924,0.0937089244224997,6073.99380070532,7.9613734626223
2025-03-05,0.064,6275,0.0912480673550344,0.0925337926573173,6073.99380070532,5.25751079144518
2025-03-05,0.064,6300,0.0909536271037279,0.0920680212120159,6073.99380070532,3.50500719700725
2025-03-05,0.064,6325,0.0905925654196427,0.091714714389075,6073.99380070532,2.27825468237904
2025-03-05,0.064,6350,0.090916565703948,0.0924195983943128,6073.99380070532,1.52718170802159
2025-03-05,0.064,6400,0.0925832108159131,0.0952686977952032,6073.99380070532,0.726037203148991
2025-03-05,0.064,6500,0.0981717036019034,0.105639560960107,6073.99380070532,0.22532189127516
2025-03-05,0.064,6600,0.106773401811349,0.121218207230975,6073.99380070532,0.125178828313043
2025-03-05,0.064,6700,NA,0.140700783984725,6073.99380070532,NA
2025-03-05,0.064,6800,NA,0.155357151259744,6073.99380070532,NA
2025-03-05,0.064,7000,NA,0.190985567049075,6073.99380070532,NA
2025-03-05,0.064,7200,NA,0.217433245295579,6073.99380070532,NA
2025-03-05,0.064,7400,NA,0.249141337141929,6073.99380070532,NA
2025-03-05,0.064,7600,NA,0.279653383501569,6073.99380070532,NA
2025-03-05,0.064,7800,NA,0.30908156916353,6073.99380070532,NA
2025-03-06,0.068,2400,NA,1.08754783579388,6074.48122671392,NA
2025-03-06,0.068,2600,0.922982011706884,1.01970942168804,6074.48122671392,3474.60662080975
2025-03-06,0.068,2800,0.845362224518482,0.951322827622326,6074.48122671392,3274.63169962897
2025-03-06,0.068,3000,0.836244220136684,0.855168462022037,6074.48122671392,3074.65677844795
2025-03-06,0.068,3200,0.780822048274209,0.817893694494122,6074.48122671392,2874.7570937245
2025-03-06,0.068,3400,0.735105358491518,0.761644426549153,6074.48122671392,2674.85740900115
2025-03-06,0.068,3600,0.691257771124902,0.709974131625263,6074.48122671392,2475.00788191628
2025-03-06,0.068,3800,0.641559792586938,0.655689711732286,6074.48122671392,2275.1583548311
2025-03-06,0.068,4000,0.593103438025928,0.603704217376902,6074.48122671392,2075.35898538455
2025-03-06,0.068,4200,0.544609044321954,0.552602350238772,6074.48122671392,1875.60977357597
2025-03-06,0.068,4400,0.495524286547609,0.499626646509985,6074.48122671392,1675.88564058716
2025-03-06,0.068,4500,0.469988668360005,0.473602520091612,6074.48122671392,1576.03611350199
2025-03-06,0.068,4600,0.443989379587101,0.448741508903383,6074.48122671392,1476.21166523722
2025-03-06,0.068,4700,0.419055106345098,0.423205398715525,6074.48122671392,1376.41229578943
2025-03-06,0.068,4800,0.394712118891777,0.398299595277032,6074.48122671392,1276.66308398273
2025-03-06,0.068,4900,0.369524119474489,0.373659550847008,6074.48122671392,1176.938950992
2025-03-06,0.068,5000,0.344554314238997,0.347250811342868,6074.48122671392,1077.21481799968
2025-03-06,0.068,5100,0.319521916413976,0.322592798353439,6074.48122671392,977.591000290557
2025-03-06,0.068,5200,0.294198852231344,0.296824878047744,6074.48122671392,877.992261394935
2025-03-06,0.068,5300,0.267823272176435,0.271177348792634,6074.48122671392,778.443680143435
2025-03-06,0.068,5350,0.255320488529054,0.258384792275238,6074.48122671392,728.74462597356
2025-03-06,0.068,5400,0.243356925081821,0.245213815239599,6074.48122671392,679.095729441256
2025-03-06,0.068,5450,0.231679701562283,0.233341621230816,6074.48122671392,629.597305819706
2025-03-06,0.068,5500,0.22006620931964,0.221545131960297,6074.48122671392,580.199197473526
2025-03-06,0.068,5550,0.208985310043912,0.210927374453269,6074.48122671392,531.051877338512
2025-03-06,0.068,5575,0.203668911006127,0.205481796172255,6074.48122671392,506.553453715952
2025-03-06,0.068,5600,0.198604379281976,0.200289461088459,6074.48122671392,482.155345379614
2025-03-06,0.068,5625,0.193694085490116,0.195255950118557,6074.48122671392,457.8575523039
2025-03-06,0.068,5650,0.18836480364178,0.190297253891785,6074.48122671392,433.60991689809
2025-03-06,0.068,5675,0.184003303027501,0.185339961924831,6074.48122671392,409.562912012017
2025-03-06,0.068,5700,0.179084091239913,0.180729069568737,6074.48122671392,385.616222416761
2025-03-06,0.068,5725,0.174803174475555,0.175939109201878,6074.48122671392,361.870163385194
2025-03-06,0.068,5750,0.170230640822483,0.171624367820245,6074.48122671392,338.324734899913
2025-03-06,0.068,5775,0.165986675008868,0.167268503453772,6074.48122671392,315.03009456995
2025-03-06,0.068,5790,0.163633906657335,0.164548383352796,6074.48122671392,301.183720266988
2025-03-06,0.068,5800,0.161895771478313,0.163074715845285,6074.48122671392,292.036400142551
2025-03-06,0.068,5810,0.160027919653832,0.161170456002018,6074.48122671392,282.838922331681
2025-03-06,0.068,5820,0.158589757073248,0.159694030324495,6074.48122671392,273.842075125824
2025-03-06,0.068,5825,0.157538880910778,0.15862704635602,6074.48122671392,269.243336200236
2025-03-06,0.068,5830,0.156726920566351,0.158064145824222,6074.48122671392,264.795070218757
2025-03-06,0.068,5840,0.155250555424795,0.156286514855522,6074.48122671392,255.848380651617
2025-03-06,0.068,5850,0.1536124109664,0.154616227399175,6074.48122671392,246.951848682044
2025-03-06,0.068,5860,0.152062138539149,0.153034807616012,6074.48122671392,238.155632025766
2025-03-06,0.068,5870,0.15034600280005,0.151289812227594,6074.48122671392,229.359415319293
2025-03-06,0.068,5875,0.149660276682249,0.150589377615957,6074.48122671392,225.061622247943
2025-03-06,0.068,5880,0.148698614237506,0.149842973649632,6074.48122671392,220.713671545494
2025-03-06,0.068,5890,0.14710425023471,0.148215335091956,6074.48122671392,212.118085452013
2025-03-06,0.068,5900,0.145548307362652,0.146627664533607,6074.48122671392,203.622814571012
2025-03-06,0.068,5910,0.144017230512298,0.144856954164751,6074.48122671392,195.177701363052
2025-03-06,0.068,5915,0.143179280592792,0.144214385389537,6074.48122671392,191.03038121701
2025-03-06,0.068,5920,0.142293834677172,0.143315346966461,6074.48122671392,186.832903432257
2025-03-06,0.068,5925,0.141563307868996,0.142571102067799,6074.48122671392,182.735740944512
2025-03-06,0.068,5930,0.140780937534513,0.141775601976762,6074.48122671392,178.638578384721
2025-03-06,0.068,5935,0.13994732321263,0.140929410289029,6074.48122671392,174.541415903769
2025-03-06,0.068,5940,0.13906295530289,0.140032985826484,6074.48122671392,170.444253400819
2025-03-06,0.068,5945,0.13832010229492,0.139278098530139,6074.48122671392,166.447406127584
2025-03-06,0.068,5950,0.137522610919804,0.138469114634453,6074.48122671392,162.450558903829
2025-03-06,0.068,5955,0.136670956588613,0.137606478700434,6074.48122671392,158.45371171189
2025-03-06,0.068,5960,0.135765496259827,0.136875310734873,6074.48122671392,154.507022107864
2025-03-06,0.068,5965,0.134989600945543,0.135904259103388,6074.48122671392,150.56033248506
2025-03-06,0.068,5970,0.134156345910447,0.13506113568698,6074.48122671392,146.66380053143
2025-03-06,0.068,5975,0.133445202980951,0.134340329412657,6074.48122671392,142.867583882672
2025-03-06,0.068,5980,0.132496155154963,0.133559461272382,6074.48122671392,139.021209540506
2025-03-06,0.068,5985,0.131665933321077,0.132718810080853,6074.48122671392,135.224992853942
2025-03-06,0.068,5990,0.13094944314481,0.13181851277159,6074.48122671392,131.4789338332
2025-03-06,0.068,5995,0.129997274224044,0.131030721703164,6074.48122671392,127.73287477533
2025-03-06,0.068,6000,0.129155730854592,0.130180186996331,6074.48122671392,124.036973349917
2025-03-06,0.068,6005,0.128420268473327,0.129266874163049,6074.48122671392,120.391229607926
2025-03-06,0.068,6010,0.127450580938375,0.128458524003271,6074.48122671392,116.745485812474
2025-03-06,0.068,6015,0.126750733787555,0.127584378086384,6074.48122671392,113.200057336961
2025-03-06,0.068,6020,0.125816331591129,0.126809689271392,6074.48122671392,109.654628883834
2025-03-06,0.068,6025,0.124979503478769,0.125966346994179,6074.48122671392,106.15935801905
2025-03-06,0.068,6030,0.124236610453031,0.125053981490579,6074.48122671392,102.714244786918
2025-03-06,0.068,6035,0.123259165001033,0.124234568091729,6074.48122671392,99.2691315831314
2025-03-06,0.068,6040,0.122534433784134,0.123504886749827,6074.48122671392,95.974491296789
2025-03-06,0.068,6045,0.12157392356004,0.122540040200514,6074.48122671392,92.5795357149627
2025-03-06,0.068,6050,0.120860053310591,0.121822358658948,6074.48122671392,89.3852106842187
2025-03-06,0.068,6055,0.119908799705293,0.120867911344814,6074.48122671392,86.0905703829837
2025-03-06,0.068,6060,0.119198841447215,0.120155343637298,6074.48122671392,82.9965606431811
2025-03-06,0.068,6065,0.118249431569576,0.11920395950132,6074.48122671392,79.8022356438196
2025-03-06,0.068,6070,0.117377815212113,0.118489874756641,6074.48122671392,76.7583834915563
2025-03-06,0.068,6075,0.116609064597168,0.117561593968875,6074.48122671392,73.7317283145196
2025-03-06,0.068,6080,0.115703236395965,0.116655796326694,6074.48122671392,70.7222700071627
2025-03-06,0.068,6085,0.114869524721769,0.115822839896898,6074.48122671392,67.8131270020992
2025-03-06,0.068,6090,0.11410640191452,0.115061223940471,6074.48122671392,65.0042992551589
2025-03-06,0.068,6095,0.113253169428122,0.114210291966352,6074.48122671392,62.1954714773656
2025-03-06,0.068,6100,0.112307455300394,0.113267724544772,6074.48122671392,59.3866437634213
2025-03-06,0.068,6105,0.11158786964072,0.112552117087683,6074.48122671392,56.7784465833142
2025-03-06,0.068,6110,0.110772880897214,0.111580534020254,6074.48122671392,54.1200917772519
2025-03-06,0.068,6115,0.109859497196106,0.110834570685922,6074.48122671392,51.5620521890767
2025-03-06,0.068,6120,0.109007854069889,0.109989854853431,6074.48122671392,49.0541702922458
2025-03-06,0.068,6125,0.108217769910663,0.109207745143749,6074.48122671392,46.6466036222246
2025-03-06,0.068,6130,0.10748949806727,0.108322091426781,6074.48122671392,44.2891946511188
2025-03-06,0.068,6135,0.106655437729185,0.107496689332738,6074.48122671392,41.9819432745019
2025-03-06,0.068,6140,0.105881254738767,0.106732192388133,6074.48122671392,39.7750071984542
2025-03-06,0.068,6150,0.104342672010538,0.105216497348733,6074.48122671392,35.5617655844999
2025-03-06,0.068,6160,0.102872859741929,0.103774699990763,6074.48122671392,31.6494697505766
2025-03-06,0.068,6170,0.101287377064034,0.10222362633506,6074.48122671392,27.9378045312646
2025-03-06,0.068,6175,0.100589707461809,0.101545465903505,6074.48122671392,26.2324448092253
2025-03-06,0.068,6180,0.0999609405961129,0.100937789856145,6074.48122671392,24.6274004020554
2025-03-06,0.068,6190,0.0987269649602837,0.0995473354385982,6074.48122671392,21.5677845005528
2025-03-06,0.068,6200,0.0973904539104118,0.0982572969486417,6074.48122671392,18.7589567075092
2025-03-06,0.068,6225,0.0948925080855659,0.0959103556205233,6074.48122671392,13.1413012262643
2025-03-06,0.068,6250,0.0929939835886477,0.0942307213235064,6074.48122671392,9.02837491202558
2025-03-06,0.068,6275,0.0916485816096097,0.0928147053027084,6074.48122671392,6.06907424148778
2025-03-06,0.068,6300,0.0907604924841083,0.0922624249041626,6074.48122671392,4.06276871481467
2025-03-06,0.068,6325,0.0905899457838633,0.0919063098526209,6074.48122671392,2.70851247161255
2025-03-06,0.068,6350,0.0909273987317205,0.0926566045645199,6074.48122671392,1.85583262356346
2025-03-06,0.068,6400,0.0923240583769585,0.0946220592858579,6074.48122671392,0.87775867203954
2025-03-06,0.068,6500,0.102396901664929,0.104202819083007,6074.48122671392,0.326024649433791
2025-03-06,0.068,6600,0.10350802523027,0.12025153630805,6074.48122671392,0.150472915392818
2025-03-06,0.068,6700,0.12053551329575,0.136421713130813,6074.48122671392,0.125394095899662
2025-03-06,0.068,6800,NA,0.150644697740331,6074.48122671392,NA
2025-03-06,0.068,7000,NA,0.185215502304268,6074.48122671392,NA
2025-03-06,0.068,7200,NA,0.218226685999572,6074.48122671392,NA
2025-03-06,0.068,7400,NA,0.241644884833744,6074.48122671392,NA
2025-03-06,0.068,7600,NA,0.27125011797304,6074.48122671392,NA
2025-03-06,0.068,7800,NA,0.299803556578495,6074.48122671392,NA
2025-03-07,0.072,1400,NA,1.60162012748728,6076.10634239522,NA
2025-03-07,0.072,1600,NA,1.45848107030717,6076.10634239522,NA
2025-03-07,0.072,1800,NA,1.3326087249291,6076.10634239522,NA
2025-03-07,0.072,2000,NA,1.16414702120633,6076.10634239522,NA
2025-03-07,0.072,2200,NA,1.06710209556533,6076.10634239522,NA
2025-03-07,0.072,2400,NA,1.05704189963792,6076.10634239522,NA
2025-03-07,0.072,2600,0.941023593786308,0.969491645391182,6076.10634239522,3476.23152122215
2025-03-07,0.072,2800,0.86215724762994,0.90836066725384,6076.10634239522,3276.25655698753
2025-03-07,0.072,3000,0.812853179105345,0.859113551869546,6076.10634239522,3076.33166428364
2025-03-07,0.072,3200,0.772846930941754,0.795026559663902,6076.10634239522,2876.40677157978
2025-03-07,0.072,3400,0.724109865570417,0.74747689244917,6076.10634239522,2676.53195040662
2025-03-07,0.072,3600,0.678497864739703,0.690169189494884,6076.10634239522,2476.65712923342
2025-03-07,0.072,3800,0.633098515266274,0.637426151536549,6076.10634239522,2276.83237959091
2025-03-07,0.072,4000,0.583626732280695,0.590084295566579,6076.10634239522,2077.05770147878
2025-03-07,0.072,4200,0.534762785995619,0.539702212576246,6076.10634239522,1877.30805913451
2025-03-07,0.072,4400,0.485801541530791,0.489597582950017,6076.10634239522,1677.6084883168
2025-03-07,0.072,4500,0.460518662316543,0.465508282818367,6076.10634239522,1577.78373867404
2025-03-07,0.072,4600,0.43636667238857,0.440724766836052,6076.10634239522,1477.98402479734
2025-03-07,0.072,4700,0.411559069494093,0.415389943396243,6076.10634239522,1378.18431092108
2025-03-07,0.072,4750,0.400168301881014,0.402548013976707,6076.10634239522,1328.30948974693
2025-03-07,0.072,4800,0.387364729127232,0.389602593518855,6076.10634239522,1278.40963280815
2025-03-07,0.072,4850,0.375515594956434,0.378609930799747,6076.10634239522,1228.58488316733
2025-03-07,0.072,4900,0.363429491577295,0.366308089020025,6076.10634239522,1178.73509775731
2025-03-07,0.072,4950,0.351128141361269,0.3538102019466,6076.10634239522,1128.88531235303
2025-03-07,0.072,5000,0.338629055355548,0.341131017363478,6076.10634239522,1079.03552694224
2025-03-07,0.072,5025,0.332718275191194,0.335122573475261,6076.10634239522,1054.13567000258
2025-03-07,0.072,5050,0.325946204417385,0.32904484675449,6076.10634239522,1029.21077730268
2025-03-07,0.072,5075,0.319920564385423,0.322900697816659,6076.10634239522,1004.31092036195
2025-03-07,0.072,5100,0.313825283252755,0.31669266015021,6076.10634239522,979.411063420731
2025-03-07,0.072,5125,0.307663068403206,0.310422966309978,6076.10634239522,954.511206481642
2025-03-07,0.072,5150,0.301436299365957,0.304093571636811,6076.10634239522,929.611349551408
2025-03-07,0.072,5175,0.295147053572424,0.297706172592987,6076.10634239522,904.711492607065
2025-03-07,0.072,5200,0.288797128766215,0.291262223496914,6076.10634239522,879.811635671
2025-03-07,0.072,5225,0.283585278399945,0.285921928031537,6076.10634239522,855.011921797903
2025-03-07,0.072,5240,0.278985325155085,0.281292930619073,6076.10634239522,840.011921792442
2025-03-07,0.072,5250,0.277074364591412,0.279326873011887,6076.10634239522,830.112064860568
2025-03-07,0.072,5260,0.274002247339866,0.276235700463907,6076.10634239522,820.112064859912
2025-03-07,0.072,5270,0.272047665373029,0.274228506920677,6076.10634239522,810.212207916389
2025-03-07,0.072,5275,0.270508328273515,0.272679791548356,6076.10634239522,805.212207919824
2025-03-07,0.072,5280,0.268969405321508,0.27113148537589,6076.10634239522,800.212207912933
2025-03-07,0.072,5290,0.26697245443485,0.269084236667361,6076.10634239522,790.312350977887
2025-03-07,0.072,5300,0.264942151431604,0.267005508964772,6076.10634239522,780.412494043572
2025-03-07,0.072,5310,0.261849674595462,0.263894831902735,6076.10634239522,770.412494042846
2025-03-07,0.072,5320,0.259779194918424,0.261777954753664,6076.10634239522,760.512637097508
2025-03-07,0.072,5325,0.258229510534067,0.260219296930782,6076.10634239522,755.512637103315
2025-03-07,0.072,5330,0.257677362121392,0.259631360992986,6076.10634239522,750.612780161772
2025-03-07,0.072,5340,0.254570391723202,0.256506696630032,6076.10634239522,740.612780164816
2025-03-07,0.072,5350,0.252430201096263,0.254323530850484,6076.10634239522,730.712923220419
2025-03-07,0.072,5360,0.25026035701303,0.252112149489384,6076.10634239522,720.813066285058
2025-03-07,0.072,5370,0.248061606423311,0.249873216114069,6076.10634239522,710.913209346601
2025-03-07,0.072,5375,0.246496607021291,0.248299714755577,6076.10634239522,705.913209348544
2025-03-07,0.072,5380,0.245834644181057,0.247607349908529,6076.10634239522,701.013352411453
2025-03-07,0.072,5390,0.24358011755546,0.245315126837571,6076.10634239522,691.113495475587
2025-03-07,0.072,5400,0.241298628268212,0.24299708328479,6076.10634239522,681.213638532439
2025-03-07,0.072,5410,0.238990735985975,0.24065371794432,6076.10634239522,671.31378159596
2025-03-07,0.072,5420,0.236656960212121,0.238285493712584,6076.10634239522,661.413924660607
2025-03-07,0.072,5425,0.235072021630337,0.236692550704309,6076.10634239522,656.413924657568
2025-03-07,0.072,5430,0.234297782906083,0.235892839434525,6076.10634239522,651.51406772077
2025-03-07,0.072,5440,0.231913650084063,0.233476151940871,6076.10634239522,641.614210773775
2025-03-07,0.072,5450,0.229504974001818,0.231035797357809,6076.10634239522,631.714353837562
2025-03-07,0.072,5460,0.227825897916269,0.228572112125619,6076.10634239522,621.864568426717
2025-03-07,0.072,5470,0.22535406041013,0.226809719922546,6076.10634239522,612.0147830212
2025-03-07,0.072,5475,0.224472354627763,0.225906731964157,6076.10634239522,607.114926084256
2025-03-07,0.072,5480,0.222859111697745,0.224286055479283,6076.10634239522,602.114926082384
2025-03-07,0.072,5490,0.221044019006077,0.222430172314039,6076.10634239522,592.315212207623
2025-03-07,0.072,5500,0.219172495296826,0.219849120937883,6076.10634239522,582.465426798268
2025-03-07,0.072,5510,0.216583002209127,0.217904584885723,6076.10634239522,572.615641392873
2025-03-07,0.072,5520,0.214622826195038,0.215908448469761,6076.10634239522,562.81592751363
2025-03-07,0.072,5525,0.213623296174412,0.214891551611425,6076.10634239522,557.916070574277
2025-03-07,0.072,5530,0.212611085469337,0.213862361295105,6076.10634239522,553.01621363502
2025-03-07,0.072,5540,0.210549405480957,0.211767824246292,6076.10634239522,543.216499755707
2025-03-07,0.072,5550,0.20843926354033,0.20962620258401,6076.10634239522,533.416785891066
2025-03-07,0.072,5560,0.206282001334042,0.20743873700455,6076.10634239522,523.617072004965
2025-03-07,0.072,5570,0.204078837002914,0.205764653390078,6076.10634239522,513.867429666127
2025-03-07,0.072,5575,0.202960390477274,0.204625235808363,6076.10634239522,508.967572723365
2025-03-07,0.072,5580,0.202382611630788,0.20347514075885,6076.10634239522,504.117787323793
2025-03-07,0.072,5590,0.20007729954864,0.201671340498918,6076.10634239522,494.368144976993
2025-03-07,0.072,5600,0.198251422723635,0.199797963457744,6076.10634239522,484.668574152888
2025-03-07,0.072,5610,0.19635600986275,0.197857524351799,6076.10634239522,474.969003336224
2025-03-07,0.072,5620,0.194393533190863,0.195852273634771,6076.10634239522,465.269432521288
2025-03-07,0.072,5625,0.193629167795573,0.195063426533858,6076.10634239522,460.46971863701
2025-03-07,0.072,5630,0.19284138996939,0.193784225000691,6076.10634239522,455.619933229063
2025-03-07,0.072,5640,0.190738063272742,0.192110299856576,6076.10634239522,445.970433960457
2025-03-07,0.072,5650,0.189021553985979,0.190350757064023,6076.10634239522,436.371006207035
2025-03-07,0.072,5660,0.187220332325426,0.188508973686001,6076.10634239522,426.771578450461
2025-03-07,0.072,5670,0.185337626051399,0.186587934029285,6076.10634239522,417.172150699985
2025-03-07,0.072,5675,0.18436661967637,0.185598529376794,6076.10634239522,412.372436816022
2025-03-07,0.072,5680,0.18337628282819,0.184590274027798,6076.10634239522,407.572722941477
2025-03-07,0.072,5690,0.181733521047093,0.1829084493765,6076.10634239522,398.073438241322
2025-03-07,0.072,5700,0.179993301015176,0.181131554443673,6076.10634239522,388.57415356478
2025-03-07,0.072,5705,0.179275476428284,0.180394223742012,6076.10634239522,383.874582734688
2025-03-07,0.072,5710,0.178159432714885,0.179263149209855,6076.10634239522,379.07486887193
2025-03-07,0.072,5715,0.177390398337594,0.178475757009427,6076.10634239522,374.375298032657
2025-03-07,0.072,5720,0.176593444801264,0.177661062214609,6076.10634239522,369.675727223082
2025-03-07,0.072,5725,0.175769180230435,0.176819636861189,6076.10634239522,364.976156429409
2025-03-07,0.072,5730,0.174918169967012,0.175952013112707,6076.10634239522,360.276585594218
2025-03-07,0.072,5735,0.17404094006273,0.175058686461877,6076.10634239522,355.577014793089
2025-03-07,0.072,5740,0.173137978879865,0.174140117040257,6076.10634239522,350.877443945733
2025-03-07,0.072,5745,0.172209740729211,0.173523915171284,6076.10634239522,346.227944698014
2025-03-07,0.072,5750,0.17158161851336,0.172551288586013,6076.10634239522,341.578445399793
2025-03-07,0.072,5755,0.170599255969205,0.171554745491508,6076.10634239522,336.878874593283
2025-03-07,0.072,5760,0.169907616098574,0.170846944263824,6076.10634239522,332.27944681858
2025-03-07,0.072,5765,0.168873128885111,0.17010630969533,6076.10634239522,327.629947539233
2025-03-07,0.072,5770,0.168120480837481,0.169031355642885,6076.10634239522,322.980448261559
2025-03-07,0.072,5775,0.167335690665014,0.168231963351083,6076.10634239522,318.381020495806
2025-03-07,0.072,5780,0.16651941596876,0.167401582464764,6076.10634239522,313.781592745745
2025-03-07,0.072,5785,0.16567226239943,0.166540789094252,6076.10634239522,309.182164974325
2025-03-07,0.072,5790,0.164794787295377,0.165934067361492,6076.10634239522,304.632808781558
2025-03-07,0.072,5795,0.16388750230194,0.165009790533201,6076.10634239522,300.033381010159
2025-03-07,0.072,5800,0.163228120389391,0.164056692181609,6076.10634239522,295.484024795197
2025-03-07,0.072,5805,0.162258549851838,0.163346391808004,6076.10634239522,290.934668557686
2025-03-07,0.072,5810,0.161529391942327,0.162599928469866,6076.10634239522,286.435383897308
2025-03-07,0.072,5815,0.160764164637097,0.161818021468363,6076.10634239522,281.936099203847
2025-03-07,0.072,5820,0.159963564099773,0.161001328113508,6076.10634239522,277.436814511607
2025-03-07,0.072,5825,0.159128224939379,0.16015044736213,6076.10634239522,272.937529794593
2025-03-07,0.072,5830,0.15825872428487,0.159265924037936,6076.10634239522,268.438245115937
2025-03-07,0.072,5835,0.157604287404154,0.158595533310479,6076.10634239522,264.039103454795
2025-03-07,0.072,5840,0.156664435806514,0.157641682915908,6076.10634239522,259.539818792673
2025-03-07,0.072,5845,0.155933350059274,0.156895762364207,6076.10634239522,255.140677169078
2025-03-07,0.072,5850,0.155163071202192,0.15611119541812,6076.10634239522,250.741535535586
2025-03-07,0.072,5855,0.154354269787522,0.155288619306015,6076.10634239522,246.342393888591
2025-03-07,0.072,5860,0.15350754913767,0.15442860577264,6076.10634239522,241.943252265469
2025-03-07,0.072,5865,0.152850877228294,0.153758100521609,6076.10634239522,237.644253671065
2025-03-07,0.072,5870,0.152150818492626,0.152821618274421,6076.10634239522,233.295183589213
2025-03-07,0.072,5875,0.151187303443556,0.15206933780817,6076.10634239522,228.946113492452
2025-03-07,0.072,5880,0.150405803313604,0.151275486449129,6076.10634239522,224.647114927474
2025-03-07,0.072,5885,0.149582865440886,0.150654617780942,6076.10634239522,220.398187870431
2025-03-07,0.072,5890,0.148930883468268,0.149776475762614,6076.10634239522,216.149260841905
2025-03-07,0.072,5895,0.148023842801489,0.149066633192262,6076.10634239522,211.900333795002
2025-03-07,0.072,5900,0.147283098366035,0.148106387521987,6076.10634239522,207.651406795094
2025-03-07,0.072,5905,0.146497441627016,0.147309889751642,6076.10634239522,203.452551281115
2025-03-07,0.072,5910,0.145667430068306,0.146469449562883,6076.10634239522,199.253695731677
2025-03-07,0.072,5915,0.144991727746271,0.145783195501598,6076.10634239522,195.154983319977
2025-03-07,0.072,5920,0.144071925631913,0.144853755653784,6076.10634239522,190.956127785598
2025-03-07,0.072,5925,0.143302354579987,0.144074449661609,6076.10634239522,186.85741532813
2025-03-07,0.072,5930,0.142485349377589,0.143248100383404,6076.10634239522,182.758702913112
2025-03-07,0.072,5935,0.141809928198556,0.142563325087743,6076.10634239522,178.760133531885
2025-03-07,0.072,5940,0.140897093977766,0.141641893740956,6076.10634239522,174.66142109159
2025-03-07,0.072,5945,0.140122196779349,0.141042258208836,6076.10634239522,170.71292320919
2025-03-07,0.072,5950,0.139297081649074,0.14002506623766,6076.10634239522,166.664282286224
2025-03-07,0.072,5955,0.138602208924956,0.139322042840303,6076.10634239522,162.765855965419
2025-03-07,0.072,5960,0.137675659087506,0.13838796631574,6076.10634239522,158.767286590748
2025-03-07,0.072,5965,0.136876032655388,0.13758089876177,6076.10634239522,154.868860281723
2025-03-07,0.072,5970,0.136198004064184,0.136895563217373,6076.10634239522,151.070577004726
2025-03-07,0.072,5975,0.135291009381457,0.135981811498328,6076.10634239522,147.172150705201
2025-03-07,0.072,5980,0.134502564932038,0.135186751748247,6076.10634239522,143.373867447141
2025-03-07,0.072,5985,0.133658347502643,0.134505633494402,6076.10634239522,139.625655690959
2025-03-07,0.072,5990,0.132926466784274,0.133598271957892,6076.10634239522,135.877443962497
2025-03-07,0.072,5995,0.132135968623059,0.132802012984476,6076.10634239522,132.179303751254
2025-03-07,0.072,6000,0.131286916174311,0.131947524958833,6076.10634239522,128.481163558739
2025-03-07,0.072,6005,0.130379236823972,0.131198539046189,6076.10634239522,124.833094925584
2025-03-07,0.072,6010,0.129575418421633,0.130226011268423,6076.10634239522,121.1850262262
2025-03-07,0.072,6015,0.128710128363797,0.129679055561178,6076.10634239522,117.687172140483
2025-03-07,0.072,6020,0.127943561409251,0.128745654682039,6076.10634239522,114.139246542546
2025-03-07,0.072,6025,0.12711283753429,0.127909952451359,6076.10634239522,110.641392427391
2025-03-07,0.072,6030,0.126376134893291,0.12701014714235,6076.10634239522,107.193609936788
2025-03-07,0.072,6035,0.125415034734553,0.12636100148353,6076.10634239522,103.795898881797
2025-03-07,0.072,6040,0.124702120545935,0.125486616769714,6076.10634239522,100.448259424639
2025-03-07,0.072,6045,0.123763697655332,0.124701029297812,6076.10634239522,97.1006199114863
2025-03-07,0.072,6050,0.123067868724864,0.123845999067807,6076.10634239522,93.8531235034154
2025-03-07,0.072,6055,0.122145122467017,0.122920718739442,6076.10634239522,90.5555555691008
2025-03-07,0.072,6060,0.121305359087835,0.122078855518893,6076.10634239522,87.3581306438339
2025-03-07,0.072,6065,0.120546308779581,0.12131816055318,6076.10634239522,84.2608488145036
2025-03-07,0.072,6070,0.119711868927548,0.1204825510182,6076.10634239522,81.1635670065164
2025-03-07,0.072,6075,0.118954798698399,0.119724800050458,6076.10634239522,78.166428223863
2025-03-07,0.072,6080,0.118101173164771,0.118871000184885,6076.10634239522,75.1573676689191
2025-03-07,0.072,6085,0.117175119111073,0.118099334384763,6076.10634239522,72.2031473391839
2025-03-07,0.072,6090,0.116475872808833,0.117246951439176,6076.10634239522,69.3490701120777
2025-03-07,0.072,6095,0.115693961005199,0.116466508360345,6076.10634239522,66.5450643543104
2025-03-07,0.072,6100,0.114827492678786,0.115602112226661,6076.10634239522,63.7410586046517
2025-03-07,0.072,6105,0.114029667628254,0.114806978989408,6076.10634239522,61.0371959934052
2025-03-07,0.072,6110,0.113299812536484,0.114080454685515,6076.10634239522,58.4334763969266
2025-03-07,0.072,6115,0.112480660635551,0.113265338321713,6076.10634239522,55.8297567614029
2025-03-07,0.072,6120,0.111727339416323,0.112516754187449,6076.10634239522,53.3261802572029
2025-03-07,0.072,6125,0.110880862511051,0.111675817050785,6076.10634239522,50.8226036928074
2025-03-07,0.072,6130,0.110098170433722,0.11089944487024,6076.10634239522,48.4191702489461
2025-03-07,0.072,6135,0.109379658268834,0.11002642716334,6076.10634239522,46.0658083106564
2025-03-07,0.072,6140,0.108726157076267,0.109379294616473,6076.10634239522,43.8626609603655
2025-03-07,0.072,6145,0.10780864470577,0.10846912688863,6076.10634239522,41.5593705043334
2025-03-07,0.072,6150,0.107118456679721,0.107786904435458,6076.10634239522,39.4563662201874
2025-03-07,0.072,6155,0.106324560064224,0.107001953173289,6076.10634239522,37.3533619477845
2025-03-07,0.072,6160,0.105593830693388,0.106281022771129,6076.10634239522,35.3505007076376
2025-03-07,0.072,6165,0.104928542595005,0.105626407192894,6076.10634239522,33.4477825581067
2025-03-07,0.072,6170,0.104154011959332,0.104863795885465,6076.10634239522,31.5450643579007
2025-03-07,0.072,6175,0.103625824002676,0.104167703419813,6076.10634239522,29.7925607946325
2025-03-07,0.072,6180,0.102805033847126,0.103541716697521,6076.10634239522,28.0400572255352
2025-03-07,0.072,6190,0.101558275663442,0.102326656223182,6076.10634239522,24.8354792386012
2025-03-07,0.072,6200,0.100431875351976,0.101036235017855,6076.10634239522,21.8812589556914
2025-03-07,0.072,6210,0.0992398112692718,0.0998772055289492,6076.10634239522,19.1773962944832
2025-03-07,0.072,6220,0.0982073099556796,0.0988828247035271,6076.10634239522,16.7739627986285
2025-03-07,0.072,6225,0.0977356474585364,0.0984323665296587,6076.10634239522,15.6723891271174
2025-03-07,0.072,6230,0.0971400198149087,0.0978605092940372,6076.10634239522,14.5708154683557
2025-03-07,0.072,6240,0.0963082989882353,0.0970797580056422,6076.10634239522,12.6680972898717
2025-03-07,0.072,6250,0.0955129320472234,0.0966185359255986,6076.10634239522,11.0157367816412
2025-03-07,0.072,6260,0.0947917363636488,0.0959876673267861,6076.10634239522,9.51359085400065
2025-03-07,0.072,6270,0.0941976774164827,0.0951742193400648,6076.10634239522,8.16165949438232
2025-03-07,0.072,6275,0.0942265980383264,0.094904820897598,6076.10634239522,7.6108726749552
2025-03-07,0.072,6280,0.0938037647837698,0.094866948083025,6076.10634239522,7.06008583203953
2025-03-07,0.072,6290,0.0933163332492087,0.0944817855169388,6076.10634239522,6.05865521105989
2025-03-07,0.072,6300,0.0931814735203503,0.0940351699218056,6076.10634239522,5.20743920225877
2025-03-07,0.072,6310,0.0930799372408071,0.093551331837191,6076.10634239522,4.45636622506061
2025-03-07,0.072,6320,0.0925399059169046,0.0935853335512749,6076.10634239522,3.8054363428744
2025-03-07,0.072,6325,0.0923519213656034,0.093455836057659,6076.10634239522,3.50500715295783
2025-03-07,0.072,6330,0.0926333280485166,0.0932139200712538,6076.10634239522,3.25464950890529
2025-03-07,0.072,6340,0.0926573877485975,0.0933012340364488,6076.10634239522,2.80400571336676
2025-03-07,0.072,6350,0.0926336675446989,0.0933512382006709,6076.10634239522,2.40343348008706
2025-03-07,0.072,6360,0.092593932376015,0.093396963228701,6076.10634239522,2.05293276232079
2025-03-07,0.072,6370,0.0930389126269149,0.0939244685550134,6076.10634239522,1.80257510782856
2025-03-07,0.072,6375,0.092913271972911,0.0938562274940698,6076.10634239522,1.65236051110642
2025-03-07,0.072,6380,0.0931824093540187,0.0941719590891041,6076.10634239522,1.55221745909716
2025-03-07,0.072,6390,0.093518872480602,0.0946184681642179,6076.10634239522,1.35193133297386
2025-03-07,0.072,6400,0.0935343465506983,0.0947752263427074,6076.10634239522,1.15164521139745
2025-03-07,0.072,6410,0.0938650663273794,0.0952490010503461,6076.10634239522,1.00143061422202
2025-03-07,0.072,6420,0.0946793510492263,0.0961898820504699,6076.10634239522,0.901287556868432
2025-03-07,0.072,6425,0.0950167334202947,0.0965998209984619,6076.10634239522,0.851216023961491
2025-03-07,0.072,6430,0.0953020942951328,0.0969653207256534,6076.10634239522,0.801144492408334
2025-03-07,0.072,6440,0.0956953160029106,0.0975474933774227,6076.10634239522,0.701001433248621
2025-03-07,0.072,6450,0.0958039473597617,0.0978978036699798,6076.10634239522,0.60085836842395
2025-03-07,0.072,6475,0.0973115228670224,0.0999812709313591,6076.10634239522,0.450643777444334
2025-03-07,0.072,6500,0.099142117859502,0.102470144946733,6076.10634239522,0.350500715307032
2025-03-07,0.072,6525,0.10206561334492,0.105937972720118,6076.10634239522,0.300429185088744
2025-03-07,0.072,6550,0.104448534865517,0.109050934578365,6076.10634239522,0.250357654045136
2025-03-07,0.072,6575,0.106079156129258,0.111731379173509,6076.10634239522,0.200286123442433
2025-03-07,0.072,6600,0.110653565233165,0.113853470710364,6076.10634239522,0.175250357176717
2025-03-07,0.072,6650,0.115275658052891,0.119696903737927,6076.10634239522,0.125178826533118
2025-03-07,0.072,6700,0.116828096678243,0.128607326649705,6076.10634239522,0.100143061512624
2025-03-07,0.072,6800,NA,0.146060265422734,6076.10634239522,NA
2025-03-07,0.072,7000,NA,0.17344809881983,6076.10634239522,NA
2025-03-07,0.072,7200,NA,0.193760016871075,6076.10634239522,NA
2025-03-07,0.072,7400,NA,0.222321100616233,6076.10634239522,NA
2025-03-07,0.072,7600,NA,0.249827110990013,6076.10634239522,NA
2025-03-07,0.072,7800,NA,0.27637442168899,6076.10634239522,NA
2025-03-10,0.076,2400,NA,0.998968003131238,6076.16433867129,NA
2025-03-10,0.076,2600,0.873335646774966,0.964859653340084,6076.16433867129,3476.28978413072
2025-03-10,0.076,2800,0.839300442185707,0.900177235907953,6076.16433867129,3276.33996231457
2025-03-10,0.076,3000,0.809218515952174,0.847316605959927,6076.16433867129,3076.44031868193
2025-03-10,0.076,3200,0.752375561006992,0.783002730332866,6076.16433867129,2876.49049686552
2025-03-10,0.076,3400,0.713238417540296,0.734100558640311,6076.16433867129,2676.64103141697
2025-03-10,0.076,3600,0.666421145017579,0.677058503081304,6076.16433867129,2476.76647687639
2025-03-10,0.076,3800,0.620567212193353,0.628404032925611,6076.16433867129,2276.9671896115
2025-03-10,0.076,4000,0.571402484950948,0.580329190582752,6076.16433867129,2077.1929914381
2025-03-10,0.076,4200,0.525443504906592,0.532163954216321,6076.16433867129,1877.49406054051
2025-03-10,0.076,4400,0.476670538505196,0.481911981209716,6076.16433867129,1677.7951296445
2025-03-10,0.076,4500,0.453221793600249,0.457798010634103,6076.16433867129,1577.99584237794
2025-03-10,0.076,4600,0.429096798202621,0.433121129922428,6076.16433867129,1478.19655511338
2025-03-10,0.076,4700,0.404434721736383,0.407991888373968,6076.16433867129,1378.3972678486
2025-03-10,0.076,4800,0.380398156290329,0.384519959648718,6076.16433867129,1278.67324785809
2025-03-10,0.076,4900,0.356656843529008,0.360238796298281,6076.16433867129,1178.97431696219
2025-03-10,0.076,5000,0.332148194744422,0.336793496850303,6076.16433867129,1079.32556424743
2025-03-10,0.076,5100,0.308359106153658,0.311048813188364,6076.16433867129,979.676811535977
2025-03-10,0.076,5200,0.284774634807782,0.287061462756169,6076.16433867129,880.178593368937
2025-03-10,0.076,5300,0.260975879379732,0.262905069855206,6076.16433867129,780.780731581588
2025-03-10,0.076,5400,0.237435259793838,0.239822629543882,6076.16433867129,681.633760703354
2025-03-10,0.076,5450,0.227160861857059,0.229281236849993,6076.16433867129,632.336255273391
2025-03-10,0.076,5500,0.216672110570988,0.218553132315308,6076.16433867129,583.139106213405
2025-03-10,0.076,5550,0.206405857486681,0.208063058114625,6076.16433867129,534.142669889842
2025-03-10,0.076,5600,0.197031969462646,0.198471381034114,6076.16433867129,485.547659029889
2025-03-10,0.076,5650,0.187924045483564,0.189167590167809,6076.16433867129,437.354073651416
2025-03-10,0.076,5675,0.183508140642456,0.184661721457743,6076.16433867129,413.457993693251
2025-03-10,0.076,5700,0.178960985384022,0.180387060416222,6076.16433867129,389.712448293834
2025-03-10,0.076,5725,0.174909013028835,0.17589959449471,6076.16433867129,366.167615617018
2025-03-10,0.076,5750,0.170557784465996,0.171781338893254,6076.16433867129,342.82349569365
2025-03-10,0.076,5775,0.16645960104881,0.167593261019745,6076.16433867129,319.730266682043
2025-03-10,0.076,5800,0.162474214474209,0.163525098058156,6076.16433867129,296.938106749172
2025-03-10,0.076,5820,0.159346135358827,0.160336057622943,6076.16433867129,278.945234106916
2025-03-10,0.076,5825,0.158482666327662,0.159701696709995,6076.16433867129,274.497194116399
2025-03-10,0.076,5830,0.157828689724025,0.158789718869416,6076.16433867129,270.049154120436
2025-03-10,0.076,5840,0.156173148742013,0.15733999537426,6076.16433867129,261.203252382975
2025-03-10,0.076,5850,0.154611152127701,0.155745193067777,6076.16433867129,252.407528758699
2025-03-10,0.076,5860,0.153127324472978,0.15422957806391,6076.16433867129,243.712161568626
2025-03-10,0.076,5870,0.151492384055278,0.152565044143806,6076.16433867129,235.016794338704
2025-03-10,0.076,5875,0.150725600277196,0.151783725621756,6076.16433867129,230.719288892123
2025-03-10,0.076,5880,0.149919660787694,0.150963768708872,6076.16433867129,226.421783477099
2025-03-10,0.076,5890,0.148396052125754,0.149412760827825,6076.16433867129,217.92712897352
2025-03-10,0.076,5900,0.146909321363942,0.147899866158991,6076.16433867129,209.532830858521
2025-03-10,0.076,5910,0.145448044375691,0.146413717764828,6076.16433867129,201.238889115405
2025-03-10,0.076,5920,0.143812797931214,0.14475545528363,6076.16433867129,192.944947361975
2025-03-10,0.076,5925,0.143024257875712,0.143955795527625,6076.16433867129,188.848154647566
2025-03-10,0.076,5930,0.142191182993327,0.143295926416955,6076.16433867129,184.801540147205
2025-03-10,0.076,5940,0.14057297203945,0.141473240826959,6076.16433867129,176.658132969842
2025-03-10,0.076,5950,0.139124736768664,0.140005351302909,6076.16433867129,168.765616692487
2025-03-10,0.076,5960,0.137480837900911,0.138515802708233,6076.16433867129,160.923278577463
2025-03-10,0.076,5970,0.135981681113168,0.136827320410199,6076.16433867129,153.181296854252
2025-03-10,0.076,5975,0.135071029825182,0.13607632022145,6076.16433867129,149.335395087322
2025-03-10,0.076,5980,0.134276737688628,0.135106950936884,6076.16433867129,145.489493308544
2025-03-10,0.076,5990,0.132693102376372,0.133672101827398,6076.16433867129,138.048580675572
2025-03-10,0.076,6000,0.131053444373274,0.132016912856215,6076.16433867129,130.657846249926
2025-03-10,0.076,6010,0.129507824775398,0.130457270014191,6076.16433867129,123.467824534206
2025-03-10,0.076,6020,0.127885241262034,0.128822351133326,6076.16433867129,116.378159182156
2025-03-10,0.076,6025,0.127061958945482,0.127993529630243,6076.16433867129,112.883504666981
2025-03-10,0.076,6030,0.126331923409964,0.12725834679127,6076.16433867129,109.489206589751
2025-03-10,0.076,6040,0.124681588230106,0.125599102201313,6076.16433867129,102.700610317995
2025-03-10,0.076,6050,0.123077165506946,0.123987574505543,6076.16433867129,96.1127268477921
2025-03-10,0.076,6060,0.121506153253554,0.122411370419836,6076.16433867129,89.725556046541
2025-03-10,0.076,6070,0.119806369938154,0.120858768085438,6076.16433867129,83.488919840958
2025-03-10,0.076,6075,0.119073870763388,0.119975146543431,6076.16433867129,80.445868993047
2025-03-10,0.076,6080,0.118300454804421,0.119201510413987,6076.16433867129,77.4751157125752
2025-03-10,0.076,6090,0.116556611054575,0.117609390898595,6076.16433867129,71.6042682177012
2025-03-10,0.076,6100,0.115101367435896,0.116007589557444,6076.16433867129,66.0344898396299
2025-03-10,0.076,6110,0.113472288675169,0.114385110090273,6076.16433867129,60.6152459871234
2025-03-10,0.076,6120,0.111808264508656,0.11288444601515,6076.16433867129,55.4468930353264
2025-03-10,0.076,6125,0.111152900961978,0.112081353462344,6076.16433867129,52.9881620597785
2025-03-10,0.076,6130,0.110409153593298,0.111188649487966,6076.16433867129,50.5294310407976
2025-03-10,0.076,6140,0.108802603816689,0.10975466199738,6076.16433867129,45.8628599202214
2025-03-10,0.076,6150,0.107454941925216,0.108265573825302,6076.16433867129,41.4973579706166
2025-03-10,0.076,6160,0.10604558602498,0.106877305541981,6076.16433867129,37.3827468833263
2025-03-10,0.076,6170,0.10456501246954,0.105422366931445,6076.16433867129,33.4688485718947
2025-03-10,0.076,6175,0.103925685570001,0.104797470438642,6076.16433867129,31.6624339417507
2025-03-10,0.076,6200,0.100744295367661,0.101709754261567,6076.16433867129,23.533568179848
2025-03-10,0.076,6225,0.0980941657588779,0.0989768056286838,6076.16433867129,17.0605824990917
2025-03-10,0.076,6250,0.0959347567085355,0.0969745288865715,6076.16433867129,12.143120471319
2025-03-10,0.076,6300,0.0931736934843927,0.0943519262627103,6076.16433867129,5.87084750631774
2025-03-10,0.076,6350,0.0922315648030572,0.0938400946587712,6076.16433867129,2.78488919609302
2025-03-10,0.076,6400,0.0934089624469599,0.0950278391509585,6076.16433867129,1.3799000559488
2025-03-10,0.076,6500,0.0982120137167579,0.102457495548901,6076.16433867129,0.426514559865339
2025-03-10,0.076,6600,0.103680793134855,0.113409796930413,6076.16433867129,0.175623644032879
2025-03-10,0.076,6700,0.113721483093014,0.128716627249138,6076.16433867129,0.125445459885627
2025-03-10,0.076,6800,NA,0.14609653112379,6076.16433867129,NA
2025-03-10,0.076,7000,NA,0.174888802892409,6076.16433867129,NA
2025-03-10,0.076,7200,NA,0.206119377715081,6076.16433867129,NA
2025-03-10,0.076,7400,NA,0.228283110943668,6076.16433867129,NA
2025-03-10,0.076,7600,NA,0.256290181157177,6076.16433867129,NA
2025-03-10,0.076,7800,NA,0.283301919577604,6076.16433867129,NA
2025-03-11,0.08,2600,0.851394663496276,0.920095300407261,6076.72923078072,3476.82974360148
2025-03-11,0.08,2800,0.843151942118021,0.890800187353449,6076.72923078072,3276.95538462744
2025-03-11,0.08,3000,0.788918853232896,0.826068214683681,6076.72923078072,3077.00564103781
2025-03-11,0.08,3200,0.744732635086405,0.771369662708339,6076.72923078072,2877.10615385827
2025-03-11,0.08,3400,0.695373359360297,0.721547015584308,6076.72923078072,2677.23179488479
2025-03-11,0.08,3600,0.655093878324577,0.669347753303183,6076.72923078072,2477.4076923208
2025-03-11,0.08,3800,0.60896307712324,0.619696559754755,6076.72923078072,2277.60871796296
2025-03-11,0.08,4000,0.563039275460833,0.571170630013213,6076.72923078072,2077.86000001406
2025-03-11,0.08,4200,0.516767810208211,0.522988091710614,6076.72923078072,1878.16153847633
2025-03-11,0.08,4400,0.46824633495344,0.473147487523191,6076.72923078072,1678.46307693855
2025-03-11,0.08,4600,0.421072138292694,0.424868971772666,6076.72923078072,1478.86512822052
2025-03-11,0.08,4700,0.397865058499134,0.401183854724459,6076.72923078072,1379.11641027496
2025-03-11,0.08,4800,0.374003300408584,0.377869440731771,6076.72923078072,1279.39282053004
2025-03-11,0.08,4850,0.362326278287553,0.365936359035848,6076.72923078072,1229.54358976188
2025-03-11,0.08,4900,0.350464347599061,0.354660781036775,6076.72923078072,1179.71948719792
2025-03-11,0.08,4950,0.338432208833392,0.341591631318984,6076.72923078072,1129.84512822514
2025-03-11,0.08,5000,0.326992734650372,0.329923047562555,6076.72923078072,1080.04615386762
2025-03-11,0.08,5050,0.315302025579953,0.318024467439004,6076.72923078072,1030.2471795095
2025-03-11,0.08,5100,0.303379321873413,0.305911908241421,6076.72923078072,980.448205149038
2025-03-11,0.08,5150,0.291239637760326,0.293597774022349,6076.72923078072,930.649230796502
2025-03-11,0.08,5200,0.280001150555902,0.282165433188173,6076.72923078072,880.950769257774
2025-03-11,0.08,5250,0.267382485641985,0.270389685781063,6076.72923078072,831.202051305184
2025-03-11,0.08,5300,0.25645878663193,0.259193473491088,6076.72923078072,781.604102591823
2025-03-11,0.08,5350,0.245051109984394,0.247545903864402,6076.72923078072,732.006153872101
2025-03-11,0.08,5400,0.234725631041665,0.236223260314868,6076.72923078072,682.558974391362
2025-03-11,0.08,5450,0.223694902549588,0.225708809036832,6076.72923078072,633.212307712087
2025-03-11,0.08,5500,0.213845217247217,0.215625193257056,6076.72923078072,584.11692310946
2025-03-11,0.08,5550,0.204084499880725,0.20565034474902,6076.72923078072,535.222564142038
2025-03-11,0.08,5600,0.195065337345847,0.196426705977311,6076.72923078072,486.730256458294
2025-03-11,0.08,5650,0.1862187493206,0.187397799334477,6076.72923078072,438.640000049639
2025-03-11,0.08,5675,0.181719915588431,0.183180763149664,6076.72923078072,414.795897492582
2025-03-11,0.08,5700,0.177792998754736,0.178809191009336,6076.72923078072,391.152820583055
2025-03-11,0.08,5725,0.173620919838906,0.174877085690267,6076.72923078072,367.710769271222
2025-03-11,0.08,5750,0.169475674945795,0.170642382170695,6076.72923078072,344.41948725507
2025-03-11,0.08,5775,0.165547584936695,0.166630387419099,6076.72923078072,321.429743650783
2025-03-11,0.08,5800,0.16170850986616,0.162714259229835,6076.72923078072,298.741538536284
2025-03-11,0.08,5825,0.157849642008128,0.15878567911223,6076.72923078072,276.354871854742
2025-03-11,0.08,5850,0.153877864821206,0.154969323801422,6076.72923078072,254.320000081038
2025-03-11,0.08,5860,0.152358243820596,0.153420453014646,6076.72923078072,245.626666772303
2025-03-11,0.08,5870,0.150904106001955,0.151938070074066,6076.72923078072,237.033846224336
2025-03-11,0.08,5875,0.150120899805461,0.151141478880426,6076.72923078072,232.737435990219
2025-03-11,0.08,5880,0.149300907967981,0.150308557375227,6076.72923078072,228.441025721891
2025-03-11,0.08,5890,0.147945803208426,0.148927420112444,6076.72923078072,220.049230852361
2025-03-11,0.08,5900,0.14642870492784,0.14738617933138,6076.72923078072,211.657436001823
2025-03-11,0.08,5910,0.144753294324218,0.145874986217993,6076.72923078072,203.315897565817
2025-03-11,0.08,5920,0.143288149436899,0.144201264073095,6076.72923078072,195.074871887758
2025-03-11,0.08,5925,0.142491640170542,0.143394423383483,6076.72923078072,190.979487264378
2025-03-11,0.08,5930,0.141831714307402,0.142724137429815,6076.72923078072,186.984615534572
2025-03-11,0.08,5940,0.140200035847019,0.141073347793645,6076.72923078072,178.894359066897
2025-03-11,0.08,5950,0.138737706755297,0.139592733347323,6076.72923078072,171.005128341138
2025-03-11,0.08,5960,0.137089916559893,0.138095646569521,6076.72923078072,163.166153978736
2025-03-11,0.08,5970,0.13558730063638,0.136574035303465,6076.72923078072,155.477948856138
2025-03-11,0.08,5975,0.134844160664642,0.13565905962283,6076.72923078072,151.633846315792
2025-03-11,0.08,5980,0.134050807563178,0.135020030309958,6076.72923078072,147.890256555752
2025-03-11,0.08,5990,0.132472656576733,0.133425847769544,6076.72923078072,140.403077100686
2025-03-11,0.08,6000,0.13084504304835,0.131783684945278,6076.72923078072,133.016410415689
2025-03-11,0.08,6010,0.129314328540685,0.13023981143171,6076.72923078072,125.830769364995
2025-03-11,0.08,6020,0.127866453138763,0.128780265830333,6076.72923078072,118.846154022194
2025-03-11,0.08,6025,0.127055907094977,0.127964515148546,6076.72923078072,115.353846312389
2025-03-11,0.08,6030,0.126187203157827,0.127091018683635,6076.72923078072,111.861538638547
2025-03-11,0.08,6040,0.124720960765062,0.125616325848177,6076.72923078072,105.178461728724
2025-03-11,0.08,6050,0.123155564968872,0.124044201682943,6076.72923078072,98.5958976016641
2025-03-11,0.08,6060,0.121629945959843,0.122513626728145,6076.72923078072,92.2143591870374
2025-03-11,0.08,6070,0.119986305679624,0.121013677588617,6076.72923078072,85.9835899664986
2025-03-11,0.08,6075,0.119282158437854,0.120161964904246,6076.72923078072,82.9435899587913
2025-03-11,0.08,6080,0.118440606919329,0.119320131369604,6076.72923078072,79.9076924915837
2025-03-11,0.08,6090,0.116895225827344,0.117775812421911,6076.72923078072,74.0779488994363
2025-03-11,0.08,6100,0.115347394629392,0.116231356831734,6076.72923078072,68.4492309448885
2025-03-11,0.08,6110,0.113786980099303,0.114676837573543,6076.72923078072,63.0215386378939
2025-03-11,0.08,6120,0.112203792840517,0.11310231859962,6076.72923078072,57.7948719104027
2025-03-11,0.08,6125,0.111438085176565,0.112342061646555,6076.72923078072,55.2820514052348
2025-03-11,0.08,6130,0.110739133114051,0.111649320195942,6076.72923078072,52.8697437253188
2025-03-11,0.08,6140,0.10923537704798,0.110006466301221,6076.72923078072,48.0953847112351
2025-03-11,0.08,6150,0.107682715196249,0.108626842001065,6076.72923078072,43.6225642085215
2025-03-11,0.08,6160,0.106231903072315,0.107199052025655,6076.72923078072,39.4010257265599
2025-03-11,0.08,6170,0.104885351200935,0.105880066138331,6076.72923078072,35.481025733059
2025-03-11,0.08,6175,0.104316234964066,0.105158231625678,6076.72923078072,33.6215385461467
2025-03-11,0.08,6200,0.10118994020453,0.102116117803988,6076.72923078072,25.2789744384328
2025-03-11,0.08,6225,0.0986326752434858,0.0994716349203895,6076.72923078072,18.5948718469365
2025-03-11,0.08,6250,0.096347583920662,0.0975700377865709,6076.72923078072,13.4184615684007
2025-03-11,0.08,6300,0.093673168475035,0.095108727281427,6076.72923078072,6.73435900417098
2025-03-11,0.08,6350,0.0925348174031876,0.0942560183729391,6076.72923078072,3.26666668178737
2025-03-11,0.08,6400,0.0934997748380948,0.0949206222402677,6076.72923078072,1.63333334046884
2025-03-11,0.08,6500,0.0971228594688758,0.102052118044257,6076.72923078072,0.502564104321234
2025-03-11,0.08,6600,0.104894645654711,0.112612077672305,6076.72923078072,0.226153847077557
2025-03-11,0.08,6700,0.110758673280301,0.1282092002189,6076.72923078072,0.150769231002746
2025-03-11,0.08,6800,NA,0.142311750995201,6076.72923078072,NA
2025-03-11,0.08,7000,NA,0.170381531086676,6076.72923078072,NA
2025-03-11,0.08,7200,NA,0.200826179814379,6076.72923078072,NA
2025-03-11,0.08,7400,NA,0.230016923185233,6076.72923078072,NA
2025-03-11,0.08,7600,NA,0.249735009881265,6076.72923078072,NA
2025-03-11,0.08,7800,NA,0.276066216490031,6076.72923078072,NA
2025-03-12,0.084,2600,0.871512602189222,0.917920164374535,6077.36949841268,3477.51995900468
2025-03-12,0.084,2800,0.82280436270676,0.869288946578666,6077.36949841268,3277.59518930076
2025-03-12,0.084,3000,0.783815687192448,0.815448369558895,6077.36949841268,3077.69549636217
2025-03-12,0.084,3200,0.736366928778675,0.759906450277045,6077.36949841268,2877.79580342326
2025-03-12,0.084,3400,0.692351353811626,0.709473206536268,6077.36949841268,2677.94626401524
2025-03-12,0.084,3600,0.644195338120761,0.65736835431628,6077.36949841268,2478.09672460801
2025-03-12,0.084,3800,0.601408097739603,0.61107046002074,6077.36949841268,2278.34749226121
2025-03-12,0.084,4000,0.554844101446952,0.562298708122188,6077.36949841268,2078.5982599144
2025-03-12,0.084,4200,0.508417837285707,0.514198265467983,6077.36949841268,1878.89918109681
2025-03-12,0.084,4400,0.461760209022827,0.466269437479081,6077.36949841268,1679.25025581386
2025-03-12,0.084,4600,0.415851007442487,0.419333113264057,6077.36949841268,1479.70163759057
2025-03-12,0.084,4700,0.392595111939622,0.395660045347177,6077.36949841268,1379.95240524157
2025-03-12,0.084,4800,0.36879865527762,0.372391094884603,6077.36949841268,1280.22824965776
2025-03-12,0.084,4900,0.346154921741022,0.349276177026796,6077.36949841268,1180.57932437699
2025-03-12,0.084,5000,0.323408519349319,0.326110819756982,6077.36949841268,1080.98055261718
2025-03-12,0.084,5100,0.299798620568849,0.30215015680972,6077.36949841268,981.381780864085
2025-03-12,0.084,5200,0.276460060001147,0.279474429868859,6077.36949841268,881.933469710755
2025-03-12,0.084,5300,0.253884187283947,0.25642802184587,6077.36949841268,782.635619138962
2025-03-12,0.084,5400,0.232747016004752,0.234827162373557,6077.36949841268,683.738996812604
2025-03-12,0.084,5450,0.222894320202159,0.224748601201536,6077.36949841268,634.541453296587
2025-03-12,0.084,5500,0.21332724327986,0.214968922543983,6077.36949841268,585.544523916724
2025-03-12,0.084,5550,0.203759096937311,0.205207926944872,6077.36949841268,536.748208657106
2025-03-12,0.084,5600,0.194813562291355,0.196079772020126,6077.36949841268,488.353121642413
2025-03-12,0.084,5650,0.186355404610278,0.187454729628271,6077.36949841268,440.459569932639
2025-03-12,0.084,5675,0.182007620485774,0.183372532945154,6077.36949841268,416.713408187398
2025-03-12,0.084,5700,0.178168645241378,0.179120642740583,6077.36949841268,393.167860576388
2025-03-12,0.084,5725,0.174080031745723,0.175260407293557,6077.36949841268,369.822927092619
2025-03-12,0.084,5750,0.170000002279341,0.171099708557513,6077.36949841268,346.62845419596
2025-03-12,0.084,5775,0.166112519244166,0.167136603293432,6077.36949841268,323.734902485052
2025-03-12,0.084,5800,0.162301786938921,0.16325631923624,6077.36949841268,301.142271942769
2025-03-12,0.084,5825,0.158468584439296,0.159582224612856,6077.36949841268,278.900716155747
2025-03-12,0.084,5850,0.154736101420212,0.155570069790193,6077.36949841268,256.960081522368
2025-03-12,0.084,5860,0.153139224883732,0.154155051157664,6077.36949841268,248.314226833058
2025-03-12,0.084,5870,0.1516101046839,0.152600603349377,6077.36949841268,239.718525706533
2025-03-12,0.084,5875,0.150989676502187,0.151967378067893,6077.36949841268,235.520982206168
2025-03-12,0.084,5880,0.150136819600721,0.151102902917309,6077.36949841268,231.22313162441
2025-03-12,0.084,5890,0.14870819230811,0.149650853444023,6077.36949841268,222.828044601969
2025-03-12,0.084,5900,0.147129369023181,0.148050210726363,6077.36949841268,214.432957590931
2025-03-12,0.084,5910,0.145583438596396,0.146483418964945,6077.36949841268,206.138177603445
2025-03-12,0.084,5920,0.144060569608307,0.144940693306451,6077.36949841268,197.943704698158
2025-03-12,0.084,5925,0.143413787617077,0.144284126316383,6077.36949841268,193.946775308511
2025-03-12,0.084,5930,0.142551461202296,0.143412766072628,6077.36949841268,189.849538882217
2025-03-12,0.084,5940,0.141047283858279,0.141890831026459,6077.36949841268,181.855680108976
2025-03-12,0.084,5950,0.139539614345646,0.140366479925804,6077.36949841268,173.962128397988
2025-03-12,0.084,5960,0.138020363836798,0.138831633838367,6077.36949841268,166.168883784654
2025-03-12,0.084,5970,0.136481701800631,0.137278468199331,6077.36949841268,158.475946180136
2025-03-12,0.084,5975,0.135722453586331,0.136512358029404,6077.36949841268,154.679630874381
2025-03-12,0.084,5980,0.134915974657331,0.135855914585097,6077.36949841268,150.933469185595
2025-03-12,0.084,5990,0.133315618466882,0.13424081075616,6077.36949841268,143.441145660673
2025-03-12,0.084,6000,0.131825077140549,0.132736734547954,6077.36949841268,136.149436348653
2025-03-12,0.084,6010,0.130280602196325,0.131180124034025,6077.36949841268,128.958034082152
2025-03-12,0.084,6020,0.128674998148687,0.129563793915192,6077.36949841268,121.866938851464
2025-03-12,0.084,6025,0.128012705416535,0.128749316817025,6077.36949841268,118.421698320931
2025-03-12,0.084,6030,0.12714733779699,0.12802679443534,6077.36949841268,114.976457733655
2025-03-12,0.084,6040,0.125685670089815,0.126557259817273,6077.36949841268,108.286590796139
2025-03-12,0.084,6050,0.124134731621404,0.125000023279951,6077.36949841268,101.697030881777
2025-03-12,0.084,6060,0.122486674543874,0.123347290672059,6077.36949841268,95.2077780233296
2025-03-12,0.084,6070,0.121018576199841,0.12187621835311,6077.36949841268,89.0194463447679
2025-03-12,0.084,6075,0.120187772434865,0.121187409266548,6077.36949841268,85.9754340438249
2025-03-12,0.084,6080,0.119465815540605,0.120322306200822,6077.36949841268,82.9539397363103
2025-03-12,0.084,6090,0.117853905566022,0.118854072960534,6077.36949841268,77.0859766669421
2025-03-12,0.084,6100,0.116391960935899,0.117252140943185,6077.36949841268,71.4186277120425
2025-03-12,0.084,6110,0.11492842112483,0.115793758185353,6077.36949841268,66.0020463455251
2025-03-12,0.084,6120,0.113454633418499,0.114327598156428,6077.36949841268,60.7860791852017
2025-03-12,0.084,6125,0.112601452300362,0.113479282325628,6077.36949841268,58.1780955883382
2025-03-12,0.084,6130,0.111961965475275,0.112845280699467,6077.36949841268,55.770726137089
2025-03-12,0.084,6140,0.110441649766232,0.111338348386859,6077.36949841268,50.9559871470915
2025-03-12,0.084,6150,0.109036923266787,0.109950248614716,6077.36949841268,46.4421694345062
2025-03-12,0.084,6160,0.107748476901876,0.108526469583701,6077.36949841268,42.1791192966737
2025-03-12,0.084,6170,0.106420637338289,0.107218898073163,6077.36949841268,38.1668368206018
2025-03-12,0.084,6175,0.105780494367344,0.106590258827763,6077.36949841268,36.2610026690178
2025-03-12,0.084,6200,0.102843757657702,0.103726753758393,6077.36949841268,27.7349024844921
2025-03-12,0.084,6225,0.100351336612992,0.101142346710584,6077.36949841268,20.7635617020923
2025-03-12,0.084,6250,0.0981679570658087,0.0990780852124424,6077.36949841268,15.2466733299722
2025-03-12,0.084,6300,0.0952526061418247,0.0965488660120987,6077.36949841268,7.9242578391636
2025-03-12,0.084,6350,0.0938824983576696,0.0953892743827076,6077.36949841268,3.96212892484243
2025-03-12,0.084,6400,0.0941766506265737,0.0958020158840535,6077.36949841268,2.0061412316027
2025-03-12,0.084,6500,0.0983492211061001,0.101418499278985,6077.36949841268,0.626919134361973
2025-03-12,0.084,6600,0.105186052995845,0.111617540559313,6077.36949841268,0.275844418363047
2025-03-12,0.084,6700,0.114514642508486,0.124971304202133,6077.36949841268,0.175537357267465
2025-03-12,0.084,6800,0.122885860936185,0.138736338875265,6077.36949841268,0.12538382725537
2025-03-12,0.084,7000,NA,0.166131363683348,6077.36949841268,NA
2025-03-12,0.084,7200,NA,0.195839348041589,6077.36949841268,NA
2025-03-12,0.084,7400,NA,0.224323619502215,6077.36949841268,NA
2025-03-12,0.084,7600,NA,0.243570215268185,6077.36949841268,NA
2025-03-12,0.084,7800,NA,0.269264138939425,6077.36949841268,NA
2025-03-13,0.088,2400,0.885549043469122,0.956581960653633,6077.97045929471,3678.07084033302
2025-03-13,0.088,2600,0.851609317051577,0.912965697225366,6077.97045929471,3478.14612611153
2025-03-13,0.088,2800,0.804023618712664,0.860494929821007,6077.97045929471,3278.22141189015
2025-03-13,0.088,3000,0.765936099943728,0.796849563504283,6077.97045929471,3078.29669766887
2025-03-13,0.088,3200,0.719580733295551,0.742585411664355,6077.97045929471,2878.39707870722
2025-03-13,0.088,3400,0.67658034169882,0.693313470130605,6077.97045929471,2678.54765026465
2025-03-13,0.088,3600,0.634052030239199,0.646294818600695,6077.97045929471,2478.74841234066
2025-03-13,0.088,3800,0.591002099557457,0.600102710908098,6077.97045929471,2278.99936493591
2025-03-13,0.088,4000,0.547170342637342,0.551820529384607,6077.97045929471,2079.27541279167
2025-03-13,0.088,4200,0.500695409886653,0.506095007171449,6077.97045929471,1879.60165116586
2025-03-13,0.088,4400,0.454268040361927,0.45851822231717,6077.97045929471,1679.95298480069
2025-03-13,0.088,4500,0.431140442401748,0.436125182482243,6077.97045929471,1580.17884213415
2025-03-13,0.088,4600,0.408737265411634,0.412044365971652,6077.97045929471,1480.40469946972
2025-03-13,0.088,4700,0.38574208857036,0.389611443120582,6077.97045929471,1380.68074732713
2025-03-13,0.088,4800,0.363132682565227,0.366526544845257,6077.97045929471,1280.98189043868
2025-03-13,0.088,4900,0.339903843147307,0.344346355874372,6077.97045929471,1181.3332240768
2025-03-13,0.088,5000,0.317474171485137,0.321334782371576,6077.97045929471,1081.73474822518
2025-03-13,0.088,5100,0.295375522570524,0.297604857502555,6077.97045929471,982.186462904624
2025-03-13,0.088,5200,0.273224509607596,0.27512550501972,6077.97045929471,882.788749133975
2025-03-13,0.088,5300,0.250711856376433,0.253118013522151,6077.97045929471,783.541606915012
2025-03-13,0.088,5400,0.230279662089214,0.232243917150661,6077.97045929471,684.746179381023
2025-03-13,0.088,5450,0.220366158926052,0.222125353345754,6077.97045929471,635.54922767875
2025-03-13,0.088,5500,0.211274165365128,0.212829045656336,6077.97045929471,586.653419106198
2025-03-13,0.088,5550,0.202084323707576,0.20345644867822,6077.97045929471,537.958372599434
2025-03-13,0.088,5600,0.193405219495457,0.195003563592588,6077.97045929471,489.715040771621
2025-03-13,0.088,5650,0.185128940382052,0.186521434396036,6077.97045929471,441.923423618621
2025-03-13,0.088,5675,0.18135086417529,0.182323881188446,6077.97045929471,418.27856763383
2025-03-13,0.088,5700,0.177374230723218,0.178281264259559,6077.97045929471,394.784283197313
2025-03-13,0.088,5725,0.173177412678385,0.174306014258068,6077.97045929471,371.440570311295
2025-03-13,0.088,5750,0.169533305914308,0.170322162619485,6077.97045929471,348.398000585146
2025-03-13,0.088,5775,0.165526595690727,0.166508603604707,6077.97045929471,325.556192882156
2025-03-13,0.088,5800,0.161612701511489,0.162759749680992,6077.97045929471,303.015528325492
2025-03-13,0.088,5825,0.157911306913061,0.158984542966394,6077.97045929471,280.826197389395
2025-03-13,0.088,5850,0.154298415171301,0.155304466341698,6077.97045929471,259.038390602996
2025-03-13,0.088,5860,0.152672662396319,0.153654530902951,6077.97045929471,250.343344094715
2025-03-13,0.088,5870,0.151307514050393,0.152265173845332,6077.97045929471,241.849059697408
2025-03-13,0.088,5875,0.150477706800572,0.151424214589757,6077.97045929471,237.551726957275
2025-03-13,0.088,5880,0.149803108823384,0.150738162363535,6077.97045929471,233.354775249058
2025-03-13,0.088,5890,0.148345470541535,0.149258789195583,6077.97045929471,224.960871861847
2025-03-13,0.088,5900,0.146745757982296,0.147817078130471,6077.97045929471,216.617159044979
2025-03-13,0.088,5910,0.145356149758621,0.146229277477999,6077.97045929471,208.373827198208
2025-03-13,0.088,5920,0.143813679777277,0.14466831550486,6077.97045929471,200.180685875453
2025-03-13,0.088,5925,0.142985852170004,0.144000684402606,6077.97045929471,196.134305733288
2025-03-13,0.088,5930,0.142288189407179,0.143125265193137,6077.97045929471,192.087925587721
2025-03-13,0.088,5940,0.140771148024581,0.141755546672714,6077.97045929471,184.145736878236
2025-03-13,0.088,5950,0.139254401027229,0.140220076599152,6077.97045929471,176.253738656268
2025-03-13,0.088,5960,0.137730107697677,0.138678247484155,6077.97045929471,168.462121483012
2025-03-13,0.088,5970,0.13619067324585,0.137122477343331,6077.97045929471,160.770885397394
2025-03-13,0.088,5975,0.135432217674372,0.136356283645411,6077.97045929471,156.975457827459
2025-03-13,0.088,5980,0.134628676486019,0.135545355322812,6077.97045929471,153.18003033842
2025-03-13,0.088,5990,0.133187311319932,0.134089948868201,6077.97045929471,145.78993730102
2025-03-13,0.088,6000,0.131556099102913,0.132594365303242,6077.97045929471,138.450034845399
2025-03-13,0.088,6010,0.130026964351165,0.13105185559517,6077.97045929471,131.260703874231
2025-03-13,0.088,6020,0.128587208044826,0.129455504819387,6077.97045929471,124.221944520753
2025-03-13,0.088,6025,0.127789178248846,0.128652897281915,6077.97045929471,120.7276600896
2025-03-13,0.088,6030,0.127081898270766,0.127941347480868,6077.97045929471,117.333756696164
2025-03-13,0.088,6040,0.125504105843512,0.126356107674439,6077.97045929471,110.545949918097
2025-03-13,0.088,6050,0.123987377909169,0.124833358594131,6077.97045929471,103.958905228164
2025-03-13,0.088,6060,0.122521299370968,0.123362771144998,6077.97045929471,97.5726226170693
2025-03-13,0.088,6070,0.120956410709024,0.121934735969817,6077.97045929471,91.336911553653
2025-03-13,0.088,6075,0.120151772597301,0.121129135685459,6077.97045929471,88.2441512187102
2025-03-13,0.088,6080,0.119454302938391,0.120431214189582,6077.97045929471,85.2736919728061
2025-03-13,0.088,6090,0.117891647558877,0.118869257884075,6077.97045929471,79.3512107049746
2025-03-13,0.088,6100,0.116482769689056,0.117323266484765,6077.97045929471,73.6796820516181
2025-03-13,0.088,6110,0.114939212679644,0.115925215239874,6077.97045929471,68.2089154804983
2025-03-13,0.088,6120,0.113533802094665,0.114385885270798,6077.97045929471,62.9389109304443
2025-03-13,0.088,6125,0.112863679267967,0.113720130929051,6077.97045929471,60.4293850388851
2025-03-13,0.088,6130,0.112118838322857,0.112980340080602,6077.97045929471,57.9198590338351
2025-03-13,0.088,6140,0.110686769647813,0.111560444955762,6077.97045929471,53.101569219938
2025-03-13,0.088,6150,0.109378198275179,0.110266968866871,6077.97045929471,48.5844225261349
2025-03-13,0.088,6160,0.10804333639386,0.108950554885044,6077.97045929471,44.2680378675744
2025-03-13,0.088,6170,0.106675949090257,0.107605413239769,6077.97045929471,40.152415302307
2025-03-13,0.088,6175,0.10609595093118,0.107037869191822,6077.97045929471,38.2451755435378
2025-03-13,0.088,6200,0.103167497608244,0.104019239105407,6077.97045929471,29.4618347204624
2025-03-13,0.088,6225,0.100706900001427,0.101653756163463,6077.97045929471,22.3347810018412
2025-03-13,0.088,6250,0.0985736986593723,0.0994384569902266,6077.97045929471,16.5628712769943
2025-03-13,0.088,6275,0.0968997525604989,0.0979104668921306,6077.97045929471,12.1461056210889
2025-03-13,0.088,6300,0.0957002429903686,0.0966074136057514,6077.97045929471,8.783340856439
2025-03-13,0.088,6325,0.0946541325801358,0.0961285003258074,6077.97045929471,6.3240054137863
2025-03-13,0.088,6350,0.0939929187269788,0.0958231749508719,6077.97045929471,4.51714672293693
2025-03-13,0.088,6375,0.0941313323245742,0.095284120788077,6077.97045929471,3.21219322253941
2025-03-13,0.088,6400,0.0942217972159735,0.095680945259027,6077.97045929471,2.30876387338776
2025-03-13,0.088,6500,0.0980238753517127,0.100729045542579,6077.97045929471,0.727762524765758
2025-03-13,0.088,6600,0.105056038909239,0.110588915730418,6077.97045929471,0.326238374017208
2025-03-13,0.088,6700,0.111785298967081,0.121995443358728,6077.97045929471,0.175666816545524
2025-03-13,0.088,6800,0.119969817341036,0.138446868830605,6077.97045929471,0.150571557674711
2025-03-13,0.088,7000,NA,0.16652840759718,6077.97045929471,NA
2025-03-13,0.088,7200,NA,0.191246191414255,6077.97045929471,NA
2025-03-13,0.088,7400,NA,0.219078144170946,6077.97045929471,NA
2025-03-13,0.088,7600,NA,0.237886142738112,6077.97045929471,NA
2025-03-13,0.088,7800,NA,0.262991264196043,6077.97045929471,NA
2025-03-14,0.092,1600,NA,1.29095076497447,6079.80791284293,NA
2025-03-14,0.092,1800,NA,1.21458386261711,6079.80791284293,NA
2025-03-14,0.092,2000,NA,1.11235798440041,6079.80791284293,NA
2025-03-14,0.092,2200,0.944648524618574,1.0425320727686,6079.80791284293,3879.93334288873
2025-03-14,0.092,2400,0.908472734754434,0.973524679301815,6079.80791284293,3679.98351490718
2025-03-14,0.092,2600,0.858342074807764,0.906503250753289,6079.80791284293,3480.0336869257
2025-03-14,0.092,2800,0.804273011764152,0.841844401457543,6079.80791284293,3280.08385894393
2025-03-14,0.092,3000,0.760726017780677,0.787691402966894,6079.80791284293,3080.18420298048
2025-03-14,0.092,3200,0.712247087232863,0.732874935658304,6079.80791284293,2880.28454701739
2025-03-14,0.092,3400,0.667818543318034,0.683175169126516,6079.80791284293,2680.43506307253
2025-03-14,0.092,3600,0.624596587024902,0.636024286962273,6079.80791284293,2480.63575114535
2025-03-14,0.092,3800,0.581390486498602,0.587217983287241,6079.80791284293,2280.86152522744
2025-03-14,0.092,4000,0.537763874912379,0.54431945815301,6079.80791284293,2081.18764334848
2025-03-14,0.092,4200,0.491814935835049,0.496985520316672,6079.80791284293,1881.48867545875
2025-03-14,0.092,4400,0.447416887641368,0.451435013551407,6079.80791284293,1681.89005160298
2025-03-14,0.092,4500,0.425693859456506,0.429214930359405,6079.80791284293,1582.14091169639
2025-03-14,0.092,4600,0.402276280097365,0.40644669994934,6079.80791284293,1482.3666857793
2025-03-14,0.092,4700,0.38047881566469,0.383233423804757,6079.80791284293,1382.64263187995
2025-03-14,0.092,4750,0.369325036322962,0.372749808762685,6079.80791284293,1332.81823394358
2025-03-14,0.092,4800,0.357196155260702,0.362021143251669,6079.80791284293,1282.96874999931
2025-03-14,0.092,4850,0.346581198124241,0.349603801902146,6079.80791284293,1233.11926605091
2025-03-14,0.092,4900,0.335733947455319,0.338550479524409,6079.80791284293,1183.31995412604
2025-03-14,0.092,4950,0.32467502419093,0.32730367459076,6079.80791284293,1133.52064220526
2025-03-14,0.092,5000,0.313421065099196,0.315877412673652,6079.80791284293,1083.72133027927
2025-03-14,0.092,5050,0.301985354623531,0.304282840103593,6079.80791284293,1033.92201834278
2025-03-14,0.092,5100,0.291461265903078,0.293580841559309,6079.80791284293,984.223050457244
2025-03-14,0.092,5125,0.285560705548789,0.287612392009386,6079.80791284293,959.323394493478
2025-03-14,0.092,5150,0.280620986765703,0.282580821391861,6079.80791284293,934.524082563933
2025-03-14,0.092,5175,0.274611096999189,0.277440056258366,6079.80791284293,909.674598620543
2025-03-14,0.092,5200,0.269488896762585,0.271304106160613,6079.80791284293,884.825114674054
2025-03-14,0.092,5225,0.264260244027396,0.265997847624955,6079.80791284293,860.025802753832
2025-03-14,0.092,5250,0.258929967119097,0.260594462331106,6079.80791284293,835.226490824349
2025-03-14,0.092,5275,0.253502240836646,0.255097677461114,6079.80791284293,810.427178900572
2025-03-14,0.092,5300,0.247980653973377,0.250264257508388,6079.80791284293,785.67803898336
2025-03-14,0.092,5325,0.24310581941543,0.245276324446654,6079.80791284293,760.979071099747
2025-03-14,0.092,5350,0.238076520351873,0.239459739411648,6079.80791284293,736.229931192402
2025-03-14,0.092,5360,0.235886422185429,0.23791572183412,6079.80791284293,726.380447238928
2025-03-14,0.092,5370,0.234348797846337,0.23567224535087,6079.80791284293,716.530963300047
2025-03-14,0.092,5375,0.233562328964929,0.234868730210445,6079.80791284293,711.63130733252
2025-03-14,0.092,5380,0.232111409156823,0.234054131894825,6079.80791284293,706.681479349098
2025-03-14,0.092,5390,0.230498512125829,0.231766189997327,6079.80791284293,696.831995406056
2025-03-14,0.092,5400,0.22821590059488,0.230077697512953,6079.80791284293,686.982511471158
2025-03-14,0.092,5410,0.226531550458695,0.227747007036166,6079.80791284293,677.133027518444
2025-03-14,0.092,5420,0.224205477741167,0.225991371723891,6079.80791284293,667.283543577905
2025-03-14,0.092,5425,0.223334310164769,0.225098691760173,6079.80791284293,662.383887622192
2025-03-14,0.092,5430,0.222452993355096,0.224196299266156,6079.80791284293,657.484231651975
2025-03-14,0.092,5440,0.220660525835706,0.221799427115468,6079.80791284293,647.634747701884
2025-03-14,0.092,5450,0.218829240936925,0.219941709826829,6079.80791284293,637.835435781491
2025-03-14,0.092,5460,0.216960211862502,0.218047240948684,6079.80791284293,628.036123857665
2025-03-14,0.092,5470,0.215054427415077,0.216643142364382,6079.80791284293,618.286983940501
2025-03-14,0.092,5475,0.214088039381383,0.215658994591267,6079.80791284293,613.387327974711
2025-03-14,0.092,5480,0.213112798107984,0.214666304552876,6079.80791284293,608.487672030789
2025-03-14,0.092,5490,0.211136161258428,0.212655663806448,6079.80791284293,598.688360092728
2025-03-14,0.092,5500,0.209623738799243,0.211101750926564,6079.80791284293,588.989392201453
2025-03-14,0.092,5510,0.207568588109706,0.209015212337957,6079.80791284293,579.190080265949
2025-03-14,0.092,5520,0.205955552398961,0.207364100813421,6079.80791284293,569.491112374276
2025-03-14,0.092,5525,0.204894669757503,0.206288545184801,6079.80791284293,564.591456423268
2025-03-14,0.092,5530,0.204288164848281,0.205660408999111,6079.80791284293,559.792144486062
2025-03-14,0.092,5540,0.202568226984771,0.203905797123033,6079.80791284293,550.093176616484
2025-03-14,0.092,5550,0.200797374152665,0.202101774364318,6079.80791284293,540.394208705895
2025-03-14,0.092,5560,0.198977092102508,0.200249712823051,6079.80791284293,530.695240819932
2025-03-14,0.092,5570,0.197108729069245,0.198350858434215,6079.80791284293,520.996272941031
2025-03-14,0.092,5575,0.196362586600837,0.19758724391775,6079.80791284293,516.196961013558
2025-03-14,0.092,5580,0.195599530732398,0.196807179916311,6079.80791284293,511.397649086756
2025-03-14,0.092,5590,0.194023938991284,0.195198880126377,6079.80791284293,501.799025234382
2025-03-14,0.092,5600,0.192384312711361,0.19352816178782,6079.80791284293,492.200401388549
2025-03-14,0.092,5610,0.190682769778373,0.191797005270785,6079.80791284293,482.60177751883
2025-03-14,0.092,5620,0.188921212418676,0.190007190274502,6079.80791284293,473.003153680099
2025-03-14,0.092,5625,0.188018468641425,0.189090791562077,6079.80791284293,468.203841746511
2025-03-14,0.092,5630,0.187455549192137,0.188510906471382,6079.80791284293,463.50487386182
2025-03-14,0.092,5640,0.185570205820032,0.186940955780206,6079.80791284293,453.95642200536
2025-03-14,0.092,5650,0.184300948629175,0.185299859174769,6079.80791284293,444.5083142197
2025-03-14,0.092,5660,0.182617062553566,0.183589860996956,6079.80791284293,435.010034410764
2025-03-14,0.092,5670,0.18086502534785,0.181812956314345,6079.80791284293,425.5117545721
2025-03-14,0.092,5675,0.180120569155379,0.181055221499228,6079.80791284293,420.812786709219
2025-03-14,0.092,5680,0.179355605530854,0.180277347852069,6079.80791284293,416.113818799327
2025-03-14,0.092,5690,0.177765560682016,0.178662518181215,6079.80791284293,406.715883031497
2025-03-14,0.092,5700,0.176389334690622,0.177260701191701,6079.80791284293,397.418291283752
2025-03-14,0.092,5710,0.174638016786076,0.175768973156681,6079.80791284293,388.070527524546
2025-03-14,0.092,5720,0.17308991332179,0.174190408168248,6079.80791284293,378.772935776184
2025-03-14,0.092,5725,0.172419761536781,0.173234169076792,6079.80791284293,374.124139931982
2025-03-14,0.092,5730,0.171724761919962,0.172527694256182,6079.80791284293,369.525516054407
2025-03-14,0.092,5740,0.170262020863519,0.171043015314418,6079.80791284293,360.328268356855
2025-03-14,0.092,5750,0.168704992273066,0.169465285169361,6079.80791284293,351.131020642493
2025-03-14,0.092,5760,0.167056534290272,0.168043326000864,6079.80791284293,341.983944953804
2025-03-14,0.092,5770,0.165800908169447,0.166520788505404,6079.80791284293,332.937213310943
2025-03-14,0.092,5775,0.16489352713337,0.165604563833886,6079.80791284293,328.338589460847
2025-03-14,0.092,5780,0.164199291201063,0.16490067343342,6079.80791284293,323.840309621718
2025-03-14,0.092,5790,0.162501664042943,0.163412879363163,6079.80791284293,314.793577978343
2025-03-14,0.092,5800,0.161155410631344,0.162042275504218,6079.80791284293,305.897362394697
2025-03-14,0.092,5810,0.159695131176882,0.160559136737161,6079.80791284293,297.001146782192
2025-03-14,0.092,5820,0.158124120524201,0.158966605402569,6079.80791284293,288.10493120876
2025-03-14,0.092,5825,0.157402184730218,0.158233930877224,6079.80791284293,283.706995414759
2025-03-14,0.092,5830,0.156650981396732,0.157677135164902,6079.80791284293,279.359231659014
2025-03-14,0.092,5840,0.15526288482601,0.156063575439689,6079.80791284293,270.613532109226
2025-03-14,0.092,5850,0.153752170616154,0.154533492339626,6079.80791284293,261.918004597701
2025-03-14,0.092,5860,0.152312726157358,0.15326547773681,6079.80791284293,253.372993116909
2025-03-14,0.092,5870,0.15093347627798,0.151677782731243,6079.80791284293,244.827981634555
2025-03-14,0.092,5875,0.15010199686758,0.15083790453745,6079.80791284293,240.530389882662
2025-03-14,0.092,5880,0.149422028942634,0.15014930805437,6079.80791284293,236.333142217921
2025-03-14,0.092,5890,0.147958999467232,0.148669879734659,6079.80791284293,227.938646809455
2025-03-14,0.092,5900,0.146534739058861,0.147229896854999,6079.80791284293,219.644495423202
2025-03-14,0.092,5910,0.144969915298459,0.14582030623237,6079.80791284293,211.400516037264
2025-03-14,0.092,5920,0.143433318033544,0.144099769848587,6079.80791284293,203.156536723722
2025-03-14,0.092,5925,0.14277603639892,0.143600279287395,6079.80791284293,199.210149090435
2025-03-14,0.092,5930,0.142079680543601,0.142732544071243,6079.80791284293,195.16341743331
2025-03-14,0.092,5935,0.141344542815566,0.141990990258264,6079.80791284293,191.166857840136
2025-03-14,0.092,5940,0.140570856773052,0.141371057569265,6079.80791284293,187.220470213826
2025-03-14,0.092,5945,0.139758797912159,0.140551567045264,6079.80791284293,183.22391053741
2025-03-14,0.092,5950,0.139065699212026,0.139694093403173,6079.80791284293,179.277522921527
2025-03-14,0.092,5955,0.13833159146855,0.139109874461084,6079.80791284293,175.431479348576
2025-03-14,0.092,5960,0.137556642174276,0.138328113851849,6079.80791284293,171.535263786898
2025-03-14,0.092,5965,0.136740953774686,0.137505886985709,6079.80791284293,167.639048171434
2025-03-14,0.092,5970,0.136036361680868,0.136794856251479,6079.80791284293,163.843176601681
2025-03-14,0.092,5975,0.135288592744895,0.136040931709845,6079.80791284293,160.047305072992
2025-03-14,0.092,5980,0.134497712159348,0.135244169094644,6079.80791284293,156.251433499681
2025-03-14,0.092,5985,0.133811929871153,0.134552647531083,6079.80791284293,152.55590596686
2025-03-14,0.092,5990,0.132933655139359,0.133816032783652,6079.80791284293,148.810206411954
2025-03-14,0.092,5995,0.132304244787971,0.133034319904699,6079.80791284293,145.164850902396
2025-03-14,0.092,6000,0.131482267923735,0.132207423911038,6079.80791284293,141.469323400729
2025-03-14,0.092,6005,0.130758812036687,0.13147923210318,6079.80791284293,137.874139902355
2025-03-14,0.092,6010,0.129987719582024,0.130703677885789,6079.80791284293,134.278956406399
2025-03-14,0.092,6015,0.129168815791246,0.130022899419165,6079.80791284293,130.733944990787
2025-03-14,0.092,6020,0.128443419406302,0.129292734371601,6079.80791284293,127.239105495751
2025-03-14,0.092,6025,0.127668097437479,0.128512976251421,6079.80791284293,123.744266065448
2025-03-14,0.092,6030,0.12698269189837,0.127683317285616,6079.80791284293,120.299598655871
2025-03-14,0.092,6035,0.126105867119408,0.126942824161738,6079.80791284293,116.854931218576
2025-03-14,0.092,6040,0.12545579072009,0.126150349413878,6079.80791284293,113.510607847392
2025-03-14,0.092,6045,0.124613471296999,0.125443802706806,6079.80791284293,110.166284386778
2025-03-14,0.092,6050,0.123855754817295,0.124683287893804,6079.80791284293,106.872133060877
2025-03-14,0.092,6055,0.123180689723628,0.124005770220345,6079.80791284293,103.678325677731
2025-03-14,0.092,6060,0.122449377839625,0.1232723746476,6079.80791284293,100.484518356548
2025-03-14,0.092,6065,0.121661181354842,0.122482468167258,6079.80791284293,97.2907110440099
2025-03-14,0.092,6070,0.120951974266628,0.121771930888474,6079.80791284293,94.1972477263639
2025-03-14,0.092,6075,0.120183837888025,0.121002858676203,6079.80791284293,91.1037844058264
2025-03-14,0.092,6080,0.119480581805544,0.12016265772093,6079.80791284293,88.0518922137601
2025-03-14,0.092,6085,0.118704670629673,0.119523052006695,6079.80791284293,85.0917431050032
2025-03-14,0.092,6090,0.118003158739751,0.118821863896887,6079.80791284293,82.1817660509428
2025-03-14,0.092,6095,0.117238559349664,0.118058039250766,6079.80791284293,79.2717890355616
2025-03-14,0.092,6100,0.116546389061723,0.117230324566355,6079.80791284293,76.4119839491179
2025-03-14,0.092,6105,0.115788943393161,0.116611389556664,6079.80791284293,73.6525229482406
2025-03-14,0.092,6110,0.115102199514409,0.115926870374712,6079.80791284293,70.9432339579371
2025-03-14,0.092,6115,0.114347904481014,0.115175335112039,6079.80791284293,68.2339449849205
2025-03-14,0.092,6120,0.113662817192291,0.114355103167958,6079.80791284293,65.5748279846146
2025-03-14,0.092,6125,0.113046899958779,0.11374239026618,6079.80791284293,63.0662270450784
2025-03-14,0.092,6130,0.112220678009832,0.113059755266211,6079.80791284293,60.507454129096
2025-03-14,0.092,6135,0.111601792185615,0.112305265237152,6079.80791284293,58.0490252588531
2025-03-14,0.092,6140,0.110910027750589,0.11161829129262,6079.80791284293,55.6407683568464
2025-03-14,0.092,6145,0.110285864965352,0.110999450288301,6079.80791284293,53.3328555276742
2025-03-14,0.092,6150,0.109586295756113,0.110305851147803,6079.80791284293,51.0249426705866
2025-03-14,0.092,6160,0.108243479070335,0.108976874643079,6079.80791284293,46.609805082878
2025-03-14,0.092,6170,0.107025692149159,0.10777558639235,6079.80791284293,42.4956995558035
2025-03-14,0.092,6175,0.106370374295495,0.10712972641047,6079.80791284293,40.4888188346522
2025-03-14,0.092,6180,0.105784751093586,0.106554268448944,6079.80791284293,38.5822821368465
2025-03-14,0.092,6190,0.104675327774021,0.105467647543984,6079.80791284293,34.9698968041331
2025-03-14,0.092,6200,0.103545799964934,0.104201181410468,6079.80791284293,31.5080275373294
2025-03-14,0.092,6210,0.102565611622434,0.103245395320133,6079.80791284293,28.3973623976023
2025-03-14,0.092,6220,0.101578999919033,0.102286971258606,6079.80791284293,25.4873852990091
2025-03-14,0.092,6225,0.101039338504816,0.101763174487889,6079.80791284293,24.0825688013946
2025-03-14,0.092,6230,0.100590652899741,0.101146328405629,6079.80791284293,22.7279243140453
2025-03-14,0.092,6240,0.0998024641274731,0.100385460708683,6079.80791284293,20.3196674149697
2025-03-14,0.092,6250,0.0988456157473268,0.099665080950995,6079.80791284293,18.0619266287607
2025-03-14,0.092,6260,0.098137741614548,0.0990042899764945,6079.80791284293,16.0550458709827
2025-03-14,0.092,6270,0.0975087227096802,0.0981992249115787,6079.80791284293,14.1986811919311
2025-03-14,0.092,6275,0.0972931890545455,0.0980048740428843,6079.80791284293,13.395928919671
2025-03-14,0.092,6280,0.096991154740758,0.0977261497145052,6079.80791284293,12.5931766208191
2025-03-14,0.092,6290,0.0963641504030344,0.0971508803458009,6079.80791284293,11.0880160596138
2025-03-14,0.092,6300,0.0959075092659047,0.096751201662198,6079.80791284293,9.7835435847075
2025-03-14,0.092,6310,0.0953797393857735,0.0962892793439937,6079.80791284293,8.57941515064891
2025-03-14,0.092,6320,0.095118747584734,0.096098676030028,6079.80791284293,7.5759747606956
2025-03-14,0.092,6325,0.0948596080969839,0.0958806181996779,6079.80791284293,7.07425459796229
2025-03-14,0.092,6330,0.0948623066041438,0.0959216628952131,6079.80791284293,6.67287845469875
2025-03-14,0.092,6340,0.0946390396246994,0.0957874082349899,6079.80791284293,5.87012614287627
2025-03-14,0.092,6350,0.0944869208878229,0.0953223103978445,6079.80791284293,5.11754587842992
2025-03-14,0.092,6360,0.0939935732721257,0.0953634889709999,6079.80791284293,4.46530963156007
2025-03-14,0.092,6370,0.0941063909239497,0.0951042550413199,6079.80791284293,3.91341744168483
2025-03-14,0.092,6375,0.0943212244864427,0.0953574097628941,6079.80791284293,3.71272935702888
2025-03-14,0.092,6380,0.0939287641348696,0.0955590262573428,6079.80791284293,3.4618692733585
2025-03-14,0.092,6390,0.0943171813823157,0.0952103865246539,6079.80791284293,3.0354070987931
2025-03-14,0.092,6400,0.0941398569820341,0.0954479974724579,6079.80791284293,2.65911697303447
2025-03-14,0.092,6425,0.0945766206395195,0.0962165283534826,6079.80791284293,1.95670870905442
2025-03-14,0.092,6450,0.0957544925303395,0.0972795003589286,6079.80791284293,1.48007454250576
2025-03-14,0.092,6475,0.0968249429105404,0.0981030536321419,6079.80791284293,1.10378439910384
2025-03-14,0.092,6500,0.0981237557688221,0.100445002634703,6079.80791284293,0.878010322773449
2025-03-14,0.092,6550,0.100323343821263,0.104923477073314,6079.80791284293,0.551892200981886
2025-03-14,0.092,6600,0.104415022386823,0.109266900134344,6079.80791284293,0.376290137962132
2025-03-14,0.092,6650,0.108266039923147,0.114791489494281,6079.80791284293,0.275946099531081
2025-03-14,0.092,6700,0.113148764238492,0.12124617164647,6079.80791284293,0.225774082199607
2025-03-14,0.092,6800,0.123996669307042,0.135068436237331,6079.80791284293,0.175602065174253
2025-03-14,0.092,7000,NA,0.162543968643298,6079.80791284293,NA
2025-03-14,0.092,7200,NA,0.186729254954023,6079.80791284293,NA
2025-03-14,0.092,7400,NA,0.213952040528601,6079.80791284293,NA
2025-03-14,0.092,7600,NA,0.232357836382468,6079.80791284293,NA
2025-03-14,0.092,7800,NA,0.256912676438448,6079.80791284293,NA
2025-03-17,0.096,2600,0.840259389970663,0.887408636354116,6079.57655591266,3479.80241324877
2025-03-17,0.096,2800,0.787327413146426,0.824109357655189,6079.57655591266,3279.85260376768
2025-03-17,0.096,3000,0.744696256462487,0.771095063556889,6079.57655591266,3079.95298480583
2025-03-17,0.096,3200,0.704532805122839,0.723216083153602,6079.57655591266,2880.10355636284
2025-03-17,0.096,3400,0.659065623060728,0.673242627256103,6079.57655591266,2680.25412792095
2025-03-17,0.096,3600,0.615330121093562,0.626035484040647,6079.57655591266,2480.45488999632
2025-03-17,0.096,3800,0.572033363590583,0.580172354988074,6079.57655591266,2280.70584259137
2025-03-17,0.096,4000,0.528617130789043,0.534871562435064,6079.57655591266,2081.00698570686
2025-03-17,0.096,4200,0.484847614011069,0.489705653330536,6079.57655591266,1881.35831934065
2025-03-17,0.096,4400,0.44061640512619,0.44442356595488,6079.57655591266,1681.75984349448
2025-03-17,0.096,4600,0.396861754293775,0.399825609952636,6079.57655591266,1482.26174868272
2025-03-17,0.096,4700,0.374248112080601,0.378590576170417,6079.57655591266,1382.56289179879
2025-03-17,0.096,4800,0.352827575430703,0.355880676821506,6079.57655591266,1282.88913017428
2025-03-17,0.096,4900,0.331391308014925,0.334050956031459,6079.57655591266,1183.2906543204
2025-03-17,0.096,5000,0.30919397194025,0.312661502418008,6079.57655591266,1083.74236899761
2025-03-17,0.096,5100,0.287365062419478,0.290372447076842,6079.57655591266,984.244274190849
2025-03-17,0.096,5200,0.266428002821178,0.268986433390631,6079.57655591266,884.946941457878
2025-03-17,0.096,5300,0.245686806181084,0.24783716292152,6079.57655591266,785.85037080442
2025-03-17,0.096,5400,0.226383939905156,0.228138745176186,6079.57655591266,687.255705326539
2025-03-17,0.096,5500,0.208504087083983,0.209896015465023,6079.57655591266,589.464088174876
2025-03-17,0.096,5600,0.191606680625996,0.192689432758773,6079.57655591266,492.877043470136
2025-03-17,0.096,5650,0.183277105850662,0.184544751562427,6079.57655591266,445.235997868533
2025-03-17,0.096,5700,0.175720966533862,0.176828887804738,6079.57655591266,398.347810045522
2025-03-17,0.096,5750,0.168050380769367,0.169263703162951,6079.57655591266,352.212480014129
2025-03-17,0.096,5800,0.160721857708435,0.161788082940049,6079.57655591266,307.131150875042
2025-03-17,0.096,5825,0.157061721282138,0.158063653096372,6079.57655591266,285.042200977174
2025-03-17,0.096,5850,0.153494143040246,0.154437274639579,6079.57655591266,263.35477529117
2025-03-17,0.096,5875,0.149744125836428,0.150812649688572,6079.57655591266,242.01868317274
2025-03-17,0.096,5900,0.146092543753498,0.14710441161545,6079.57655591266,221.134305712802
2025-03-17,0.096,5920,0.143105497143895,0.14407686309675,6079.57655591266,204.748023113915
2025-03-17,0.096,5925,0.14243308908443,0.143394792129015,6079.57655591266,200.751833485557
2025-03-17,0.096,5930,0.141723461736904,0.14267585388405,6079.57655591266,196.755643831728
2025-03-17,0.096,5940,0.140193441646633,0.141128206331268,6079.57655591266,188.76326461335
2025-03-17,0.096,5950,0.138669859905737,0.139587981710444,6079.57655591266,180.871266409285
2025-03-17,0.096,5960,0.137295863995352,0.138198136727107,6079.57655591266,173.180030284648
2025-03-17,0.096,5970,0.13576086598592,0.136648563082825,6079.57655591266,165.488794173686
2025-03-17,0.096,5975,0.135006592780398,0.135887370150574,6079.57655591266,161.693366642663
2025-03-17,0.096,5980,0.134211029243011,0.135085189275256,6079.57655591266,157.897939079795
2025-03-17,0.096,5990,0.132783157631358,0.133644715122938,6079.57655591266,150.507846065527
2025-03-17,0.096,6000,0.131181187196952,0.132172998299664,6079.57655591266,143.167943624675
2025-03-17,0.096,6010,0.129684017618752,0.130663741900675,6079.57655591266,135.978612692225
2025-03-17,0.096,6020,0.128280014349494,0.129110540463927,6079.57655591266,128.93985330427
2025-03-17,0.096,6025,0.127506262823362,0.128470320222312,6079.57655591266,125.495759367547
2025-03-17,0.096,6030,0.12682139337681,0.127643852637036,6079.57655591266,122.051665504975
2025-03-17,0.096,6040,0.125301831020418,0.126253377846809,6079.57655591266,115.314049222626
2025-03-17,0.096,6050,0.123849618420163,0.124794659958369,6079.57655591266,108.727004485564
2025-03-17,0.096,6060,0.122321064435351,0.123261156139593,6079.57655591266,102.240340875396
2025-03-17,0.096,6070,0.120842758213823,0.121779525533031,6079.57655591266,95.9544392562768
2025-03-17,0.096,6075,0.120086275736531,0.121022022238886,6079.57655591266,92.8616790092963
2025-03-17,0.096,6080,0.119435136756363,0.120370308312547,6079.57655591266,89.8912196600752
2025-03-17,0.096,6090,0.117980969688373,0.118916386007771,6079.57655591266,83.96873839455
2025-03-17,0.096,6100,0.116552313146412,0.117356000144956,6079.57655591266,78.1968287311959
2025-03-17,0.096,6110,0.115141625600413,0.11594903017674,6079.57655591266,72.6758716360744
2025-03-17,0.096,6120,0.113741723060867,0.114554809869052,6079.57655591266,67.355676629875
2025-03-17,0.096,6125,0.113009616205735,0.113826344921744,6079.57655591266,64.7457695831727
2025-03-17,0.096,6150,0.10967944925937,0.110523166102881,6079.57655591266,52.7000450421895
2025-03-17,0.096,6175,0.106638937458027,0.1073790400085,6079.57655591266,42.1098454859579
2025-03-17,0.096,6200,0.103884439766997,0.104679724635207,6079.57655591266,33.0755520417215
2025-03-17,0.096,6250,0.0992544216831992,0.100237351897566,6079.57655591266,19.3233498624124
2025-03-17,0.096,6275,0.0976364714996431,0.0987654322205938,6079.57655591266,14.5050600193495
2025-03-17,0.096,6300,0.0964190617641098,0.097479192944665,6079.57655591266,10.7407710753737
2025-03-17,0.096,6325,0.0952422943636557,0.0965147062642154,6079.57655591266,7.82972098006604
2025-03-17,0.096,6350,0.09458467483356,0.0961318065209472,6079.57655591266,5.72171917064969
2025-03-17,0.096,6375,0.0944028966741036,0.0958333585266678,6079.57655591266,4.16581308448369
2025-03-17,0.096,6400,0.0944274483744384,0.0962000291009585,6079.57655591266,3.06162165661972
2025-03-17,0.096,6500,0.0976543955301872,0.0997689647455029,6079.57655591266,0.978715121010865
2025-03-17,0.096,6600,0.104006443024271,0.10834214483908,6079.57655591266,0.426619410120001
2025-03-17,0.096,6700,0.110809772039586,0.118739786583906,6079.57655591266,0.225857336394562
2025-03-17,0.096,6800,0.121427690636316,0.132270151105783,6079.57655591266,0.175666815889501
2025-03-17,0.096,7000,NA,0.159166317633391,6079.57655591266,NA
2025-03-17,0.096,7200,NA,0.182841394442167,6079.57655591266,NA
2025-03-17,0.096,7400,NA,0.209491299927002,6079.57655591266,NA
2025-03-17,0.096,7600,NA,0.235120712484209,6079.57655591266,NA
2025-03-17,0.096,7800,NA,0.251546399692584,6079.57655591266,NA
2025-03-18,0.1,2600,0.823448423635361,0.8696605501067,6080.22192140609,3480.44804742127
2025-03-18,0.1,2800,0.771586506326883,0.816907391582362,6080.22192140609,3280.52342275984
2025-03-18,0.1,3000,0.729820197904634,0.755695246790894,6080.22192140609,3080.5987980984
2025-03-18,0.1,3200,0.690472344160625,0.708785359331303,6080.22192140609,2880.74954877511
2025-03-18,0.1,3400,0.65082334158687,0.66398577490204,6080.22192140609,2680.95054967677
2025-03-18,0.1,3600,0.606725350101697,0.616792705280358,6080.22192140609,2481.15155057938
2025-03-18,0.1,3800,0.563403273284854,0.573556128969035,6080.22192140609,2281.4279268208
2025-03-18,0.1,4000,0.522257441502196,0.528096461515947,6080.22192140609,2081.75455328764
2025-03-18,0.1,4200,0.478441653417295,0.483023234869179,6080.22192140609,1882.10630486594
2025-03-18,0.1,4400,0.434407114830878,0.439195676613164,6080.22192140609,1682.53343178373
2025-03-18,0.1,4600,0.390979731624295,0.394736767653386,6080.22192140609,1483.03593404067
2025-03-18,0.1,4700,0.369457212387614,0.37277058220375,6080.22192140609,1383.33743539527
2025-03-18,0.1,4800,0.347399553162296,0.351761370862808,6080.22192140609,1283.68918697325
2025-03-18,0.1,4900,0.326201726881086,0.330014877278084,6080.22192140609,1184.09118877443
2025-03-18,0.1,5000,0.305422950065434,0.308723098738989,6080.22192140609,1084.59369103506
2025-03-18,0.1,5100,0.284702261002913,0.286605287425846,6080.22192140609,985.146443510367
2025-03-18,0.1,5200,0.263751516492495,0.26617923637516,6080.22192140609,885.900196900299
2025-03-18,0.1,5300,0.243723888440646,0.245757930121953,6080.22192140609,786.905201404551
2025-03-18,0.1,5400,0.224867265812899,0.226528901137008,6080.22192140609,688.412708184681
2025-03-18,0.1,5500,0.207220807376573,0.208544849472363,6080.22192140609,590.724218557451
2025-03-18,0.1,5600,0.190778545100196,0.192153934210945,6080.22192140609,494.392485040093
2025-03-18,0.1,5650,0.182902526747003,0.18411253901643,6080.22192140609,446.90499631084
2025-03-18,0.1,5700,0.175395431895615,0.176457505029258,6080.22192140609,400.121010732327
2025-03-18,0.1,5750,0.168003364986456,0.168704242703913,6080.22192140609,354.090778570966
2025-03-18,0.1,5800,0.160680365395987,0.161504639862119,6080.22192140609,309.166051370953
2025-03-18,0.1,5850,0.153289780162837,0.154205341849097,6080.22192140609,265.447329545586
2025-03-18,0.1,5875,0.14966074845534,0.150526754612925,6080.22192140609,244.165846239232
2025-03-18,0.1,5900,0.145961277911143,0.146947096389645,6080.22192140609,223.336614972471
2025-03-18,0.1,5925,0.142271699322361,0.143210320992127,6080.22192140609,202.95963571049
2025-03-18,0.1,5950,0.138648270102228,0.139545497248416,6080.22192140609,183.185659228053
2025-03-18,0.1,5970,0.135737516564822,0.136605989854115,6080.22192140609,167.808679960643
2025-03-18,0.1,5975,0.13498541304986,0.135847334921398,6080.22192140609,164.014685357679
2025-03-18,0.1,5980,0.1341937140646,0.135049365806905,6080.22192140609,160.220690778043
2025-03-18,0.1,5990,0.132772639070473,0.133616340052397,6080.22192140609,152.833702492888
2025-03-18,0.1,6000,0.131184517548271,0.132156167263473,6080.22192140609,145.496964490059
2025-03-18,0.1,6010,0.129702610309801,0.130662765176125,6080.22192140609,138.310977095946
2025-03-18,0.1,6020,0.12831577684532,0.129129967270757,6080.22192140609,131.27574043543
2025-03-18,0.1,6025,0.127553488299371,0.128498712755152,6080.22192140609,127.833497435189
2025-03-18,0.1,6030,0.126879351908934,0.127685842916023,6080.22192140609,124.391254396951
2025-03-18,0.1,6040,0.125387290198498,0.126320551379251,6080.22192140609,117.657519051246
2025-03-18,0.1,6050,0.123965639676124,0.124760227507595,6080.22192140609,111.024284188733
2025-03-18,0.1,6060,0.122473732943585,0.123395957369752,6080.22192140609,104.59205021808
2025-03-18,0.1,6070,0.121036060180468,0.121955024250028,6080.22192140609,98.310566918823
2025-03-18,0.1,6075,0.120302189342172,0.121220125027883,6080.22192140609,95.220075465541
2025-03-18,0.1,6080,0.119644413670026,0.120561738175298,6080.22192140609,92.2300845359928
2025-03-18,0.1,6090,0.118198637963953,0.119116045415141,6080.22192140609,86.2796373753979
2025-03-18,0.1,6100,0.116679828960212,0.117599166286398,6080.22192140609,80.4506111905973
2025-03-18,0.1,6110,0.115315844476466,0.11623908564495,6080.22192140609,74.923086342136
2025-03-18,0.1,6120,0.113969052789524,0.114898324853755,6080.22192140609,69.5965624628527
2025-03-18,0.1,6125,0.113266820725317,0.114199971457033,6080.22192140609,66.9835507439411
2025-03-18,0.1,6130,0.112633252164153,0.113436939744773,6080.22192140609,64.4207892055986
2025-03-18,0.1,6140,0.111302562899007,0.112115560503952,6080.22192140609,59.4962670999194
2025-03-18,0.1,6150,0.109971377413551,0.110933436106945,6080.22192140609,54.8229961622656
2025-03-18,0.1,6175,0.107003450274328,0.107868824296716,6080.22192140609,44.1196980725252
2025-03-18,0.1,6200,0.104209123554761,0.105135399525166,6080.22192140609,34.8736565560887
2025-03-18,0.1,6250,0.0997354978143035,0.100678266197832,6080.22192140609,20.7533431754379
2025-03-18,0.1,6275,0.0981159894116648,0.0991908673575932,6080.22192140609,15.7283206075905
2025-03-18,0.1,6300,0.0968691100105262,0.0978703203408032,6080.22192140609,11.7585527830859
2025-03-18,0.1,6325,0.0956229210977652,0.0968148827349857,6080.22192140609,8.6430388078918
2025-03-18,0.1,6350,0.0951411348331977,0.0962179694296476,6080.22192140609,6.38177866076617
2025-03-18,0.1,6375,0.0946582833684355,0.0959763328400149,6080.22192140609,4.67327097859459
2025-03-18,0.1,6400,0.0946770583949821,0.0962954886462216,6080.22192140609,3.46726557621125
2025-03-18,0.1,6500,0.0969686133875121,0.0995188298373768,6080.22192140609,1.10550496334572
2025-03-18,0.1,6600,0.103339940423043,0.107257166263273,6080.22192140609,0.477377143197103
2025-03-18,0.1,6700,0.108475219193459,0.118166531927865,6080.22192140609,0.251251127709866
2025-03-18,0.1,6800,0.118883215499085,0.131916575508968,6080.22192140609,0.201000901775121
2025-03-18,0.1,7000,NA,0.155860484836228,6080.22192140609,NA
2025-03-18,0.1,7200,NA,0.1790622582739,6080.22192140609,NA
2025-03-18,0.1,7400,NA,0.205177072227975,6080.22192140609,NA
2025-03-18,0.1,7600,NA,0.230291687355401,6080.22192140609,NA
2025-03-18,0.1,7800,NA,0.254501899932759,6080.22192140609,NA
2025-03-19,0.104,2600,0.825552082261196,0.863854704821691,6081.00382624209,3481.28003319694
2025-03-19,0.104,2800,0.770270901722581,0.801118372638614,6081.00382624209,3281.33025264323
2025-03-19,0.104,3000,0.725103346068844,0.748082061056017,6081.00382624209,3081.4306915358
2025-03-19,0.104,3200,0.683583128577479,0.700322028589882,6081.00382624209,2881.58134987496
2025-03-19,0.104,3400,0.64280252236393,0.655074408589597,6081.00382624209,2681.78222766005
2025-03-19,0.104,3600,0.601745769402746,0.610892556163193,6081.00382624209,2482.0333248914
2025-03-19,0.104,3800,0.560136106818202,0.567077515464658,6081.00382624209,2282.33464156981
2025-03-19,0.104,4000,0.517942263272067,0.523295892802887,6081.00382624209,2082.68617769426
2025-03-19,0.104,4200,0.473749774850823,0.478005822392056,6081.00382624209,1883.03771381938
2025-03-19,0.104,4400,0.430779315234044,0.434127157518722,6081.00382624209,1683.48968883267
2025-03-19,0.104,4600,0.388084566826077,0.392409375950262,6081.00382624209,1484.09232219167
2025-03-19,0.104,4700,0.367228615528723,0.370284851838623,6081.00382624209,1384.41874859286
2025-03-19,0.104,4800,0.345057141699869,0.34910781398695,6081.00382624209,1284.77028471818
2025-03-19,0.104,4900,0.324943481706558,0.327300714731202,6081.00382624209,1185.22225973759
2025-03-19,0.104,5000,0.303912093392327,0.305966982583947,6081.00382624209,1085.72445419496
2025-03-19,0.104,5100,0.283001271042703,0.285653842026305,6081.00382624209,986.377307004948
2025-03-19,0.104,5200,0.262703590439799,0.264966978308655,6081.00382624209,887.180818143159
2025-03-19,0.104,5300,0.243721664180404,0.245604939870874,6081.00382624209,788.386084848684
2025-03-19,0.104,5400,0.224937976333857,0.226996110457053,6081.00382624209,690.043326572333
2025-03-19,0.104,5500,0.208041857574848,0.209275793047391,6081.00382624209,592.604518341708
2025-03-19,0.104,5550,0.199705018774471,0.201165639471346,6081.00382624209,544.362198972419
2025-03-19,0.104,5600,0.19190785710438,0.19319923742644,6081.00382624209,496.571854602395
2025-03-19,0.104,5650,0.184222319101469,0.185362986692701,6081.00382624209,449.283704686293
2025-03-19,0.104,5700,0.176819658834581,0.177575177975085,6081.00382624209,402.648407599849
2025-03-19,0.104,5750,0.169485365502703,0.170153317329168,6081.00382624209,356.866841079261
2025-03-19,0.104,5800,0.161999298605378,0.162987624960951,6081.00382624209,312.089663527399
2025-03-19,0.104,5825,0.158468395700955,0.159215072224652,6081.00382624209,290.153049734678
2025-03-19,0.104,5850,0.154844041997647,0.155726893452301,6081.00382624209,268.618191568511
2025-03-19,0.104,5875,0.151237050620956,0.15207440856855,6081.00382624209,247.434869459015
2025-03-19,0.104,5900,0.147569204007894,0.148365789962845,6081.00382624209,226.653302942467
2025-03-19,0.104,5910,0.146081289447779,0.147018992746175,6081.00382624209,218.511422450406
2025-03-19,0.104,5920,0.144622508986105,0.145543002170917,6081.00382624209,210.419761419166
2025-03-19,0.104,5925,0.143920775907071,0.14483293215413,6081.00382624209,206.424150354917
2025-03-19,0.104,5930,0.143185574878204,0.144089677658819,6081.00382624209,202.428539280782
2025-03-19,0.104,5940,0.141763525051276,0.142652085949869,6081.00382624209,194.537756008255
2025-03-19,0.104,5950,0.140349689489456,0.141223579147116,6081.00382624209,186.747411630796
2025-03-19,0.104,5960,0.13879419598054,0.139654480034019,6081.00382624209,178.957067307125
2025-03-19,0.104,5970,0.137379909163829,0.138227286396096,6081.00382624209,171.367600746436
2025-03-19,0.104,5975,0.136616553816974,0.137457872650375,6081.00382624209,167.572867434315
2025-03-19,0.104,5980,0.13595501341884,0.136790403801976,6081.00382624209,163.878573041173
2025-03-19,0.104,5990,0.134513577821483,0.135337913987735,6081.00382624209,156.489984295948
2025-03-19,0.104,6000,0.133049731838117,0.133863960098533,6081.00382624209,149.201834333451
2025-03-19,0.104,6010,0.131557608136522,0.132362690518217,6081.00382624209,142.014123316221
2025-03-19,0.104,6020,0.130031277975396,0.130960988634353,6081.00382624209,134.977070653465
2025-03-19,0.104,6025,0.12940214381936,0.130195310801828,6081.00382624209,131.533873490073
2025-03-19,0.104,6030,0.128596321036218,0.129517649500965,6081.00382624209,128.090676391921
2025-03-19,0.104,6040,0.127243378836785,0.128026951596024,6081.00382624209,121.354940373051
2025-03-19,0.104,6050,0.125704361442849,0.12661265313778,6081.00382624209,114.719643262985
2025-03-19,0.104,6060,0.124362720115263,0.125266456478652,6081.00382624209,108.335443432356
2025-03-19,0.104,6070,0.122951530673708,0.123852120330948,6081.00382624209,102.051682431033
2025-03-19,0.104,6075,0.122233989994681,0.123133555342608,6081.00382624209,98.9600213867488
2025-03-19,0.104,6080,0.121464540014691,0.122363461003811,6081.00382624209,95.8683603794589
2025-03-19,0.104,6100,0.118766002441267,0.119666391282076,6081.00382624209,84.2180114921673
2025-03-19,0.104,6125,0.11540799593484,0.11619008017867,6081.00382624209,70.6085415572302
2025-03-19,0.104,6150,0.112096039255192,0.113034022823475,6081.00382624209,58.3047772000991
2025-03-19,0.104,6200,0.106476461832045,0.107369970672854,6081.00382624209,37.9659014212234
2025-03-19,0.104,6250,0.102045275442678,0.102938440858288,6081.00382624209,23.2516036754606
2025-03-19,0.104,6300,0.0990394510416647,0.100196133597683,6081.00382624209,13.609469943995
2025-03-19,0.104,6400,0.0967076281348344,0.0981193720043596,6081.00382624209,4.26865294153157
2025-03-19,0.104,6500,0.0985628502065697,0.100180686448629,6081.00382624209,1.38103477400329
2025-03-19,0.104,6600,0.103834983191345,0.107182067321239,6081.00382624209,0.577523630594477
2025-03-19,0.104,6700,0.109229818943959,0.11742522811679,6081.00382624209,0.30131667667268
2025-03-19,0.104,6800,0.116445407064631,0.129212448399385,6081.00382624209,0.200877784900332
2025-03-19,0.104,7000,NA,0.152697620095089,6081.00382624209,NA
2025-03-19,0.104,7200,NA,0.179986852479462,6081.00382624209,NA
2025-03-19,0.104,7400,NA,0.20106058119176,6081.00382624209,NA
2025-03-19,0.104,7600,NA,0.22568752176764,6081.00382624209,NA
2025-03-19,0.104,7800,NA,0.249427507685331,6081.00382624209,NA
2025-03-21,0.112,200,NA,2.89245094827324,6084.15157616669,NA
2025-03-21,0.112,400,NA,2.28147870846885,6084.15157616669,NA
2025-03-21,0.112,600,NA,1.93413551170005,6084.15157616669,NA
2025-03-21,0.112,800,NA,1.73749860348002,6084.15157616669,NA
2025-03-21,0.112,1000,NA,1.50522670171395,6084.15157616669,NA
2025-03-21,0.112,1200,NA,1.39088566037995,6084.15157616669,NA
2025-03-21,0.112,1400,NA,1.28558608282748,6084.15157616669,NA
2025-03-21,0.112,1600,NA,1.18951504804215,6084.15157616669,NA
2025-03-21,0.112,1800,NA,1.10159092220587,6084.15157616669,NA
2025-03-21,0.112,1900,0.934980980254905,1.06623257351951,6084.15157616669,4184.25217978802
2025-03-21,0.112,2000,0.960341821500508,1.02064450142164,6084.15157616669,4084.27733069339
2025-03-21,0.112,2100,0.894825187151684,0.987339984875776,6084.15157616669,3984.27733069339
2025-03-21,0.112,2200,0.898342203599963,0.945651248930111,6084.15157616669,3884.30248159856
2025-03-21,0.112,2300,0.860405604781127,0.921856141667209,6084.15157616669,3784.32763250405
2025-03-21,0.112,2400,0.848887066404693,0.883113578038539,6084.15157616669,3684.35278340938
2025-03-21,0.112,2500,0.822643080628865,0.858565251128776,6084.15157616669,3584.39050976721
2025-03-21,0.112,2600,0.803470972187931,0.832992964734142,6084.15157616669,3484.44081157787
2025-03-21,0.112,2700,0.775905548672581,0.806870382676679,6084.15157616669,3384.47853793612
2025-03-21,0.112,2800,0.753970838287988,0.780493151706987,6084.15157616669,3284.52883974666
2025-03-21,0.112,2900,0.730979379024497,0.754052841386202,6084.15157616669,3184.57914155724
2025-03-21,0.112,3000,0.714705340526137,0.727676471744372,6084.15157616669,3084.6545942731
2025-03-21,0.112,3050,0.698930837990944,0.717342924928802,6084.15157616669,3034.67974517869
2025-03-21,0.112,3100,0.689874154215764,0.706691253019181,6084.15157616669,2984.73004698932
2025-03-21,0.112,3150,0.680329007611791,0.695784621222902,6084.15157616669,2934.78034879973
2025-03-21,0.112,3200,0.670395137297037,0.680175625623153,6084.15157616669,2884.8054997053
2025-03-21,0.112,3250,0.66014915881414,0.671327631737376,6084.15157616669,2834.86837696939
2025-03-21,0.112,3300,0.649651086735328,0.660054001803195,6084.15157616669,2784.91867877964
2025-03-21,0.112,3350,0.638948692524469,0.648662379556134,6084.15157616669,2734.96898058967
2025-03-21,0.112,3400,0.628080510671721,0.638884882667232,6084.15157616669,2685.03185785389
2025-03-21,0.112,3450,0.617077970112556,0.627227743119015,6084.15157616669,2635.08215966467
2025-03-21,0.112,3500,0.605966942551539,0.615522780738669,6084.15157616669,2585.13246147369
2025-03-21,0.112,3525,0.601997960205455,0.609656549807594,6084.15157616669,2560.17018783245
2025-03-21,0.112,3550,0.596341100775494,0.605195732662921,6084.15157616669,2535.2079141911
2025-03-21,0.112,3575,0.590669190736168,0.599278808679957,6084.15157616669,2510.23306509611
2025-03-21,0.112,3600,0.586439874772171,0.59335866843269,6084.15157616669,2485.27079145339
2025-03-21,0.112,3625,0.580702489554429,0.588720680264922,6084.15157616669,2460.30851781143
2025-03-21,0.112,3650,0.574956712101657,0.582764554295448,6084.15157616669,2435.33366871825
2025-03-21,0.112,3675,0.570520992354139,0.578012257050064,6084.15157616669,2410.3839705268
2025-03-21,0.112,3700,0.565989817717971,0.573186432469492,6084.15157616669,2385.43427233815
2025-03-21,0.112,3725,0.561371751995265,0.56717847868978,6084.15157616669,2360.47199869632
2025-03-21,0.112,3750,0.554328957681588,0.56117520393289,6084.15157616669,2335.4845741494
2025-03-21,0.112,3775,0.549648835752949,0.556240165191262,6084.15157616669,2310.53487595995
2025-03-21,0.112,3800,0.544896565137569,0.551248710275004,6084.15157616669,2285.58517777016
2025-03-21,0.112,3825,0.540078166399337,0.546205371523634,6084.15157616669,2260.6354795821
2025-03-21,0.112,3850,0.535199048776182,0.541114256942821,6084.15157616669,2235.68578139335
2025-03-21,0.112,3875,0.529272068546681,0.535053257357566,6084.15157616669,2210.71093229777
2025-03-21,0.112,3900,0.524319863201696,0.529907298063449,6084.15157616669,2185.76123410881
2025-03-21,0.112,3925,0.519318337632504,0.524722291906238,6084.15157616669,2160.81153591944
2025-03-21,0.112,3950,0.51427128144887,0.518652029299345,6084.15157616669,2135.84926227755
2025-03-21,0.112,3975,0.509182141271915,0.513423711694764,6084.15157616669,2110.8995640859
2025-03-21,0.112,4000,0.503206975576557,0.508163239596219,6084.15157616669,2085.93729044587
2025-03-21,0.112,4025,0.498069557529084,0.50287296779463,6084.15157616669,2060.98759225452
2025-03-21,0.112,4050,0.49289740580619,0.497555057977006,6084.15157616669,2036.03789406754
2025-03-21,0.112,4075,0.487693018244125,0.492211496188738,6084.15157616669,2011.08819587726
2025-03-21,0.112,4100,0.482458684877789,0.486844108986223,6084.15157616669,1986.13849768622
2025-03-21,0.112,4125,0.477196507003741,0.481454577843267,6084.15157616669,1961.18879949861
2025-03-21,0.112,4150,0.471908414788015,0.476044450938131,6084.15157616669,1936.23910130741
2025-03-21,0.112,4175,0.466596182982194,0.470615155522661,6084.15157616669,1911.28940312054
2025-03-21,0.112,4200,0.461261444311167,0.465168006507917,6084.15157616669,1886.33970493032
2025-03-21,0.112,4225,0.455905702278813,0.459704216213956,6084.15157616669,1861.39000674139
2025-03-21,0.112,4250,0.451158008531812,0.454224902373387,6084.15157616669,1836.4528840025
2025-03-21,0.112,4275,0.445747017679469,0.449894613725523,6084.15157616669,1811.52833672062
2025-03-21,0.112,4300,0.44090883459385,0.444356797256719,6084.15157616669,1786.59121398333
2025-03-21,0.112,4325,0.435450012614786,0.438807344203384,6084.15157616669,1761.64151579546
2025-03-21,0.112,4350,0.429977223270929,0.433247001224288,6084.15157616669,1736.69181760652
2025-03-21,0.112,4375,0.42503111081285,0.4276764534236,6084.15157616669,1711.75469486933
2025-03-21,0.112,4400,0.420041049824552,0.423104516981129,6084.15157616669,1686.84272303629
2025-03-21,0.112,4425,0.414504146342909,0.417490157438225,6084.15157616669,1661.89302484749
2025-03-21,0.112,4450,0.409449807216742,0.41281522399496,6084.15157616669,1636.98105301558
2025-03-21,0.112,4475,0.404358050750948,0.407162606884844,6084.15157616669,1612.04393027855
2025-03-21,0.112,4500,0.399230944627163,0.401503760972934,6084.15157616669,1587.10680754424
2025-03-21,0.112,4525,0.393621929129607,0.396708716312414,6084.15157616669,1562.18226026063
2025-03-21,0.112,4550,0.388443140714735,0.391857174859654,6084.15157616669,1537.2702884292
2025-03-21,0.112,4575,0.383655667852266,0.386952400754759,6084.15157616669,1512.37089204676
2025-03-21,0.112,4600,0.377994990581824,0.381997358804939,6084.15157616669,1487.44634476579
2025-03-21,0.112,4625,0.373126087530044,0.376236039906702,6084.15157616669,1462.52179748492
2025-03-21,0.112,4650,0.368205654691249,0.370471742813495,6084.15157616669,1437.59725019873
2025-03-21,0.112,4675,0.362491824949726,0.365428340470256,6084.15157616669,1412.6727029176
2025-03-21,0.112,4700,0.357500751439166,0.360342008230863,6084.15157616669,1387.77330653479
2025-03-21,0.112,4725,0.352464499033954,0.355214749166449,6084.15157616669,1362.87391015755
2025-03-21,0.112,4750,0.347385199880711,0.350048384885761,6084.15157616669,1337.97451377464
2025-03-21,0.112,4775,0.342264790693833,0.344844571542271,6084.15157616669,1313.07511739694
2025-03-21,0.112,4800,0.337105028908122,0.339604812348823,6084.15157616669,1288.175721017
2025-03-21,0.112,4825,0.332520441030551,0.33492455203147,6084.15157616669,1263.32662644758
2025-03-21,0.112,4850,0.327267723647631,0.330171114789046,6084.15157616669,1238.45238097986
2025-03-21,0.112,4875,0.321980710892977,0.324797099916741,6084.15157616669,1213.55298459994
2025-03-21,0.112,4900,0.317214865232439,0.319393032283587,6084.15157616669,1188.67873912582
2025-03-21,0.112,4925,0.312379832490948,0.314479266113716,6084.15157616669,1163.82964456199
2025-03-21,0.112,4950,0.306964320504063,0.309503598133732,6084.15157616669,1138.9553990853
2025-03-21,0.112,4975,0.302018877143046,0.303984873195631,6084.15157616669,1114.08115360789
2025-03-21,0.112,5000,0.297012294346755,0.29937681438847,6084.15157616669,1089.25720994926
2025-03-21,0.112,5010,0.2939443019811,0.296771433810762,6084.15157616669,1079.23205903834
2025-03-21,0.112,5020,0.29230835224256,0.295082345862017,6084.15157616669,1069.33266266354
2025-03-21,0.112,5025,0.292409095442723,0.294230161404554,6084.15157616669,1064.43326628796
2025-03-21,0.112,5030,0.291110977583913,0.292925828568269,6084.15157616669,1059.43326629119
2025-03-21,0.112,5040,0.288971291762913,0.291204764532039,6084.15157616669,1049.50871900151
2025-03-21,0.112,5050,0.286825215177303,0.289030576411072,6084.15157616669,1039.55902081044
2025-03-21,0.112,5060,0.28511330473231,0.287278729398888,6084.15157616669,1029.65962443703
2025-03-21,0.112,5070,0.283381491487339,0.285087430844957,6084.15157616669,1019.73507715095
2025-03-21,0.112,5075,0.282079760970054,0.283779719344994,6084.15157616669,1014.73507714852
2025-03-21,0.112,5080,0.280778628099928,0.283305889776635,6084.15157616669,1009.78537895392
2025-03-21,0.112,5090,0.2790237605467,0.281097983267373,6084.15157616669,999.860831672613
2025-03-21,0.112,5100,0.277249992092859,0.278884443420688,6084.15157616669,989.936284390382
2025-03-21,0.112,5110,0.27505102351545,0.277063676791754,6084.15157616669,980.011737108393
2025-03-21,0.112,5120,0.273247912579742,0.275225641987095,6084.15157616669,970.112340722907
2025-03-21,0.112,5125,0.272339649843122,0.273912068684639,6084.15157616669,965.137491642581
2025-03-21,0.112,5130,0.271032313928091,0.273370705860494,6084.15157616669,960.187793447043
2025-03-21,0.112,5140,0.269200792706207,0.271499215620648,6084.15157616669,950.288397070634
2025-03-21,0.112,5150,0.267352030229642,0.269239422656929,6084.15157616669,940.363849784384
2025-03-21,0.112,5160,0.265486383311356,0.266974353750825,6084.15157616669,930.439302498775
2025-03-21,0.112,5170,0.263604189555783,0.265067215102169,6084.15157616669,920.539906118625
2025-03-21,0.112,5175,0.262656988367838,0.264466313407905,6084.15157616669,915.615358840706
2025-03-21,0.112,5180,0.261341908651118,0.263144454244919,6084.15157616669,910.615358841285
2025-03-21,0.112,5190,0.259791423911424,0.261206348393061,6084.15157616669,900.741113357832
2025-03-21,0.112,5200,0.257861441229685,0.259253160063145,6084.15157616669,890.841716978717
2025-03-21,0.112,5210,0.255916091870983,0.25796087781338,6084.15157616669,880.992622416959
2025-03-21,0.112,5220,0.253955631803509,0.255967469153926,6084.15157616669,871.093226035589
2025-03-21,0.112,5225,0.252969811433258,0.254636304623229,6084.15157616669,866.118376938401
2025-03-21,0.112,5230,0.252313699627099,0.253959915596314,6084.15157616669,861.218980561574
2025-03-21,0.112,5240,0.25031836094713,0.251938417229377,6084.15157616669,851.319584184507
2025-03-21,0.112,5250,0.248308713514435,0.249903162500417,6084.15157616669,841.420187810627
2025-03-21,0.112,5260,0.24660131459972,0.248164548126827,6084.15157616669,831.57109324638
2025-03-21,0.112,5270,0.2448687890385,0.246401781648494,6084.15157616669,821.721998672608
2025-03-21,0.112,5275,0.244146413631158,0.245360971482345,6084.15157616669,816.797451385788
2025-03-21,0.112,5280,0.24280761356502,0.244615422004482,6084.15157616669,811.847753195108
2025-03-21,0.112,5290,0.241330763699168,0.242805993645817,6084.15157616669,802.023809532435
2025-03-21,0.112,5300,0.23923373172449,0.240973988718271,6084.15157616669,792.149564058326
2025-03-21,0.112,5310,0.237699083979658,0.239119869245153,6084.15157616669,782.325620399158
2025-03-21,0.112,5320,0.235567554216105,0.237244068728017,6084.15157616669,772.451374920767
2025-03-21,0.112,5325,0.234776754248169,0.236435099093207,6084.15157616669,767.551978542471
2025-03-21,0.112,5330,0.233977659251994,0.235618170579401,6084.15157616669,762.652582173632
2025-03-21,0.112,5340,0.23235506191431,0.233695368103674,6084.15157616669,752.828638511832
2025-03-21,0.112,5350,0.230435724104079,0.231752151037111,6084.15157616669,742.979543941489
2025-03-21,0.112,5360,0.228755924497305,0.23004511359197,6084.15157616669,733.180751172585
2025-03-21,0.112,5370,0.227045786621106,0.228308655375659,6084.15157616669,723.381958418551
2025-03-21,0.112,5375,0.226179576154631,0.227429612011702,6084.15157616669,718.482562044458
2025-03-21,0.112,5380,0.225306056988733,0.226543469495901,6084.15157616669,713.583165669165
2025-03-21,0.112,5390,0.223537430308619,0.224750201184615,6084.15157616669,703.784372903719
2025-03-21,0.112,5400,0.221740553122357,0.223400496640802,6084.15157616669,694.035881957608
2025-03-21,0.112,5410,0.219916026424047,0.221543765826496,6084.15157616669,684.237089206854
2025-03-21,0.112,5420,0.218523517858147,0.219660895115827,6084.15157616669,674.488598256118
2025-03-21,0.112,5425,0.217583280489233,0.218933404855801,6084.15157616669,669.614352784583
2025-03-21,0.112,5430,0.216636526190604,0.218194801880192,6084.15157616669,664.740107303862
2025-03-21,0.112,5440,0.215163258860762,0.216252808484181,6084.15157616669,654.991616361875
2025-03-21,0.112,5450,0.213646079962566,0.214710454627121,6084.15157616669,645.293427215957
2025-03-21,0.112,5460,0.211876873097591,0.213126565238424,6084.15157616669,635.570087181205
2025-03-21,0.112,5470,0.210075331440422,0.211299794489267,6084.15157616669,625.821596228228
2025-03-21,0.112,5475,0.209467170377728,0.210675389414641,6084.15157616669,621.022803495784
2025-03-21,0.112,5480,0.208443202889302,0.209838773032647,6084.15157616669,616.148558004406
2025-03-21,0.112,5490,0.206967868605421,0.208136940079987,6084.15157616669,606.475519796579
2025-03-21,0.112,5500,0.205445216149831,0.206587101445329,6084.15157616669,596.827632437311
2025-03-21,0.112,5510,0.203689444631629,0.204807401485322,6084.15157616669,587.129443326703
2025-03-21,0.112,5520,0.202080542101366,0.203354319844689,6084.15157616669,577.506706887222
2025-03-21,0.112,5525,0.201530940710414,0.202608618299313,6084.15157616669,572.733065061747
2025-03-21,0.112,5530,0.200606971946168,0.201850405890338,6084.15157616669,567.909121381359
2025-03-21,0.112,5540,0.199082781353138,0.200297184662985,6084.15157616669,558.31153584908
2025-03-21,0.112,5550,0.197509458401127,0.198696046016054,6084.15157616669,548.713950358441
2025-03-21,0.112,5560,0.195888357145848,0.197048254947535,6084.15157616669,539.116364845794
2025-03-21,0.112,5570,0.194546020673272,0.195516019037133,6084.15157616669,529.594232038272
2025-03-21,0.112,5575,0.193691501652048,0.194809961565451,6084.15157616669,524.820590204543
2025-03-21,0.112,5580,0.192984568737146,0.193932163117842,6084.15157616669,520.046948337024
2025-03-21,0.112,5590,0.191371931748879,0.192451654172906,6084.15157616669,510.524815538795
2025-03-21,0.112,5595,0.190776467668778,0.191690299423357,6084.15157616669,505.801475486672
2025-03-21,0.112,5600,0.190163081449882,0.190915144801558,6084.15157616669,501.078135453175
2025-03-21,0.112,5605,0.1892338112774,0.190126378027217,6084.15157616669,496.304493608914
2025-03-21,0.112,5610,0.188589418419613,0.189324177215776,6084.15157616669,491.5811535599
2025-03-21,0.112,5615,0.18778233063848,0.188653444954868,6084.15157616669,486.85781350337
2025-03-21,0.112,5620,0.186961965107817,0.187966187539027,6084.15157616669,482.134473470843
2025-03-21,0.112,5625,0.186270851143402,0.187262672286936,6084.15157616669,477.436284330105
2025-03-21,0.112,5630,0.185563430157264,0.186543152692957,6084.15157616669,472.738095205772
2025-03-21,0.112,5635,0.184839954916169,0.185670066155498,6084.15157616669,468.014755157061
2025-03-21,0.112,5640,0.184100664653603,0.184920875351889,6084.15157616669,463.316566030202
2025-03-21,0.112,5645,0.18334578565185,0.184290901404824,6084.15157616669,458.643527790384
2025-03-21,0.112,5650,0.182709403041319,0.183509636579341,6084.15157616669,453.970489579919
2025-03-21,0.112,5655,0.181922424260802,0.18271344381714,6084.15157616669,449.272300443002
2025-03-21,0.112,5660,0.181120498189521,0.18203237795019,6084.15157616669,444.599262212388
2025-03-21,0.112,5665,0.180303803379473,0.181205407887281,6084.15157616669,439.901073042396
2025-03-21,0.112,5670,0.179727854727366,0.180490926166355,6084.15157616669,435.27833663759
2025-03-21,0.112,5675,0.178879283801493,0.179759310438362,6084.15157616669,430.605298410609
2025-03-21,0.112,5680,0.178265747261313,0.179010797608483,6084.15157616669,425.982562015783
2025-03-21,0.112,5685,0.177509252560412,0.178245610757577,6084.15157616669,421.334674649357
2025-03-21,0.112,5690,0.176736093588268,0.177584901855879,6084.15157616669,416.71193824582
2025-03-21,0.112,5695,0.176066659940275,0.176905084834294,6084.15157616669,412.114352730276
2025-03-21,0.112,5700,0.175378137963001,0.176088409087256,6084.15157616669,407.491616313347
2025-03-21,0.112,5705,0.174553509303252,0.175372616093248,6084.15157616669,402.86887990083
2025-03-21,0.112,5710,0.173829025323394,0.174638489141244,6084.15157616669,398.271294386241
2025-03-21,0.112,5715,0.173086211751113,0.174000212307908,6084.15157616669,393.698859746832
2025-03-21,0.112,5720,0.172438536854365,0.17322881877412,6084.15157616669,389.12642516558
2025-03-21,0.112,5725,0.171770320619601,0.172439791811535,6084.15157616669,384.553990544146
2025-03-21,0.112,5730,0.170971339855961,0.171853369127404,6084.15157616669,380.006706863808
2025-03-21,0.112,5735,0.170373454337166,0.171027226631914,6084.15157616669,375.459423133702
2025-03-21,0.112,5740,0.169537397185274,0.170399024380529,6084.15157616669,370.912139464603
2025-03-21,0.112,5745,0.168897803258091,0.169642889985049,6084.15157616669,366.390006650986
2025-03-21,0.112,5750,0.168236481284204,0.168867746422706,6084.15157616669,361.867873828577
2025-03-21,0.112,5755,0.16744953801036,0.168177621115412,6084.15157616669,357.345741065494
2025-03-21,0.112,5760,0.16674687215356,0.167466555893143,6084.15157616669,352.848759150332
2025-03-21,0.112,5765,0.166023310037531,0.166836220913062,6084.15157616669,348.376928177341
2025-03-21,0.112,5770,0.165379771377168,0.16608290202214,6084.15157616669,343.905097205113
2025-03-21,0.112,5775,0.164514474770969,0.165309390166052,6084.15157616669,339.382964366913
2025-03-21,0.112,5780,0.163926513512841,0.164711939749523,6084.15157616669,334.986586086582
2025-03-21,0.112,5785,0.163216841054379,0.163993443009666,6084.15157616669,330.539905998909
2025-03-21,0.112,5790,0.162485267381421,0.163253272647267,6084.15157616669,326.093225954209
2025-03-21,0.112,5795,0.161827140135003,0.162586408576466,6084.15157616669,321.696847666889
2025-03-21,0.112,5800,0.160957345822846,0.161896238303753,6084.15157616669,317.250167578766
2025-03-21,0.112,5805,0.16025449384705,0.161183030311967,6084.15157616669,312.853789331692
2025-03-21,0.112,5810,0.159712581106028,0.160447030673992,6084.15157616669,308.507712809187
2025-03-21,0.112,5815,0.158870864423265,0.159688464362439,6084.15157616669,304.086183693565
2025-03-21,0.112,5820,0.158188573430572,0.158997245333197,6084.15157616669,299.74010720017
2025-03-21,0.112,5825,0.157481976228355,0.15828196369349,6084.15157616669,295.394030750308
2025-03-21,0.112,5830,0.156751319762614,0.157542855475384,6084.15157616669,291.047954268035
2025-03-21,0.112,5835,0.156083985373912,0.156867014182559,6084.15157616669,286.752179626897
2025-03-21,0.112,5840,0.155391192846075,0.156165953838567,6084.15157616669,282.456404977932
2025-03-21,0.112,5845,0.154673193199642,0.155439914695528,6084.15157616669,278.160630359129
2025-03-21,0.112,5850,0.154014640309704,0.154773301499744,6084.15157616669,273.915157501852
2025-03-21,0.112,5855,0.153329578195794,0.154080411183038,6084.15157616669,269.669684677469
2025-03-21,0.112,5860,0.152618253658396,0.153443941843092,6084.15157616669,265.449362747578
2025-03-21,0.112,5865,0.151880885849351,0.15261671828582,6084.15157616669,261.178738953779
2025-03-21,0.112,5870,0.151117667581538,0.151927161230816,6084.15157616669,256.958417066841
2025-03-21,0.112,5875,0.15040902947321,0.151210549982614,6084.15157616669,252.763245970758
2025-03-21,0.112,5880,0.149832216873896,0.150546353714431,6084.15157616669,248.643527670712
2025-03-21,0.112,5885,0.149068074559466,0.149853958162842,6084.15157616669,244.473507566174
2025-03-21,0.112,5890,0.148355156296311,0.149133570547121,6084.15157616669,240.328638354796
2025-03-21,0.112,5895,0.147614203331912,0.148385367527516,6084.15157616669,236.183769176258
2025-03-21,0.112,5900,0.146921853327818,0.147762137083488,6084.15157616669,232.114352647391
2025-03-21,0.112,5905,0.146276125768366,0.14710858466818,6084.15157616669,228.070087027601
2025-03-21,0.112,5910,0.145524968564451,0.146350002786077,6084.15157616669,223.975519623547
2025-03-21,0.112,5915,0.144819385776244,0.145711336106932,6084.15157616669,219.956404945673
2025-03-21,0.112,5920,0.144157516795864,0.144967964177665,6084.15157616669,215.937290237821
2025-03-21,0.112,5925,0.143391354239042,0.144267904277845,6084.15157616669,211.918175579092
2025-03-21,0.112,5930,0.142740368927099,0.14360939708092,6084.15157616669,207.974513585639
2025-03-21,0.112,5935,0.142057226065289,0.142847230043463,6084.15157616669,204.005700703702
2025-03-21,0.112,5940,0.141270772608912,0.142125630253202,6084.15157616669,200.036887814803
2025-03-21,0.112,5945,0.140594970751777,0.141372324167966,6084.15157616669,196.118376707512
2025-03-21,0.112,5950,0.139886174609649,0.140657437467239,6084.15157616669,192.225016556081
2025-03-21,0.112,5955,0.139144461453199,0.140048919009506,6084.15157616669,188.381958248238
2025-03-21,0.112,5960,0.138508060361736,0.139267640505222,6084.15157616669,184.538899861945
2025-03-21,0.112,5965,0.137768170851301,0.138590751183462,6084.15157616669,180.720992423178
2025-03-21,0.112,5970,0.137062515885595,0.137879244019528,6084.15157616669,176.928235915227
2025-03-21,0.112,5975,0.136322023489313,0.137133132983257,6084.15157616669,173.135479347587
2025-03-21,0.112,5980,0.13561383750899,0.136486606087101,6084.15157616669,169.418175478348
2025-03-21,0.112,5985,0.1348698446495,0.135736965047234,6084.15157616669,165.675720777349
2025-03-21,0.112,5990,0.134156288721421,0.135017955497885,6084.15157616669,161.983567860665
2025-03-21,0.112,5995,0.133471844190793,0.134328262236954,6084.15157616669,158.341716719917
2025-03-21,0.112,6000,0.132749725333717,0.133601149744647,6084.15157616669,154.699865587219
2025-03-21,0.112,6005,0.132054968297324,0.132901612986179,6084.15157616669,151.108316358163
2025-03-21,0.112,6010,0.131321561083048,0.132163680708343,6084.15157616669,147.516767011927
2025-03-21,0.112,6015,0.130678257872673,0.13145161533294,6084.15157616669,144.000670405778
2025-03-21,0.112,6020,0.129930507126594,0.130764255180578,6084.15157616669,140.484573849301
2025-03-21,0.112,6025,0.129270569039845,0.130100486884222,6084.15157616669,137.04392995606
2025-03-21,0.112,6030,0.128505762867042,0.129395690190475,6084.15157616669,133.578135178313
2025-03-21,0.112,6035,0.127826560081799,0.128649610440822,6084.15157616669,130.16264222956
2025-03-21,0.112,6040,0.127104993324386,0.127988063203287,6084.15157616669,126.797451084899
2025-03-21,0.112,6045,0.126403589409675,0.127283654027043,6084.15157616669,123.457410787248
2025-03-21,0.112,6050,0.125721344546554,0.126598691593753,6084.15157616669,120.167672391957
2025-03-21,0.112,6055,0.125057298308617,0.125869731735808,6084.15157616669,116.903084837259
2025-03-21,0.112,6060,0.124348188572716,0.125221000661053,6084.15157616669,113.68879912421
2025-03-21,0.112,6065,0.12365574616396,0.124526754396886,6084.15157616669,110.499664311383
2025-03-21,0.112,6070,0.122979071046392,0.12384859411085,6084.15157616669,107.360831347513
2025-03-21,0.112,6075,0.122255276390758,0.123185668370385,6084.15157616669,104.247149201385
2025-03-21,0.112,6080,0.12154568542302,0.122475197884891,6084.15157616669,101.158618038295
2025-03-21,0.112,6085,0.120903116502288,0.121770186841434,6084.15157616669,98.1388325629275
2025-03-21,0.112,6090,0.120244159651183,0.121111112265334,6084.15157616669,95.1710257622665
2025-03-21,0.112,6095,0.119596978064361,0.120402237688383,6084.15157616669,92.2283698335989
2025-03-21,0.112,6100,0.118898863901126,0.119704708657659,6084.15157616669,89.3108648434643
2025-03-21,0.112,6105,0.118210974350087,0.119079828899559,6084.15157616669,86.468812538282
2025-03-21,0.112,6110,0.117532572793297,0.118402856049806,6084.15157616669,83.6519111233729
2025-03-21,0.112,6115,0.116862953026308,0.117735085103647,6084.15157616669,80.8853115616623
2025-03-21,0.112,6120,0.116263901462546,0.117075854531016,6084.15157616669,78.1941646573307
2025-03-21,0.112,6125,0.115610041856307,0.116424533069831,6084.15157616669,75.5281687104593
2025-03-21,0.112,6130,0.114900164943436,0.115780519143917,6084.15157616669,72.8873236301656
2025-03-21,0.112,6135,0.114322354664813,0.115080105778075,6084.15157616669,70.3219313044592
2025-03-21,0.112,6140,0.113687378496889,0.114448724224251,6084.15157616669,67.8068407955905
2025-03-21,0.112,6145,0.112993796236614,0.11388675283224,6084.15157616669,65.3420520347163
2025-03-21,0.112,6150,0.112432500053469,0.113266545985158,6084.15157616669,62.9527160693945
2025-03-21,0.112,6155,0.111811617706482,0.112586529165777,6084.15157616669,60.563380020988
2025-03-21,0.112,6160,0.111194500376522,0.112039938129528,6084.15157616669,58.2746476390621
2025-03-21,0.112,6165,0.110580729113949,0.11143272003094,6084.15157616669,56.0110661836979
2025-03-21,0.112,6170,0.110102154020515,0.110895115238902,6084.15157616669,53.8732392225579
2025-03-21,0.112,6175,0.109628568778813,0.110228646980194,6084.15157616669,51.7354122211702
2025-03-21,0.112,6180,0.109025243608587,0.109698454060658,6084.15157616669,49.6478871305243
2025-03-21,0.112,6185,0.108492173775411,0.109172326655199,6084.15157616669,47.6358146563874
2025-03-21,0.112,6190,0.107962568025654,0.108650206992712,6084.15157616669,45.6740440724261
2025-03-21,0.112,6195,0.107366760811393,0.108132087797241,6084.15157616669,43.7374243622495
2025-03-21,0.112,6200,0.106913666121523,0.107618017235625,6084.15157616669,41.901408254661
2025-03-21,0.112,6205,0.106394466155308,0.107108102992036,6084.15157616669,40.0905431079416
2025-03-21,0.112,6210,0.105951364265626,0.106530232177447,6084.15157616669,38.3299796897882
2025-03-21,0.112,6215,0.105440778887707,0.10617482696833,6084.15157616669,36.6700199492066
2025-03-21,0.112,6220,0.104934427244004,0.105605385787194,6084.15157616669,34.9849093476726
2025-03-21,0.112,6225,0.104508540270037,0.105265844348463,6084.15157616669,33.4507040675147
2025-03-21,0.112,6230,0.104090313569765,0.10470648764458,6084.15157616669,31.891347950683
2025-03-21,0.112,6235,0.103680568307765,0.104385761250163,6084.15157616669,30.4577463509848
2025-03-21,0.112,6240,0.103280258653118,0.10391865626735,6084.15157616669,29.0241447737326
2025-03-21,0.112,6245,0.102809003900639,0.103541016895918,6084.15157616669,27.6408449627387
2025-03-21,0.112,6250,0.102429405695898,0.103093115930112,6084.15157616669,26.3078469988395
2025-03-21,0.112,6255,0.102147785972946,0.102824766389695,6084.15157616669,25.1006035549549
2025-03-21,0.112,6260,0.101797948326595,0.102489296140288,6084.15157616669,23.8933600958939
2025-03-21,0.112,6265,0.101376296250998,0.102259434814939,6084.15157616669,22.7364184343292
2025-03-21,0.112,6270,0.101060053592701,0.101783039452886,6084.15157616669,21.5794767748816
2025-03-21,0.112,6275,0.100764949046464,0.10141255554921,6084.15157616669,20.4979878635655
2025-03-21,0.112,6280,0.100493654926,0.101156771878631,6084.15157616669,19.4919516306501
2025-03-21,0.112,6285,0.100151763643998,0.100928530909042,6084.15157616669,18.5110663425454
2025-03-21,0.112,6290,0.0999349635356815,0.10063198019347,6084.15157616669,17.5804828474949
2025-03-21,0.112,6295,0.0996493894752853,0.100364914131976,6084.15157616669,16.6750502070366
2025-03-21,0.112,6300,0.0993962354813069,0.100026487078914,6084.15157616669,15.794768529482
2025-03-21,0.112,6305,0.0991797395080181,0.0999347734876686,6084.15157616669,15.0150904713664
2025-03-21,0.112,6310,0.0988931670407181,0.0996701643715417,6084.15157616669,14.2102615121551
2025-03-21,0.112,6315,0.0987614848680689,0.0994465935481073,6084.15157616669,13.4808852709792
2025-03-21,0.112,6320,0.0985640155239411,0.0993863326119557,6084.15157616669,12.8018108166153
2025-03-21,0.112,6325,0.0982964302501117,0.0991445123771528,6084.15157616669,12.0975854611772
2025-03-21,0.112,6330,0.0980795717886147,0.0988300460711476,6084.15157616669,11.4185110145455
2025-03-21,0.112,6335,0.0979203725263456,0.0986944434670168,6084.15157616669,10.8148892844407
2025-03-21,0.112,6340,0.0976924378745726,0.0986246289074796,6084.15157616669,10.2364184829689
2025-03-21,0.112,6350,0.097440276612251,0.0981521317124789,6084.15157616669,9.12977864095785
2025-03-21,0.112,6360,0.0972165836982479,0.0979777229339324,6084.15157616669,8.17404423480258
2025-03-21,0.112,6370,0.0970460012002915,0.0978611746076014,6084.15157616669,7.31891345200759
2025-03-21,0.112,6375,0.0969474597049022,0.0977921161655795,6084.15157616669,6.91649896706505
2025-03-21,0.112,6380,0.0967828370893467,0.0976598738897131,6084.15157616669,6.51408448489167
2025-03-21,0.112,6390,0.0966158154450467,0.0975599748461523,6084.15157616669,5.8098591233512
2025-03-21,0.112,6400,0.096589722405851,0.0974041207781558,6084.15157616669,5.18108649479481
2025-03-21,0.112,6410,0.096537731759681,0.0974163430772752,6084.15157616669,4.62776657704029
2025-03-21,0.112,6420,0.0964738049050451,0.0974240523909247,6084.15157616669,4.12474847160954
2025-03-21,0.112,6425,0.0965993172111567,0.0975838944112895,6084.15157616669,3.92354123457719
2025-03-21,0.112,6430,0.0966767085163958,0.0974460161786553,6084.15157616669,3.69718308104581
2025-03-21,0.112,6440,0.096672099924843,0.0975062443729977,6084.15157616669,3.2947685992816
2025-03-21,0.112,6450,0.096883383402097,0.0977832230536261,6084.15157616669,2.9678068232098
2025-03-21,0.112,6460,0.0970569628669946,0.0978701678367316,6084.15157616669,2.653420509989
2025-03-21,0.112,6470,0.0970220874559204,0.0980837017676756,6084.15157616669,2.36418509793064
2025-03-21,0.112,6475,0.0972906095820522,0.0982087684941429,6084.15157616669,2.25100602767118
2025-03-21,0.112,6480,0.0973302114551926,0.0982882709912433,6084.15157616669,2.12525149805143
2025-03-21,0.112,6490,0.0976696667465851,0.0987035034894379,6084.15157616669,1.92404425589058
2025-03-21,0.112,6500,0.0978363465663965,0.0991792204412019,6084.15157616669,1.73541246640713
2025-03-21,0.112,6510,0.098300604466995,0.0992723432399177,6084.15157616669,1.55935612900588
2025-03-21,0.112,6520,0.0986185368936884,0.0999263860547694,6084.15157616669,1.42102614854964
2025-03-21,0.112,6525,0.0987154328585036,0.10007985506386,6084.15157616669,1.34557343093984
2025-03-21,0.112,6530,0.098766173058598,0.100467474575313,6084.15157616669,1.28269616793497
2025-03-21,0.112,6540,0.0993538728188094,0.101173837782734,6084.15157616669,1.18209254875334
2025-03-21,0.112,6550,0.0998230537778487,0.101147596168484,6084.15157616669,1.05633802554223
2025-03-21,0.112,6560,0.100156344004836,0.102273751571217,6084.15157616669,0.980885307565025
2025-03-21,0.112,6570,0.100734908800263,0.102639524583376,6084.15157616669,0.892857140019061
2025-03-21,0.112,6575,0.100774007322655,0.102768330133423,6084.15157616669,0.842555326685883
2025-03-21,0.112,6580,0.101200805974111,0.1036357418605,6084.15157616669,0.829979879211741
2025-03-21,0.112,6590,0.101537174658765,0.103756157212784,6084.15157616669,0.741951707654586
2025-03-21,0.112,6600,0.102232282978391,0.104591791922577,6084.15157616669,0.691649897659307
2025-03-21,0.112,6610,0.102839686031821,0.105823774819135,6084.15157616669,0.65392353602104
2025-03-21,0.112,6620,0.103348178116735,0.106544587205262,6084.15157616669,0.603621726911275
2025-03-21,0.112,6625,0.104158062775974,0.106875510854276,6084.15157616669,0.591046272730413
2025-03-21,0.112,6630,0.103743494718229,0.107185358527907,6084.15157616669,0.553319918330548
2025-03-21,0.112,6640,0.104007053768153,0.108288974760181,6084.15157616669,0.5155935598825
2025-03-21,0.112,6650,0.106934583189991,0.109358356593247,6084.15157616669,0.528169010198141
2025-03-21,0.112,6675,0.106322988748418,0.111550919999649,6084.15157616669,0.414989938488532
2025-03-21,0.112,6700,0.108201308493118,0.113394107491972,6084.15157616669,0.352112675058811
2025-03-21,0.112,6750,0.111981011458483,0.118564638131509,6084.15157616669,0.276659957752997
2025-03-21,0.112,6800,0.115900784611474,0.124012392505927,6084.15157616669,0.226358149040356
2025-03-21,0.112,6850,0.120759177396961,0.128890578806508,6084.15157616669,0.188631790229166
2025-03-21,0.112,6900,0.127448806623352,0.135948830019021,6084.15157616669,0.18863178981641
2025-03-21,0.112,6950,0.128373339856389,0.14147520606311,6084.15157616669,0.15090543232538
2025-03-21,0.112,7000,0.134672155425933,0.146671204300527,6084.15157616669,0.138329979563434
2025-03-21,0.112,7100,0.14706161501484,0.159970986740693,6084.15157616669,0.138329979160243
2025-03-21,0.112,7200,NA,0.170918165120449,6084.15157616669,NA
2025-03-21,0.112,7300,NA,0.181084689273084,6084.15157616669,NA
2025-03-21,0.112,7400,NA,0.193302076538954,6084.15157616669,NA
2025-03-21,0.112,7500,NA,0.202193940956684,6084.15157616669,NA
2025-03-21,0.112,7600,0.189865291784248,0.213803130489032,6084.15157616669,0.0754527162390037
2025-03-21,0.112,7800,NA,0.232271505253627,6084.15157616669,NA
2025-03-21,0.112,8000,NA,0.253782674724026,6084.15157616669,NA
2025-03-21,0.112,8200,NA,0.274600291329018,6084.15157616669,NA
2025-03-21,0.112,8400,NA,0.294774350210637,6084.15157616669,NA
2025-03-21,0.112,8600,NA,0.314348343696561,6084.15157616669,NA
2025-03-21,0.112,8800,NA,0.333360587416142,6084.15157616669,NA
2025-03-21,0.112,9000,NA,0.351845179708182,6084.15157616669,NA
2025-03-21,0.112,9200,NA,0.369832716265487,6084.15157616669,NA
2025-03-21,0.112,9600,NA,0.404424666217442,6084.15157616669,NA
2025-03-21,0.112,10000,NA,0.428689985442577,6084.15157616669,NA
2025-03-21,0.112,10400,NA,0.468708609719031,6084.15157616669,NA
2025-03-21,0.112,10800,NA,0.498700785560202,6084.15157616669,NA
2025-03-21,0.112,10900,NA,0.505996411106378,6084.15157616669,NA
2025-03-21,0.112,11000,NA,0.513214560800687,6084.15157616669,NA
2025-03-24,0.116,2600,0.796116653237912,0.82777047167915,6084.69734845869,3485.02366705211
2025-03-24,0.116,2800,0.750441847796264,0.774031282800425,6084.69734845869,3285.12407277349
2025-03-24,0.116,3000,0.702231094930748,0.72604540431891,6084.69734845869,3085.24957992521
2025-03-24,0.116,3200,0.663639118595396,0.676920772841648,6084.69734845869,2885.42528993642
2025-03-24,0.116,3400,0.620811927531691,0.630991595265199,6084.69734845869,2685.6261013792
2025-03-24,0.116,3600,0.581689285339558,0.589288343056498,6084.69734845869,2485.92731854186
2025-03-24,0.116,3800,0.539604456302202,0.547435578504457,6084.69734845869,2286.25363713618
2025-03-24,0.116,4000,0.499301943513693,0.503897408074782,6084.69734845869,2086.6301585919
2025-03-24,0.116,4200,0.457061391812136,0.46190956798898,6084.69734845869,1887.05688290494
2025-03-24,0.116,4400,0.415736726741107,0.419579274917249,6084.69734845869,1687.5589115105
2025-03-24,0.116,4600,0.375352126889833,0.378360671334841,6084.69734845869,1488.21154869989
2025-03-24,0.116,4700,0.355436280830002,0.358084198256633,6084.69734845869,1388.61317157966
2025-03-24,0.116,4800,0.334904586512738,0.337247803714711,6084.69734845869,1289.014794466
2025-03-24,0.116,4900,0.314897733793704,0.316951310984647,6084.69734845869,1189.51682307141
2025-03-24,0.116,5000,0.295096237847889,0.29776260361057,6084.69734845869,1090.1694602556
2025-03-24,0.116,5100,0.275238238998031,0.277550236230035,6084.69734845869,990.872300302821
2025-03-24,0.116,5200,0.256446837908817,0.259056330712249,6084.69734845869,891.926560375733
2025-03-24,0.116,5300,0.239039252653422,0.240669094371065,6084.69734845869,793.382443329595
2025-03-24,0.116,5400,0.221829199751948,0.223167691899559,6084.69734845869,695.390557759821
2025-03-24,0.116,5500,0.205784273591861,0.206862099755814,6084.69734845869,598.402729393718
2025-03-24,0.116,5600,0.190692993808493,0.191549823382816,6084.69734845869,502.920986851175
2025-03-24,0.116,5650,0.183336579382681,0.184099563946736,6084.69734845869,455.93315847641
2025-03-24,0.116,5700,0.175949941793093,0.176630409285289,6084.69734845869,409.547764433572
2025-03-24,0.116,5750,0.168648017159373,0.169458184416806,6084.69734845869,364.015819034322
2025-03-24,0.116,5800,0.161609840459436,0.162335704397416,6084.69734845869,319.538133698382
2025-03-24,0.116,5825,0.157932294558318,0.158793271428481,6084.69734845869,297.700913933073
2025-03-24,0.116,5850,0.154368206011217,0.155349961594987,6084.69734845869,276.265316994779
2025-03-24,0.116,5875,0.150840185404643,0.151775294387592,6084.69734845869,255.181140084748
2025-03-24,0.116,5900,0.147278179236611,0.14817121441258,6084.69734845869,234.498586176133
2025-03-24,0.116,5925,0.143760119124973,0.144615441702955,6084.69734845869,214.318060765199
2025-03-24,0.116,5950,0.140207499669859,0.141166590209104,6084.69734845869,194.689766806743
2025-03-24,0.116,5960,0.138814206901247,0.139759285546838,6084.69734845869,186.999098395991
2025-03-24,0.116,5970,0.137424098237207,0.138222961566891,6084.69734845869,179.358632854514
2025-03-24,0.116,5975,0.136678896113561,0.13760463933835,6084.69734845869,175.613704374771
2025-03-24,0.116,5980,0.13590021949172,0.1368200179681,6084.69734845869,171.818573029654
2025-03-24,0.116,5990,0.134501731834891,0.135410153332907,6084.69734845869,164.429121748109
2025-03-24,0.116,6000,0.133090117186373,0.133988085752642,6084.69734845869,157.140076274261
2025-03-24,0.116,6010,0.13166011357362,0.132675458470196,6084.69734845869,150.001639333558
2025-03-24,0.116,6020,0.130332172437664,0.131212036966197,6084.69734845869,142.963608060849
2025-03-24,0.116,6025,0.129609889434984,0.130485852449525,6084.69734845869,139.46969388563
2025-03-24,0.116,6030,0.128973062408962,0.129845349609717,6084.69734845869,136.076185456424
2025-03-24,0.116,6040,0.127577774281734,0.128443524616649,6084.69734845869,129.289168477836
2025-03-24,0.116,6050,0.126141131357657,0.127001416720809,6084.69734845869,122.602557291512
2025-03-24,0.116,6060,0.1247799983217,0.125635923203454,6084.69734845869,116.116757504112
2025-03-24,0.116,6070,0.123365447387728,0.12434000137417,6084.69734845869,109.78156638343
2025-03-24,0.116,6075,0.122712438195414,0.123564035628617,6084.69734845869,106.639072217197
2025-03-24,0.116,6080,0.122013400713158,0.122864176399708,6084.69734845869,103.546780891361
2025-03-24,0.116,6090,0.120694673849925,0.121544790480234,6084.69734845869,97.5441580194608
2025-03-24,0.116,6100,0.119278391092521,0.120250777134633,6084.69734845869,91.6704234066947
2025-03-24,0.116,6110,0.118028159948747,0.118881187689698,6084.69734845869,85.9975001304979
2025-03-24,0.116,6120,0.116695195928212,0.11767437698714,6084.69734845869,80.5253883540959
2025-03-24,0.116,6125,0.116010966183854,0.116993015861831,6084.69734845869,77.8144338585034
2025-03-24,0.116,6150,0.112880587574828,0.113759313998071,6084.69734845869,65.1131101688329
2025-03-24,0.116,6175,0.109951358198252,0.110862708996803,6084.69734845869,53.7672636443601
2025-03-24,0.116,6200,0.107328985494652,0.108288902437162,6084.69734845869,43.8270973019102
2025-03-24,0.116,6250,0.102875589535706,0.103836503575448,6084.69734845869,27.9127904875929
2025-03-24,0.116,6275,0.101099263437245,0.102165360612005,6084.69734845869,21.8884471735181
2025-03-24,0.116,6300,0.0995788941771537,0.100782761027261,6084.69734845869,16.9685668734145
2025-03-24,0.116,6325,0.09860703025776,0.0997565072874334,6084.69734845869,13.1029465782776
2025-03-24,0.116,6350,0.0976159268146856,0.0989559288690208,6084.69734845869,9.9903692658591
2025-03-24,0.116,6375,0.0968797448412133,0.0981503342599099,6084.69734845869,7.53042908181683
2025-03-24,0.116,6400,0.0965117143904445,0.0980271307606684,6084.69734845869,5.72312609668006
2025-03-24,0.116,6500,0.0973119108210824,0.0993625764648265,6084.69734845869,1.93281013289337
2025-03-24,0.116,6600,0.101756025568495,0.104314694207282,6084.69734845869,0.778144338559446
2025-03-24,0.116,6700,0.107179915966092,0.11337001868806,6084.69734845869,0.401622886671266
2025-03-24,0.116,6800,0.113780404670888,0.123712248922485,6084.69734845869,0.251014303593687
2025-03-24,0.116,7000,0.128050556403235,0.147085704837385,6084.69734845869,0.150608581467711
2025-03-24,0.116,7200,NA,0.169856042946852,6084.69734845869,NA
2025-03-24,0.116,7400,NA,0.189827910969929,6084.69734845869,NA
2025-03-24,0.116,7600,NA,0.213150645311187,6084.69734845869,NA
2025-03-24,0.116,7800,NA,0.235632817227597,6084.69734845869,NA
2025-03-28,0.132,2600,0.758168268822933,0.784646787525457,6088.94274921076,3489.32021265554
2025-03-28,0.132,2800,0.71961230353012,0.738374305967075,6088.94274921076,3289.47119803347
2025-03-28,0.132,3000,0.676336137423745,0.690608178867804,6088.94274921076,3089.62218341113
2025-03-28,0.132,3200,0.639087825277715,0.646140809133473,6088.94274921076,2889.84866147773
2025-03-28,0.132,3400,0.598074696048002,0.606075059789225,6088.94274921076,2690.12546800468
2025-03-28,0.132,3600,0.559760560448737,0.565841599767491,6088.94274921076,2490.4777672184
2025-03-28,0.132,3800,0.520724725524111,0.525444822436997,6088.94274921076,2290.88039489458
2025-03-28,0.132,4000,0.479896460624036,0.484897854643914,6088.94274921076,2091.30818679682
2025-03-28,0.132,4200,0.440212021080798,0.443219233006928,6088.94274921076,1891.78630715832
2025-03-28,0.132,4400,0.400113162491427,0.403317234181956,6088.94274921076,1692.36508443998
2025-03-28,0.132,4600,0.36091420438059,0.363461442926523,6088.94274921076,1493.06968287618
2025-03-28,0.132,4700,0.341305723146614,0.344683636090996,6088.94274921076,1393.52263900877
2025-03-28,0.132,4800,0.322280331917143,0.325262103894033,6088.94274921076,1294.02592359854
2025-03-28,0.132,4850,0.313009359112138,0.314880268730566,6088.94274921076,1244.27756589027
2025-03-28,0.132,4900,0.303539680486768,0.306154593296546,6088.94274921076,1194.62986511634
2025-03-28,0.132,4950,0.293886582536943,0.296340481315104,6088.94274921076,1144.93183587005
2025-03-28,0.132,5000,0.284838310496361,0.287121329335418,6088.94274921076,1095.33446353866
2025-03-28,0.132,5050,0.276244086587134,0.278353704658812,6088.94274921076,1045.8377481284
2025-03-28,0.132,5100,0.267306556513188,0.269261617092516,6088.94274921076,996.341032723997
2025-03-28,0.132,5150,0.258665195021519,0.260467915238303,6088.94274921076,946.944974231549
2025-03-28,0.132,5200,0.249643961749104,0.251311174240243,6088.94274921076,897.548915745906
2025-03-28,0.132,5300,0.232954612026688,0.234811553407207,6088.94274921076,799.310411831704
2025-03-28,0.132,5325,0.229251733714982,0.230579213991783,6088.94274921076,774.864024880944
2025-03-28,0.132,5350,0.224938947674198,0.226628518892048,6088.94274921076,750.4176379339
2025-03-28,0.132,5375,0.221303338646538,0.222509152251864,6088.94274921076,726.071907900941
2025-03-28,0.132,5400,0.217463554897731,0.218610543113343,6088.94274921076,701.776506328677
2025-03-28,0.132,5425,0.213431902400411,0.214886337078122,6088.94274921076,677.531433224538
2025-03-28,0.132,5450,0.209915012262757,0.210950567150241,6088.94274921076,653.387017032689
2025-03-28,0.132,5475,0.206158302051048,0.207141753806057,6088.94274921076,629.292929293312
2025-03-28,0.132,5500,0.202489214159618,0.203422236397923,6088.94274921076,605.299498480524
2025-03-28,0.132,5525,0.198576498248956,0.199757624821136,6088.94274921076,581.356396136546
2025-03-28,0.132,5550,0.19499724107646,0.196116754839563,6088.94274921076,557.564279132194
2025-03-28,0.132,5560,0.19354284728963,0.19463884079215,6088.94274921076,548.067563724353
2025-03-28,0.132,5570,0.192312577590052,0.193116696343921,6088.94274921076,538.621176806689
2025-03-28,0.132,5575,0.191676465645145,0.192471489451996,6088.94274921076,533.923147544353
2025-03-28,0.132,5580,0.191026654090684,0.19181278667733,6088.94274921076,529.225118285781
2025-03-28,0.132,5590,0.189429349436858,0.190199874657865,6088.94274921076,519.728402898743
2025-03-28,0.132,5600,0.1880424675145,0.188796417376466,6088.94274921076,510.332344407895
2025-03-28,0.132,5610,0.186604197540782,0.187342250745033,6088.94274921076,500.936285934568
2025-03-28,0.132,5620,0.185115778029209,0.185838564819194,6088.94274921076,491.540227431063
2025-03-28,0.132,5625,0.184592004104999,0.185306097871866,6088.94274921076,486.942855091414
2025-03-28,0.132,5630,0.183814778745664,0.184521641229296,6088.94274921076,482.244825871273
2025-03-28,0.132,5640,0.182455887432247,0.183147524683534,6088.94274921076,472.949424307446
2025-03-28,0.132,5650,0.181040589257428,0.181717646799328,6088.94274921076,463.654022721863
2025-03-28,0.132,5660,0.179570216012486,0.180233291637678,6088.94274921076,454.358621155841
2025-03-28,0.132,5670,0.178262825673292,0.178911523569681,6088.94274921076,445.163876482633
2025-03-28,0.132,5675,0.1773713395487,0.178227621243415,6088.94274921076,440.516175712778
2025-03-28,0.132,5680,0.176681418986853,0.177528621887176,6088.94274921076,435.918803384979
2025-03-28,0.132,5690,0.175464207884963,0.176086015006163,6088.94274921076,426.774387186974
2025-03-28,0.132,5700,0.173975769019342,0.17458496981638,6088.94274921076,417.579642549781
2025-03-28,0.132,5710,0.172628777389085,0.173225158239844,6088.94274921076,408.485554816573
2025-03-28,0.132,5720,0.171216960905502,0.171995353910515,6088.94274921076,399.441795550663
2025-03-28,0.132,5725,0.170583676397724,0.17116155288756,6088.94274921076,394.894751664301
2025-03-28,0.132,5730,0.169741681482342,0.170504462028545,6088.94274921076,390.347707811646
2025-03-28,0.132,5740,0.168391368377433,0.169138411900432,6088.94274921076,381.354277024171
2025-03-28,0.132,5750,0.166972398463363,0.167704408548259,6088.94274921076,372.360846195434
2025-03-28,0.132,5760,0.165665754346382,0.166382723717217,6088.94274921076,363.468072248525
2025-03-28,0.132,5770,0.16428584089967,0.164988467757336,6088.94274921076,354.575298401578
2025-03-28,0.132,5775,0.163655949461965,0.164351358569678,6088.94274921076,350.179239901711
2025-03-28,0.132,5780,0.162834074170097,0.163694885439464,6088.94274921076,345.732852941363
2025-03-28,0.132,5790,0.161480807026397,0.162324619330472,6088.94274921076,336.940735980283
2025-03-28,0.132,5800,0.160051463488518,0.16087906306728,6088.94274921076,328.148619005025
2025-03-28,0.132,5810,0.158709909326905,0.159521477206178,6088.94274921076,319.4571589214
2025-03-28,0.132,5820,0.157288442304181,0.158084738821538,6088.94274921076,310.765698880563
2025-03-28,0.132,5825,0.156627123822754,0.157415812598829,6088.94274921076,306.470297325653
2025-03-28,0.132,5830,0.155944782043877,0.156726052544607,6088.94274921076,302.17489576404
2025-03-28,0.132,5840,0.154517663784875,0.155437781966832,6088.94274921076,293.634421062811
2025-03-28,0.132,5850,0.15315901083183,0.154062345707878,6088.94274921076,285.144274846092
2025-03-28,0.132,5860,0.151861611110036,0.152600922327359,6088.94274921076,276.704457049227
2025-03-28,0.132,5870,0.150473192359911,0.151344638023408,6088.94274921076,268.365296232407
2025-03-28,0.132,5875,0.149889336342588,0.150609172586242,6088.94274921076,264.220880036957
2025-03-28,0.132,5880,0.149137729193454,0.149994097908622,6088.94274921076,260.076463846193
2025-03-28,0.132,5890,0.147848759541671,0.148550370530136,6088.94274921076,251.837959918331
2025-03-28,0.132,5900,0.14646201557147,0.147152124580619,6088.94274921076,243.649784466759
2025-03-28,0.132,5910,0.145114247596535,0.145793273721527,6088.94274921076,235.56226595439
2025-03-28,0.132,5920,0.143799605455906,0.144467994567424,6088.94274921076,227.575404292341
2025-03-28,0.132,5925,0.14310317203888,0.143766479912638,6088.94274921076,223.581973485716
2025-03-28,0.132,5930,0.142380757923443,0.143170717372756,6088.94274921076,219.63887111012
2025-03-28,0.132,5940,0.140987963121371,0.141766458571867,6088.94274921076,211.752666405285
2025-03-28,0.132,5950,0.139743795760673,0.140383396527257,6088.94274921076,204.017447090367
2025-03-28,0.132,5960,0.138385318740283,0.139016328201635,6088.94274921076,196.332556194192
2025-03-28,0.132,5970,0.137037302509675,0.137660220815121,6088.94274921076,188.748322210312
2025-03-28,0.132,5975,0.136319234905798,0.137062100864972,6088.94274921076,185.00653373763
2025-03-28,0.132,5980,0.135694848166585,0.136310189871849,6088.94274921076,181.264745211113
2025-03-28,0.132,5990,0.134353180500033,0.135083095545693,6088.94274921076,173.93215357174
2025-03-28,0.132,6000,0.133007620341676,0.13372973279591,6088.94274921076,166.64989035001
2025-03-28,0.132,6010,0.131653553861273,0.132368527582453,6088.94274921076,159.468284039623
2025-03-28,0.132,6020,0.130286398951756,0.130994914823996,6088.94274921076,152.387334700808
2025-03-28,0.132,6025,0.129611182081613,0.130316726016207,6088.94274921076,148.897188469353
2025-03-28,0.132,6030,0.129018706237305,0.129721436850127,6088.94274921076,145.507699208621
2025-03-28,0.132,6040,0.127727016978085,0.128424699677034,6088.94274921076,138.728720587566
2025-03-28,0.132,6050,0.126406986990843,0.12710038022174,6088.94274921076,132.050398906568
2025-03-28,0.132,6060,0.1250541495652,0.125744037094199,6088.94274921076,125.472734129492
2025-03-28,0.132,6070,0.123778396108346,0.124465590514394,6088.94274921076,119.096383224894
2025-03-28,0.132,6075,0.123081818190802,0.123767986250269,6088.94274921076,115.908207723318
2025-03-28,0.132,6080,0.12245969893102,0.123145059068154,6088.94274921076,112.820689162191
2025-03-28,0.132,6090,0.121150760122527,0.121835187481894,6088.94274921076,106.696333676938
2025-03-28,0.132,6100,0.119885323100455,0.120569770686985,6088.94274921076,100.75757551862
2025-03-28,0.132,6110,0.118562143496681,0.119361867135593,6088.94274921076,94.9698026524804
2025-03-28,0.132,6120,0.117290486695003,0.11809266582409,6088.94274921076,89.3330152546657
2025-03-28,0.132,6125,0.116701331161192,0.117390392869002,6088.94274921076,86.5649499445306
2025-03-28,0.132,6130,0.116066063663925,0.116756901578508,6088.94274921076,83.8472131312526
2025-03-28,0.132,6140,0.114769209056876,0.115580416194171,6088.94274921076,78.562724943858
2025-03-28,0.132,6150,0.113627524286769,0.114328638909405,6088.94274921076,73.4795505530208
2025-03-28,0.132,6160,0.11252316721649,0.113231452586393,6088.94274921076,68.648018456347
2025-03-28,0.132,6170,0.111334484707847,0.112051510831151,6088.94274921076,63.917143281875
2025-03-28,0.132,6175,0.110841888698571,0.111443542144776,6088.94274921076,61.6523626294202
2025-03-28,0.132,6180,0.110297328382092,0.110903465855455,6088.94274921076,59.4379104294926
2025-03-28,0.132,6190,0.109169459636861,0.109908921612025,6088.94274921076,55.1599913853991
2025-03-28,0.132,6200,0.108195028177544,0.108822913051658,6088.94274921076,51.0833861843807
2025-03-28,0.132,6210,0.107253427003136,0.107894601995908,6088.94274921076,47.2584232609425
2025-03-28,0.132,6220,0.10634626380923,0.107002547764546,6088.94274921076,43.6347742126495
2025-03-28,0.132,6225,0.105806586242386,0.106604147175657,6088.94274921076,41.8732781122807
2025-03-28,0.132,6230,0.105476224588339,0.106149581578196,6088.94274921076,40.2124389998701
2025-03-28,0.132,6240,0.104647253928124,0.105339802420342,6088.94274921076,36.9914175364206
2025-03-28,0.132,6250,0.103721697549928,0.104578796916759,6088.94274921076,33.9213815667781
2025-03-28,0.132,6260,0.102988066672714,0.103873906363159,6088.94274921076,31.102987877068
2025-03-28,0.132,6270,0.102316869623634,0.10308194820829,6088.94274921076,28.435579501637
2025-03-28,0.132,6275,0.102047301360316,0.102826490937169,6088.94274921076,27.2276964695782
2025-03-28,0.132,6280,0.101719832772535,0.102514206836371,6088.94274921076,26.0198134447962
2025-03-28,0.132,6290,0.101045691725485,0.101873163538431,6088.94274921076,23.7047043150696
2025-03-28,0.132,6300,0.100463985608118,0.101327727487694,6088.94274921076,21.5909090374846
2025-03-28,0.132,6310,0.0999948996730852,0.10089804115418,6088.94274921076,19.6784276081549
2025-03-28,0.132,6320,0.0994729355705726,0.100420269617504,6088.94274921076,17.8666030378698
2025-03-28,0.132,6325,0.0993143838685312,0.100284533281273,6088.94274921076,17.0613476980078
2025-03-28,0.132,6330,0.0990992826963171,0.100094031976233,6088.94274921076,16.2560923434754
2025-03-28,0.132,6350,0.0984949710517578,0.0993786668085327,6088.94274921076,13.3873701605972
2025-03-28,0.132,6375,0.097587459193963,0.0986097331304945,6088.94274921076,10.3676625940239
2025-03-28,0.132,6400,0.0970796251466561,0.0982721023582332,6088.94274921076,8.0525534905596
2025-03-28,0.132,6425,0.0967552789633258,0.0978127916722548,6088.94274921076,6.190400490314
2025-03-28,0.132,6450,0.0965862996498701,0.0978435196419699,6088.94274921076,4.78120362779728
2025-03-28,0.132,6500,0.0967318131269054,0.097947918719796,6088.94274921076,2.8183937230209
2025-03-28,0.132,6550,0.0974817088252888,0.0992521889828457,6088.94274921076,1.711167613501
2025-03-28,0.132,6600,0.099199387212921,0.101708533210361,6088.94274921076,1.10722610430798
2025-03-28,0.132,6650,0.101440591560127,0.104903657364773,6088.94274921076,0.754926890967401
2025-03-28,0.132,6700,0.104362382434195,0.10892973153091,6088.94274921076,0.553613052260133
2025-03-28,0.132,6800,0.111425798849019,0.117002948853646,6088.94274921076,0.327134986630702
2025-03-28,0.132,7000,0.126393536946636,0.137291662275349,6088.94274921076,0.176149607614642
2025-03-28,0.132,7200,0.141498244218742,0.158659966426246,6088.94274921076,0.125821147866045
2025-03-28,0.132,7400,NA,0.177403703735763,6088.94274921076,NA
2025-03-28,0.132,7600,NA,0.199276447554221,6088.94274921076,NA
2025-03-28,0.132,7800,NA,0.220360186383485,6088.94274921076,NA
2025-03-31,0.136,1200,NA,1.28794541147344,6089.2176577713,NA
2025-03-31,0.136,1400,NA,1.16718594612132,6089.2176577713,NA
2025-03-31,0.136,1600,1.06301778987314,1.09445392184891,6089.2176577713,4489.3433400463
2025-03-31,0.136,1800,0.926908227429303,1.02211654013328,6089.2176577713,4289.34334004628
2025-03-31,0.136,2000,0.91615478742813,0.952709541179025,6089.2176577713,4089.4187494115
2025-03-31,0.136,2100,0.877265936742611,0.912350200251167,6089.2176577713,3989.41874941137
2025-03-31,0.136,2200,0.858747889597461,0.886803145276827,6089.2176577713,3889.46902232134
2025-03-31,0.136,2300,0.83716460287246,0.860432148638657,6089.2176577713,3789.51929523147
2025-03-31,0.136,2400,0.81392291469547,0.833697761718927,6089.2176577713,3689.56956814141
2025-03-31,0.136,2500,0.789775835602329,0.806880414039442,6089.2176577713,3589.61984105143
2025-03-31,0.136,2600,0.765164400092124,0.780156428683197,6089.2176577713,3489.67011396172
2025-03-31,0.136,2700,0.740361989321001,0.75363843922029,6089.2176577713,3389.72038687151
2025-03-31,0.136,2800,0.721678268620977,0.732765119193477,6089.2176577713,3289.82093269131
2025-03-31,0.136,2900,0.701481674352397,0.710953096297211,6089.2176577713,3189.92147851178
2025-03-31,0.136,3000,0.675915306512724,0.688568276111601,6089.2176577713,3089.99688787705
2025-03-31,0.136,3100,0.658616863095367,0.665849380768695,6089.2176577713,2990.12257015136
2025-03-31,0.136,3150,0.647609831233086,0.654417188073017,6089.2176577713,2940.17284306136
2025-03-31,0.136,3200,0.63653671446714,0.642957536349861,6089.2176577713,2890.22311597151
2025-03-31,0.136,3250,0.625415224224593,0.634364512682602,6089.2176577713,2840.29852533663
2025-03-31,0.136,3300,0.617180364809578,0.622738322875288,6089.2176577713,2790.37393470207
2025-03-31,0.136,3350,0.605850257146166,0.61365029020017,6089.2176577713,2740.44934406666
2025-03-31,0.136,3400,0.597066471403547,0.599538083791557,6089.2176577713,2690.49961697696
2025-03-31,0.136,3450,0.585621539961278,0.590266315433347,6089.2176577713,2640.57502634138
2025-03-31,0.136,3500,0.57644357121136,0.580761789482099,6089.2176577713,2590.67557216184
2025-03-31,0.136,3550,0.567034185681875,0.571063201954232,6089.2176577713,2540.77611798282
2025-03-31,0.136,3600,0.557431419896441,0.561202265402045,6089.2176577713,2490.87666380176
2025-03-31,0.136,3625,0.552567488797536,0.556219296289633,6089.2176577713,2465.92693671237
2025-03-31,0.136,3650,0.547666457736277,0.55120521576454,6089.2176577713,2440.97720962164
2025-03-31,0.136,3675,0.542731395857103,0.54616263065686,6089.2176577713,2416.02748253116
2025-03-31,0.136,3700,0.537765106586483,0.541093929808996,6089.2176577713,2391.07775544248
2025-03-31,0.136,3725,0.532770155281554,0.536001304739382,6089.2176577713,2366.12802835211
2025-03-31,0.136,3750,0.527748893095257,0.530886769142047,6089.2176577713,2341.17830126343
2025-03-31,0.136,3775,0.522703477349027,0.525752175039243,6089.2176577713,2316.22857417272
2025-03-31,0.136,3800,0.517635890595793,0.519130365886888,6089.2176577713,2291.25371062573
2025-03-31,0.136,3825,0.512547956336053,0.51400085869709,6089.2176577713,2266.30398353723
2025-03-31,0.136,3850,0.507441353715305,0.510244435158111,6089.2176577713,2241.37939290153
2025-03-31,0.136,3875,0.502317630038695,0.505045375779808,6089.2176577713,2216.42966581209
2025-03-31,0.136,3900,0.497178212121512,0.499833553935291,6089.2176577713,2191.47993872245
2025-03-31,0.136,3925,0.492024416621044,0.495874119391828,6089.2176577713,2166.55534808791
2025-03-31,0.136,3950,0.486857458767734,0.490607963315194,6089.2176577713,2141.60562099796
2025-03-31,0.136,3975,0.481678460805283,0.484132480218821,6089.2176577713,2116.63075745078
2025-03-31,0.136,4000,0.477692818553532,0.480051097569843,6089.2176577713,2091.73130327307
2025-03-31,0.136,4025,0.472462305064943,0.474761994287047,6089.2176577713,2066.78157618138
2025-03-31,0.136,4050,0.467223680629844,0.470566344178931,6089.2176577713,2041.85698554783
2025-03-31,0.136,4075,0.461977704276134,0.465239199279345,6089.2176577713,2016.90725845856
2025-03-31,0.136,4100,0.457799554155752,0.459907997742352,6089.2176577713,1991.98266782064
2025-03-31,0.136,4125,0.452514960511485,0.454573253978154,6089.2176577713,1967.03294073272
2025-03-31,0.136,4150,0.447225765988182,0.450222485546875,6089.2176577713,1942.10835009717
2025-03-31,0.136,4175,0.441932476119375,0.444859197327842,6089.2176577713,1917.15862300736
2025-03-31,0.136,4200,0.437599473248283,0.440425876754588,6089.2176577713,1892.25916882705
2025-03-31,0.136,4225,0.432276883971279,0.435939265758096,6089.2176577713,1867.33457819138
2025-03-31,0.136,4250,0.427861553203226,0.429650950559542,6089.2176577713,1842.38485110418
2025-03-31,0.136,4275,0.421625481708648,0.425124009512071,6089.2176577713,1817.43512401482
2025-03-31,0.136,4300,0.417165710992198,0.42055046115395,6089.2176577713,1792.53566983017
2025-03-31,0.136,4325,0.412656490685016,0.415933139616189,6089.2176577713,1767.63621565069
2025-03-31,0.136,4350,0.406466751469891,0.409702959027933,6089.2176577713,1742.63621565439
2025-03-31,0.136,4375,0.401919423625743,0.405053737800242,6089.2176577713,1717.73676147201
2025-03-31,0.136,4400,0.397328519489367,0.400365716364421,6089.2176577713,1692.83730729375
2025-03-31,0.136,4425,0.392696542281222,0.394182038021988,6089.2176577713,1667.88758019923
2025-03-31,0.136,4450,0.388025781308611,0.390881681110526,6089.2176577713,1643.038398932
2025-03-31,0.136,4475,0.383318332047326,0.384715633723064,6089.2176577713,1618.08867184118
2025-03-31,0.136,4500,0.378576114040505,0.379932125529898,6089.2176577713,1593.18921766028
2025-03-31,0.136,4525,0.372462622350082,0.375117308600081,6089.2176577713,1568.23949057235
2025-03-31,0.136,4550,0.367695222981555,0.370272682071918,6089.2176577713,1543.34003639083
2025-03-31,0.136,4570,0.364113933925135,0.366623970499786,6089.2176577713,1523.44058221086
2025-03-31,0.136,4575,0.36289633385055,0.365399620228285,6089.2176577713,1518.44058221244
2025-03-31,0.136,4580,0.362937699270297,0.364176257886308,6089.2176577713,1513.49085512366
2025-03-31,0.136,4590,0.360500606644553,0.362945823168011,6089.2176577713,1503.54112803322
2025-03-31,0.136,4600,0.358067411021706,0.360499382246405,6089.2176577713,1493.54112803617
2025-03-31,0.136,4610,0.356856604072188,0.359239440173043,6089.2176577713,1483.64167385293
2025-03-31,0.136,4620,0.354424439889093,0.356794271379866,6089.2176577713,1473.64167385244
2025-03-31,0.136,4625,0.353209787159419,0.355573120637966,6089.2176577713,1468.6416738531
2025-03-31,0.136,4630,0.353183190769476,0.355505936337106,6089.2176577713,1463.74221967543
2025-03-31,0.136,4640,0.350752062537226,0.353062033997111,6089.2176577713,1453.74221967645
2025-03-31,0.136,4650,0.349481539766301,0.351746347611046,6089.2176577713,1443.84276548716
2025-03-31,0.136,4660,0.347051445302109,0.349303699646144,6089.2176577713,1433.84276548801
2025-03-31,0.136,4670,0.344625037711159,0.346864748449786,6089.2176577713,1423.84276549329
2025-03-31,0.136,4675,0.344537750521488,0.34674047465718,6089.2176577713,1418.94331131409
2025-03-31,0.136,4680,0.343323670991755,0.345520225406428,6089.2176577713,1413.94331131251
2025-03-31,0.136,4690,0.340898227610708,0.343082448986187,6089.2176577713,1403.94331131813
2025-03-31,0.136,4700,0.33956974441591,0.34171249952687,6089.2176577713,1394.04385713393
2025-03-31,0.136,4710,0.33714524909214,0.339275873435527,6089.2176577713,1384.04385713627
2025-03-31,0.136,4720,0.335790597624745,0.3378813473921,6089.2176577713,1374.1444029487
2025-03-31,0.136,4725,0.334578377538739,0.336663157673911,6089.2176577713,1369.14440295426
2025-03-31,0.136,4730,0.333367028530379,0.335445841070635,6089.2176577713,1364.14440294979
2025-03-31,0.136,4740,0.331987095875139,0.334027534723899,6089.2176577713,1354.24494877513
2025-03-31,0.136,4750,0.329564424779462,0.33159311222908,6089.2176577713,1344.24494877185
2025-03-31,0.136,4760,0.328160040977621,0.330151771073653,6089.2176577713,1334.34549459415
2025-03-31,0.136,4770,0.325738233829151,0.32771839107804,6089.2176577713,1324.34549459636
2025-03-31,0.136,4775,0.325521905639445,0.327472146915489,6089.2176577713,1319.44604040685
2025-03-31,0.136,4780,0.324310175661945,0.32625471404241,6089.2176577713,1314.44604041277
2025-03-31,0.136,4790,0.322861633927825,0.324771659967501,6089.2176577713,1304.54658623598
2025-03-31,0.136,4800,0.320438187506104,0.322336971172633,6089.2176577713,1294.54658622813
2025-03-31,0.136,4810,0.318967363151791,0.320832838939553,6089.2176577713,1284.64713205199
2025-03-31,0.136,4820,0.316544711410161,0.31839910373169,6089.2176577713,1274.64713204738
2025-03-31,0.136,4825,0.316264378076515,0.317183430476201,6089.2176577713,1269.69740496602
2025-03-31,0.136,4830,0.315052246029597,0.316874471779071,6089.2176577713,1264.74767786667
2025-03-31,0.136,4840,0.31354113367934,0.314441628167055,6089.2176577713,1254.79795078089
2025-03-31,0.136,4850,0.31111682723943,0.3128970382627,6089.2176577713,1244.84822369812
2025-03-31,0.136,4860,0.309585231758817,0.311335248867661,6089.2176577713,1234.94876951266
2025-03-31,0.136,4870,0.307161606494059,0.308900977421722,6089.2176577713,1224.94876951089
2025-03-31,0.136,4875,0.306822674344019,0.308538088599161,6089.2176577713,1220.04931533327
2025-03-31,0.136,4880,0.305610057281766,0.307320215530646,6089.2176577713,1215.04931533379
2025-03-31,0.136,4890,0.304041406658697,0.305723156658669,6089.2176577713,1205.14986114531
2025-03-31,0.136,4900,0.301616032835804,0.303287402081529,6089.2176577713,1195.14986115123
2025-03-31,0.136,4910,0.300028391817843,0.30167224528362,6089.2176577713,1185.25040697544
2025-03-31,0.136,4920,0.298424534582109,0.300041601464411,6089.2176577713,1175.35095279419
2025-03-31,0.136,4925,0.297210590239668,0.298822590290607,6089.2176577713,1170.35095280057
2025-03-31,0.136,4930,0.296804856940696,0.298395834276262,6089.2176577713,1165.45149861215
2025-03-31,0.136,4940,0.294375350373879,0.295956311480674,6089.2176577713,1155.45149861555
2025-03-31,0.136,4950,0.292737932638131,0.294293584471884,6089.2176577713,1145.55204443127
2025-03-31,0.136,4960,0.291085448431432,0.292616425746686,6089.2176577713,1135.65259024825
2025-03-31,0.136,4970,0.289418237104445,0.290925148171257,6089.2176577713,1125.75313607212
2025-03-31,0.136,4975,0.28820105088633,0.289703118930234,6089.2176577713,1120.75313606538
2025-03-31,0.136,4980,0.286984514847787,0.288481739868784,6089.2176577713,1115.75313606583
2025-03-31,0.136,4990,0.285300610582285,0.286774455477642,6089.2176577713,1105.85368189577
2025-03-31,0.136,5000,0.283602621518033,0.285053642170912,6089.2176577713,1095.95422770799
2025-03-31,0.136,5010,0.281890839275413,0.283319569450065,6089.2176577713,1086.05477353357
2025-03-31,0.136,5020,0.280165541650486,0.281572493719846,6089.2176577713,1076.15531935017
2025-03-31,0.136,5025,0.278945036431545,0.28034734251093,6089.2176577713,1071.15531935765
2025-03-31,0.136,5030,0.278426993633629,0.27981265974347,6089.2176577713,1066.25586516794
2025-03-31,0.136,5040,0.276675447555052,0.278040301079176,6089.2176577713,1056.3564109905
2025-03-31,0.136,5050,0.274911144103433,0.276255640225748,6089.2176577713,1046.45695682101
2025-03-31,0.136,5060,0.273134312471437,0.274458889059073,6089.2176577713,1036.55750263107
2025-03-31,0.136,5070,0.271345171228829,0.272650250141809,6089.2176577713,1026.65804845543
2025-03-31,0.136,5075,0.270118931536655,0.271419581137677,6089.2176577713,1021.65804846125
2025-03-31,0.136,5080,0.269543928467999,0.270829915850275,6089.2176577713,1016.75859427191
2025-03-31,0.136,5090,0.267730782386031,0.268998069829644,6089.2176577713,1006.85914009563
2025-03-31,0.136,5100,0.265905921575748,0.267154886557377,6089.2176577713,996.959685909482
2025-03-31,0.136,5110,0.2640695257533,0.265300532216346,6089.2176577713,987.060231735786
2025-03-31,0.136,5120,0.262221765321618,0.263435164694833,6089.2176577713,977.160777549634
2025-03-31,0.136,5125,0.261596515362794,0.262796851918267,6089.2176577713,972.261323378162
2025-03-31,0.136,5130,0.260963040952521,0.262150573568823,6089.2176577713,967.361869198043
2025-03-31,0.136,5140,0.259084496089692,0.260255338823381,6089.2176577713,957.46241501283
2025-03-31,0.136,5150,0.257195209439599,0.258349669772643,6089.2176577713,947.56296082304
2025-03-31,0.136,5160,0.255866449903931,0.256997110725138,6089.2176577713,937.764052479219
2025-03-31,0.136,5170,0.253948117194485,0.255063199462845,6089.2176577713,927.8645983028
2025-03-31,0.136,5175,0.253263335204944,0.254367090262489,6089.2176577713,922.965144118773
2025-03-31,0.136,5180,0.252019561182515,0.253119335709169,6089.2176577713,917.96514411919
2025-03-31,0.136,5190,0.250625006471815,0.251702791744886,6089.2176577713,908.166235757195
2025-03-31,0.136,5200,0.248668875308083,0.249732061081163,6089.2176577713,898.266781578433
2025-03-31,0.136,5210,0.247228987452429,0.248271370389576,6089.2176577713,888.467873224551
2025-03-31,0.136,5220,0.245762009751387,0.246784287034859,6089.2176577713,878.668964861243
2025-03-31,0.136,5225,0.244507831546128,0.245526320675027,6089.2176577713,873.668964858884
2025-03-31,0.136,5230,0.243762837805908,0.244771548920889,6089.2176577713,868.76951066687
2025-03-31,0.136,5240,0.242253445783069,0.24324307366194,6089.2176577713,858.97060230838
2025-03-31,0.136,5250,0.240718729935274,0.241689876590766,6089.2176577713,849.171693946426
2025-03-31,0.136,5260,0.239159314103128,0.240112548951684,6089.2176577713,839.372785597021
2025-03-31,0.136,5265,0.238370527974739,0.23931501101044,6089.2176577713,834.473331409777
2025-03-31,0.136,5270,0.237575783564661,0.23851164604578,6089.2176577713,829.573877228165
2025-03-31,0.136,5275,0.236775148539298,0.237702518231652,6089.2176577713,824.67442305561
2025-03-31,0.136,5280,0.235968688382269,0.236887689704733,6089.2176577713,819.774968878824
2025-03-31,0.136,5285,0.235156466539925,0.236067220709952,6089.2176577713,814.875514685555
2025-03-31,0.136,5290,0.234338544712386,0.235241169891528,6089.2176577713,809.976060516397
2025-03-31,0.136,5295,0.233514982271466,0.234409593710892,6089.2176577713,805.076606323736
2025-03-31,0.136,5300,0.232685837279307,0.233572547174283,6089.2176577713,800.177152153507
2025-03-31,0.136,5305,0.231851165469745,0.232730083396193,6089.2176577713,795.277697971604
2025-03-31,0.136,5310,0.231011021121423,0.2318822538904,6089.2176577713,790.378243783108
2025-03-31,0.136,5315,0.230165456912273,0.231029108715494,6089.2176577713,785.478789623434
2025-03-31,0.136,5320,0.229314523482962,0.230170695892794,6089.2176577713,780.57933542957
2025-03-31,0.136,5325,0.228458270164482,0.229728510482733,6089.2176577713,775.730154154915
2025-03-31,0.136,5330,0.227596744832634,0.22885611807163,6089.2176577713,770.83069999145
2025-03-31,0.136,5335,0.226729993325951,0.227978640057194,6089.2176577713,765.93124581093
2025-03-31,0.136,5340,0.225858060464332,0.227096117766863,6089.2176577713,761.031791625718
2025-03-31,0.136,5345,0.225392015443024,0.226614192968063,6089.2176577713,756.232883270949
2025-03-31,0.136,5350,0.22450637133032,0.225718328463217,6089.2176577713,751.333429085408
2025-03-31,0.136,5355,0.223615714664895,0.22481757698868,6089.2176577713,746.433974910137
2025-03-31,0.136,5360,0.223119078607395,0.224305920153242,6089.2176577713,741.635066558829
2025-03-31,0.136,5365,0.222215193377913,0.223392277719081,6089.2176577713,736.735612355274
2025-03-31,0.136,5370,0.221306445916996,0.222473888013615,6089.2176577713,731.836158195284
2025-03-31,0.136,5375,0.22078042270325,0.221933629097758,6089.2176577713,727.037249832325
2025-03-31,0.136,5380,0.219858879888792,0.221002753703507,6089.2176577713,722.13779565836
2025-03-31,0.136,5385,0.218932607556366,0.220067254583711,6089.2176577713,717.238341454822
2025-03-31,0.136,5390,0.218378286542748,0.219499417314671,6089.2176577713,712.439433102326
2025-03-31,0.136,5395,0.217439607247398,0.218551796012933,6089.2176577713,707.539978926663
2025-03-31,0.136,5400,0.216865502905027,0.217964665960203,6089.2176577713,702.741070567381
2025-03-31,0.136,5405,0.215914683092321,0.217005172187387,6089.2176577713,697.841616383357
2025-03-31,0.136,5410,0.215321306338941,0.216399230728322,6089.2176577713,693.042708019586
2025-03-31,0.136,5415,0.214358592081766,0.215782030889003,6089.2176577713,688.193526764768
2025-03-31,0.136,5420,0.213746418619486,0.214803791484509,6089.2176577713,683.344345479791
2025-03-31,0.136,5425,0.213123004821325,0.214168510162923,6089.2176577713,678.545437132861
2025-03-31,0.136,5430,0.212141510298915,0.213522426227067,6089.2176577713,673.696255854848
2025-03-31,0.136,5435,0.211500020984773,0.212526016719143,6089.2176577713,668.847074588671
2025-03-31,0.136,5440,0.210847742153085,0.211862503517861,6089.2176577713,664.048166234345
2025-03-31,0.136,5445,0.210184839550166,0.211188596756646,6089.2176577713,659.249257860194
2025-03-31,0.136,5450,0.209511472373968,0.210504447629898,6089.2176577713,654.450349502867
2025-03-31,0.136,5455,0.208498226300125,0.209810200929173,6089.2176577713,649.601168240363
2025-03-31,0.136,5460,0.207807893773558,0.208782988945728,6089.2176577713,644.75198696853
2025-03-31,0.136,5465,0.2074300802157,0.208072318371399,6089.2176577713,640.003351508035
2025-03-31,0.136,5470,0.20639708588322,0.207351887682008,6089.2176577713,635.154170240803
2025-03-31,0.136,5475,0.2056768798754,0.206621822024026,6089.2176577713,630.355261891086
2025-03-31,0.136,5480,0.204946976034715,0.205882241596271,6089.2176577713,625.556353535349
2025-03-31,0.136,5485,0.204207495724137,0.205133261649913,6089.2176577713,620.757445172353
2025-03-31,0.136,5490,0.203458555358988,0.204374992925026,6089.2176577713,615.958536821311
2025-03-31,0.136,5495,0.202700266552458,0.203607541359554,6089.2176577713,611.159628439864
2025-03-31,0.136,5500,0.202232985054914,0.202831008962422,6089.2176577713,606.410992974892
2025-03-31,0.136,5505,0.201453346114919,0.20234037789826,6089.2176577713,601.662357531753
2025-03-31,0.136,5510,0.200664717874811,0.201543114551655,6089.2176577713,596.863449188339
2025-03-31,0.136,5515,0.199867193030289,0.200737098519079,6089.2176577713,592.064540827299
2025-03-31,0.136,5520,0.199060860348038,0.199922414347159,6089.2176577713,587.265632449461
2025-03-31,0.136,5525,0.198530968944186,0.199382166490758,6089.2176577713,582.567269928626
2025-03-31,0.136,5530,0.197986308365011,0.19854772562009,6089.2176577713,577.818634466306
2025-03-31,0.136,5535,0.196869629606032,0.197981969711486,6089.2176577713,573.019726122494
2025-03-31,0.136,5540,0.196302737920444,0.19712824769866,6089.2176577713,568.271090671275
2025-03-31,0.136,5545,0.195448412148655,0.196537671606884,6089.2176577713,563.522455226164
2025-03-31,0.136,5550,0.195126695641926,0.19566510093482,6089.2176577713,558.824092692843
2025-03-31,0.136,5555,0.194250945085346,0.195050335194361,6089.2176577713,554.075457214175
2025-03-31,0.136,5560,0.193367116324066,0.194422216907527,6089.2176577713,549.326821776074
2025-03-31,0.136,5565,0.192737531786253,0.193520931086663,6089.2176577713,544.57818630435
2025-03-31,0.136,5570,0.192094726833456,0.192869526388523,6089.2176577713,539.879823791601
2025-03-31,0.136,5575,0.191438892095763,0.192205277442406,6089.2176577713,535.181461238851
2025-03-31,0.136,5580,0.190770209035558,0.191528359162335,6089.2176577713,530.483098694346
2025-03-31,0.136,5585,0.189837821842833,0.19083893773118,6089.2176577713,525.734463234503
2025-03-31,0.136,5590,0.189146616201353,0.190137171619299,6089.2176577713,521.036100706766
2025-03-31,0.136,5595,0.188688759833782,0.189423211584534,6089.2176577713,516.388011092462
2025-03-31,0.136,5600,0.187970333379676,0.188697201254287,6089.2176577713,511.689648539412
2025-03-31,0.136,5605,0.187239844843036,0.187959277271043,6089.2176577713,506.99128598177
2025-03-31,0.136,5610,0.186497429411157,0.187209569583404,6089.2176577713,502.292923443506
2025-03-31,0.136,5615,0.185743215431929,0.186448201591612,6089.2176577713,497.594560910126
2025-03-31,0.136,5620,0.184977324850404,0.185675290438585,6089.2176577713,492.896198383726
2025-03-31,0.136,5625,0.184430621764407,0.185120529957126,6089.2176577713,488.298381686221
2025-03-31,0.136,5630,0.183639451741266,0.184322626762809,6089.2176577713,483.600019127121
2025-03-31,0.136,5635,0.182836974588955,0.183738329822455,6089.2176577713,478.951929487787
2025-03-31,0.136,5640,0.182246996726415,0.182915998619083,6089.2176577713,474.303839843074
2025-03-31,0.136,5645,0.181641276019904,0.182302897326687,6089.2176577713,469.70602316534
2025-03-31,0.136,5650,0.180801240810946,0.181456641901565,6089.2176577713,465.007660605465
2025-03-31,0.136,5655,0.180167073147432,0.180815395749926,6089.2176577713,460.409843897064
2025-03-31,0.136,5660,0.179517753447705,0.180159157051067,6089.2176577713,455.812027159571
2025-03-31,0.136,5665,0.178853476270874,0.17948811381573,6089.2176577713,451.214210440541
2025-03-31,0.136,5670,0.178174425262107,0.178802443722802,6089.2176577713,446.616393716401
2025-03-31,0.136,5675,0.177480773880234,0.178102314701385,6089.2176577713,442.018576997549
2025-03-31,0.136,5680,0.176772685834301,0.177387885076315,6089.2176577713,437.420760278302
2025-03-31,0.136,5685,0.176050315520129,0.176659304004724,6089.2176577713,432.822943571422
2025-03-31,0.136,5690,0.175313808020313,0.175916711912593,6089.2176577713,428.225126850376
2025-03-31,0.136,5695,0.174563299831818,0.175358736039946,6089.2176577713,423.677583041992
2025-03-31,0.136,5700,0.17399618666608,0.17458657649334,6089.2176577713,419.130039229542
2025-03-31,0.136,5705,0.173216134451692,0.173995255780063,6089.2176577713,414.582495421995
2025-03-31,0.136,5710,0.172615723593529,0.173194144616033,6089.2176577713,410.034951578821
2025-03-31,0.136,5715,0.171806726164561,0.172570231541662,6089.2176577713,405.487407799927
2025-03-31,0.136,5720,0.1711737510305,0.171929287342264,6089.2176577713,400.990136895276
2025-03-31,0.136,5725,0.170523759614367,0.171084866477095,6089.2176577713,396.442593111295
2025-03-31,0.136,5730,0.16985694618423,0.170412336618099,6089.2176577713,391.945322187955
2025-03-31,0.136,5735,0.169173492347992,0.169723294555374,6089.2176577713,387.448051285751
2025-03-31,0.136,5740,0.168473567926502,0.169017904871082,6089.2176577713,382.950780399861
2025-03-31,0.136,5745,0.167757330953561,0.168475647249669,6089.2176577713,378.503782408367
2025-03-31,0.136,5750,0.167024928403511,0.167736279279877,6089.2176577713,374.0065115096
2025-03-31,0.136,5755,0.166276496482281,0.166981027458055,6089.2176577713,369.509240621651
2025-03-31,0.136,5760,0.165686850839965,0.166384098436649,6089.2176577713,365.112515511675
2025-03-31,0.136,5765,0.164905082372696,0.165595807218897,6089.2176577713,360.615244598017
2025-03-31,0.136,5770,0.164278957407209,0.164962729930391,6089.2176577713,356.21851957568
2025-03-31,0.136,5775,0.163633992077077,0.164310979478746,6089.2176577713,351.821794465588
2025-03-31,0.136,5780,0.162802464354319,0.163640740964322,6089.2176577713,347.374796508374
2025-03-31,0.136,5785,0.162122009085732,0.162952184644527,6089.2176577713,342.978071372194
2025-03-31,0.136,5790,0.16158789820854,0.162245467680047,6089.2176577713,338.631619224534
2025-03-31,0.136,5795,0.160869344279656,0.161520733698285,6089.2176577713,334.234894127635
2025-03-31,0.136,5800,0.160132767221685,0.16077811322992,6089.2176577713,329.838169096231
2025-03-31,0.136,5805,0.15953830649614,0.160177320966059,6089.2176577713,325.541989780846
2025-03-31,0.136,5810,0.158764587129741,0.159555894814,6089.2176577713,321.195537605694
2025-03-31,0.136,5815,0.158130252992316,0.158757467605215,6089.2176577713,316.849085468275
2025-03-31,0.136,5820,0.15747547457815,0.158096806724837,6089.2176577713,312.552906192751
2025-03-31,0.136,5825,0.156800422726726,0.157416015889085,6089.2176577713,308.256726947609
2025-03-31,0.136,5830,0.156105251397307,0.156715243673014,6089.2176577713,303.96054765186
2025-03-31,0.136,5835,0.155390099124127,0.156145552926532,6089.2176577713,299.714641348119
2025-03-31,0.136,5840,0.154655088143273,0.155403875276754,6089.2176577713,295.418462061207
2025-03-31,0.136,5845,0.154048928842037,0.154790834520326,6089.2176577713,291.222828623209
2025-03-31,0.136,5850,0.153273228668937,0.154008785492131,6089.2176577713,286.926649359793
2025-03-31,0.136,5855,0.152623981292229,0.153352995865375,6089.2176577713,282.731015948947
2025-03-31,0.136,5860,0.151952739859808,0.152675380257526,6089.2176577713,278.535382491668
2025-03-31,0.136,5865,0.151259641305194,0.15197606978134,6089.2176577713,274.339749076349
2025-03-31,0.136,5870,0.150686995064729,0.151255176632083,6089.2176577713,270.194388531459
2025-03-31,0.136,5875,0.149949333598035,0.1505127961248,6089.2176577713,265.998755114147
2025-03-31,0.136,5880,0.149329939766457,0.150028121887137,6089.2176577713,261.953940389461
2025-03-31,0.136,5885,0.148548163732192,0.149240750786985,6089.2176577713,257.75830691507
2025-03-31,0.136,5890,0.147882519548443,0.148569410692578,6089.2176577713,253.6632193395
2025-03-31,0.136,5895,0.147193329201703,0.14787467868548,6089.2176577713,249.568131715868
2025-03-31,0.136,5900,0.146615962902014,0.147156643968932,6089.2176577713,245.523316976859
2025-03-31,0.136,5905,0.145878888023023,0.14654939734859,6089.2176577713,241.478502293986
2025-03-31,0.136,5910,0.145251673119086,0.145916896315927,6089.2176577713,237.483960452908
2025-03-31,0.136,5915,0.144467037196921,0.145259255248997,6089.2176577713,233.439145769517
2025-03-31,0.136,5920,0.143790328173391,0.144576564078635,6089.2176577713,229.444603937834
2025-03-31,0.136,5925,0.143218610927194,0.143738896320766,6089.2176577713,225.450062199061
2025-03-31,0.136,5930,0.142490688766324,0.14300721583675,6089.2176577713,221.455520380088
2025-03-31,0.136,5935,0.14186596937033,0.142506860018679,6089.2176577713,217.611797246829
2025-03-31,0.136,5940,0.141214388739535,0.141850735406835,6089.2176577713,213.717801369795
2025-03-31,0.136,5945,0.140536004936081,0.141167953578041,6089.2176577713,209.823805391647
2025-03-31,0.136,5950,0.139830848955547,0.140458541307823,6089.2176577713,205.929809367286
2025-03-31,0.136,5955,0.139098924435913,0.139847150593062,6089.2176577713,202.086086303266
2025-03-31,0.136,5960,0.138464163927373,0.139083656857494,6089.2176577713,198.242363268574
2025-03-31,0.136,5965,0.137800993569213,0.138416551224899,6089.2176577713,194.448913059803
2025-03-31,0.136,5970,0.137109414671107,0.137721178933531,6089.2176577713,190.655462893689
2025-03-31,0.136,5975,0.13638939696507,0.137119083109104,6089.2176577713,186.912285668634
2025-03-31,0.136,5980,0.135761824811615,0.136487208390873,6089.2176577713,183.21938131321
2025-03-31,0.136,5985,0.135104286335687,0.135705363817087,6089.2176577713,179.476204082528
2025-03-31,0.136,5990,0.134416736862907,0.135134034088392,6089.2176577713,175.833572606372
2025-03-31,0.136,5995,0.133699096794299,0.134293711624627,6089.2176577713,172.090395341279
2025-03-31,0.136,6000,0.133069586907812,0.13366113070195,6089.2176577713,168.498036898402
2025-03-31,0.136,6005,0.13240854898731,0.13299716740993,6089.2176577713,164.90567829369
2025-03-31,0.136,6010,0.131715875785178,0.132418857418538,6089.2176577713,161.363592784762
2025-03-31,0.136,6015,0.131108071244407,0.131807848254995,6089.2176577713,157.871780047575
2025-03-31,0.136,6020,0.130351138967415,0.131047924686309,6089.2176577713,154.279421553421
2025-03-31,0.136,6025,0.129793368567811,0.130371633011707,6089.2176577713,150.837881719345
2025-03-31,0.136,6030,0.129086132390996,0.129777362188656,6089.2176577713,147.396341988904
2025-03-31,0.136,6035,0.128460134754767,0.129148846052459,6089.2176577713,144.005075075487
2025-03-31,0.136,6040,0.127799510981773,0.128485886988109,6089.2176577713,140.613808142075
2025-03-31,0.136,6045,0.127104013543934,0.127788237467527,6089.2176577713,137.222541316454
2025-03-31,0.136,6050,0.126487055848484,0.127169300566086,6089.2176577713,133.931820294277
2025-03-31,0.136,6055,0.125833970404135,0.126514426982394,6089.2176577713,130.641099166529
2025-03-31,0.136,6060,0.125144439397059,0.125823300357813,6089.2176577713,127.350378119781
2025-03-31,0.136,6065,0.124530997007771,0.125208452690071,6089.2176577713,124.160202869013
2025-03-31,0.136,6070,0.123879888150067,0.12455614009794,6089.2176577713,120.970027621082
2025-03-31,0.136,6075,0.123190708280705,0.12386596094856,6089.2176577713,117.779852382886
2025-03-31,0.136,6080,0.122575395388234,0.123249857159495,6089.2176577713,114.690222955305
2025-03-31,0.136,6085,0.121920802074429,0.122594688026405,6089.2176577713,111.600593587342
2025-03-31,0.136,6090,0.121201828613829,0.121987614282816,6089.2176577713,108.539212739936
2025-03-31,0.136,6095,0.120661073768701,0.121334475869496,6089.2176577713,105.573111065802
2025-03-31,0.136,6100,0.120079321521763,0.120640577250583,6089.2176577713,102.607009350081
2025-03-31,0.136,6105,0.11934371129304,0.120017563775611,6089.2176577713,99.6409076644263
2025-03-31,0.136,6110,0.118678125171433,0.119464977350288,6089.2176577713,96.7753517741971
2025-03-31,0.136,6115,0.118082132711291,0.118757426706584,6089.2176577713,93.9097958869934
2025-03-31,0.136,6120,0.117442726067256,0.118119133429584,6089.2176577713,91.094512939467
2025-03-31,0.136,6125,0.116872078386829,0.117549865416239,6089.2176577713,88.3797758107278
2025-03-31,0.136,6130,0.116256873469568,0.116936324656004,6089.2176577713,85.6650386701415
2025-03-31,0.136,6135,0.115596238782637,0.116277654041071,6089.2176577713,82.9503015710677
2025-03-31,0.136,6140,0.115003144190893,0.115686814705149,6089.2176577713,80.3361102509846
2025-03-31,0.136,6145,0.114477770574642,0.115163989420294,6089.2176577713,77.822464685052
2025-03-31,0.136,6150,0.113905619390333,0.11447988409481,6089.2176577713,75.2585463207331
2025-03-31,0.136,6155,0.113401053412148,0.113977976460499,6089.2176577713,72.8454466452233
2025-03-31,0.136,6160,0.112616665745657,0.113312604688604,6089.2176577713,70.2815281913461
2025-03-31,0.136,6165,0.112247365058208,0.112713913575782,6089.2176577713,67.9689743607285
2025-03-31,0.136,6170,0.111595811639494,0.112182592591778,6089.2176577713,65.6061475851543
2025-03-31,0.136,6175,0.111128915622184,0.111719544973969,6089.2176577713,63.3941395518066
2025-03-31,0.136,6180,0.110493122218701,0.111088041184057,6089.2176577713,61.0815856426505
2025-03-31,0.136,6185,0.109924179877219,0.110643551478219,6089.2176577713,58.9198505345009
2025-03-31,0.136,6190,0.109423326529166,0.110027767249213,6089.2176577713,56.7581154228044
2025-03-31,0.136,6195,0.108870040447759,0.109601708999204,6089.2176577713,54.6969261080594
2025-03-31,0.136,6200,0.108508961010337,0.109124277686307,6089.2176577713,52.7362826293845
2025-03-31,0.136,6205,0.107972459253473,0.108593904031984,6089.2176577713,50.7253662002441
2025-03-31,0.136,6210,0.107380721045748,0.108134323844535,6089.2176577713,48.7647227162699
2025-03-31,0.136,6215,0.107112990107247,0.107620834922971,6089.2176577713,46.9548979529962
2025-03-31,0.136,6220,0.106537626442132,0.107179879877342,6089.2176577713,45.0948003003691
2025-03-31,0.136,6225,0.106033939545146,0.106684125083828,6089.2176577713,43.284975516254
2025-03-31,0.136,6230,0.105604607841806,0.106394620842167,6089.2176577713,41.6259694918083
2025-03-31,0.136,6235,0.105252646779985,0.105919768419687,6089.2176577713,39.9669634506045
2025-03-31,0.136,6240,0.104845991908222,0.105522403490605,6089.2176577713,38.3582303402515
2025-03-31,0.136,6245,0.104382515445471,0.105068938600012,6089.2176577713,36.7494972223626
2025-03-31,0.136,6250,0.10399942056102,0.104557039620705,6089.2176577713,35.1910369998438
2025-03-31,0.136,6255,0.10370075807151,0.104408287323898,6089.2176577713,33.8336684369684
2025-03-31,0.136,6260,0.103346952845472,0.104065993535921,6089.2176577713,32.4260269994713
2025-03-31,0.136,6265,0.102935668718437,0.103521047739207,6089.2176577713,30.9681125695541
2025-03-31,0.136,6270,0.102613470543313,0.103357651559067,6089.2176577713,29.7112898362045
2025-03-31,0.136,6275,0.102233819951677,0.102840422067693,6089.2176577713,28.3539212270821
2025-03-31,0.136,6280,0.101948825494065,0.102720759631504,6089.2176577713,27.1976443067371
2025-03-31,0.136,6285,0.101606805427613,0.102393839359889,6089.2176577713,25.9910944759679
2025-03-31,0.136,6290,0.101366007755893,0.102008292332202,6089.2176577713,24.8348175439713
2025-03-31,0.136,6295,0.101069117689658,0.10172464523642,6089.2176577713,23.7288135432678
2025-03-31,0.136,6300,0.100881139104642,0.101383152822415,6089.2176577713,22.6730824266757
2025-03-31,0.136,6305,0.10063862692627,0.101151442821755,6089.2176577713,21.6676242057106
2025-03-31,0.136,6310,0.100338856308415,0.101037578741707,6089.2176577713,20.7124388998132
2025-03-31,0.136,6315,0.0999787163426407,0.100694173187407,6089.2176577713,19.7069807438029
2025-03-31,0.136,6320,0.0999221408245399,0.100470828064178,6089.2176577713,18.8523412581892
2025-03-31,0.136,6325,0.0996281784581295,0.100190430702105,6089.2176577713,17.9474288697545
2025-03-31,0.136,6330,0.0994654980866995,0.100041224240023,6089.2176577713,17.1430623234709
2025-03-31,0.136,6335,0.0992477689841143,0.0998380169302013,6089.2176577713,16.3386957335079
2025-03-31,0.136,6340,0.0989718475001273,0.0997788041685036,6089.2176577713,15.5846020952529
2025-03-31,0.136,6345,0.0988423580100647,0.0996697777271541,6089.2176577713,14.880781347855
2025-03-31,0.136,6350,0.0986588352214916,0.0992968428443959,6089.2176577713,14.1266877278095
2025-03-31,0.136,6355,0.0984180739295598,0.0992914398637908,6089.2176577713,13.4731398803139
2025-03-31,0.136,6360,0.0983423317928736,0.0990157245804426,6089.2176577713,12.8195920302002
2025-03-31,0.136,6365,0.0982150214521164,0.0986772355362211,6089.2176577713,12.1660442237973
2025-03-31,0.136,6370,0.0980330606661239,0.0987454450195086,6089.2176577713,11.613042202172
2025-03-31,0.136,6375,0.0977929128829382,0.0985273167578888,6089.2176577713,11.0097672763803
2025-03-31,0.136,6380,0.0977444042190441,0.0984996075829878,6089.2176577713,10.5070382015963
2025-03-31,0.136,6385,0.0976455056196551,0.0984231551673192,6089.2176577713,10.0043090794184
2025-03-31,0.136,6390,0.0974930427299835,0.0982950165315473,6089.2176577713,9.50157999104425
2025-03-31,0.136,6395,0.0975609643763878,0.098111819414837,6089.2176577713,9.04912381264256
2025-03-31,0.136,6400,0.097299670332069,0.0981523224880875,6089.2176577713,8.59666761517704
2025-03-31,0.136,6405,0.0972694323253397,0.0981481577299492,6089.2176577713,8.19448432588243
2025-03-31,0.136,6410,0.0971897339594603,0.0980966657779141,6089.2176577713,7.79230104600353
2025-03-31,0.136,6415,0.0970572298946391,0.0979948106659083,6089.2176577713,7.39011776552144
2025-03-31,0.136,6420,0.0971940867283434,0.0978391060460812,6089.2176577713,7.03820740277061
2025-03-31,0.136,6425,0.0969562820945477,0.0976255211834339,6089.2176577713,6.6360241202442
2025-03-31,0.136,6430,0.0970028213022348,0.0976930857258385,6089.2176577713,6.33438667017703
2025-03-31,0.136,6435,0.097005107262598,0.0977180716553237,6089.2176577713,6.03274919898894
2025-03-31,0.136,6440,0.0969602061640081,0.0976977813378444,6089.2176577713,5.73111173698612
2025-03-31,0.136,6445,0.0968647476373791,0.097629128603219,6089.2176577713,5.4294742903198
2025-03-31,0.136,6450,0.0967148324970256,0.0975085604558254,6089.2176577713,5.12783682506026
2025-03-31,0.136,6455,0.0969212799362918,0.097738107750844,6089.2176577713,4.92674519412932
2025-03-31,0.136,6460,0.0966662149848056,0.0975176992041079,6089.2176577713,4.62510772865949
2025-03-31,0.136,6465,0.0967905068217869,0.0976692862140019,6089.2176577713,4.42401608526876
2025-03-31,0.136,6470,0.0968766048289454,0.0977847696311765,6089.2176577713,4.22292443825722
2025-03-31,0.136,6475,0.096922025576428,0.0978619481874149,6089.2176577713,4.02183280021509
2025-03-31,0.136,6480,0.0969239320228421,0.0978983206995279,6089.2176577713,3.82074115649468
2025-03-31,0.136,6485,0.0968790610467167,0.0978910304810369,6089.2176577713,3.61964952214075
2025-03-31,0.136,6490,0.096783633370148,0.0978367918550025,6089.2176577713,3.41855788326859
2025-03-31,0.136,6495,0.0966332351062089,0.0977317994955925,6089.2176577713,3.21746623819402
2025-03-31,0.136,6500,0.0970028015116301,0.0981297080842271,6089.2176577713,3.11692041773918
2025-03-31,0.136,6505,0.0970544429118345,0.0979350760725305,6089.2176577713,2.94096524038089
2025-03-31,0.136,6510,0.0970636835235236,0.0979785781499903,6089.2176577713,2.79014649697369
2025-03-31,0.136,6515,0.0973482804228123,0.0979795260617483,6089.2176577713,2.66446423365186
2025-03-31,0.136,6520,0.097276219193083,0.0982578080119045,6089.2176577713,2.53878195086176
2025-03-31,0.136,6525,0.0974977587146706,0.0981771640625736,6089.2176577713,2.4130996870104
2025-03-31,0.136,6530,0.097331968307918,0.0983922010608415,6089.2176577713,2.28741740916281
2025-03-31,0.136,6535,0.0974807403953304,0.0985780514282553,6089.2176577713,2.18687158699132
2025-03-31,0.136,6540,0.0975955972070352,0.0987329340103912,6089.2176577713,2.08632576430479
2025-03-31,0.136,6550,0.097713537715096,0.0989414754702587,6089.2176577713,1.88523412596498
2025-03-31,0.136,6560,0.098115776517145,0.0994272686046843,6089.2176577713,1.73441539044464
2025-03-31,0.136,6570,0.0983976622491075,0.0998058232915844,6089.2176577713,1.58359666369025
2025-03-31,0.136,6575,0.0987386219174964,0.0997133882163824,6089.2176577713,1.50818730185861
2025-03-31,0.136,6580,0.0985415473668288,0.10006324521678,6089.2176577713,1.43277794015925
2025-03-31,0.136,6590,0.0990911353700191,0.100707129339611,6089.2176577713,1.33223211601494
2025-03-31,0.136,6600,0.0995475340722411,0.101270590120146,6089.2176577713,1.23168630029625
2025-03-31,0.136,6610,0.0998990716733286,0.101745063610754,6089.2176577713,1.13114047467297
2025-03-31,0.136,6620,0.100130905947344,0.10211995237917,6089.2176577713,1.03059465615846
2025-03-31,0.136,6625,0.100910430072728,0.102266015773081,6089.2176577713,1.00545819735207
2025-03-31,0.136,6630,0.100970024822201,0.102381913337763,6089.2176577713,0.955185289321598
2025-03-31,0.136,6640,0.100972470562593,0.103240816851045,6089.2176577713,0.879775923957858
2025-03-31,0.136,6650,0.10166259194087,0.104052261475597,6089.2176577713,0.829503013704706
2025-03-31,0.136,6660,0.102288727092697,0.10481288411829,6089.2176577713,0.779230101333159
2025-03-31,0.136,6670,0.102844417296019,0.105518750814364,6089.2176577713,0.728957195371713
2025-03-31,0.136,6675,0.103582754990214,0.105417861658491,6089.2176577713,0.703820741329061
2025-03-31,0.136,6680,0.103321785744643,0.106165221831165,6089.2176577713,0.67868428798096
2025-03-31,0.136,6690,0.103711081927769,0.106746773843749,6089.2176577713,0.628411377387749
2025-03-31,0.136,6700,0.105154400397437,0.10725675808205,6089.2176577713,0.603274918579796
2025-03-31,0.136,6710,0.105426321996485,0.107687068547209,6089.2176577713,0.553002010170879
2025-03-31,0.136,6720,0.105581263368358,0.109133123504536,6089.2176577713,0.527865555542821
2025-03-31,0.136,6725,0.106283909580072,0.109854488863442,6089.2176577713,0.527865554939222
2025-03-31,0.136,6730,0.106985506598698,0.10945774020797,6089.2176577713,0.502729100746997
2025-03-31,0.136,6740,0.106983667382133,0.110883501500877,6089.2176577713,0.477592645023652
2025-03-31,0.136,6750,0.108365139338966,0.111088575821422,6089.2176577713,0.45245618987318
2025-03-31,0.136,6760,0.108175329977495,0.112493664372518,6089.2176577713,0.427319735636496
2025-03-31,0.136,6770,0.109533036910531,0.113894662089205,6089.2176577713,0.427319735207915
2025-03-31,0.136,6775,0.110210451556431,0.113253703046854,6089.2176577713,0.402183279952531
2025-03-31,0.136,6780,0.110886914216037,0.113945147921821,6089.2176577713,0.402183281331354
2025-03-31,0.136,6790,0.110443399925077,0.115325093091709,6089.2176577713,0.377046823969591
2025-03-31,0.136,6800,0.111772293629403,0.116701148534656,6089.2176577713,0.377046826312982
2025-03-31,0.136,6810,0.113097563033723,0.116571579300098,6089.2176577713,0.351910368974137
2025-03-31,0.136,6820,0.114419245973016,0.117925989060181,6089.2176577713,0.351910370082443
2025-03-31,0.136,6830,0.113628056886866,0.119276697831665,6089.2176577713,0.326773915073579
2025-03-31,0.136,6840,0.114923113895827,0.120623743886085,6089.2176577713,0.326773915021008
2025-03-31,0.136,6850,0.116214778998868,0.120260238789914,6089.2176577713,0.301637459338799
2025-03-31,0.136,6900,0.120012025316675,0.126849063407059,6089.2176577713,0.276501005626279
2025-03-31,0.136,6950,0.122929865782316,0.131290307643674,6089.2176577713,0.226228094433137
2025-03-31,0.136,7000,0.128940200982955,0.135203334965322,6089.2176577713,0.201091640579438
2025-03-31,0.136,7100,0.135946612016102,0.147488213431943,6089.2176577713,0.17595518473274
2025-03-31,0.136,7200,0.147175148038817,0.156255068021194,6089.2176577713,0.150818729711269
2025-03-31,0.136,7300,0.1581731192966,0.163631343774025,6089.2176577713,0.125682274803603
2025-03-31,0.136,7400,NA,0.174721579267525,6089.2176577713,NA
2025-03-31,0.136,7500,NA,0.185597150873864,6089.2176577713,NA
2025-03-31,0.136,7600,NA,0.189907822230328,6089.2176577713,NA
2025-03-31,0.136,7800,NA,0.21011540581425,6089.2176577713,NA
2025-03-31,0.136,8000,NA,0.229639952765343,6089.2176577713,NA
2025-04-04,0.152,2600,0.738602298244432,0.761434276084018,6093.4515604604,3494.05595023939
2025-04-04,0.152,2800,0.698578212925231,0.711547701814313,6093.4515604604,3294.23223059151
2025-04-04,0.152,3000,0.655631640277299,0.66570801633373,6093.4515604604,3094.43369385138
2025-04-04,0.152,3200,0.614525200383645,0.624843310382021,6093.4515604604,2894.71070583399
2025-04-04,0.152,3400,0.576555051105617,0.584495944225204,6093.4515604604,2695.06326653762
2025-04-04,0.152,3600,0.539869388470847,0.544496086971744,6093.4515604604,2495.49137596674
2025-04-04,0.152,3800,0.499792297800428,0.504744957747245,6093.4515604604,2295.91948539196
2025-04-04,0.152,4000,0.461183535685341,0.46613715838687,6093.4515604604,2096.44832645073
2025-04-04,0.152,4200,0.422463809541392,0.427270253590226,6093.4515604604,1897.02753332263
2025-04-04,0.152,4400,0.384945406718288,0.388813174236635,6093.4515604604,1697.73265473334
2025-04-04,0.152,4600,0.34832754771389,0.351405318384502,6093.4515604604,1498.63923940215
2025-04-04,0.152,4700,0.329831362929621,0.332578546682539,6093.4515604604,1399.14289755607
2025-04-04,0.152,4800,0.311714019213945,0.3141502655003,6093.4515604604,1299.74728733386
2025-04-04,0.152,4850,0.303208967258449,0.305485789746483,6093.4515604604,1250.15021385495
2025-04-04,0.152,4900,0.294476818113902,0.296608820232623,6093.4515604604,1200.55314036637
2025-04-04,0.152,4950,0.285536004982361,0.287535618432948,6093.4515604604,1150.95606688296
2025-04-04,0.152,5000,0.277032151668123,0.278896030383189,6093.4515604604,1101.45972503883
2025-04-04,0.152,5050,0.268850488962012,0.270579459344823,6093.4515604604,1052.0641148205
2025-04-04,0.152,5100,0.260346438469322,0.262483912981284,6093.4515604604,1002.71887041047
2025-04-04,0.152,5200,0.244329396252637,0.246151693306497,6093.4515604604,904.330576502166
2025-04-04,0.152,5250,0.236576151244071,0.238250869322048,6093.4515604604,855.337892787115
2025-04-04,0.152,5300,0.229115106073943,0.230266790338118,6093.4515604604,806.496306530571
2025-04-04,0.152,5350,0.221442554200181,0.22284642853947,6093.4515604604,757.856183537775
2025-04-04,0.152,5400,0.214488912631707,0.215447101679804,6093.4515604604,709.51825541057
2025-04-04,0.152,5450,0.207379874361933,0.208251163155784,6093.4515604604,661.432156386818
2025-04-04,0.152,5500,0.200298403240366,0.201352848696604,6093.4515604604,613.698618069453
2025-04-04,0.152,5510,0.198934829411668,0.199968818367554,6093.4515604604,604.202276191626
2025-04-04,0.152,5520,0.197532648624273,0.198546905910706,6093.4515604604,594.705934392987
2025-04-04,0.152,5530,0.196092715803202,0.197087920994622,6093.4515604604,585.209592505754
2025-04-04,0.152,5540,0.194860733488721,0.195835617949158,6093.4515604604,575.813982320113
2025-04-04,0.152,5550,0.193583065436381,0.194538433886748,6093.4515604604,566.418372078237
2025-04-04,0.152,5560,0.192025656022306,0.192963954057477,6093.4515604604,556.922030219931
2025-04-04,0.152,5570,0.190895206785947,0.191584704469137,6093.4515604604,547.576785831392
2025-04-04,0.152,5575,0.190196379142308,0.191106126901877,6093.4515604604,542.929346530271
2025-04-04,0.152,5580,0.189487039340627,0.190388158687581,6093.4515604604,538.231541407329
2025-04-04,0.152,5590,0.188037247014912,0.188921562974314,6093.4515604604,528.835931186967
2025-04-04,0.152,5600,0.186764156849583,0.187630896132658,6093.4515604604,519.541052573536
2025-04-04,0.152,5610,0.185442740501378,0.186292591704753,6093.4515604604,510.24617398419
2025-04-04,0.152,5620,0.184074086162516,0.184907690734615,6093.4515604604,500.951295413407
2025-04-04,0.152,5625,0.183475823021521,0.18430095459546,6093.4515604604,496.354221939029
2025-04-04,0.152,5630,0.182659177833505,0.183477133858045,6093.4515604604,491.656416825469
2025-04-04,0.152,5640,0.181400015888318,0.182201828745699,6093.4515604604,482.462269850888
2025-04-04,0.152,5650,0.18008870380797,0.18087502120394,6093.4515604604,473.268122906306
2025-04-04,0.152,5660,0.178726367037585,0.179497791857991,6093.4515604604,464.073975932949
2025-04-04,0.152,5670,0.177314014461446,0.178259840202364,6093.4515604604,454.930194821911
2025-04-04,0.152,5675,0.17677721599103,0.177526500654493,6093.4515604604,450.383487123003
2025-04-04,0.152,5680,0.176038673987946,0.176966255119628,6093.4515604604,445.836779468705
2025-04-04,0.152,5690,0.174708124275667,0.175618196542946,6093.4515604604,436.743364128472
2025-04-04,0.152,5700,0.173323447113985,0.174216695038954,6093.4515604604,427.649948775332
2025-04-04,0.152,5710,0.172061345681922,0.172937574414436,6093.4515604604,418.657265110197
2025-04-04,0.152,5720,0.17074047459398,0.171600387137063,6093.4515604604,409.664581403955
2025-04-04,0.152,5725,0.170058348037929,0.170910350159895,6093.4515604604,405.168239551333
2025-04-04,0.152,5730,0.169361928299703,0.170206177452273,6093.4515604604,400.671897677037
2025-04-04,0.152,5740,0.168092771517061,0.168921290776865,6093.4515604604,391.779945618654
2025-04-04,0.152,5750,0.166761759926992,0.167575207913713,6093.4515604604,382.887993553968
2025-04-04,0.152,5760,0.165369939957721,0.166328377843567,6093.4515604604,374.046407316389
2025-04-04,0.152,5770,0.164075444652687,0.164860001703472,6093.4515604604,365.204821041097
2025-04-04,0.152,5775,0.163403896756931,0.164336672485792,6093.4515604604,360.859576635139
2025-04-04,0.152,5780,0.162716315415457,0.163640897106372,6093.4515604604,356.463966413554
2025-04-04,0.152,5790,0.161445174479173,0.162353313524514,6093.4515604604,347.77347759493
2025-04-04,0.152,5800,0.160105914426996,0.16099832547132,6093.4515604604,339.082988782236
2025-04-04,0.152,5810,0.158845903086517,0.15972277734199,6093.4515604604,330.49323158692
2025-04-04,0.152,5820,0.15751456844393,0.158376599163794,6093.4515604604,321.903474404445
2025-04-04,0.152,5825,0.156965096856061,0.157677300474659,6093.4515604604,317.65896169783
2025-04-04,0.152,5830,0.156254292986189,0.157101725224696,6093.4515604604,313.414448887702
2025-04-04,0.152,5840,0.154919701333936,0.155753202441918,6093.4515604604,304.92542336036
2025-04-04,0.152,5850,0.153648465373646,0.154468322023834,6093.4515604604,296.537129400365
2025-04-04,0.152,5860,0.15230005551373,0.153106906098644,6093.4515604604,288.148835474594
2025-04-04,0.152,5870,0.151007709235538,0.151801872151084,6093.4515604604,279.861273182872
2025-04-04,0.152,5875,0.150397235145917,0.151185153107043,6093.4515604604,275.767857888857
2025-04-04,0.152,5880,0.149765835693237,0.150547668625491,6093.4515604604,271.6744425261
2025-04-04,0.152,5890,0.148440640794724,0.149210762200083,6093.4515604604,263.487611926085
2025-04-04,0.152,5900,0.147159303913516,0.147918088649317,6093.4515604604,255.401512824837
2025-04-04,0.152,5910,0.145916751087813,0.146664602678664,6093.4515604604,247.416145444591
2025-04-04,0.152,5920,0.144585140395394,0.145322649794574,6093.4515604604,239.430778026358
2025-04-04,0.152,5925,0.143886057656681,0.144740609128675,6093.4515604604,235.488460134976
2025-04-04,0.152,5930,0.143286164264624,0.144013744018928,6093.4515604604,231.546142269257
2025-04-04,0.152,5940,0.142015155023173,0.142733239652791,6093.4515604604,223.76223812893
2025-04-04,0.152,5950,0.140649386911177,0.141476668385072,6093.4515604604,216.028699816804
2025-04-04,0.152,5960,0.139422456294067,0.140123023473653,6093.4515604604,208.395893076541
2025-04-04,0.152,5970,0.138094983584263,0.138902910428827,6093.4515604604,200.863818029435
2025-04-04,0.152,5975,0.137508308424403,0.138196978976731,6093.4515604604,197.122963425446
2025-04-04,0.152,5980,0.136780940982542,0.137580075268887,6093.4515604604,193.38210873089
2025-04-04,0.152,5990,0.135589193695032,0.136267090300364,6093.4515604604,186.051496978239
2025-04-04,0.152,6000,0.134288557772811,0.135071784196467,6093.4515604604,178.821616824926
2025-04-04,0.152,6010,0.132989256261216,0.133765469680366,6093.4515604604,171.642102481799
2025-04-04,0.152,6020,0.131687371639149,0.132457195894399,6093.4515604604,164.563319667961
2025-04-04,0.152,6025,0.131047942294126,0.131814807999492,6093.4515604604,161.074294138321
2025-04-04,0.152,6030,0.130488185121536,0.131252236923054,6093.4515604604,157.686000228544
2025-04-04,0.152,6040,0.12916876005741,0.129927736587454,6093.4515604604,150.808680773378
2025-04-04,0.152,6050,0.127942995630787,0.128697569769916,6093.4515604604,144.13282456625
2025-04-04,0.152,6060,0.126698085976894,0.127448979500104,6093.4515604604,137.557699945719
2025-04-04,0.152,6070,0.125537172742562,0.126285129834798,6093.4515604604,131.184038640352
2025-04-04,0.152,6075,0.124906696754422,0.125653478779504,6093.4515604604,127.99720794374
2025-04-04,0.152,6080,0.12424242132382,0.124988227497467,6093.4515604604,124.810377278259
2025-04-04,0.152,6090,0.123023495569758,0.123767966023106,6093.4515604604,118.638179298005
2025-04-04,0.152,6100,0.121770680733436,0.122620958890005,6093.4515604604,112.617962218847
2025-04-04,0.152,6110,0.12061354983291,0.121357970518708,6093.4515604604,106.72516192608
2025-04-04,0.152,6120,0.119413798555468,0.120159602691847,6093.4515604604,100.983458976758
2025-04-04,0.152,6125,0.118810017328219,0.119556890011733,6093.4515604604,98.1629733623895
2025-04-04,0.152,6130,0.118274241420887,0.119022437601091,6093.4515604604,95.4432193416437
2025-04-04,0.152,6140,0.117084545225829,0.117836214220602,6093.4515604604,90.0037113299861
2025-04-04,0.152,6150,0.115948377814381,0.116704658602128,6093.4515604604,84.765666503524
2025-04-04,0.152,6175,0.113134763549813,0.113908121446638,6093.4515604604,72.3756760587019
2025-04-04,0.152,6200,0.110666124554641,0.111351289987148,6093.4515604604,61.2448309258864
2025-04-04,0.152,6225,0.108309288069686,0.109025880545917,6093.4515604604,51.2723995965436
2025-04-04,0.152,6250,0.106191449912134,0.106950286743791,6093.4515604604,42.5087478126744
2025-04-04,0.152,6275,0.104365354953919,0.105179146947916,6093.4515604604,34.9538755403569
2025-04-04,0.152,6300,0.102787735403418,0.103671718560519,6093.4515604604,28.5070512724823
2025-04-04,0.152,6350,0.100464382875404,0.101366273473865,6093.4515604604,18.5849857217198
2025-04-04,0.152,6400,0.0988477704494147,0.0997744359745904,6093.4515604604,11.7856006767901
2025-04-04,0.152,6450,0.0981394503004341,0.0990651706787157,6093.4515604604,7.40377478868109
2025-04-04,0.152,6500,0.0972724640713583,0.0989843857213262,6093.4515604604,4.53292334597614
2025-04-04,0.152,6550,0.0976230780623862,0.0991342785972494,6093.4515604604,2.79530272725589
2025-04-04,0.152,6600,0.0984581549972687,0.100580997849507,6093.4515604604,1.78798643281921
2025-04-04,0.152,6700,0.102599246337216,0.105708193758609,6093.4515604604,0.856218855529903
2025-04-04,0.152,6800,0.108386238306375,0.113410303773621,6093.4515604604,0.50365814983873
2025-04-04,0.152,7000,0.117216176612294,0.13164467093566,6093.4515604604,0.226646167490889
2025-04-04,0.152,7200,0.131326077706496,0.150324970625932,6093.4515604604,0.151097444642731
2025-04-04,0.152,7400,NA,0.168919275045568,6093.4515604604,NA
2025-04-04,0.152,7600,NA,0.185141225108887,6093.4515604604,NA
2025-04-04,0.152,7800,NA,0.204794428743934,6093.4515604604,NA
2025-04-17,0.188,200,NA,2.23429167760094,6103.4643950937,NA
2025-04-17,0.188,400,NA,1.76273166901462,6103.4643950937,NA
2025-04-17,0.188,600,NA,1.53543136593095,6103.4643950937,NA
2025-04-17,0.188,800,NA,1.34292544492854,6103.4643950937,NA
2025-04-17,0.188,1000,NA,1.23846472082399,6103.4643950937,NA
2025-04-17,0.188,1200,1.04698458426214,1.14214530667359,6103.4643950937,4903.57760670881
2025-04-17,0.188,1400,0.948883159162067,1.05523587846469,6103.4643950937,4703.60276484539
2025-04-17,0.188,1600,0.920062133682072,0.983407633047262,6103.4643950937,4503.67823925558
2025-04-17,0.188,1800,0.87881170520658,0.920564453426623,6103.4643950937,4303.77887180223
2025-04-17,0.188,2000,0.829176147108987,0.859825867974448,6103.4643950937,4103.87950434878
2025-04-17,0.188,2100,0.803626748839738,0.83048833375944,6103.4643950937,4003.92982062239
2025-04-17,0.188,2200,0.781894434786731,0.801870391752468,6103.4643950937,3903.99271596367
2025-04-17,0.188,2300,0.759330245365711,0.779220177374903,6103.4643950937,3804.08076944222
2025-04-17,0.188,2400,0.736361744222317,0.753846388999284,6103.4643950937,3704.15624385201
2025-04-17,0.188,2500,0.715643938185242,0.730791366096961,6103.4643950937,3604.25687639993
2025-04-17,0.188,2600,0.696393291893668,0.709415637704434,6103.4643950937,3504.38266708285
2025-04-17,0.188,2700,0.674587587730033,0.686166337566107,6103.4643950937,3404.48329962863
2025-04-17,0.188,2800,0.655806719462581,0.665848130613658,6103.4643950937,3304.63424844978
2025-04-17,0.188,2900,0.636353105240191,0.645177776771432,6103.4643950937,3204.78519726854
2025-04-17,0.188,3000,0.616487092941654,0.625388186766099,6103.4643950937,3104.94872515778
2025-04-17,0.188,3050,0.607553102330049,0.614872804456527,6103.4643950937,3055.03677863666
2025-04-17,0.188,3100,0.598444535156315,0.605304094372783,6103.4643950937,3005.13741118288
2025-04-17,0.188,3150,0.589193966610285,0.595640151753652,6103.4643950937,2955.23804372979
2025-04-17,0.188,3200,0.57982815344401,0.584207226660081,6103.4643950937,2905.31351813945
2025-04-17,0.188,3250,0.57121119726041,0.576892235861677,6103.4643950937,2855.46446695989
2025-04-17,0.188,3300,0.562419157525953,0.567007310477235,6103.4643950937,2805.57767857506
2025-04-17,0.188,3350,0.554215635369344,0.55779723234429,6103.4643950937,2755.71604832723
2025-04-17,0.188,3400,0.54511482029189,0.548492202236885,6103.4643950937,2705.84183901071
2025-04-17,0.188,3450,0.535265668462731,0.538479872506314,6103.4643950937,2655.94247155958
2025-04-17,0.188,3500,0.526024684681185,0.529662403154477,6103.4643950937,2606.08084131003
2025-04-17,0.188,3525,0.521076212339014,0.524629169107523,6103.4643950937,2581.1311575812
2025-04-17,0.188,3550,0.516715405123495,0.520164052308457,6103.4643950937,2556.20663199217
2025-04-17,0.188,3575,0.51232395783183,0.515673185604356,6103.4643950937,2531.28210639944
2025-04-17,0.188,3600,0.507350172724157,0.510624413313359,6103.4643950937,2506.33242267569
2025-04-17,0.188,3625,0.502920346211269,0.50713902196037,6103.4643950937,2481.43305522248
2025-04-17,0.188,3650,0.498465933364487,0.501052270723851,6103.4643950937,2456.47079242663
2025-04-17,0.188,3675,0.493477004951751,0.497981086541109,6103.4643950937,2431.57142497203
2025-04-17,0.188,3700,0.488993055355035,0.4929003463117,6103.4643950937,2406.63432031492
2025-04-17,0.188,3725,0.48400208414444,0.488757935695118,6103.4643950937,2381.70979472496
2025-04-17,0.188,3750,0.479016240301175,0.483672712457185,6103.4643950937,2356.76011099819
2025-04-17,0.188,3775,0.474966837377659,0.479480056696665,6103.4643950937,2331.8607435483
2025-04-17,0.188,3800,0.470874521147174,0.474393234057729,6103.4643950937,2306.93621795728
2025-04-17,0.188,3825,0.466742351295415,0.470156415126241,6103.4643950937,2282.03685050197
2025-04-17,0.188,3850,0.46172472126716,0.465887484483418,6103.4643950937,2257.11232491056
2025-04-17,0.188,3875,0.456714622437111,0.460794686973609,6103.4643950937,2232.16264118703
2025-04-17,0.188,3900,0.452526770700366,0.456490068340765,6103.4643950937,2207.26327373214
2025-04-17,0.188,3925,0.448306769562825,0.452158483117255,6103.4643950937,2182.36390627795
2025-04-17,0.188,3950,0.444056761794008,0.44780171434925,6103.4643950937,2157.46453882228
2025-04-17,0.188,3975,0.439778719178426,0.442704776383001,6103.4643950937,2132.54001323601
2025-04-17,0.188,4000,0.43474800537767,0.438321437272982,6103.4643950937,2107.61548764617
2025-04-17,0.188,4025,0.430438948265163,0.433916740753539,6103.4643950937,2082.71612019347
2025-04-17,0.188,4050,0.426106094696721,0.429492030548526,6103.4643950937,2057.81675274
2025-04-17,0.188,4075,0.421750923292451,0.425048549828059,6103.4643950937,2032.91738528542
2025-04-17,0.188,4100,0.417374800331674,0.420587448484481,6103.4643950937,2008.01801783112
2025-04-17,0.188,4125,0.412978988775113,0.416109790553834,6103.4643950937,1983.11865038372
2025-04-17,0.188,4150,0.408564655977406,0.411616560473181,6103.4643950937,1958.2192829268
2025-04-17,0.188,4175,0.404132881836183,0.407108669483455,6103.4643950937,1933.31991547536
2025-04-17,0.188,4200,0.400272938009539,0.402586959849509,6103.4643950937,1908.44570615662
2025-04-17,0.188,4225,0.395794634119374,0.398607609554864,6103.4643950937,1883.57149684145
2025-04-17,0.188,4250,0.391302155063066,0.394047302129928,6103.4643950937,1858.67212938578
2025-04-17,0.188,4275,0.386796262924416,0.389475755096709,6103.4643950937,1833.77276193659
2025-04-17,0.188,4300,0.382277660851967,0.384893559408483,6103.4643950937,1808.87339448058
2025-04-17,0.188,4325,0.377746997279062,0.380803216126664,6103.4643950937,1783.9991851655
2025-04-17,0.188,4350,0.373709586879924,0.376677391346502,6103.4643950937,1759.15013398912
2025-04-17,0.188,4375,0.369634723780007,0.372043979610553,6103.4643950937,1734.27592466535
2025-04-17,0.188,4400,0.365048378176596,0.367865713074849,6103.4643950937,1709.40171534379
2025-04-17,0.188,4425,0.360452738264928,0.363206039060931,6103.4643950937,1684.50234789275
2025-04-17,0.188,4450,0.356754602858954,0.358979673206708,6103.4643950937,1659.67845484779
2025-04-17,0.188,4475,0.35212090881585,0.354724753584424,6103.4643950937,1634.80424553664
2025-04-17,0.188,4500,0.347909127764184,0.350025436078888,6103.4643950937,1609.93003621569
2025-04-17,0.188,4525,0.343668606243384,0.346134247835057,6103.4643950937,1585.10614318421
2025-04-17,0.188,4550,0.339805317950063,0.341800911288549,6103.4643950937,1560.28225013287
2025-04-17,0.188,4575,0.33510619558571,0.337443534104969,6103.4643950937,1535.40804082511
2025-04-17,0.188,4600,0.331170125888375,0.333436686511309,6103.4643950937,1510.60930590896
2025-04-17,0.188,4625,0.326816053444743,0.328660209367024,6103.4643950937,1485.73509659395
2025-04-17,0.188,4650,0.322801254102525,0.324590810511274,6103.4643950937,1460.93636169104
2025-04-17,0.188,4675,0.318392386276583,0.320481367695199,6103.4643950937,1436.11246865079
2025-04-17,0.188,4700,0.314304946974967,0.316333540564731,6103.4643950937,1411.3137337376
2025-04-17,0.188,4725,0.310178205860703,0.312148844556322,6103.4643950937,1386.51499883532
2025-04-17,0.188,4750,0.306335827650931,0.307928661374322,6103.4643950937,1361.74142205795
2025-04-17,0.188,4775,0.302125888580694,0.303674249904918,6103.4643950937,1336.94268715833
2025-04-17,0.188,4800,0.298184427544286,0.299684764783393,6103.4643950937,1312.19426851544
2025-04-17,0.188,4825,0.294191634190353,0.295646096080145,6103.4643950937,1287.44584989715
2025-04-17,0.188,4850,0.290149599629113,0.291560174106731,6103.4643950937,1262.69743124469
2025-04-17,0.188,4875,0.286060217792334,0.287699922652598,6103.4643950937,1237.97417076046
2025-04-17,0.188,4900,0.282192449691909,0.283779140324287,6103.4643950937,1213.276068401
2025-04-17,0.188,4925,0.278264139948889,0.279800317973127,6103.4643950937,1188.57796604126
2025-04-17,0.188,4950,0.274277730665686,0.275765698340291,6103.4643950937,1163.87986368697
2025-04-17,0.188,4975,0.270477350447415,0.271915379441417,6103.4643950937,1139.23207759003
2025-04-17,0.188,5000,0.266607507680437,0.267998079822978,6103.4643950937,1114.58429149886
2025-04-17,0.188,5025,0.262896639639676,0.264238721599255,6103.4643950937,1089.98682168286
2025-04-17,0.188,5050,0.259106562031868,0.260402712617259,6103.4643950937,1065.38935187793
2025-04-17,0.188,5075,0.255240608846311,0.256700283959734,6103.4643950937,1040.81704020408
2025-04-17,0.188,5100,0.251707184968094,0.252913052561026,6103.4643950937,1016.29504481101
2025-04-17,0.188,5120,0.248809285865005,0.249979796960545,6103.4643950937,996.697574971252
2025-04-17,0.188,5125,0.248075239094054,0.249429450220495,6103.4643950937,991.82336566204
2025-04-17,0.188,5130,0.247337433126842,0.248681770196724,6103.4643950937,986.923998209586
2025-04-17,0.188,5140,0.245850675880545,0.247175599531359,6103.4643950937,977.125263309301
2025-04-17,0.188,5150,0.244349270094303,0.245655212081374,6103.4643950937,967.326528395298
2025-04-17,0.188,5160,0.243018428470604,0.244303353417549,6103.4643950937,957.578109764868
2025-04-17,0.188,5170,0.241667808756842,0.242752649089454,6103.4643950937,947.804532991593
2025-04-17,0.188,5175,0.240894988262246,0.24197221532385,6103.4643950937,942.90516554095
2025-04-17,0.188,5180,0.24011873293358,0.24136557610045,6103.4643950937,938.030956233752
2025-04-17,0.188,5190,0.238732619934423,0.239959993511832,6103.4643950937,928.282537596146
2025-04-17,0.188,5200,0.237327856764152,0.238364531275993,6103.4643950937,918.508960835426
2025-04-17,0.188,5210,0.235904804310264,0.237094712817765,6103.4643950937,908.785700332125
2025-04-17,0.188,5220,0.234463804397249,0.235635674059595,6103.4643950937,899.037281696636
2025-04-17,0.188,5225,0.233987033013708,0.234982250719775,6103.4643950937,894.213388670434
2025-04-17,0.188,5230,0.233170889866767,0.234159446579157,6103.4643950937,889.31402118536
2025-04-17,0.188,5240,0.231692462282266,0.232827721945242,6103.4643950937,879.590760706748
2025-04-17,0.188,5250,0.230357607967943,0.231474396157324,6103.4643950937,869.892658356499
2025-04-17,0.188,5260,0.22900108497873,0.23009991086603,6103.4643950937,860.194555985837
2025-04-17,0.188,5270,0.227623334237659,0.228704682838212,6103.4643950937,850.496453641169
2025-04-17,0.188,5275,0.226772464836775,0.228151772778294,6103.4643950937,845.647402454621
2025-04-17,0.188,5280,0.226224771056389,0.227289104247986,6103.4643950937,840.798351267531
2025-04-17,0.188,5290,0.224805786735923,0.225853545005037,6103.4643950937,831.100248912384
2025-04-17,0.188,5300,0.223514738488569,0.224691269129362,6103.4643950937,821.47762094739
2025-04-17,0.188,5310,0.222199237493904,0.223212339358267,6103.4643950937,811.804676742208
2025-04-17,0.188,5320,0.220716685751108,0.221856318992206,6103.4643950937,802.131732516418
2025-04-17,0.188,5325,0.220110311809122,0.221099357320345,6103.4643950937,797.307839444906
2025-04-17,0.188,5330,0.219496911620388,0.22047731082014,6103.4643950937,792.509104574727
2025-04-17,0.188,5340,0.217972514535681,0.219212878462295,6103.4643950937,782.861318460424
2025-04-17,0.188,5350,0.216702571658578,0.217787011522484,6103.4643950937,773.238690529358
2025-04-17,0.188,5360,0.215405940568947,0.21647215575974,6103.4643950937,763.64122072044
2025-04-17,0.188,5370,0.21408318544454,0.215131713655488,6103.4643950937,754.043750905279
2025-04-17,0.188,5375,0.213412177570358,0.21445205510426,6103.4643950937,749.245015984071
2025-04-17,0.188,5380,0.212734833792285,0.213766184776978,6103.4643950937,744.446281073318
2025-04-17,0.188,5390,0.211488699012649,0.212502247766328,6103.4643950937,734.899127552933
2025-04-17,0.188,5400,0.210213687703472,0.211209989672742,6103.4643950937,725.351973991892
2025-04-17,0.188,5410,0.208910413955577,0.209889994464578,6103.4643950937,715.804820464728
2025-04-17,0.188,5420,0.207579449950271,0.208542806092426,6103.4643950937,706.257666920345
2025-04-17,0.188,5425,0.206963688276733,0.207918638796095,6103.4643950937,701.509248290056
2025-04-17,0.188,5430,0.206340184547737,0.207286865650232,6103.4643950937,696.760829661639
2025-04-17,0.188,5440,0.204953471573115,0.206000819769257,6103.4643950937,687.238834259103
2025-04-17,0.188,5450,0.20365555365762,0.204685276574037,6103.4643950937,677.741996993562
2025-04-17,0.188,5460,0.202328170587613,0.203452818557447,6103.4643950937,668.270317869215
2025-04-17,0.188,5470,0.201082930314206,0.202078113532233,6103.4643950937,658.798638737532
2025-04-17,0.188,5475,0.200393191796818,0.201489494673056,6103.4643950937,654.075378221548
2025-04-17,0.188,5480,0.199805582840558,0.200783875359542,6103.4643950937,649.352117727537
2025-04-17,0.188,5490,0.198603996275567,0.199565146201855,6103.4643950937,639.955913021757
2025-04-17,0.188,5500,0.197262527242658,0.198103135651557,6103.4643950937,630.484233906447
2025-04-17,0.188,5510,0.19589078236804,0.196923669889462,6103.4643950937,621.088029191582
2025-04-17,0.188,5520,0.194794945444127,0.195707959672108,6103.4643950937,611.767298885257
2025-04-17,0.188,5525,0.194131189807937,0.195036620596335,6103.4643950937,607.069196515693
2025-04-17,0.188,5530,0.19345937430246,0.194357337775559,6103.4643950937,602.37109412948
2025-04-17,0.188,5540,0.192091835222381,0.19317076762293,6103.4643950937,593.025205694667
2025-04-17,0.188,5550,0.19088644638746,0.191754488212466,6103.4643950937,583.679317213314
2025-04-17,0.188,5560,0.189643667424994,0.190496904131448,6103.4643950937,574.383745060044
2025-04-17,0.188,5570,0.188364221128613,0.189203139623597,6103.4643950937,565.088172895624
2025-04-17,0.188,5575,0.187710956695707,0.188635048569156,6103.4643950937,560.465544965016
2025-04-17,0.188,5580,0.187140660589551,0.188056578070139,6103.4643950937,555.868075139053
2025-04-17,0.188,5590,0.185878639047503,0.186689341378859,6103.4643950937,546.597661102247
2025-04-17,0.188,5600,0.184578850628824,0.185464484846227,6103.4643950937,537.377563301945
2025-04-17,0.188,5610,0.183329257004457,0.184200013780288,6103.4643950937,528.182623727043
2025-04-17,0.188,5620,0.182040239040316,0.182896614158326,6103.4643950937,518.98768410557
2025-04-17,0.188,5625,0.181381151513012,0.182315216105004,6103.4643950937,514.415372408441
2025-04-17,0.188,5630,0.180881270378415,0.181722905133896,6103.4643950937,509.893377013038
2025-04-17,0.188,5640,0.17959557301581,0.180423386216687,6103.4643950937,500.748753669688
2025-04-17,0.188,5650,0.178432819982835,0.179246530777146,6103.4643950937,491.704762862274
2025-04-17,0.188,5660,0.177144862271237,0.17794532572952,6103.4643950937,482.610455753297
2025-04-17,0.188,5670,0.175815303253346,0.176681545006439,6103.4643950937,473.541306823304
2025-04-17,0.188,5675,0.175213389909936,0.175994479966918,6103.4643950937,469.019311460112
2025-04-17,0.188,5680,0.174600017660879,0.175374661364934,6103.4643950937,464.52247417512
2025-04-17,0.188,5690,0.173339265627915,0.174177408214779,6103.4643950937,455.553957740769
2025-04-17,0.188,5700,0.172183944403567,0.172933372403395,6103.4643950937,446.635757625378
2025-04-17,0.188,5710,0.170905765142445,0.171716864741086,6103.4643950937,437.717557506253
2025-04-17,0.188,5715,0.169919367934274,0.170798424831513,6103.4643950937,433.044613281148
2025-04-17,0.188,5720,0.169654414810871,0.170452579648624,6103.4643950937,428.824515541934
2025-04-17,0.188,5725,0.169082962118493,0.169802728076396,6103.4643950937,424.403152673596
2025-04-17,0.188,5730,0.168427022170453,0.169212461794896,6103.4643950937,419.981789833435
2025-04-17,0.188,5735,0.1678303070622,0.16860943886795,6103.4643950937,415.585585062609
2025-04-17,0.188,5740,0.167220809115054,0.167923589349907,6103.4643950937,411.164222241205
2025-04-17,0.188,5745,0.166598618405368,0.167365488039751,6103.4643950937,406.793175693402
2025-04-17,0.188,5750,0.166033090379756,0.16672472632137,6103.4643950937,402.422129090329
2025-04-17,0.188,5755,0.165385223397727,0.166140068930076,6103.4643950937,398.051082517559
2025-04-17,0.188,5760,0.16472490565151,0.165474009434667,6103.4643950937,393.654877800242
2025-04-17,0.188,5765,0.164187537473614,0.164930611088619,6103.4643950937,389.359305607169
2025-04-17,0.188,5770,0.163501494560618,0.164239039320951,6103.4643950937,384.963100906279
2025-04-17,0.188,5775,0.162936456206953,0.163601763659383,6103.4643950937,380.642370531037
2025-04-17,0.188,5780,0.162357193065114,0.163083261020945,6103.4643950937,376.371956558387
2025-04-17,0.188,5785,0.161632601546602,0.162418880816554,6103.4643950937,372.000909982919
2025-04-17,0.188,5790,0.16102617216182,0.161806489803141,6103.4643950937,367.705337788014
2025-04-17,0.188,5795,0.160470385770338,0.161244686922308,6103.4643950937,363.46008185803
2025-04-17,0.188,5800,0.159835600523542,0.160540203676816,6103.4643950937,359.139351608572
2025-04-17,0.188,5805,0.159250645254542,0.16001344559135,6103.4643950937,354.919253821937
2025-04-17,0.188,5810,0.158587812209778,0.159345108284651,6103.4643950937,350.623681598032
2025-04-17,0.188,5815,0.158036717355766,0.158725751269418,6103.4643950937,346.403583907656
2025-04-17,0.188,5820,0.157407897521098,0.158091949295534,6103.4643950937,342.15832796613
2025-04-17,0.188,5825,0.156764595620396,0.1574437639176,6103.4643950937,337.913072056077
2025-04-17,0.188,5830,0.156168230340185,0.156903721534241,6103.4643950937,333.743290618417
2025-04-17,0.188,5835,0.155556619454947,0.156286870649849,6103.4643950937,329.548350966243
2025-04-17,0.188,5840,0.154990312319794,0.155715310709856,6103.4643950937,325.403727615383
2025-04-17,0.188,5845,0.154347981613913,0.155067957846992,6103.4643950937,321.208787994989
2025-04-17,0.188,5850,0.153750227789952,0.15446517269834,6103.4643950937,317.064164575878
2025-04-17,0.188,5855,0.153136636243532,0.153846657947961,6103.4643950937,312.919541234597
2025-04-17,0.188,5860,0.152507264745759,0.153212468165536,6103.4643950937,308.774917901605
2025-04-17,0.188,5865,0.151862161754508,0.152620970064411,6103.4643950937,304.655452710528
2025-04-17,0.188,5870,0.151259398579248,0.152013106006307,6103.4643950937,300.561145611553
2025-04-17,0.188,5875,0.150640208474483,0.151388928378116,6103.4643950937,296.466838533098
2025-04-17,0.188,5880,0.150119152557,0.150805648616636,6103.4643950937,292.448005904116
2025-04-17,0.188,5885,0.149466497558303,0.150205393755004,6103.4643950937,288.378856911557
2025-04-17,0.188,5890,0.148910569140129,0.14964463992174,6103.4643950937,284.38518242506
2025-04-17,0.188,5895,0.14822461601245,0.149010212506539,6103.4643950937,280.316033450345
2025-04-17,0.188,5900,0.14763400805198,0.148358928443777,6103.4643950937,276.297200777215
2025-04-17,0.188,5905,0.147025757640526,0.147801566370914,6103.4643950937,272.328684410387
2025-04-17,0.188,5910,0.146399896355744,0.147170987646253,6103.4643950937,268.335009819744
2025-04-17,0.188,5915,0.145866002738646,0.146577643780201,6103.4643950937,264.416809754194
2025-04-17,0.188,5920,0.145204323369721,0.145966185690073,6103.4643950937,260.448293366951
2025-04-17,0.188,5925,0.14463333983109,0.145390699497832,6103.4643950937,256.555251327662
2025-04-17,0.188,5930,0.144043527423826,0.144796504053701,6103.4643950937,252.662209301172
2025-04-17,0.188,5935,0.14343490652061,0.144183616819979,6103.4643950937,248.769167380318
2025-04-17,0.188,5940,0.142807483669804,0.14355204201672,6103.4643950937,244.876125406061
2025-04-17,0.188,5945,0.142214169780698,0.143007502363961,6103.4643950937,241.058557844354
2025-04-17,0.188,5950,0.141601459789303,0.142337953610319,6103.4643950937,237.190673960092
2025-04-17,0.188,5955,0.140969343654798,0.141754283857511,6103.4643950937,233.373106394353
2025-04-17,0.188,5960,0.140369878962163,0.141150758743969,6103.4643950937,229.580696907033
2025-04-17,0.188,5965,0.139802234506,0.140579135794183,6103.4643950937,225.838603823317
2025-04-17,0.188,5970,0.13921405045805,0.139987099272195,6103.4643950937,222.096510607772
2025-04-17,0.188,5975,0.138605305572516,0.139374625603904,6103.4643950937,218.35441746975
2025-04-17,0.188,5980,0.1379759618689,0.138792704991306,6103.4643950937,214.637482434698
2025-04-17,0.188,5985,0.137376793889817,0.13818978669263,6103.4643950937,210.945705520496
2025-04-17,0.188,5990,0.136807047700538,0.137616392047165,6103.4643950937,207.304244976698
2025-04-17,0.188,5995,0.136215618429972,0.136971097116152,6103.4643950937,203.637626167728
2025-04-17,0.188,6000,0.135652612687827,0.136404897665171,6103.4643950937,200.046481826203
2025-04-17,0.188,6005,0.135017419987404,0.135816597783976,6103.4643950937,196.430179314945
2025-04-17,0.188,6010,0.134459846475213,0.135206124858509,6103.4643950937,192.864193117055
2025-04-17,0.188,6015,0.133829923314333,0.134622941721746,6103.4643950937,189.298206925966
2025-04-17,0.188,6020,0.133276280565484,0.134017022672631,6103.4643950937,185.782536935166
2025-04-17,0.188,6025,0.132699311533081,0.133437463108279,6103.4643950937,182.292025219378
2025-04-17,0.188,6030,0.132098912025411,0.132883642971583,6103.4643950937,178.826671522118
2025-04-17,0.188,6035,0.131474955877371,0.132257201210902,6103.4643950937,175.336159728218
2025-04-17,0.188,6040,0.130924788562435,0.131704667463512,6103.4643950937,171.946280487176
2025-04-17,0.188,6045,0.130301575726224,0.131127840166764,6103.4643950937,168.531243087743
2025-04-17,0.188,6050,0.129750994991377,0.130478103118109,6103.4643950937,165.141363841475
2025-04-17,0.188,6055,0.12922376164036,0.129949046121076,6103.4643950937,161.852117111192
2025-04-17,0.188,6060,0.128574639264605,0.129298249256435,6103.4643950937,158.462237844093
2025-04-17,0.188,6065,0.127996633990318,0.128766836595364,6103.4643950937,155.198149311204
2025-04-17,0.188,6070,0.127440881504799,0.128209587881921,6103.4643950937,151.959218913352
2025-04-17,0.188,6075,0.126810977552447,0.12757834486233,6103.4643950937,148.669972120392
2025-04-17,0.188,6080,0.126250575730012,0.127064643191765,6103.4643950937,145.506516164751
2025-04-17,0.188,6085,0.125663351817429,0.126476330650403,6103.4643950937,142.317901988325
2025-04-17,0.188,6090,0.125144577203696,0.125956640284645,6103.4643950937,139.229920332026
2025-04-17,0.188,6095,0.12455051490959,0.125361840499475,6103.4643950937,136.091622476917
2025-04-17,0.188,6100,0.123976375060545,0.124787144185192,6103.4643950937,133.003640852627
2025-04-17,0.188,6105,0.123446492969919,0.124256891602804,6103.4643950937,129.992092233432
2025-04-17,0.188,6110,0.122881038868036,0.123691256620615,6103.4643950937,126.973115900524
2025-04-17,0.188,6115,0.12233437172527,0.123144603156649,6103.4643950937,124.004455751522
2025-04-17,0.188,6120,0.121758472840713,0.122568917457651,6103.4643950937,121.035795637648
2025-04-17,0.188,6125,0.121248347448835,0.122011511438004,6103.4643950937,118.142609841376
2025-04-17,0.188,6130,0.120708311613838,0.121519798729983,6103.4643950937,115.299740385859
2025-04-17,0.188,6135,0.120185742733729,0.120998069640901,6103.4643950937,112.482029094735
2025-04-17,0.188,6140,0.119632525773919,0.120445914679864,6103.4643950937,109.664317784978
2025-04-17,0.188,6145,0.1190961193321,0.119862876480177,6103.4643950937,106.871764635798
2025-04-17,0.188,6150,0.118576276171232,0.11934446304498,6103.4643950937,104.154685856709
2025-04-17,0.188,6155,0.118072778449144,0.118794506296258,6103.4643950937,101.462765210958
2025-04-17,0.188,6160,0.117537201757531,0.118308929548812,6103.4643950937,98.8211609076491
2025-04-17,0.188,6165,0.116968988903559,0.117791213586912,6103.4643950937,96.1795565377201
2025-04-17,0.188,6170,0.116513088022357,0.117240799762532,6103.4643950937,93.6134265963335
2025-04-17,0.188,6175,0.116024245679615,0.116754407962314,6103.4643950937,91.0976128783566
2025-04-17,0.188,6180,0.115501863209539,0.116234731566395,6103.4643950937,88.5817992816878
2025-04-17,0.188,6185,0.115043406575466,0.115779206852201,6103.4643950937,86.1666181585813
2025-04-17,0.188,6190,0.114550875031174,0.115289879203086,6103.4643950937,83.7514369856913
2025-04-17,0.188,6195,0.114073083849414,0.11476606686182,6103.4643950937,81.3614139568122
2025-04-17,0.188,6200,0.113659779188948,0.114306482308797,6103.4643950937,79.0720235212593
2025-04-17,0.188,6205,0.113111664567175,0.113811898944459,6103.4643950937,76.7323168772866
2025-04-17,0.188,6210,0.112677862806515,0.113382095322508,6103.4643950937,74.5184008533624
2025-04-17,0.188,6215,0.112208317467518,0.112916856622823,6103.4643950937,72.3044848394854
2025-04-17,0.188,6220,0.111804103825054,0.112517181140642,6103.4643950937,70.1912013688871
2025-04-17,0.188,6225,0.111363775675933,0.112030464687195,6103.4643950937,68.0527597400637
2025-04-17,0.188,6230,0.1109898099355,0.11160961558628,6103.4643950937,66.0149506119274
2025-04-17,0.188,6235,0.110527384266548,0.111203942241199,6103.4643950937,63.9771415803766
2025-04-17,0.188,6240,0.110131796271835,0.110761288404986,6103.4643950937,61.9896487601036
2025-04-17,0.188,6245,0.109751679291316,0.110333527144338,6103.4643950937,60.0524722461399
2025-04-17,0.188,6250,0.109387398287025,0.10992095939286,6103.4643950937,58.1656119730263
2025-04-17,0.188,6255,0.108931613966664,0.109577745341763,6103.4643950937,56.3039098775967
2025-04-17,0.188,6260,0.108599307449146,0.109197194277613,6103.4643950937,54.5176822279277
2025-04-17,0.188,6265,0.108174351361196,0.108778249003767,6103.4643950937,52.7062962993106
2025-04-17,0.188,6270,0.107820475121812,0.108430581047977,6103.4643950937,50.9955430232578
2025-04-17,0.188,6275,0.107483873460996,0.10804447115221,6103.4643950937,49.3099479123226
2025-04-17,0.188,6280,0.107165211401273,0.107731982742522,6103.4643950937,47.6998270932164
2025-04-17,0.188,6290,0.10646859710394,0.10710672914572,6103.4643950937,44.55506005165
2025-04-17,0.188,6300,0.105788273675706,0.106442609275092,6103.4643950937,41.5360837054528
2025-04-17,0.188,6310,0.10518816535186,0.105860061183909,6103.4643950937,38.7183723611856
2025-04-17,0.188,6320,0.104614055334242,0.105242392481881,6103.4643950937,36.0264517558685
2025-04-17,0.188,6325,0.104298260292857,0.104999677304292,6103.4643950937,34.7433867504463
2025-04-17,0.188,6330,0.10407067648776,0.104717974635423,6103.4643950937,33.5106380769212
2025-04-17,0.188,6340,0.103563757901441,0.104298239629138,6103.4643950937,31.1709313062764
2025-04-17,0.188,6350,0.103100182194628,0.103790270540057,6103.4643950937,28.931857209046
2025-04-17,0.188,6360,0.102688159266856,0.103402169505729,6103.4643950937,26.8688899816492
2025-04-17,0.188,6370,0.10218889600658,0.103003300636209,6103.4643950937,24.8813972047022
2025-04-17,0.188,6375,0.102027810234021,0.102782001221222,6103.4643950937,23.9505461258029
2025-04-17,0.188,6380,0.101828190407861,0.102596809036934,6103.4643950937,23.0448532176102
2025-04-17,0.188,6390,0.10154723658055,0.10226606917861,6103.4643950937,21.3592580518678
2025-04-17,0.188,6400,0.101194101761247,0.101942595673636,6103.4643950937,19.7491373276029
2025-04-17,0.188,6410,0.100852073109165,0.10163269735934,6103.4643950937,18.2396491148668
2025-04-17,0.188,6420,0.100619557805517,0.101433932167161,6103.4643950937,16.8811097117186
2025-04-17,0.188,6425,0.100492742957473,0.101140974610497,6103.4643950937,16.1766818815959
2025-04-17,0.188,6430,0.100422675922207,0.101179155634635,6103.4643950937,15.5980447203
2025-04-17,0.188,6440,0.100073654056224,0.100866715682825,6103.4643950937,14.3401379266909
2025-04-17,0.188,6450,0.0998703595804301,0.100701333457295,6103.4643950937,13.2331799212891
2025-04-17,0.188,6460,0.0997323445597927,0.10060340750792,6103.4643950937,12.2268544322233
2025-04-17,0.188,6470,0.0994460999471428,0.100362898837236,6103.4643950937,11.2205289524253
2025-04-17,0.188,6475,0.0994792775862674,0.100184377978485,6103.4643950937,10.76768248799
2025-04-17,0.188,6480,0.0993600746995605,0.100203581704454,6103.4643950937,10.3399941782513
2025-04-17,0.188,6490,0.0992586832115738,0.100146135254227,6103.4643950937,9.53493382970149
2025-04-17,0.188,6500,0.0991470321867937,0.100082155430619,6103.4643950937,8.78018972237749
2025-04-17,0.188,6510,0.0990313037153667,0.100018063993822,6103.4643950937,8.07576186865239
2025-04-17,0.188,6520,0.0989189891232523,0.0998141621210868,6103.4643950937,7.39649217943315
2025-04-17,0.188,6525,0.0988862668135552,0.099806423994645,6103.4643950937,7.09459455372763
2025-04-17,0.188,6530,0.098819156581944,0.099766081865577,6103.4643950937,6.79269689922461
2025-04-17,0.188,6540,0.0989116367680832,0.0999096836575087,6103.4643950937,6.28953417099623
2025-04-17,0.188,6550,0.0988819166640169,0.0999381773261597,6103.4643950937,5.78637144651853
2025-04-17,0.188,6560,0.098715176162719,0.100022380528436,6103.4643950937,5.30836683969775
2025-04-17,0.188,6570,0.0987979269383367,0.0999857389514107,6103.4643950937,4.88067852187655
2025-04-17,0.188,6575,0.0987944171619028,0.100017813118804,6103.4643950937,4.67941343371237
2025-04-17,0.188,6580,0.0987585613882996,0.100225791419552,6103.4643950937,4.50330646227266
2025-04-17,0.188,6600,0.0989777222538241,0.100160564642329,6103.4643950937,3.79887863807957
2025-04-17,0.188,6625,0.0991710688948486,0.10054555113024,6103.4643950937,3.09445082142236
2025-04-17,0.188,6650,0.0995318415778973,0.10097090215717,6103.4643950937,2.52839273318553
2025-04-17,0.188,6700,0.100700926585745,0.102414269666792,6103.4643950937,1.73591143476315
2025-04-17,0.188,6750,0.102233134265432,0.104760358107159,6103.4643950937,1.24532776755745
2025-04-17,0.188,6800,0.104495842705366,0.10703421302312,6103.4643950937,0.918271984580315
2025-04-17,0.188,6850,0.106054059314179,0.110232297764686,6103.4643950937,0.691848756068303
2025-04-17,0.188,6900,0.109574418773942,0.113486293874942,6103.4643950937,0.566058073211769
2025-04-17,0.188,6950,0.111617393148412,0.117700593717615,6103.4643950937,0.465425529710632
2025-04-17,0.188,7000,0.117090109005097,0.121545401806193,6103.4643950937,0.427688324891271
2025-04-17,0.188,7100,0.119688659350354,0.129578262156907,6103.4643950937,0.289318572510656
2025-04-17,0.188,7200,0.123571099855865,0.137342820551968,6103.4643950937,0.213844161644754
2025-04-17,0.188,7300,0.132934709425617,0.145234011459574,6103.4643950937,0.18868602459614
2025-04-17,0.188,7400,0.134703425454491,0.153752855429285,6103.4643950937,0.150948820564312
2025-04-17,0.188,7500,0.143307084680032,0.161822811231261,6103.4643950937,0.138369751762963
2025-04-17,0.188,7600,0.144585135156705,0.169417838795278,6103.4643950937,0.113211614663048
2025-04-17,0.188,7700,NA,0.176496452066213,6103.4643950937,NA
2025-04-17,0.188,7800,NA,0.185351554562579,6103.4643950937,NA
2025-04-17,0.188,7900,NA,0.194053004841242,6103.4643950937,NA
2025-04-17,0.188,8000,NA,0.200067472203729,6103.4643950937,NA
2025-04-17,0.188,8100,NA,0.208392363445146,6103.4643950937,NA
2025-04-17,0.188,8200,NA,0.216583232129387,6103.4643950937,NA
2025-04-17,0.188,8300,NA,0.221450147389547,6103.4643950937,NA
2025-04-17,0.188,8400,NA,0.225429282606885,6103.4643950937,NA
2025-04-17,0.188,8500,NA,0.237017369970404,6103.4643950937,NA
2025-04-17,0.188,8600,NA,0.244627471717887,6103.4643950937,NA
2025-04-17,0.188,8700,NA,0.252126905422464,6103.4643950937,NA
2025-04-17,0.188,8800,NA,0.259519154667121,6103.4643950937,NA
2025-04-17,0.188,8900,NA,0.266807510949564,6103.4643950937,NA
2025-04-17,0.188,9000,NA,0.269505619678046,6103.4643950937,NA
2025-04-17,0.188,9200,NA,0.28807959288932,6103.4643950937,NA
2025-04-17,0.188,9600,NA,0.315160029591867,6103.4643950937,NA
2025-04-17,0.188,10000,NA,0.340913304995595,6103.4643950937,NA
2025-04-17,0.188,10400,NA,0.359747210773999,6103.4643950937,NA
2025-04-17,0.188,10800,NA,0.382905145111855,6103.4643950937,NA
2025-04-17,0.188,10900,NA,0.388538243010479,6103.4643950937,NA
2025-04-17,0.188,11000,NA,0.394111486990021,6103.4643950937,NA
2025-04-30,0.22,1200,0.968638566718528,1.08589383920663,6110.93659942393,4911.08789625395
2025-04-30,0.22,1400,0.946988469822408,0.998710397124314,6110.93659942393,4711.16354466894
2025-04-30,0.22,1600,0.896886064165383,0.931668481516415,6110.93659942393,4511.26440922246
2025-04-30,0.22,1800,0.831979465456974,0.868218381820411,6110.93659942393,4311.34005763703
2025-04-30,0.22,2000,0.788562135732064,0.814422792628644,6110.93659942393,4111.49135446712
2025-04-30,0.22,2200,0.747551687547213,0.766294179794864,6110.93659942393,3911.69308357432
2025-04-30,0.22,2400,0.703897673103903,0.71835693919825,6110.93659942393,3711.89481268034
2025-04-30,0.22,2600,0.668728632902092,0.676766579729255,6110.93659942393,3512.22262247855
2025-04-30,0.22,2800,0.628233413320271,0.636625691716246,6110.93659942393,3312.55043227604
2025-04-30,0.22,2900,0.609807632739145,0.617215984260078,6110.93659942393,3212.75216138437
2025-04-30,0.22,3000,0.591010694937225,0.597613567245735,6110.93659942393,3112.95389048877
2025-04-30,0.22,3100,0.575009962507128,0.579351328945978,6110.93659942393,3013.23126801195
2025-04-30,0.22,3200,0.5569212226181,0.560797622478081,6110.93659942393,2913.48342939563
2025-04-30,0.22,3300,0.538581575696325,0.542068154485597,6110.93659942393,2813.73559077658
2025-04-30,0.22,3400,0.520090803060368,0.52528965507388,6110.93659942393,2714.03818443887
2025-04-30,0.22,3500,0.501520509882937,0.507168822245489,6110.93659942393,2614.31556196018
2025-04-30,0.22,3600,0.485540192334713,0.488916487542679,6110.93659942393,2514.66858789471
2025-04-30,0.22,3700,0.467516157682267,0.472087347611487,6110.93659942393,2415.0216138371
2025-04-30,0.22,3800,0.450835024989823,0.454949706931938,6110.93659942393,2315.42507204825
2025-04-30,0.22,3900,0.433861650403906,0.437585483328021,6110.93659942393,2215.82853026132
2025-04-30,0.22,4000,0.417812651744823,0.420054899173313,6110.93659942393,2116.28242074925
2025-04-30,0.22,4050,0.409100418060419,0.412293438444447,6110.93659942393,2066.53458213665
2025-04-30,0.22,4100,0.400356126943324,0.403408200532354,6110.93659942393,2016.73631124284
2025-04-30,0.22,4150,0.392567787953917,0.395455707208023,6110.93659942393,1967.03890490354
2025-04-30,0.22,4200,0.384660107398051,0.386493871943186,6110.93659942393,1917.29106628613
2025-04-30,0.22,4250,0.376645695528905,0.378385489189705,6110.93659942393,1867.59365994066
2025-04-30,0.22,4300,0.368535305484237,0.370187982067256,6110.93659942393,1817.89625360513
2025-04-30,0.22,4350,0.36033811894048,0.362685409223526,6110.93659942393,1768.24927953676
2025-04-30,0.22,4400,0.352061974141252,0.354296716128425,6110.93659942393,1718.55187319434
2025-04-30,0.22,4450,0.343713549833567,0.345842871780541,6110.93659942393,1668.854466856
2025-04-30,0.22,4500,0.335980415135288,0.337328815827497,6110.93659942393,1619.20749280269
2025-04-30,0.22,4550,0.328117666382553,0.330027234327938,6110.93659942393,1569.66138329157
2025-04-30,0.22,4560,0.326657730062252,0.328544501850355,6110.93659942393,1559.76224783227
2025-04-30,0.22,4570,0.325190237805487,0.326437419304386,6110.93659942393,1549.81268011121
2025-04-30,0.22,4580,0.323092738568811,0.324947762880018,6110.93659942393,1539.86311239303
2025-04-30,0.22,4590,0.321617969772355,0.323451102473332,6110.93659942393,1529.96397694877
2025-04-30,0.22,4600,0.320135933458397,0.321947565559104,6110.93659942393,1520.06484148953
2025-04-30,0.22,4610,0.318646764814228,0.320437275683096,6110.93659942393,1510.16570605581
2025-04-30,0.22,4620,0.317150593642931,0.318920351734455,6110.93659942393,1500.26657060838
2025-04-30,0.22,4630,0.315647545673056,0.317396908527791,6110.93659942393,1490.36743515812
2025-04-30,0.22,4640,0.314137742122054,0.31586705680318,6110.93659942393,1480.46829970398
2025-04-30,0.22,4650,0.312621299841807,0.314330903662717,6110.93659942393,1470.56916425778
2025-04-30,0.22,4660,0.311098331609656,0.31222862208462,6110.93659942393,1460.61959654134
2025-04-30,0.22,4670,0.309568946273928,0.310686445324368,6110.93659942393,1450.72046109722
2025-04-30,0.22,4680,0.308033248462893,0.309138165199831,6110.93659942393,1440.82132564179
2025-04-30,0.22,4690,0.306491339748919,0.307583877171573,6110.93659942393,1430.92219021026
2025-04-30,0.22,4700,0.30494331748432,0.306023673062178,6110.93659942393,1421.02305475759
2025-04-30,0.22,4710,0.303389275819987,0.30445764178385,6110.93659942393,1411.12391929783
2025-04-30,0.22,4720,0.301829305705389,0.302885869047369,6110.93659942393,1401.22478385942
2025-04-30,0.22,4730,0.300263494597539,0.301826476522031,6110.93659942393,1391.37608068595
2025-04-30,0.22,4740,0.298691926752023,0.300237842772412,6110.93659942393,1381.47694524558
2025-04-30,0.22,4750,0.297114683368531,0.298643789598525,6110.93659942393,1371.57780979901
2025-04-30,0.22,4760,0.295531842736365,0.29704438874131,6110.93659942393,1361.67867435656
2025-04-30,0.22,4770,0.293943480234447,0.295439709031328,6110.93659942393,1351.77953890379
2025-04-30,0.22,4780,0.292349668622352,0.29382981682531,6110.93659942393,1341.88040345928
2025-04-30,0.22,4790,0.291241173714979,0.292214776151685,6110.93659942393,1332.03170029398
2025-04-30,0.22,4800,0.289631405491279,0.291072537099127,6110.93659942393,1322.18299712125
2025-04-30,0.22,4810,0.288016464061715,0.289442353848034,6110.93659942393,1312.28386166661
2025-04-30,0.22,4820,0.286396409816736,0.287807267474624,6110.93659942393,1302.38472622025
2025-04-30,0.22,4830,0.285238987441348,0.286628056080008,6110.93659942393,1292.58645532668
2025-04-30,0.22,4840,0.283603952436199,0.28497854133713,6110.93659942393,1282.68731988558
2025-04-30,0.22,4850,0.281964037009721,0.283324337385089,6110.93659942393,1272.7881844307
2025-04-30,0.22,4860,0.280770189589806,0.282109951246502,6110.93659942393,1262.98991353558
2025-04-30,0.22,4870,0.279115973996233,0.280441950478114,6110.93659942393,1253.09077810102
2025-04-30,0.22,4880,0.277896583017442,0.278769446183002,6110.93659942393,1243.24207494425
2025-04-30,0.22,4890,0.27622852971664,0.277521495469864,6110.93659942393,1233.39337176422
2025-04-30,0.22,4900,0.274984478334707,0.275835751405719,6110.93659942393,1223.54466859862
2025-04-30,0.22,4910,0.273303010205333,0.274564193266026,6110.93659942393,1213.69596540747
2025-04-30,0.22,4920,0.272035114782702,0.27327812351991,6110.93659942393,1203.89769452162
2025-04-30,0.22,4930,0.270340617741548,0.27157116829309,6110.93659942393,1193.99855907584
2025-04-30,0.22,4940,0.269049632503987,0.270262698056267,6110.93659942393,1184.20028818285
2025-04-30,0.22,4950,0.26774447253684,0.268940465200098,6110.93659942393,1174.40201729859
2025-04-30,0.22,4960,0.26642542756874,0.267213238573289,6110.93659942393,1164.55331413104
2025-04-30,0.22,4970,0.264701961884421,0.265869669116935,6110.93659942393,1154.7046109506
2025-04-30,0.22,4975,0.264033335285647,0.265192956891984,6110.93659942393,1149.80547552121
2025-04-30,0.22,4980,0.263361373678941,0.26451300060857,6110.93659942393,1144.90634005938
2025-04-30,0.22,4990,0.262007572188914,0.263143475774139,6110.93659942393,1135.10806917077
2025-04-30,0.22,5000,0.260640803050669,0.261761326425652,6110.93659942393,1125.30979827646
2025-04-30,0.22,5010,0.259261300695562,0.260366774334296,6110.93659942393,1115.51152738106
2025-04-30,0.22,5020,0.257869289223086,0.258960031230439,6110.93659942393,1105.71325649193
2025-04-30,0.22,5025,0.257168659761304,0.258252151567932,6110.93659942393,1100.81412103447
2025-04-30,0.22,5030,0.256464982546396,0.257541299385702,6110.93659942393,1095.91498559793
2025-04-30,0.22,5040,0.2550485851199,0.256110771904,6110.93659942393,1086.11671469547
2025-04-30,0.22,5050,0.253620291793743,0.254668633740176,6110.93659942393,1076.31844380502
2025-04-30,0.22,5060,0.252180289123479,0.253215060681366,6110.93659942393,1066.52017290843
2025-04-30,0.22,5070,0.250728754787992,0.251750221093228,6110.93659942393,1056.72190202136
2025-04-30,0.22,5075,0.250338162174738,0.251349670022307,6110.93659942393,1051.92363110792
2025-04-30,0.22,5080,0.249603122963169,0.250608187077156,6110.93659942393,1047.0244956723
2025-04-30,0.22,5090,0.248124726519766,0.249117084774491,6110.93659942393,1037.22622479788
2025-04-30,0.22,5100,0.246635364480643,0.247939801217603,6110.93659942393,1027.47838617214
2025-04-30,0.22,5110,0.245458751184972,0.24642335311659,6110.93659942393,1017.73054755693
2025-04-30,0.22,5120,0.24394384762424,0.245212121251147,6110.93659942393,1007.98270892358
2025-04-30,0.22,5125,0.24349901856774,0.244442905848031,6110.93659942393,1003.13400575689
2025-04-30,0.22,5130,0.242733064103306,0.243671154046089,6110.93659942393,998.234870300856
2025-04-30,0.22,5140,0.241503253371134,0.242427155487608,6110.93659942393,988.537463965436
2025-04-30,0.22,5150,0.240254816041951,0.241164899805244,6110.93659942393,978.840057629508
2025-04-30,0.22,5160,0.238687555563344,0.2398847502148,6110.93659942393,969.092219022757
2025-04-30,0.22,5170,0.237407421543449,0.238587050723552,6110.93659942393,959.394812658966
2025-04-30,0.22,5175,0.236907795794965,0.237786046807138,6110.93659942393,954.546109521396
2025-04-30,0.22,5180,0.236109631684808,0.237272128313036,6110.93659942393,949.697406362225
2025-04-30,0.22,5190,0.234794513842071,0.235940292065931,6110.93659942393,939.999999986791
2025-04-30,0.22,5200,0.233745850298311,0.234591835930925,6110.93659942393,930.353025939815
2025-04-30,0.22,5210,0.232113522822509,0.233227037704079,6110.93659942393,920.605187328258
2025-04-30,0.22,5220,0.231023740077409,0.231846161066098,6110.93659942393,910.958213246723
2025-04-30,0.22,5225,0.230196368527159,0.231285303477678,6110.93659942393,906.109510093641
2025-04-30,0.22,5230,0.229638420303151,0.23071848906276,6110.93659942393,901.311239188992
2025-04-30,0.22,5240,0.228504529829878,0.229302522663993,6110.93659942393,891.664265139982
2025-04-30,0.22,5250,0.227084104142208,0.228132435902301,6110.93659942393,882.01729108185
2025-04-30,0.22,5260,0.225907812152825,0.226682600357398,6110.93659942393,872.370317016392
2025-04-30,0.22,5270,0.224453487342074,0.225471641049328,6110.93659942393,862.72334293863
2025-04-30,0.22,5275,0.223847661134177,0.224857942546331,6110.93659942393,857.925072044258
2025-04-30,0.22,5280,0.223236319895929,0.224238837133713,6110.93659942393,853.126801178731
2025-04-30,0.22,5290,0.22199730944295,0.222984612798882,6110.93659942393,843.530259382717
2025-04-30,0.22,5300,0.220736875660372,0.221709367640427,6110.93659942393,833.933717577646
2025-04-30,0.22,5310,0.219455413778213,0.220413477970876,6110.93659942393,824.337175808348
2025-04-30,0.22,5320,0.218153295452387,0.219097297838327,6110.93659942393,814.740634009919
2025-04-30,0.22,5325,0.217494600099198,0.218431704004206,6110.93659942393,809.942363116305
2025-04-30,0.22,5330,0.217064115447615,0.21799262295422,6110.93659942393,805.244956769947
2025-04-30,0.22,5340,0.215718342976815,0.216633538682408,6110.93659942393,795.64841498574
2025-04-30,0.22,5350,0.214352982318446,0.215479709902485,6110.93659942393,786.102305466794
2025-04-30,0.22,5360,0.213191293612551,0.214079219320044,6110.93659942393,776.556195979408
2025-04-30,0.22,5370,0.212003941731036,0.212878007030313,6110.93659942393,767.060518753178
2025-04-30,0.22,5375,0.211291972980351,0.21215999719754,6110.93659942393,762.26224782979
2025-04-30,0.22,5380,0.210791432789514,0.211652031018843,6110.93659942393,757.564841499592
2025-04-30,0.22,5390,0.209554240743862,0.210401745596426,6110.93659942393,748.069164289733
2025-04-30,0.22,5400,0.208292808699899,0.209127575533468,6110.93659942393,738.5734870517
2025-04-30,0.22,5410,0.207007551096172,0.208034716950045,6110.93659942393,729.12824209249
2025-04-30,0.22,5420,0.205901887409425,0.206710955415182,6110.93659942393,719.682997111586
2025-04-30,0.22,5425,0.205136640168071,0.206140605757978,6110.93659942393,714.935158515079
2025-04-30,0.22,5430,0.204567152420806,0.205563108491052,6110.93659942393,710.237752152521
2025-04-30,0.22,5440,0.203406650569118,0.204191445543716,6110.93659942393,700.792507223871
2025-04-30,0.22,5450,0.202217908688661,0.202797769477658,6110.93659942393,691.347262232084
2025-04-30,0.22,5460,0.20081060999268,0.201572420071657,6110.93659942393,681.902017297628
2025-04-30,0.22,5470,0.199757751859356,0.200507045253968,6110.93659942393,672.608069157673
2025-04-30,0.22,5475,0.199125832612264,0.199869498781257,6110.93659942393,667.910662823468
2025-04-30,0.22,5480,0.19848727041587,0.199409335644085,6110.93659942393,663.263688766114
2025-04-30,0.22,5490,0.197190419883357,0.198098915596141,6110.93659942393,653.868876099174
2025-04-30,0.22,5500,0.196047069937591,0.196762869043403,6110.93659942393,644.524495703961
2025-04-30,0.22,5510,0.194872700692766,0.195753078903907,6110.93659942393,635.280979826456
2025-04-30,0.22,5520,0.193667863084394,0.19453481147849,6110.93659942393,625.987031708593
2025-04-30,0.22,5525,0.192967880600763,0.193656939689228,6110.93659942393,621.239193076173
2025-04-30,0.22,5530,0.192433065556393,0.193286973833734,6110.93659942393,616.693083560289
2025-04-30,0.22,5540,0.191168776389395,0.192010014459665,6110.93659942393,607.399135431326
2025-04-30,0.22,5550,0.190041546036684,0.190704344738928,6110.93659942393,598.155619579759
2025-04-30,0.22,5560,0.188880662488259,0.189696000186691,6110.93659942393,589.012968299924
2025-04-30,0.22,5570,0.187686699671656,0.188489682939579,6110.93659942393,579.819884705023
2025-04-30,0.22,5575,0.187077479811609,0.187715330419348,6110.93659942393,575.172910668894
2025-04-30,0.22,5580,0.186460183929649,0.187251181221556,6110.93659942393,570.626801188729
2025-04-30,0.22,5590,0.185201595329922,0.186136419240852,6110.93659942393,561.484149866891
2025-04-30,0.22,5600,0.184065243400189,0.184679425754367,6110.93659942393,552.29106629522
2025-04-30,0.22,5605,0.183407280008336,0.184321164295329,6110.93659942393,547.795389083688
2025-04-30,0.22,5610,0.18289310481845,0.183648930713327,6110.93659942393,543.249279518268
2025-04-30,0.22,5615,0.182218608122592,0.183118816083095,6110.93659942393,538.703170016494
2025-04-30,0.22,5620,0.181685734594752,0.182430339944354,6110.93659942393,534.157060504201
2025-04-30,0.22,5625,0.180994927093671,0.181734335372269,6110.93659942393,529.560518750313
2025-04-30,0.22,5630,0.180443635497765,0.181323771419518,6110.93659942393,525.115273753203
2025-04-30,0.22,5635,0.179882668478943,0.180610801060507,6110.93659942393,520.569164238116
2025-04-30,0.22,5640,0.17931210418099,0.179890421448338,6110.93659942393,516.023054724859
2025-04-30,0.22,5645,0.178732016964192,0.179449242739773,6110.93659942393,511.577809781942
2025-04-30,0.22,5650,0.178142477405338,0.1787121991474,6110.93659942393,507.031700286272
2025-04-30,0.22,5655,0.17754355229772,0.178250219203611,6110.93659942393,502.586455350588
2025-04-30,0.22,5660,0.176935304942168,0.17777683797976,6110.93659942393,498.141210378892
2025-04-30,0.22,5665,0.176317795147054,0.1771532456296,6110.93659942393,493.645533107471
2025-04-30,0.22,5670,0.175691079373809,0.176520540433567,6110.93659942393,489.149855919721
2025-04-30,0.22,5675,0.175192687918775,0.175878772595768,6110.93659942393,484.704610913606
2025-04-30,0.22,5680,0.174546741352999,0.175363987826152,6110.93659942393,480.259365945222
2025-04-30,0.22,5685,0.174027213241095,0.174703287655603,6110.93659942393,475.814121035552
2025-04-30,0.22,5690,0.173362281228078,0.174167711691585,6110.93659942393,471.368876099131
2025-04-30,0.22,5695,0.1728219127363,0.173621346355542,6110.93659942393,466.974063400759
2025-04-30,0.22,5700,0.17227072998872,0.172800056341704,6110.93659942393,462.478386202927
2025-04-30,0.22,5705,0.171577264725842,0.172365452188438,6110.93659942393,458.083573500027
2025-04-30,0.22,5710,0.171005640320865,0.171788123723729,6110.93659942393,453.688760762128
2025-04-30,0.22,5715,0.170423407133128,0.171070974345703,6110.93659942393,449.243515827327
2025-04-30,0.22,5720,0.169830630355212,0.170601992165826,6110.93659942393,444.899135435137
2025-04-30,0.22,5725,0.169227371105163,0.16986581412137,6110.93659942393,440.453890470123
2025-04-30,0.22,5730,0.168740609977336,0.169374290297209,6110.93659942393,436.159942353448
2025-04-30,0.22,5735,0.168115672157094,0.168870664663786,6110.93659942393,431.815561950211
2025-04-30,0.22,5740,0.167480423577317,0.168230262377712,6110.93659942393,427.420749291653
2025-04-30,0.22,5745,0.166959178630455,0.167579674624093,6110.93659942393,423.076368891866
2025-04-30,0.22,5750,0.166302599998855,0.166918939237908,6110.93659942393,418.68155620957
2025-04-30,0.22,5755,0.165758400278836,0.166492615560965,6110.93659942393,414.438040333351
2025-04-30,0.22,5760,0.165202383967094,0.165810082424403,6110.93659942393,410.093659929837
2025-04-30,0.22,5765,0.164634620912821,0.165238115467341,6110.93659942393,405.799711792121
2025-04-30,0.22,5770,0.16393515676841,0.164654540884058,6110.93659942393,401.455331431813
2025-04-30,0.22,5775,0.16346410661586,0.163940447262711,6110.93659942393,397.161383330633
2025-04-30,0.22,5780,0.162861468441552,0.163570921166095,6110.93659942393,392.968299747807
2025-04-30,0.22,5785,0.162247309952515,0.162834716200596,6110.93659942393,388.623919258916
2025-04-30,0.22,5790,0.161621675241053,0.162205231488922,6110.93659942393,384.329971196168
2025-04-30,0.22,5795,0.161100639550732,0.161795997726742,6110.93659942393,380.187319899502
2025-04-30,0.22,5800,0.160451417494357,0.161027269667266,6110.93659942393,375.842939444353
2025-04-30,0.22,5805,0.159905350618094,0.160591647170973,6110.93659942393,371.700288176646
2025-04-30,0.22,5810,0.159346467433533,0.160028244016022,6110.93659942393,367.507204610087
2025-04-30,0.22,5815,0.15877482673041,0.159339366680978,6110.93659942393,363.263688752083
2025-04-30,0.22,5820,0.158190481332178,0.158863472050329,6110.93659942393,359.12103749327
2025-04-30,0.22,5825,0.157593477659446,0.158150826344547,6110.93659942393,354.877521628805
2025-04-30,0.22,5830,0.157094690246799,0.157648384945985,6110.93659942393,350.785302578342
2025-04-30,0.22,5835,0.156471797407203,0.157132028715044,6110.93659942393,346.642651281647
2025-04-30,0.22,5840,0.155945802715211,0.156492561244004,6110.93659942393,342.499999983009
2025-04-30,0.22,5845,0.155297186891624,0.155949255884695,6110.93659942393,338.357348654124
2025-04-30,0.22,5850,0.15474418006147,0.155284267410247,6110.93659942393,334.214697464347
2025-04-30,0.22,5855,0.154177391548961,0.154821452477562,6110.93659942393,330.172910684176
2025-04-30,0.22,5860,0.153596863554651,0.154237041450192,6110.93659942393,326.080691669871
2025-04-30,0.22,5865,0.153002631439694,0.153639003863884,6110.93659942393,321.988472665558
2025-04-30,0.22,5870,0.152500220891192,0.153027366057603,6110.93659942393,317.946685845993
2025-04-30,0.22,5875,0.151878046334133,0.152402147676435,6110.93659942393,313.854466884491
2025-04-30,0.22,5880,0.15134650881763,0.151867522098002,6110.93659942393,309.863112392575
2025-04-30,0.22,5885,0.150800156723829,0.151318149608676,6110.93659942393,305.871757901528
2025-04-30,0.22,5890,0.150135962201876,0.150651096799533,6110.93659942393,301.779538928617
2025-04-30,0.22,5895,0.149663150539987,0.150175300248793,6110.93659942393,297.889049049332
2025-04-30,0.22,5900,0.14907254723613,0.149480041025806,6110.93659942393,293.84726227278
2025-04-30,0.22,5905,0.148467231072863,0.149075052930413,6110.93659942393,289.956772300826
2025-04-30,0.22,5910,0.14794801015189,0.148451787125231,6110.93659942393,286.015850128392
2025-04-30,0.22,5915,0.147312745565006,0.14791406431716,6110.93659942393,282.074927977336
2025-04-30,0.22,5920,0.146762510438145,0.147360646831958,6110.93659942393,278.184438007858
2025-04-30,0.22,5925,0.146196519370591,0.146791550385694,6110.93659942393,274.29394806677
2025-04-30,0.22,5930,0.145516068758617,0.14620678138121,6110.93659942393,270.353025904824
2025-04-30,0.22,5935,0.145115496878457,0.145606337053641,6110.93659942393,266.563400607394
2025-04-30,0.22,5940,0.144501766652286,0.145087858862422,6110.93659942393,262.723342956433
2025-04-30,0.22,5945,0.143969509252536,0.144455551952308,6110.93659942393,258.883285256932
2025-04-30,0.22,5950,0.143420528064211,0.143807517186697,6110.93659942393,255.043227699486
2025-04-30,0.22,5955,0.14285481959485,0.143336262579737,6110.93659942393,251.304034621578
2025-04-30,0.22,5960,0.142272370165653,0.142847428095029,6110.93659942393,247.564841473094
2025-04-30,0.22,5965,0.141673155620441,0.142245641789839,6110.93659942393,243.775216124251
2025-04-30,0.22,5970,0.141152157910619,0.141722097931409,6110.93659942393,240.086455297151
2025-04-30,0.22,5975,0.140518890137542,0.141180966046158,6110.93659942393,236.347262290175
2025-04-30,0.22,5980,0.139962940473572,0.140622224306212,6110.93659942393,232.658501461305
2025-04-30,0.22,5985,0.139483075207334,0.140045839387686,6110.93659942393,229.020172911454
2025-04-30,0.22,5990,0.138797801654096,0.139358359618581,6110.93659942393,225.23054756961
2025-04-30,0.22,5995,0.138281589196077,0.138932985599625,6110.93659942393,221.693083640771
2025-04-30,0.22,6000,0.13783948542226,0.138303000156548,6110.93659942393,218.105187269813
2025-04-30,0.22,6005,0.137193292638078,0.137839828410902,6110.93659942393,214.517291088603
2025-04-30,0.22,6010,0.1366211052195,0.137265346009773,6110.93659942393,210.92939484997
2025-04-30,0.22,6015,0.136030132733554,0.136672168035555,6110.93659942393,207.341498552379
2025-04-30,0.22,6020,0.135511715514859,0.136151610521169,6110.93659942393,203.854466840697
2025-04-30,0.22,6025,0.13497374008554,0.135611588510492,6110.93659942393,200.367435161499
2025-04-30,0.22,6030,0.13441612873837,0.135052023568702,6110.93659942393,196.880403442666
2025-04-30,0.22,6035,0.133838788050052,0.134472821981465,6110.93659942393,193.393371774969
2025-04-30,0.22,6040,0.133331938148772,0.13396418932505,6110.93659942393,190.007204625568
2025-04-30,0.22,6045,0.132714552627014,0.133435205815189,6110.93659942393,186.570605192595
2025-04-30,0.22,6050,0.132346650815176,0.13288576856984,6110.93659942393,183.285302583302
2025-04-30,0.22,6055,0.131688273712374,0.132315757244666,6110.93659942393,179.84870317444
2025-04-30,0.22,6060,0.131098945156291,0.131814470540577,6110.93659942393,176.512968270905
2025-04-30,0.22,6065,0.130577907865259,0.13120269303591,6110.93659942393,173.177233488698
2025-04-30,0.22,6070,0.130035381615491,0.130658964797944,6110.93659942393,169.89193085791
2025-04-30,0.22,6075,0.129471212011165,0.13018261964,6110.93659942393,166.657060518676
2025-04-30,0.22,6080,0.128974008865528,0.129595493370767,6110.93659942393,163.422190241314
2025-04-30,0.22,6085,0.128454534450192,0.129075126340951,6110.93659942393,160.237752165413
2025-04-30,0.22,6090,0.127912615597365,0.128443878664747,6110.93659942393,157.002881858487
2025-04-30,0.22,6095,0.127348055710673,0.128055632984381,6110.93659942393,153.919308406652
2025-04-30,0.22,6100,0.126849001270381,0.127379200010683,6110.93659942393,150.734870325859
2025-04-30,0.22,6105,0.126326711787044,0.126944825195601,6110.93659942393,147.701729126999
2025-04-30,0.22,6110,0.125780965780512,0.126486997349785,6110.93659942393,144.668587974099
2025-04-30,0.22,6115,0.125236722113708,0.12594250499075,6110.93659942393,141.613832868368
2025-04-30,0.22,6120,0.124693694404941,0.125399366541908,6110.93659942393,138.587896212021
2025-04-30,0.22,6125,0.124214606793053,0.124920309343522,6110.93659942393,135.662824209329
2025-04-30,0.22,6130,0.123710987707992,0.124416864590406,6110.93659942393,132.737752176622
2025-04-30,0.22,6135,0.123182558917139,0.123888758124475,6110.93659942393,129.812680164625
2025-04-30,0.22,6140,0.122629011483334,0.123335685083107,6110.93659942393,126.887608070377
2025-04-30,0.22,6145,0.122138418836228,0.122845719623547,6110.93659942393,124.063400535455
2025-04-30,0.22,6150,0.12179921514745,0.122330276525287,6110.93659942393,121.340057620167
2025-04-30,0.22,6155,0.121168604408575,0.12187763629173,6110.93659942393,118.515850108558
2025-04-30,0.22,6160,0.120688927298601,0.121399070366002,6110.93659942393,115.792507200841
2025-04-30,0.22,6165,0.120182798444721,0.120894226009679,6110.93659942393,113.069164334045
2025-04-30,0.22,6170,0.11973893927337,0.120362713231432,6110.93659942393,110.396253621581
2025-04-30,0.22,6175,0.119268208244321,0.119893411054939,6110.93659942393,107.773775216078
2025-04-30,0.22,6180,0.118770198340503,0.119396995749992,6110.93659942393,105.15129689543
2025-04-30,0.22,6185,0.118334264724263,0.118962808072541,6110.93659942393,102.629682969387
2025-04-30,0.22,6190,0.117870665588866,0.118501129498917,6110.93659942393,100.108069157027
2025-04-30,0.22,6195,0.117378939056526,0.118011506591441,6110.93659942393,97.5864553314693
2025-04-30,0.22,6200,0.116949286337936,0.117584115531516,6110.93659942393,95.1657060757336
2025-04-30,0.22,6205,0.116491151737746,0.117128435548387,6110.93659942393,92.7449567986775
2025-04-30,0.22,6210,0.116004012405643,0.116643953832562,6110.93659942393,90.32420747228
2025-04-30,0.22,6215,0.115579144938857,0.116221909582849,6110.93659942393,88.0043227851156
2025-04-30,0.22,6220,0.115309503333886,0.115770751898416,6110.93659942393,85.785302614672
2025-04-30,0.22,6225,0.11473358378561,0.115382590764677,6110.93659942393,83.4654178708633
2025-04-30,0.22,6230,0.114312646645607,0.114871908616522,6110.93659942393,81.1959654653067
2025-04-30,0.22,6235,0.113861531452766,0.114517641803734,6110.93659942393,79.0273775376188
2025-04-30,0.22,6240,0.11347389869907,0.114039609787776,6110.93659942393,76.8587895689332
2025-04-30,0.22,6245,0.113055883874684,0.113719937679617,6110.93659942393,74.7910662882762
2025-04-30,0.22,6250,0.112797855425661,0.113275228967455,6110.93659942393,72.7737752382251
2025-04-30,0.22,6255,0.112222113265231,0.112895086957642,6110.93659942393,70.6556196004982
2025-04-30,0.22,6260,0.111903078821998,0.112484006848458,6110.93659942393,68.6887608057217
2025-04-30,0.22,6265,0.111455908944413,0.112138731082012,6110.93659942393,66.7219020213421
2025-04-30,0.22,6270,0.111074340701389,0.111762479817773,6110.93659942393,64.8054754962533
2025-04-30,0.22,6275,0.110759893603912,0.111354496065111,6110.93659942393,62.9394812947447
2025-04-30,0.22,6280,0.110414231193078,0.11101381666661,6110.93659942393,61.1239192575747
2025-04-30,0.22,6285,0.110036568975139,0.110641434174554,6110.93659942393,59.308357373551
2025-04-30,0.22,6290,0.109626043439444,0.110236507633762,6110.93659942393,57.4927953369381
2025-04-30,0.22,6295,0.109284520320898,0.109900735286594,6110.93659942393,55.7780979336585
2025-04-30,0.22,6300,0.109117797427417,0.10963612398768,6110.93659942393,54.2146974118241
2025-04-30,0.22,6305,0.108711932724651,0.109235615844909,6110.93659942393,52.4999999947861
2025-04-30,0.22,6310,0.108377370514754,0.109012245255829,6110.93659942393,50.9365994551247
2025-04-30,0.22,6315,0.108009390122573,0.108651216604591,6110.93659942393,49.322766600087
2025-04-30,0.22,6320,0.107715263028483,0.108364171782123,6110.93659942393,47.8097982845055
2025-04-30,0.22,6325,0.107388091008734,0.108044486868278,6110.93659942393,46.2968299383955
2025-04-30,0.22,6330,0.107137695766845,0.107801684233678,6110.93659942393,44.8847262457274
2025-04-30,0.22,6335,0.106854836220715,0.107414989205399,6110.93659942393,43.4221902114103
2025-04-30,0.22,6340,0.10653849708322,0.107218976507986,6110.93659942393,42.0605187625572
2025-04-30,0.22,6345,0.106302644297814,0.106991678793542,6110.93659942393,40.7492794779508
2025-04-30,0.22,6350,0.106034084336702,0.106615994471921,6110.93659942393,39.3876080555251
2025-04-30,0.22,6355,0.105731735701546,0.10643935488477,6110.93659942393,38.1268012023127
2025-04-30,0.22,6360,0.105514248015234,0.106231460694092,6110.93659942393,36.916426519394
2025-04-30,0.22,6365,0.105263980102603,0.10587033323535,6110.93659942393,35.6556196131985
2025-04-30,0.22,6370,0.104979794585958,0.105717852301303,6110.93659942393,34.4956772175311
2025-04-30,0.22,6375,0.104785612665,0.105534369530497,6110.93659942393,33.3861671530559
2025-04-30,0.22,6380,0.104558812480538,0.105318867016461,6110.93659942393,32.2766570939798
2025-04-30,0.22,6385,0.10442720219435,0.105198452828331,6110.93659942393,31.2680115422393
2025-04-30,0.22,6390,0.10426463343611,0.104917508023207,6110.93659942393,30.2089336988374
2025-04-30,0.22,6395,0.104070036494529,0.104733312063035,6110.93659942393,29.2002881951015
2025-04-30,0.22,6400,0.103842232373435,0.104381963491327,6110.93659942393,28.1412104171729
2025-04-30,0.22,6405,0.103579918821936,0.104402534224212,6110.93659942393,27.2334293947202
2025-04-30,0.22,6410,0.103421680422629,0.103979962031015,6110.93659942393,26.2247838317011
2025-04-30,0.22,6415,0.103231022247943,0.104081878988661,6110.93659942393,25.4178674712444
2025-04-30,0.22,6420,0.10315154769052,0.103872879871059,6110.93659942393,24.560518733926
2025-04-30,0.22,6425,0.102894800537633,0.103775997439525,6110.93659942393,23.7031700035138
2025-04-30,0.22,6430,0.102751854455002,0.103499952409778,6110.93659942393,22.845821316835
2025-04-30,0.22,6435,0.102729517701684,0.103338661746252,6110.93659942393,22.0893371806448
2025-04-30,0.22,6440,0.102523566046169,0.103299083301695,6110.93659942393,21.3328530444001
2025-04-30,0.22,6445,0.102441440857387,0.103073773524391,6110.93659942393,20.5763688979243
2025-04-30,0.22,6450,0.102167205794856,0.102973431957088,6110.93659942393,19.8198847324282
2025-04-30,0.22,6455,0.102020167131586,0.102842336226623,6110.93659942393,19.11383283919
2025-04-30,0.22,6460,0.102008674028939,0.102679196742267,6110.93659942393,18.4582132532479
2025-04-30,0.22,6465,0.10179773630519,0.102652817175861,6110.93659942393,17.8025936561746
2025-04-30,0.22,6470,0.101726475576318,0.102424889800045,6110.93659942393,17.1469740859972
2025-04-30,0.22,6475,0.101625144187741,0.102337905581249,6110.93659942393,16.5417867484912
2025-04-30,0.22,6480,0.101492428538072,0.102220399011301,6110.93659942393,15.9365994455474
2025-04-30,0.22,6485,0.10132687329027,0.102255732662185,6110.93659942393,15.3818444052786
2025-04-30,0.22,6490,0.101318055993795,0.102077136424513,6110.93659942393,14.827089339022
2025-04-30,0.22,6495,0.101086451349001,0.102056549247963,6110.93659942393,14.2723343035392
2025-04-30,0.22,6500,0.101017094301679,0.101613680771001,6110.93659942393,13.6671469672365
2025-04-30,0.22,6505,0.100917481930848,0.101729508777528,6110.93659942393,13.2132564854761
2025-04-30,0.22,6510,0.100995064593772,0.10182309054365,6110.93659942393,12.8097982437127
2025-04-30,0.22,6520,0.100860028495701,0.101510785342575,6110.93659942393,11.8515849999001
2025-04-30,0.22,6525,0.100634909639525,0.101523490037684,6110.93659942393,11.3976945204477
2025-04-30,0.22,6530,0.100601039474755,0.101509884287984,6110.93659942393,10.9942363276042
2025-04-30,0.22,6540,0.10044578581878,0.101398971627383,6110.93659942393,10.187319879944
2025-04-30,0.22,6550,0.100416542435457,0.101414767731363,6110.93659942393,9.48126801302803
2025-04-30,0.22,6560,0.100273523884288,0.101322531871881,6110.93659942393,8.77521612768561
2025-04-30,0.22,6570,0.100283793461902,0.101111234861346,6110.93659942393,8.11959654460946
2025-04-30,0.22,6575,0.100248587431314,0.101097009782133,6110.93659942393,7.81700287892397
2025-04-30,0.22,6580,0.100184642386784,0.101055404255785,6110.93659942393,7.51440923627391
2025-04-30,0.22,6590,0.100273160377445,0.101186188575265,6110.93659942393,7.01008646794151
2025-04-30,0.22,6600,0.0999354638305271,0.101221688409021,6110.93659942393,6.45533140877225
2025-04-30,0.22,6610,0.100137934085842,0.1011523655587,6110.93659942393,6.00144090546704
2025-04-30,0.22,6620,0.0998901624087492,0.100966480848766,6110.93659942393,5.49711816524257
2025-04-30,0.22,6625,0.0999021798169022,0.10100707778187,6110.93659942393,5.29538904133835
2025-04-30,0.22,6630,0.0998882284592154,0.101023547348487,6110.93659942393,5.09365993994709
2025-04-30,0.22,6640,0.10018224670498,0.101370117362273,6110.93659942393,4.79106628626882
2025-04-30,0.22,6650,0.0999733107426909,0.101236065410229,6110.93659942393,4.38760807357693
2025-04-30,0.22,6660,0.100084219474275,0.101414417030206,6110.93659942393,4.08501439741792
2025-04-30,0.22,6670,0.100099942091084,0.101506370291495,6110.93659942393,3.78242074863365
2025-04-30,0.22,6680,0.1000091483264,0.101502658534478,6110.93659942393,3.47982709045736
2025-04-30,0.22,6690,0.100339445369944,0.101903484782116,6110.93659942393,3.27809797545652
2025-04-30,0.22,6700,0.100601025504916,0.101706715821668,6110.93659942393,3.02593660287815
2025-04-30,0.22,6710,0.100487708140323,0.101952591238687,6110.93659942393,2.79899135989078
2025-04-30,0.22,6720,0.100890586208008,0.102122887063914,6110.93659942393,2.62247838921523
2025-04-30,0.22,6730,0.10090101934915,0.102526369472638,6110.93659942393,2.44596541017064
2025-04-30,0.22,6740,0.101163482930896,0.102872374435556,6110.93659942393,2.29466858632792
2025-04-30,0.22,6750,0.101353791423059,0.103155999121388,6110.93659942393,2.1433717561239
2025-04-30,0.22,6760,0.101464090283876,0.103371417379835,6110.93659942393,1.99207493120952
2025-04-30,0.22,6770,0.101905007349006,0.103511628721038,6110.93659942393,1.86599423718133
2025-04-30,0.22,6780,0.102295257992252,0.103976855633671,6110.93659942393,1.76512967754755
2025-04-30,0.22,6790,0.102630586942562,0.104394726685135,6110.93659942393,1.66426512490035
2025-04-30,0.22,6800,0.102905961856613,0.104761550345574,6110.93659942393,1.56340057732073
2025-04-30,0.22,6810,0.103115369591994,0.105073001494744,6110.93659942393,1.462536023824
2025-04-30,0.22,6820,0.103251538120108,0.105323966589634,6110.93659942393,1.36167146901284
2025-04-30,0.22,6830,0.103879248662278,0.10602402212388,6110.93659942393,1.3112391939404
2025-04-30,0.22,6840,0.103881347921569,0.106699438355261,6110.93659942393,1.23559077878118
2025-04-30,0.22,6850,0.104424344925795,0.106797065262778,6110.93659942393,1.15994236438035
2025-04-30,0.22,6860,0.104932470011406,0.107399844008587,6110.93659942393,1.10951008837721
2025-04-30,0.22,6870,0.105403358928736,0.107972984723132,6110.93659942393,1.05907780831511
2025-04-30,0.22,6880,0.1058342932345,0.108514827906,6110.93659942393,1.00864553184968
2025-04-30,0.22,6890,0.10622212607703,0.109023497669798,6110.93659942393,0.958213254728896
2025-04-30,0.22,6900,0.106563186153634,0.109496863468619,6110.93659942393,0.907780979348097
2025-04-30,0.22,6910,0.106853152418604,0.109932491640159,6110.93659942393,0.857348703623394
2025-04-30,0.22,6920,0.107952873830767,0.111056970371219,6110.93659942393,0.857348702219596
2025-04-30,0.22,6930,0.108176715319825,0.111443249505761,6110.93659942393,0.806916429376866
2025-04-30,0.22,6940,0.108337842710862,0.111785588841232,6110.93659942393,0.756484148766646
2025-04-30,0.22,6950,0.109414644711022,0.112889321052271,6110.93659942393,0.75648415145313
2025-04-30,0.22,6960,0.109494979723192,0.113174796596201,6110.93659942393,0.706051871765659
2025-04-30,0.22,6970,0.109495210807606,0.114266539920841,6110.93659942393,0.680835734915565
2025-04-30,0.22,6980,0.110547912507842,0.114490282602394,6110.93659942393,0.655619596912761
2025-04-30,0.22,6990,0.110444763730572,0.115569945654607,6110.93659942393,0.630403457258401
2025-04-30,0.22,7000,0.111483496610822,0.115726133398019,6110.93659942393,0.605187320914574
2025-04-30,0.22,7100,0.117336448046136,0.120390765540494,6110.93659942393,0.403458212334844
2025-04-30,0.22,7200,0.120493952443782,0.130312880527088,6110.93659942393,0.327809797485667
2025-04-30,0.22,7300,0.126359032754919,0.136562775904576,6110.93659942393,0.25216138363759
2025-04-30,0.22,7400,0.130621678862112,0.143746474230621,6110.93659942393,0.201729107082961
2025-04-30,0.22,7500,0.138948181000545,0.150222349792147,6110.93659942393,0.176512968166354
2025-04-30,0.22,7600,0.139575464444003,0.158941147699992,6110.93659942393,0.151296829613124
2025-04-30,0.22,7800,0.154792901765403,0.172524222605766,6110.93659942393,0.126080691083053
2025-04-30,0.22,8000,NA,0.184202114785809,6110.93659942393,NA
2025-05-16,0.268,200,NA,1.87227033676151,6121.0828436374,NA
2025-05-16,0.268,400,NA,1.47742037109647,6121.0828436374,NA
2025-05-16,0.268,600,NA,1.31293039857657,6121.0828436374,NA
2025-05-16,0.268,800,NA,1.1667102074872,6121.0828436374,NA
2025-05-16,0.268,1000,0.975768560328308,1.06436405841873,6121.0828436374,5121.19571449862
2025-05-16,0.268,1200,0.947001542535453,1.00504433956203,6121.0828436374,4921.3211265668
2025-05-16,0.268,1400,0.899107327586594,0.931579897896616,6121.0828436374,4721.43399742807
2025-05-16,0.268,1600,0.844650136151053,0.867899861350824,6121.0828436374,4521.55940949606
2025-05-16,0.268,1800,0.793741202525074,0.813543808490982,6121.0828436374,4321.72244518429
2025-05-16,0.268,2000,0.750414802770775,0.762930266229489,6121.0828436374,4121.93564570032
2025-05-16,0.268,2100,0.729058220187594,0.741580194900778,6121.0828436374,4022.07359897532
2025-05-16,0.268,2200,0.709080245016735,0.718425747638368,6121.0828436374,3922.21155225036
2025-05-16,0.268,2300,0.68720913843426,0.698125074870654,6121.0828436374,3822.36204673095
2025-05-16,0.268,2400,0.669265390627145,0.67755878774051,6121.0828436374,3722.55016483249
2025-05-16,0.268,2500,0.648474462816758,0.656912736469829,6121.0828436374,3622.7132005221
2025-05-16,0.268,2600,0.6297511942312,0.638100652161425,6121.0828436374,3522.92640103796
2025-05-16,0.268,2700,0.611649779624009,0.618244870732409,6121.0828436374,3423.13960155381
2025-05-16,0.268,2800,0.594023272736576,0.599865036659462,6121.0828436374,3323.39042569148
2025-05-16,0.268,2900,0.576763220181974,0.582577841727057,6121.0828436374,3223.67887344651
2025-05-16,0.268,3000,0.560379006368557,0.564405163335091,6121.0828436374,3123.97986240775
2025-05-16,0.268,3050,0.551738578382251,0.556081891721839,6121.0828436374,3074.14289809856
2025-05-16,0.268,3100,0.541983416063878,0.547161787857417,6121.0828436374,3024.26831016307
2025-05-16,0.268,3150,0.533298503454796,0.538216700973893,6121.0828436374,2974.41880464548
2025-05-16,0.268,3200,0.52457734551734,0.52925545040501,6121.0828436374,2924.56929913003
2025-05-16,0.268,3250,0.5158297215751,0.521151820161523,6121.0828436374,2874.74487602451
2025-05-16,0.268,3300,0.507929492181908,0.512140354280127,6121.0828436374,2824.92045292181
2025-05-16,0.268,3350,0.49911273718359,0.50313446250986,6121.0828436374,2775.07094740397
2025-05-16,0.268,3400,0.491075390186372,0.494888740526685,6121.0828436374,2725.27160670923
2025-05-16,0.268,3450,0.482965987052595,0.486587699001212,6121.0828436374,2675.47226601623
2025-05-16,0.268,3500,0.474796511866526,0.478241296682147,6121.0828436374,2625.6729253281
2025-05-16,0.268,3525,0.470692501571444,0.474053796083116,6121.0828436374,2600.77325498004
2025-05-16,0.268,3550,0.46657718443823,0.469858048186129,6121.0828436374,2575.87358463375
2025-05-16,0.268,3575,0.462451608932376,0.465654928288888,6121.0828436374,2550.97391429248
2025-05-16,0.268,3600,0.458316745666627,0.462058541911457,6121.0828436374,2526.09932635837
2025-05-16,0.268,3625,0.454792879049774,0.45782914867679,6121.0828436374,2501.22473842975
2025-05-16,0.268,3650,0.450627752165925,0.453595096064386,6121.0828436374,2476.32506808202
2025-05-16,0.268,3675,0.446456323575187,0.449926462192711,6121.0828436374,2451.45048014972
2025-05-16,0.268,3700,0.442853518493468,0.445672451919609,6121.0828436374,2426.57589221802
2025-05-16,0.268,3725,0.438658713706107,0.441415890986807,6121.0828436374,2401.67622186868
2025-05-16,0.268,3750,0.434459929843046,0.437687459075404,6121.0828436374,2376.80163394369
2025-05-16,0.268,3775,0.430791621934272,0.433415942557245,6121.0828436374,2351.9270460107
2025-05-16,0.268,3800,0.426574912730994,0.429648826125437,6121.0828436374,2327.05245807392
2025-05-16,0.268,3825,0.422864443121672,0.425365344877058,6121.0828436374,2302.17787014391
2025-05-16,0.268,3850,0.419128054368542,0.42156404250392,6121.0828436374,2277.32836462531
2025-05-16,0.268,3875,0.414885249943281,0.417741058941245,6121.0828436374,2252.45377669923
2025-05-16,0.268,3900,0.411114151234352,0.413897740386711,6121.0828436374,2227.60427117576
2025-05-16,0.268,3925,0.407321192929405,0.410035334084971,6121.0828436374,2202.75476565331
2025-05-16,0.268,3950,0.403507698961689,0.405718974093807,6121.0828436374,2177.88017772749
2025-05-16,0.268,3975,0.399674895766618,0.40225780003814,6121.0828436374,2153.05575462452
2025-05-16,0.268,4000,0.396248844068027,0.397929312480825,6121.0828436374,2128.20624910575
2025-05-16,0.268,4025,0.39195582680408,0.394416736549478,6121.0828436374,2103.3567435807
2025-05-16,0.268,4050,0.388071592775017,0.390474649198639,6121.0828436374,2078.50723806883
2025-05-16,0.268,4075,0.384172125073498,0.386519271292583,6121.0828436374,2053.65773255121
2025-05-16,0.268,4100,0.380644408165395,0.382551340031337,6121.0828436374,2028.83330944526
2025-05-16,0.268,4125,0.376708037243415,0.37893980903917,6121.0828436374,2004.00888633908
2025-05-16,0.268,4150,0.373126225627719,0.374940551142416,6121.0828436374,1979.18446323861
2025-05-16,0.268,4175,0.369157024420831,0.371281652938586,6121.0828436374,1954.36004012528
2025-05-16,0.268,4200,0.365176735091096,0.367254444159619,6121.0828436374,1929.51053461739
2025-05-16,0.268,4225,0.36152771007071,0.363552505319562,6121.0828436374,1904.71119392268
2025-05-16,0.268,4250,0.357852443581593,0.359826322115618,6121.0828436374,1879.91185322964
2025-05-16,0.268,4275,0.354152210953596,0.356077048660187,6121.0828436374,1855.11251253312
2025-05-16,0.268,4300,0.350428192201524,0.352305753063845,6121.0828436374,1830.31317184796
2025-05-16,0.268,4325,0.346681478719019,0.348513423692674,6121.0828436374,1805.51383115878
2025-05-16,0.268,4350,0.342913079972442,0.344700975280067,6121.0828436374,1780.71449046719
2025-05-16,0.268,4375,0.339417090314072,0.341157013341399,6121.0828436374,1755.96531459632
2025-05-16,0.268,4400,0.335601082066443,0.337300083507437,6121.0828436374,1731.16597391384
2025-05-16,0.268,4425,0.332044821576619,0.333699339122433,6121.0828436374,1706.41679804485
2025-05-16,0.268,4450,0.328185315762624,0.330068401841638,6121.0828436374,1681.64253977364
2025-05-16,0.268,4475,0.324837946269672,0.32640854539419,6121.0828436374,1656.91844631995
2025-05-16,0.268,4500,0.320932396595183,0.322467495303868,6121.0828436374,1632.11910563214
2025-05-16,0.268,4525,0.317513947981261,0.319006681117065,6121.0828436374,1607.42009458335
2025-05-16,0.268,4550,0.314055105433452,0.315507245128613,6121.0828436374,1582.72108355791
2025-05-16,0.268,4575,0.310320042941875,0.311970823701377,6121.0828436374,1557.99699011586
2025-05-16,0.268,4600,0.306791891513583,0.308398919902684,6121.0828436374,1533.29797906265
2025-05-16,0.268,4625,0.303227952123613,0.304792913836172,6121.0828436374,1508.59896802918
2025-05-16,0.268,4650,0.299848866440383,0.301154072246063,6121.0828436374,1483.92503940693
2025-05-16,0.268,4675,0.296211708943423,0.297483556375192,6121.0828436374,1459.2260283685
2025-05-16,0.268,4700,0.292750474497309,0.29419216853668,6121.0828436374,1434.60226458156
2025-05-16,0.268,4725,0.289449238504648,0.290650402773058,6121.0828436374,1409.97850078013
2025-05-16,0.268,4750,0.285900865152878,0.287070066285009,6121.0828436374,1385.32965456606
2025-05-16,0.268,4775,0.282694976946771,0.283829066199205,6121.0828436374,1360.78113800646
2025-05-16,0.268,4800,0.279245980515844,0.28053124175755,6121.0828436374,1336.20753904543
2025-05-16,0.268,4825,0.275931013772531,0.277001614328497,6121.0828436374,1311.63394006573
2025-05-16,0.268,4850,0.272562058841644,0.273774306721808,6121.0828436374,1287.11050592422
2025-05-16,0.268,4875,0.269310312020925,0.270319265134257,6121.0828436374,1262.58707178129
2025-05-16,0.268,4900,0.265998778074415,0.267140482780646,6121.0828436374,1238.11380249377
2025-05-16,0.268,4925,0.262788896386211,0.263738561067886,6121.0828436374,1213.64053315447
2025-05-16,0.268,4950,0.259668427776975,0.260588436819567,6121.0828436374,1189.24251109324
2025-05-16,0.268,4975,0.256327078702391,0.257368282643366,6121.0828436374,1164.81940659768
2025-05-16,0.268,5000,0.253360514786587,0.254224358675088,6121.0828436374,1140.49663178765
2025-05-16,0.268,5025,0.250029605547026,0.251145960234853,6121.0828436374,1116.14877452973
2025-05-16,0.268,5050,0.247042934667875,0.247988478974753,6121.0828436374,1091.87616450313
2025-05-16,0.268,5075,0.243969986793007,0.244755046757982,6121.0828436374,1067.60355450928
2025-05-16,0.268,5100,0.240941457766259,0.241701104411999,6121.0828436374,1043.40619173525
2025-05-16,0.268,5125,0.237825466053742,0.238805202413756,6121.0828436374,1019.25899380397
2025-05-16,0.268,5150,0.234863498651401,0.235692926532792,6121.0828436374,995.136878277866
2025-05-16,0.268,5175,0.23180551509304,0.232722437383375,6121.0828436374,971.064927590264
2025-05-16,0.268,5180,0.230999699003779,0.23191210554378,6121.0828436374,966.165257272944
2025-05-16,0.268,5190,0.229835927336739,0.230735992397435,6121.0828436374,956.566575875759
2025-05-16,0.268,5200,0.228877928627694,0.229764322455071,6121.0828436374,947.068224123387
2025-05-16,0.268,5210,0.227458147880907,0.228334385053532,6121.0828436374,937.369213121541
2025-05-16,0.268,5220,0.226244695829758,0.227109423456071,6121.0828436374,927.770531721535
2025-05-16,0.268,5225,0.225847270946786,0.226704854892395,6121.0828436374,923.071520674655
2025-05-16,0.268,5230,0.225015215426062,0.225868689037695,6121.0828436374,918.171850331156
2025-05-16,0.268,5240,0.223769949832323,0.224612414629047,6121.0828436374,908.573168970557
2025-05-16,0.268,5250,0.222925659788871,0.22375462797526,6121.0828436374,899.175146872364
2025-05-16,0.268,5260,0.221438754986154,0.222258578749013,6121.0828436374,889.476135821692
2025-05-16,0.268,5270,0.220347730380607,0.221155997594469,6121.0828436374,879.977784117362
2025-05-16,0.268,5275,0.219995713293913,0.220797074605365,6121.0828436374,875.328937917012
2025-05-16,0.268,5280,0.219236442087586,0.220033449320483,6121.0828436374,870.479432378584
2025-05-16,0.268,5290,0.217908009242415,0.218891286083403,6121.0828436374,860.930915821195
2025-05-16,0.268,5300,0.217148770486859,0.217826438918161,6121.0828436374,851.557976181482
2025-05-16,0.268,5310,0.215592639604057,0.216549423810257,6121.0828436374,841.9342123643
2025-05-16,0.268,5320,0.214406321927157,0.215350333626323,6121.0828436374,832.43586067143
2025-05-16,0.268,5325,0.214182006482221,0.215023943626499,6121.0828436374,827.862261672184
2025-05-16,0.268,5330,0.213388126601426,0.214132847493235,6121.0828436374,822.987673760187
2025-05-16,0.268,5340,0.212162239647676,0.213080367418668,6121.0828436374,813.539486846181
2025-05-16,0.268,5350,0.211281454564985,0.212095242629966,6121.0828436374,804.216712030634
2025-05-16,0.268,5360,0.21010441955481,0.210996249832198,6121.0828436374,794.793607535575
2025-05-16,0.268,5370,0.208907517251331,0.209875253519971,6121.0828436374,785.370503075811
2025-05-16,0.268,5375,0.20843317822042,0.209306617787342,6121.0828436374,780.696574421835
2025-05-16,0.268,5380,0.2078651488661,0.20873261501734,6121.0828436374,775.997563372933
2025-05-16,0.268,5390,0.206627081231708,0.207568673674968,6121.0828436374,766.574458924673
2025-05-16,0.268,5400,0.205539437618146,0.206383747015645,6121.0828436374,757.201519259188
2025-05-16,0.268,5410,0.204344982073694,0.205178132771557,6121.0828436374,747.803497170766
2025-05-16,0.268,5420,0.203212278454627,0.204116032716872,6121.0828436374,738.480722321578
2025-05-16,0.268,5425,0.202678350203971,0.203494388722642,6121.0828436374,733.806793718569
2025-05-16,0.268,5430,0.202056985897552,0.202867750220067,6121.0828436374,729.107782665963
2025-05-16,0.268,5440,0.200959617530081,0.20175919928782,6121.0828436374,719.810090280097
2025-05-16,0.268,5450,0.199838142314324,0.200626835601493,6121.0828436374,710.51239783757
2025-05-16,0.268,5460,0.198692927977178,0.199471013063665,6121.0828436374,701.214705413704
2025-05-16,0.268,5470,0.197601252609983,0.198368639419432,6121.0828436374,691.967177808028
2025-05-16,0.268,5475,0.197007762642702,0.197770083057346,6121.0828436374,687.31833161779
2025-05-16,0.268,5480,0.196408547224375,0.197241407029453,6121.0828436374,682.694567816528
2025-05-16,0.268,5490,0.19534284396996,0.196089675617072,6121.0828436374,673.472122628119
2025-05-16,0.268,5500,0.194250666707208,0.194987301536282,6121.0828436374,664.274759882659
2025-05-16,0.268,5510,0.193059579349054,0.193859127782907,6121.0828436374,655.052314699963
2025-05-16,0.268,5520,0.191988463655289,0.192705512479581,6121.0828436374,645.880034317644
2025-05-16,0.268,5525,0.191406957190199,0.192119268784007,6121.0828436374,641.281352964795
2025-05-16,0.268,5530,0.190819151637564,0.191526786391337,6121.0828436374,636.682671570585
2025-05-16,0.268,5540,0.189764698468811,0.190462630442068,6121.0828436374,627.585638513556
2025-05-16,0.268,5550,0.188612802765308,0.18937029296273,6121.0828436374,618.463522949428
2025-05-16,0.268,5560,0.187502773503993,0.188250169328859,6121.0828436374,609.36648981006
2025-05-16,0.268,5570,0.186365049328653,0.187102622319702,6121.0828436374,600.269456718807
2025-05-16,0.268,5575,0.185919341190954,0.186585150829978,6121.0828436374,595.796187419872
2025-05-16,0.268,5580,0.18526626695158,0.185927984009965,6121.0828436374,591.197506049426
2025-05-16,0.268,5590,0.184204121931476,0.184856957373921,6121.0828436374,582.200802574962
2025-05-16,0.268,5600,0.183047321941502,0.183756057838701,6121.0828436374,573.1790167329
2025-05-16,0.268,5610,0.181862455818147,0.182625662735466,6121.0828436374,564.15723080818
2025-05-16,0.268,5620,0.180838459807967,0.181528781711636,6121.0828436374,555.235774573299
2025-05-16,0.268,5625,0.180189387199762,0.181000027685478,6121.0828436374,550.737422875552
2025-05-16,0.268,5630,0.179658011646075,0.180401460118417,6121.0828436374,546.264153615815
2025-05-16,0.268,5640,0.178510059075041,0.179305097288288,6121.0828436374,537.342697347446
2025-05-16,0.268,5650,0.177453004605923,0.178177397927349,6121.0828436374,528.471405967051
2025-05-16,0.268,5660,0.17642278808854,0.177078204895228,6121.0828436374,519.650279425947
2025-05-16,0.268,5670,0.175240768756361,0.175946819243124,6121.0828436374,510.778988066713
2025-05-16,0.268,5675,0.174696801866985,0.175398347953908,6121.0828436374,506.380965989881
2025-05-16,0.268,5680,0.174144473156081,0.174841580908859,6121.0828436374,501.982943893259
2025-05-16,0.268,5690,0.173129763450604,0.173760611676735,6121.0828436374,493.262146987055
2025-05-16,0.268,5700,0.171965816141947,0.172645516602691,6121.0828436374,484.491185255179
2025-05-16,0.268,5710,0.170881250840532,0.17155249285503,6121.0828436374,475.795470742756
2025-05-16,0.268,5720,0.169761557652314,0.170424593259738,6121.0828436374,467.09975620571
2025-05-16,0.268,5725,0.169243611188076,0.169902510559116,6121.0828436374,462.802063888454
2025-05-16,0.268,5730,0.168716321521148,0.169371150284941,6121.0828436374,458.504371420574
2025-05-16,0.268,5740,0.167633895787829,0.168226918347592,6121.0828436374,449.883904136062
2025-05-16,0.268,5750,0.166514612672582,0.16715378168384,6121.0828436374,441.313601753878
2025-05-16,0.268,5760,0.165358753318408,0.16604303224824,6121.0828436374,432.743299301507
2025-05-16,0.268,5770,0.164270700796028,0.164946917819304,6121.0828436374,424.24824413822
2025-05-16,0.268,5775,0.163763961925861,0.164436144430641,6121.0828436374,420.05088141516
2025-05-16,0.268,5780,0.163298457508204,0.163863870864724,6121.0828436374,415.853518570311
2025-05-16,0.268,5790,0.162080931793907,0.16274159180117,6121.0828436374,407.358463497274
2025-05-16,0.268,5800,0.161027632300994,0.161680713234249,6121.0828436374,399.013902691207
2025-05-16,0.268,5810,0.15993303156228,0.160578785897256,6121.0828436374,390.669342034331
2025-05-16,0.268,5820,0.158846527945757,0.159485122883959,6121.0828436374,382.374946195429
2025-05-16,0.268,5825,0.158385299608389,0.158922636936226,6121.0828436374,378.277913110418
2025-05-16,0.268,5830,0.157815307200704,0.158446846351771,6121.0828436374,374.180879953004
2025-05-16,0.268,5840,0.156692118787967,0.157364941431498,6121.0828436374,365.961731311547
2025-05-16,0.268,5850,0.15562144125237,0.156239604137439,6121.0828436374,357.79274748576
2025-05-16,0.268,5860,0.154553312193686,0.155165024651292,6121.0828436374,349.699010918066
2025-05-16,0.268,5865,0.153674245546664,0.154423619413368,6121.0828436374,345.376236057608
2025-05-16,0.268,5870,0.153439809826763,0.15413840260249,6121.0828436374,341.655439143964
2025-05-16,0.268,5875,0.152866077285826,0.153561185023375,6121.0828436374,337.60857083508
2025-05-16,0.268,5880,0.152327169806337,0.153018802837568,6121.0828436374,333.611867461376
2025-05-16,0.268,5885,0.151546916193442,0.1522812707374,6121.0828436374,329.389422231077
2025-05-16,0.268,5890,0.151305427596788,0.151944582638208,6121.0828436374,325.693707755852
2025-05-16,0.268,5895,0.150503476932769,0.151139796533507,6121.0828436374,321.446180189288
2025-05-16,0.268,5900,0.15023491478887,0.150867932414524,6121.0828436374,317.800630485235
2025-05-16,0.268,5905,0.149321116067139,0.150131481376139,6121.0828436374,313.553102906734
2025-05-16,0.268,5910,0.149160511817455,0.149787600265249,6121.0828436374,309.957718105974
2025-05-16,0.268,5915,0.148270122179675,0.148983785064332,6121.0828436374,305.710190523347
2025-05-16,0.268,5920,0.148036571943815,0.148746708462855,6121.0828436374,302.164970474263
2025-05-16,0.268,5925,0.14756651830642,0.148229252689199,6121.0828436374,298.343843996467
2025-05-16,0.268,5930,0.147083070940729,0.147654899363559,6121.0828436374,294.497634988274
2025-05-16,0.268,5935,0.146191886040782,0.146892841028908,6121.0828436374,290.325354617891
2025-05-16,0.268,5940,0.145945168940986,0.146642898060544,6121.0828436374,286.830299483629
2025-05-16,0.268,5945,0.145074559285018,0.145856430634328,6121.0828436374,282.683101538024
2025-05-16,0.268,5950,0.144885697689786,0.145577602259755,6121.0828436374,279.238211122259
2025-05-16,0.268,5955,0.144077316534428,0.144766579349707,6121.0828436374,275.141177998092
2025-05-16,0.268,5960,0.1438583623061,0.144501789353273,6121.0828436374,271.721370074582
2025-05-16,0.268,5965,0.143024792367558,0.143708582062001,6121.0828436374,267.649419367775
2025-05-16,0.268,5970,0.14277580807937,0.143456808171662,6121.0828436374,264.254693831845
2025-05-16,0.268,5975,0.142256173447447,0.142934602652876,6121.0828436374,260.55897936008
2025-05-16,0.268,5980,0.141722330179976,0.142398260385003,6121.0828436374,256.863264868765
2025-05-16,0.268,5985,0.140921604932739,0.141595219054938,6121.0828436374,252.866561394311
2025-05-16,0.268,5990,0.140695786274959,0.141366896449105,6121.0828436374,249.572165565768
2025-05-16,0.268,5995,0.139867924179646,0.140536846036781,6121.0828436374,245.575462047623
2025-05-16,0.268,6000,0.139652441456215,0.14027735308301,6121.0828436374,242.30614860525
2025-05-16,0.268,6005,0.138755471587888,0.139503038979835,6121.0828436374,238.334527647245
2025-05-16,0.268,6010,0.138591107414347,0.139212017118935,6121.0828436374,235.115378956977
2025-05-16,0.268,6015,0.137831463678991,0.138491793939855,6121.0828436374,231.294252391385
2025-05-16,0.268,6020,0.137592859708492,0.138168872097987,6121.0828436374,228.050021356003
2025-05-16,0.268,6025,0.137008851332616,0.137665264072382,6121.0828436374,224.504801365087
2025-05-16,0.268,6030,0.136532290806326,0.137145965880739,6121.0828436374,221.034828513406
2025-05-16,0.268,6035,0.135794834521637,0.136447710272888,6121.0828436374,217.314031662307
2025-05-16,0.268,6040,0.135530947180506,0.136141407882364,6121.0828436374,214.145047853042
2025-05-16,0.268,6045,0.134681212246933,0.135412010593848,6121.0828436374,210.374086113923
2025-05-16,0.268,6050,0.134505334889102,0.135072366564114,6121.0828436374,207.280349475067
2025-05-16,0.268,6055,0.133583938175873,0.134392213829845,6121.0828436374,203.534470242792
2025-05-16,0.268,6060,0.133494527134174,0.13409941619873,6121.0828436374,200.566145794825
2025-05-16,0.268,6065,0.13266207012611,0.133306018859444,6121.0828436374,196.845348788349
2025-05-16,0.268,6070,0.132456559975703,0.133059105454311,6121.0828436374,193.87702427079
2025-05-16,0.268,6075,0.131952039690532,0.13255352608075,6121.0828436374,190.582628440261
2025-05-16,0.268,6080,0.131430130885297,0.132030636767467,6121.0828436374,187.288232556671
2025-05-16,0.268,6085,0.13061088701626,0.131330419998,6121.0828436374,183.717930166984
2025-05-16,0.268,6090,0.130493309578484,0.131052170644134,6121.0828436374,180.875017768658
2025-05-16,0.268,6095,0.129718881097256,0.130277054439392,6121.0828436374,177.329797783081
2025-05-16,0.268,6100,0.129524324173442,0.130081880077815,6121.0828436374,174.537050157578
2025-05-16,0.268,6105,0.128594663573074,0.129310834334801,6121.0828436374,170.941665266494
2025-05-16,0.268,6110,0.12844230924069,0.129078384951328,6121.0828436374,168.199082468672
2025-05-16,0.268,6115,0.127635092820626,0.128350196926967,6121.0828436374,164.754192138847
2025-05-16,0.268,6120,0.127444619891821,0.128079937738715,6121.0828436374,162.011609404227
2025-05-16,0.268,6125,0.126682485741693,0.127396953347261,6121.0828436374,158.67134843744
2025-05-16,0.268,6130,0.126559358931044,0.127233991541791,6121.0828436374,156.087859938709
2025-05-16,0.268,6135,0.125781737032019,0.126496014735094,6121.0828436374,152.751898833196
2025-05-16,0.268,6140,0.125659033682104,0.126294014506641,6121.0828436374,150.193492731041
2025-05-16,0.268,6145,0.124881431282645,0.125595982125169,6121.0828436374,146.932779001408
2025-05-16,0.268,6150,0.124838066720784,0.125433781966942,6121.0828436374,144.49978479449
2025-05-16,0.268,6155,0.123980108063359,0.124695413277168,6121.0828436374,141.213988617287
2025-05-16,0.268,6160,0.123856721501024,0.124493036736187,6121.0828436374,138.755912095731
2025-05-16,0.268,6165,0.12315593269577,0.123872488792212,6121.0828436374,135.695857577304
2025-05-16,0.268,6170,0.122991696142525,0.12362934651591,6121.0828436374,133.237781128302
2025-05-16,0.268,6175,0.122567676033762,0.123206168235444,6121.0828436374,130.528880408688
2025-05-16,0.268,6180,0.122122485362168,0.122761941628234,6121.0828436374,127.819979753098
2025-05-16,0.268,6185,0.121415628117226,0.122136274466,6121.0828436374,124.860254991276
2025-05-16,0.268,6190,0.121327947152729,0.121969690106753,6121.0828436374,122.602837783096
2025-05-16,0.268,6195,0.12057668430191,0.121300210620227,6121.0828436374,119.643112925724
2025-05-16,0.268,6200,0.120446605750319,0.121091161589556,6121.0828436374,117.385695741865
2025-05-16,0.268,6205,0.119730274335447,0.12045727579664,6121.0828436374,114.526300554245
2025-05-16,0.268,6210,0.119637999185794,0.120285890178483,6121.0828436374,112.369213019216
2025-05-16,0.268,6215,0.118956324030153,0.119606180841071,6121.0828436374,109.55998262108
2025-05-16,0.268,6220,0.118820687665579,0.11947247682532,6121.0828436374,107.453059877775
2025-05-16,0.268,6225,0.118418602240717,0.119072557453039,6121.0828436374,105.045148174166
2025-05-16,0.268,6230,0.118075485978491,0.118649717068044,6121.0828436374,102.687401383262
2025-05-16,0.268,6240,0.117279014401594,0.117899029745472,6121.0828436374,98.0471548524179
2025-05-16,0.268,6250,0.116512546109034,0.117137930818593,6121.0828436374,93.5323203023604
2025-05-16,0.268,6260,0.115776080227695,0.116365374732297,6121.0828436374,89.1428979884111
2025-05-16,0.268,6270,0.115027288001044,0.115665325600893,6121.0828436374,84.9039700533438
2025-05-16,0.268,6275,0.114722844763209,0.115278905749332,6121.0828436374,82.847212126683
2025-05-16,0.268,6280,0.114308207438348,0.114953592736754,6121.0828436374,80.7904542129303
2025-05-16,0.268,6290,0.113663012770031,0.114272867966697,6121.0828436374,76.8525153682887
2025-05-16,0.268,6300,0.113005980264196,0.113579920024406,6121.0828436374,73.0149059993469
2025-05-16,0.268,6310,0.112336497285211,0.112963544551084,6121.0828436374,69.327791207235
2025-05-16,0.268,6320,0.111699472935218,0.112336268820141,6121.0828436374,65.7660884406085
2025-05-16,0.268,6325,0.111410851703773,0.112006971347655,6121.0828436374,64.0354019871006
2025-05-16,0.268,6330,0.111096578792721,0.111697716810088,6121.0828436374,62.3297977955596
2025-05-16,0.268,6340,0.110482761400578,0.11114155396056,6121.0828436374,59.0440016220725
2025-05-16,0.268,6350,0.110097749301295,0.11057694910845,6121.0828436374,55.9839471820887
2025-05-16,0.268,6360,0.109417461379733,0.110052858825603,6121.0828436374,52.8988102776572
2025-05-16,0.268,6370,0.108874056194285,0.109522717274328,6121.0828436374,49.9892503066017
2025-05-16,0.268,6375,0.108662993760623,0.109268135155389,6121.0828436374,48.6097175637766
2025-05-16,0.268,6380,0.10847728061777,0.109037988466982,6121.0828436374,47.2803497143344
2025-05-16,0.268,6390,0.107977189353518,0.10855079049066,6121.0828436374,44.6216137871812
2025-05-16,0.268,6400,0.107474749992225,0.108115544161376,6121.0828436374,42.0882900650789
2025-05-16,0.268,6410,0.107026075301087,0.107682931728748,6121.0828436374,39.6803783283485
2025-05-16,0.268,6420,0.106580715972795,0.107310840274996,6121.0828436374,37.3978786606689
2025-05-16,0.268,6425,0.106374185587612,0.107057286539906,6121.0828436374,36.2691700965656
2025-05-16,0.268,6430,0.106256436291717,0.106948409837765,6121.0828436374,35.2658735584401
2025-05-16,0.268,6440,0.1058276465017,0.10653933134452,6121.0828436374,33.1589507535144
2025-05-16,0.268,6450,0.105532213664256,0.106142533067017,6121.0828436374,31.2025225855073
2025-05-16,0.268,6460,0.105195413078759,0.105886763511796,6121.0828436374,29.3715063239304
2025-05-16,0.268,6470,0.104880921743459,0.105593700744785,6121.0828436374,27.615737384987
2025-05-16,0.268,6475,0.104717009843443,0.105441101358148,6121.0828436374,26.7629353439008
2025-05-16,0.268,6480,0.104593571912848,0.105329053793678,6121.0828436374,25.9602980806475
2025-05-16,0.268,6490,0.104269527972797,0.105098350203476,6121.0828436374,24.3801060383443
2025-05-16,0.268,6500,0.103979716249167,0.104836825802339,6121.0828436374,22.8751612104047
2025-05-16,0.268,6510,0.103730915169591,0.104470673421749,6121.0828436374,21.4203811949756
2025-05-16,0.268,6520,0.103530845543731,0.104296697417162,6121.0828436374,20.1160957249944
2025-05-16,0.268,6525,0.103471358914988,0.104172924938035,6121.0828436374,19.4890353781926
2025-05-16,0.268,6550,0.102886658304505,0.103742176460228,6121.0828436374,16.5543929599764
2025-05-16,0.268,6575,0.102453511671069,0.10330311301806,6121.0828436374,14.0210692152718
2025-05-16,0.268,6600,0.102185431341084,0.103125046470102,6121.0828436374,11.914146479529
2025-05-16,0.268,6650,0.101920679616188,0.102953948543308,6121.0828436374,8.5781854565042
2025-05-16,0.268,6700,0.102022347445044,0.103152031396182,6121.0828436374,6.1953561592604
2025-05-16,0.268,6750,0.102296328867693,0.103718831113666,6121.0828436374,4.48975203469246
2025-05-16,0.268,6800,0.103099539145494,0.104630633312627,6121.0828436374,3.31087859906818
2025-05-16,0.268,6850,0.104254811911965,0.105538604428867,6121.0828436374,2.45807653575854
2025-05-16,0.268,6900,0.105810547855788,0.107387546476066,6121.0828436374,1.90626343990383
2025-05-16,0.268,6950,0.107038172162697,0.109466469465358,6121.0828436374,1.47986240043361
2025-05-16,0.268,7000,0.10905720106962,0.111687727065803,6121.0828436374,1.19141464806329
2025-05-16,0.268,7100,0.113661846870583,0.116899545854418,6121.0828436374,0.827719651467195
2025-05-16,0.268,7200,0.11820544811476,0.122556181912481,6121.0828436374,0.601977926865482
2025-05-16,0.268,7300,0.122614340969997,0.129523911190087,6121.0828436374,0.476565860042143
2025-05-16,0.268,7400,0.128094262644065,0.135761227746533,6121.0828436374,0.3887774125371
2025-05-16,0.268,7500,0.132365128255056,0.141956933246902,6121.0828436374,0.313530170191571
2025-05-16,0.268,7600,0.136739697944402,0.148390287093498,6121.0828436374,0.263365342086884
2025-05-16,0.268,7700,0.139568550538039,0.154310332462278,6121.0828436374,0.213200515736709
2025-05-16,0.268,7800,0.149327505958635,0.15964275810638,6121.0828436374,0.20065930942091
2025-05-16,0.268,7900,0.146020569398702,0.167174815604188,6121.0828436374,0.163035688640475
2025-05-16,0.268,8000,0.152630127293626,0.1715630963991,6121.0828436374,0.137953274947316
2025-05-16,0.268,8100,0.159133630539328,0.178737623526091,6121.0828436374,0.137953275104784
2025-05-16,0.268,8200,0.157996792139069,0.185795105233327,6121.0828436374,0.12541206832843
2025-05-16,0.268,8300,NA,0.192739923248002,6121.0828436374,NA
2025-05-16,0.268,8400,NA,0.195504007013189,6121.0828436374,NA
2025-05-16,0.268,8500,NA,0.202121391655718,6121.0828436374,NA
2025-05-16,0.268,8600,NA,0.20863987915405,6121.0828436374,NA
2025-05-16,0.268,8700,NA,0.215062708764514,6121.0828436374,NA
2025-05-16,0.268,8800,NA,0.2213929310051,6121.0828436374,NA
2025-05-16,0.268,8900,NA,0.227633425263274,6121.0828436374,NA
2025-05-16,0.268,9000,NA,0.23378691492997,6121.0828436374,NA
2025-05-16,0.268,9200,NA,0.235735767807782,6121.0828436374,NA
2025-05-16,0.268,9600,NA,0.265892971535348,6121.0828436374,NA
2025-05-16,0.268,10000,NA,0.287711140141971,6121.0828436374,NA
2025-05-16,0.268,10400,NA,0.304462871305626,6121.0828436374,NA
2025-05-16,0.268,10800,NA,0.324118632730813,6121.0828436374,NA
2025-05-16,0.268,10900,NA,0.32889933749751,6121.0828436374,NA
2025-05-16,0.268,11000,NA,0.328482824139737,6121.0828436374,NA
2025-05-30,0.304,1400,0.851559727325901,0.880486929982244,6130.34154431418,4730.72190035399
2025-05-30,0.304,1600,0.809736719839792,0.83412329231649,6130.34154431418,4530.95011397848
2025-05-30,0.304,1800,0.762985899074522,0.780894144428535,6130.34154431418,4331.1529705328
2025-05-30,0.304,2000,0.719723982058019,0.736206565072149,6130.34154431418,4131.4318982958
2025-05-30,0.304,2200,0.68155052593507,0.691529852503979,6130.34154431418,3931.76154019736
2025-05-30,0.304,2400,0.643968697716328,0.651638248112055,6130.34154431418,3732.1672533061
2025-05-30,0.304,2600,0.607194839706858,0.614686719075683,6130.34154431418,3532.64903762338
2025-05-30,0.304,2800,0.573740972634953,0.57846791520532,6130.34154431418,3333.23225021679
2025-05-30,0.304,3000,0.538219609028632,0.543966148128648,6130.34154431418,3133.84081988073
2025-05-30,0.304,3100,0.522687130891613,0.526134739942941,6130.34154431418,3034.19581885198
2025-05-30,0.304,3200,0.505213613091106,0.509898503682366,6130.34154431418,2934.55081781839
2025-05-30,0.304,3300,0.48924764504097,0.493481067700964,6130.34154431418,2834.95653093503
2025-05-30,0.304,3400,0.474408098402578,0.478203354891496,6130.34154431418,2735.46367231983
2025-05-30,0.304,3500,0.458046987646335,0.461515257215867,6130.34154431418,2635.86938542989
2025-05-30,0.304,3600,0.442714025434801,0.445859540800528,6130.34154431418,2536.37652681922
2025-05-30,0.304,3700,0.428151191759065,0.430989019537458,6130.34154431418,2436.98509647933
2025-05-30,0.304,3800,0.413275699125195,0.415850563172516,6130.34154431418,2337.5936661416
2025-05-30,0.304,3900,0.398162713705072,0.40050975820627,6130.34154431418,2238.20223580593
2025-05-30,0.304,4000,0.383589165017596,0.385720469517501,6130.34154431418,2138.91223374978
2025-05-30,0.304,4100,0.3694033857263,0.371333951794321,6130.34154431418,2039.72365996278
2025-05-30,0.304,4200,0.354889905162098,0.35722526738575,6130.34154431418,1940.58580032885
2025-05-30,0.304,4250,0.348092100781399,0.349760668055847,6130.34154431418,1891.04222757332
2025-05-30,0.304,4300,0.340645688435148,0.342767450953199,6130.34154431418,1841.4986548152
2025-05-30,0.304,4350,0.334165388945873,0.335676512501105,6130.34154431418,1792.05651034659
2025-05-30,0.304,4400,0.32705547668807,0.328971437726372,6130.34154431418,1742.61436586678
2025-05-30,0.304,4450,0.320318565669758,0.321686590783806,6130.34154431418,1693.17222138227
2025-05-30,0.304,4500,0.313457114995349,0.314758023183904,6130.34154431418,1643.78079106426
2025-05-30,0.304,4550,0.306895409181904,0.308128781931885,6130.34154431418,1594.49078899276
2025-05-30,0.304,4600,0.300186438859465,0.3013574726598,6130.34154431418,1545.20078694777
2025-05-30,0.304,4650,0.293713864108869,0.294823049941178,6130.34154431418,1496.01221316654
2025-05-30,0.304,4700,0.287077341369509,0.288477889723053,6130.34154431418,1446.87435351613
2025-05-30,0.304,4750,0.280956142111665,0.281949211955044,6130.34154431418,1397.83792215641
2025-05-30,0.304,4800,0.274623434840516,0.27556251154867,6130.34154431418,1348.85220490632
2025-05-30,0.304,4850,0.268392629247501,0.26927967339997,6130.34154431418,1299.96791597054
2025-05-30,0.304,4900,0.262228798407766,0.263343728317573,6130.34154431418,1251.2357694422
2025-05-30,0.304,4950,0.256364361436801,0.257152393193904,6130.34154431418,1202.60505116693
2025-05-30,0.304,5000,0.250476470561987,0.251218276268618,6130.34154431418,1154.12647533628
2025-05-30,0.304,5025,0.247546610796443,0.248266220612296,6130.34154431418,1129.93790158074
2025-05-30,0.304,5050,0.244542399475233,0.245472825069785,6130.34154431418,1105.80004192615
2025-05-30,0.304,5075,0.24169314262262,0.242595123442956,6130.34154431418,1081.71289643611
2025-05-30,0.304,5100,0.238761492098389,0.239636478824938,6130.34154431418,1057.62575091701
2025-05-30,0.304,5125,0.235963440088523,0.236811319652904,6130.34154431418,1033.6400336767
2025-05-30,0.304,5150,0.233076246247391,0.23389844240899,6130.34154431418,1009.65431643041
2025-05-30,0.304,5175,0.230303196610675,0.231099784311855,6130.34154431418,985.770027512765
2025-05-30,0.304,5200,0.227628913296438,0.228400141957027,6130.34154431418,961.98716680746
2025-05-30,0.304,5210,0.226377290553011,0.227329560900627,6130.34154431418,952.44359406338
2025-05-30,0.304,5220,0.225301930356612,0.226054526599424,6130.34154431418,942.900021318821
2025-05-30,0.304,5225,0.22485157419167,0.225598863350997,6130.34154431418,938.204306172492
2025-05-30,0.304,5230,0.224209612376841,0.22495267493239,6130.34154431418,933.407162699846
2025-05-30,0.304,5240,0.223100609462106,0.22383435369874,6130.34154431418,923.914304071703
2025-05-30,0.304,5250,0.222156692350389,0.222880385433655,6130.34154431418,914.522873771199
2025-05-30,0.304,5260,0.220833569644604,0.221727653577103,6130.34154431418,904.979301017089
2025-05-30,0.304,5270,0.21985309011828,0.220559210308717,6130.34154431418,895.537156556849
2025-05-30,0.304,5275,0.219355239266897,0.220056652203795,6130.34154431418,890.841441377575
2025-05-30,0.304,5280,0.218677655236704,0.219549141936602,6130.34154431418,886.095012067038
2025-05-30,0.304,5290,0.217659370125655,0.218347829820732,6130.34154431418,876.652867564439
2025-05-30,0.304,5300,0.21645112387666,0.217301034888407,6130.34154431418,867.210723114437
2025-05-30,0.304,5310,0.215396192531974,0.216235198483968,6130.34154431418,857.819292765548
2025-05-30,0.304,5320,0.214322260023977,0.215150620231348,6130.34154431418,848.427862439676
2025-05-30,0.304,5325,0.213778260683831,0.214601391805983,6130.34154431418,843.732147248085
2025-05-30,0.304,5330,0.213229619864803,0.214047582728742,6130.34154431418,839.03643210555
2025-05-30,0.304,5340,0.212118548977395,0.212926352421719,6130.34154431418,829.645001753532
2025-05-30,0.304,5350,0.210989308132076,0.211787180621852,6130.34154431418,820.253571409702
2025-05-30,0.304,5360,0.210000092217926,0.210787463463597,6130.34154431418,810.963569360295
2025-05-30,0.304,5370,0.208833322128753,0.209611219786572,6130.34154431418,801.572139063009
2025-05-30,0.304,5375,0.208243385593652,0.209170823680007,6130.34154431418,796.927137980547
2025-05-30,0.304,5380,0.207803135297278,0.208571027931301,6130.34154431418,792.282136968242
2025-05-30,0.304,5390,0.206751919493106,0.207510054049335,6130.34154431418,782.9921349099
2025-05-30,0.304,5400,0.205679991511433,0.206279151341444,6130.34154431418,773.651418768427
2025-05-30,0.304,5410,0.20458764806581,0.205326963939745,6130.34154431418,764.412130836262
2025-05-30,0.304,5420,0.203475167388855,0.204205403449765,6130.34154431418,755.122128719385
2025-05-30,0.304,5425,0.202984173982003,0.203564792780265,6130.34154431418,750.477127740815
2025-05-30,0.304,5430,0.20234281025089,0.20320808604785,6130.34154431418,745.882840840522
2025-05-30,0.304,5440,0.201333590255433,0.202045700305216,6130.34154431418,736.643552916672
2025-05-30,0.304,5450,0.200301440661632,0.201004532744029,6130.34154431418,727.454979159035
2025-05-30,0.304,5460,0.199107514515856,0.199940994960118,6130.34154431418,718.215691243026
2025-05-30,0.304,5470,0.198032214709905,0.198855389051246,6130.34154431418,709.027117439645
2025-05-30,0.304,5475,0.197486284476126,0.198304399262061,6130.34154431418,704.432830530611
2025-05-30,0.304,5480,0.197070646852612,0.19774799645145,6130.34154431418,699.889257739539
2025-05-30,0.304,5490,0.19594990374371,0.196752631043444,6130.34154431418,690.751398140492
2025-05-30,0.304,5500,0.194940108365525,0.19560084360619,6130.34154431418,681.613538487723
2025-05-30,0.304,5510,0.193775084215141,0.194558361716019,6130.34154431418,672.475678848771
2025-05-30,0.304,5520,0.192718301575799,0.193491951675081,6130.34154431418,663.388533386848
2025-05-30,0.304,5525,0.19224512946297,0.192885901076652,6130.34154431418,658.844960556005
2025-05-30,0.304,5530,0.191637646519525,0.19240190815966,6130.34154431418,654.301387844303
2025-05-30,0.304,5540,0.190659443785857,0.191414086901065,6130.34154431418,645.315670649429
2025-05-30,0.304,5550,0.189530370724121,0.190276091623545,6130.34154431418,636.228525108611
2025-05-30,0.304,5560,0.188501251275628,0.189115248383925,6130.34154431418,627.192093766711
2025-05-30,0.304,5570,0.187446370426087,0.188174059465275,6130.34154431418,618.257090671586
2025-05-30,0.304,5575,0.186909364445361,0.187632689365171,6130.34154431418,613.764232057411
2025-05-30,0.304,5580,0.186366028527029,0.187085044624741,6130.34154431418,609.271373414146
2025-05-30,0.304,5590,0.185379079801271,0.185971058552156,6130.34154431418,600.336370346929
2025-05-30,0.304,5600,0.184247232125859,0.184949188285752,6130.34154431418,591.401367239308
2025-05-30,0.304,5610,0.183206498502784,0.183900081054098,6130.34154431418,582.51707831443
2025-05-30,0.304,5620,0.182138603875454,0.182824030951398,6130.34154431418,573.632789408555
2025-05-30,0.304,5625,0.181651415648916,0.182105804586125,6130.34154431418,569.139930743424
2025-05-30,0.304,5630,0.181156864298791,0.181608517475938,6130.34154431418,564.748500431472
2025-05-30,0.304,5640,0.180034149841933,0.180703592803151,6130.34154431418,555.96563975517
2025-05-30,0.304,5650,0.178995483027377,0.179657106953506,6130.34154431418,547.182779040405
2025-05-30,0.304,5660,0.177928116634571,0.178582130054554,6130.34154431418,538.399918337593
2025-05-30,0.304,5670,0.176940184053825,0.177478914727544,6130.34154431418,529.667771842918
2025-05-30,0.304,5675,0.176381083172611,0.17680972846211,6130.34154431418,525.225627380117
2025-05-30,0.304,5680,0.175814964921317,0.176454108612244,6130.34154431418,520.935625292801
2025-05-30,0.304,5690,0.174767218730294,0.175399110037709,6130.34154431418,512.254192917621
2025-05-30,0.304,5700,0.173793568708825,0.174210125722344,6130.34154431418,503.572760475038
2025-05-30,0.304,5710,0.172684640590935,0.173302406354238,6130.34154431418,494.992756409373
2025-05-30,0.304,5720,0.171647970008111,0.172258867121907,6130.34154431418,486.412752286248
2025-05-30,0.304,5725,0.171117727903101,0.171624085222051,6130.34154431418,482.072036099941
2025-05-30,0.304,5730,0.170680366452938,0.171183807859115,6130.34154431418,477.883462342699
2025-05-30,0.304,5740,0.169579406090712,0.17007744175142,6130.34154431418,469.303458238594
2025-05-30,0.304,5750,0.168545778895439,0.168939946041149,6130.34154431418,460.774168279332
2025-05-30,0.304,5760,0.167478944084096,0.167868917513356,6130.34154431418,452.295592384631
2025-05-30,0.304,5770,0.166475611502502,0.166957804347581,6130.34154431418,443.969158947729
2025-05-30,0.304,5775,0.165960859765734,0.166344624474843,6130.34154431418,439.72987100535
2025-05-30,0.304,5780,0.165437421699728,0.165914562119839,6130.34154431418,435.592011373599
2025-05-30,0.304,5790,0.16436458131297,0.164931203351569,6130.34154431418,427.265577926868
2025-05-30,0.304,5800,0.163350789251267,0.163724733600385,6130.34154431418,418.888430445734
2025-05-30,0.304,5810,0.16230075709988,0.162855909173377,6130.34154431418,410.714139323171
2025-05-30,0.304,5820,0.161306303223844,0.161764327083959,6130.34154431418,402.489134266295
2025-05-30,0.304,5825,0.160794907158727,0.161250662811815,6130.34154431418,398.40198875159
2025-05-30,0.304,5830,0.160274093094075,0.16072761779304,6130.34154431418,394.314843292908
2025-05-30,0.304,5840,0.15920427688634,0.159743235443052,6130.34154431418,386.191266422763
2025-05-30,0.304,5850,0.158185973294359,0.158541908920786,6130.34154431418,378.016975356755
2025-05-30,0.304,5860,0.157128560993645,0.157657411353482,6130.34154431418,370.045540884797
2025-05-30,0.304,5870,0.156119489573243,0.156643465478036,6130.34154431418,362.074106460546
2025-05-30,0.304,5875,0.155599735033539,0.156121338394073,6130.34154431418,358.088389233838
2025-05-30,0.304,5880,0.155069845957993,0.15558911926586,6130.34154431418,354.102672043044
2025-05-30,0.304,5890,0.154065492268507,0.154580166298048,6130.34154431418,346.232665866433
2025-05-30,0.304,5900,0.15301912690872,0.15352937220838,6130.34154431418,338.362659706571
2025-05-30,0.304,5910,0.152015108058804,0.152605328065213,6130.34154431418,330.644795917459
2025-05-30,0.304,5920,0.150967644902531,0.151553029598549,6130.34154431418,322.876217986595
2025-05-30,0.304,5925,0.150510924748502,0.151093910561294,6130.34154431418,319.093357399313
2025-05-30,0.304,5930,0.149959677244899,0.150540367493064,6130.34154431418,315.209068308343
2025-05-30,0.304,5940,0.148989153702417,0.149565299532975,6130.34154431418,307.643347052461
2025-05-30,0.304,5950,0.147972393050008,0.148544195133871,6130.34154431418,300.077625618901
2025-05-30,0.304,5960,0.146990403325922,0.147476947630211,6130.34154431418,292.562618516419
2025-05-30,0.304,5970,0.145960752878042,0.146524383479427,6130.34154431418,285.149039549786
2025-05-30,0.304,5975,0.145468130384281,0.146029825871979,6130.34154431418,281.467607174116
2025-05-30,0.304,5980,0.144963247610901,0.145603014560357,6130.34154431418,277.836888821546
2025-05-30,0.304,5990,0.143916590485213,0.14455222192588,6130.34154431418,270.474024154852
2025-05-30,0.304,6000,0.142978449465208,0.14337326679049,6130.34154431418,263.161873505112
2025-05-30,0.304,6010,0.141988637068052,0.142616582187096,6130.34154431418,256.154007592555
2025-05-30,0.304,6020,0.140946846102817,0.141649346649859,6130.34154431418,249.044713544688
2025-05-30,0.304,6025,0.140484189931527,0.140951286765268,6130.34154431418,245.41399529365
2025-05-30,0.304,6030,0.140007971520765,0.14070677398959,6130.34154431418,242.087561869889
2025-05-30,0.304,6040,0.139014652112039,0.139710030224173,6130.34154431418,235.130410145929
2025-05-30,0.304,6050,0.138043340001271,0.138504828381363,6130.34154431418,228.122544441391
2025-05-30,0.304,6060,0.137092477988011,0.137781803522045,6130.34154431418,221.520391654889
2025-05-30,0.304,6070,0.136084258582246,0.136847278652973,6130.34154431418,214.81681057228
2025-05-30,0.304,6075,0.135634606875519,0.136091626653483,6130.34154431418,211.338234805318
2025-05-30,0.304,6080,0.135170101446843,0.135854498829265,6130.34154431418,208.214657968708
2025-05-30,0.304,6090,0.134196189636419,0.13495438196375,6130.34154431418,201.713933480533
2025-05-30,0.304,6100,0.133313005670503,0.133842404492024,6130.34154431418,195.213209135197
2025-05-30,0.304,6110,0.132367725917444,0.133046977306083,6130.34154431418,188.966055340314
2025-05-30,0.304,6120,0.131434803941835,0.132112976888037,6130.34154431418,182.718901567052
2025-05-30,0.304,6125,0.130981973514746,0.131659732749998,6130.34154431418,179.646038845136
2025-05-30,0.304,6130,0.13051291042622,0.131190341079226,6130.34154431418,176.573176125751
2025-05-30,0.304,6140,0.129617639202957,0.130294675208023,6130.34154431418,170.55164826093
2025-05-30,0.304,6150,0.128758473755202,0.129285030151122,6130.34154431418,164.567379918546
2025-05-30,0.304,6160,0.127831346061199,0.12850868489162,6130.34154431418,158.785968095395
2025-05-30,0.304,6170,0.126910227871627,0.127588292842618,6130.34154431418,153.004556243545
2025-05-30,0.304,6175,0.126460961208578,0.1271395392801,6130.34154431418,150.164564488937
2025-05-30,0.304,6180,0.126144822305436,0.12659761751689,6130.34154431418,147.375286984808
2025-05-30,0.304,6190,0.125232388553354,0.125837486728931,6130.34154431418,141.898159963927
2025-05-30,0.304,6200,0.12432241320183,0.125005130129081,6130.34154431418,136.471747144039
2025-05-30,0.304,6210,0.123565979327934,0.124098871482226,6130.34154431418,131.197476641617
2025-05-30,0.304,6220,0.122734480709006,0.123346072240197,6130.34154431418,126.075348683618
2025-05-30,0.304,6225,0.122328295282028,0.12294133720261,6130.34154431418,123.539641751968
2025-05-30,0.304,6230,0.12190277239698,0.122517381995389,6130.34154431418,121.003934833401
2025-05-30,0.304,6240,0.121069856567028,0.121687945819406,6130.34154431418,116.033949283229
2025-05-30,0.304,6250,0.120312512325316,0.120934533941746,6130.34154431418,111.266820203117
2025-05-30,0.304,6260,0.119553099092297,0.120179551039318,6130.34154431418,106.601119465567
2025-05-30,0.304,6270,0.118790826116897,0.119422232991054,6130.34154431418,102.036846955278
2025-05-30,0.304,6275,0.118418283699292,0.119052367398255,6130.34154431418,99.8054248767164
2025-05-30,0.304,6280,0.118104552265006,0.11866182833605,6130.34154431418,97.6247169686151
2025-05-30,0.304,6290,0.117334990089749,0.117977933285742,6130.34154431418,93.3140150489555
2025-05-30,0.304,6300,0.116722795381673,0.117209972112198,6130.34154431418,89.1554557611033
2025-05-30,0.304,6310,0.116108390092154,0.116518878665984,6130.34154431418,85.1490387374203
2025-05-30,0.304,6320,0.115325278046551,0.115906896852427,6130.34154431418,81.1933360348619
2025-05-30,0.304,6325,0.114983432603082,0.115652294797364,6130.34154431418,79.3169128988751
2025-05-30,0.304,6330,0.11470359985532,0.115292668950754,6130.34154431418,77.4404897713467
2025-05-30,0.304,6340,0.114078903014794,0.114676055990176,6130.34154431418,73.7890717554477
2025-05-30,0.304,6350,0.113451060632273,0.11405697080472,6130.34154431418,70.2390820348849
2025-05-30,0.304,6360,0.112819999220583,0.113523200296825,6130.34154431418,66.8412347095749
2025-05-30,0.304,6370,0.11227515994389,0.112989830985233,6130.34154431418,63.5955298591308
2025-05-30,0.304,6375,0.111968870650089,0.112689685801081,6130.34154431418,61.9726774505555
2025-05-30,0.304,6380,0.111730288507463,0.112457299136363,6130.34154431418,60.4512532332363
2025-05-30,0.304,6390,0.111185876911558,0.111926149719439,6130.34154431418,57.4084049732605
2025-05-30,0.304,6400,0.110736988307266,0.111397049212179,6130.34154431418,54.517699026306
2025-05-30,0.304,6410,0.110197389320765,0.110966826058512,6130.34154431418,51.728421461693
2025-05-30,0.304,6420,0.109759040814192,0.110544409570808,6130.34154431418,49.0912862253067
2025-05-30,0.304,6425,0.109505583994857,0.110299474061993,6130.34154431418,47.7727185884538
2025-05-30,0.304,6430,0.109328986899299,0.1100312508322,6130.34154431418,46.5048651290632
2025-05-30,0.304,6440,0.108908955179462,0.109627083319306,6130.34154431418,44.0705864913643
2025-05-30,0.304,6450,0.108500932864225,0.109026301678343,6130.34154431418,41.6363077859746
2025-05-30,0.304,6460,0.108107199947665,0.108645429162386,6130.34154431418,39.4048857379127
2025-05-30,0.304,6470,0.107730365006106,0.108502353422189,6130.34154431418,37.3763201602867
2025-05-30,0.304,6475,0.107563204682054,0.108122150876409,6130.34154431418,36.2606091436617
2025-05-30,0.304,6480,0.107373406380039,0.10793974829427,6130.34154431418,35.2463263415616
2025-05-30,0.304,6500,0.106733140736449,0.107211621096915,6130.34154431418,31.4427660067282
2025-05-30,0.304,6525,0.10593807371041,0.106837008232811,6130.34154431418,27.3349207485007
2025-05-30,0.304,6550,0.105362970233539,0.106195076103889,6130.34154431418,23.6327885822824
2025-05-30,0.304,6600,0.104310905761671,0.105131986082411,6130.34154431418,17.4963778171688
2025-05-30,0.304,6650,0.103426004233201,0.104416149723696,6130.34154431418,12.830677089037
2025-05-30,0.304,6700,0.103103277095959,0.104307159953173,6130.34154431418,9.48354393380194
2025-05-30,0.304,6750,0.103132223620212,0.104315978122763,6130.34154431418,6.99855114335503
2025-05-30,0.304,6800,0.10323817931641,0.104704555150238,6130.34154431418,5.17284215349198
2025-05-30,0.304,6850,0.104057093875606,0.105411701832774,6130.34154431418,3.90498866384578
2025-05-30,0.304,6900,0.104963097427387,0.106625161596438,6130.34154431418,2.99213418013024
2025-05-30,0.304,6950,0.106471102507185,0.108146237206494,6130.34154431418,2.35820744834226
2025-05-30,0.304,7000,0.107700533434369,0.109738118070477,6130.34154431418,1.85106605789697
2025-05-30,0.304,7100,0.111190660562651,0.114053408059314,6130.34154431418,1.24249639784158
2025-05-30,0.304,7200,0.115127197085426,0.118995253459291,6130.34154431418,0.887497428273285
2025-05-30,0.304,7300,0.119704084817054,0.124657883742275,6130.34154431418,0.68464087142101
2025-05-30,0.304,7400,0.123884156081284,0.13019906461388,6130.34154431418,0.532498455471982
2025-05-30,0.304,7500,0.128174245354368,0.135997046625976,6130.34154431418,0.431070178741084
2025-05-30,0.304,7600,0.133468037846327,0.142526590232941,6130.34154431418,0.380356038966236
2025-05-30,0.304,7800,0.14160433219185,0.152492823570605,6130.34154431418,0.253570692417751
2025-05-30,0.304,8000,0.150157888009108,0.161858955860381,6130.34154431418,0.177499484910433
2025-05-30,0.304,8200,0.154787168456323,0.175337757853434,6130.34154431418,0.152142416150165
2025-05-30,0.304,8400,0.166544916453968,0.184909580446327,6130.34154431418,0.12678534651189
2025-06-20,0.36,200,NA,1.66361722470507,6142.22201456255,NA
2025-06-20,0.36,400,NA,1.33882813928288,6142.22201456255,NA
2025-06-20,0.36,600,1.08323291062156,1.16877199035762,6142.22201456255,5542.32347235077
2025-06-20,0.36,800,0.993092861625912,1.04461268130623,6142.22201456255,5342.37420124475
2025-06-20,0.36,1000,0.938355989219084,0.966011227300741,6142.22201456255,5142.50102348032
2025-06-20,0.36,1200,0.869524030149833,0.901287510951116,6142.22201456255,4942.64052793918
2025-06-20,0.36,1400,0.817349776208143,0.83632454903705,6142.22201456255,4742.80539684457
2025-06-20,0.36,1600,0.767469011062997,0.785411857670002,6142.22201456255,4543.03367686844
2025-06-20,0.36,1800,0.724037468191446,0.73719022593818,6142.22201456255,4343.31268578604
2025-06-20,0.36,1900,0.702843657802281,0.715619400600265,6142.22201456255,4243.47755469214
2025-06-20,0.36,2000,0.684245593895346,0.69405648539243,6142.22201456255,4143.66778804437
2025-06-20,0.36,2100,0.665136904592726,0.673690058631604,6142.22201456255,4043.87070362084
2025-06-20,0.36,2200,0.645814219481372,0.653364548946017,6142.22201456255,3944.07361919826
2025-06-20,0.36,2300,0.627330364534877,0.634803473388248,6142.22201456255,3844.3145814431
2025-06-20,0.36,2400,0.60951200941713,0.616130602887258,6142.22201456255,3744.56822591583
2025-06-20,0.36,2500,0.592229266352151,0.597470034284362,6142.22201456255,3644.83455260984
2025-06-20,0.36,2600,0.575384320567195,0.581179282765844,6142.22201456255,3545.16429041898
2025-06-20,0.36,2700,0.559960939448314,0.564078741757611,6142.22201456255,3445.51939267911
2025-06-20,0.36,2800,0.542727611486029,0.547364331017828,6142.22201456255,3345.84913049094
2025-06-20,0.36,2900,0.527238889648428,0.530571397997953,6142.22201456255,3246.22959719888
2025-06-20,0.36,3000,0.510742625360158,0.514511202076659,6142.22201456255,3146.6100639004
2025-06-20,0.36,3100,0.495635876163307,0.499027357458967,6142.22201456255,3047.0666239506
2025-06-20,0.36,3150,0.487669346061547,0.491540163515807,6142.22201456255,2997.29490397438
2025-06-20,0.36,3200,0.480941221926208,0.483993723778103,6142.22201456255,2947.5739128922
2025-06-20,0.36,3250,0.472904397924823,0.476399130443236,6142.22201456255,2897.8021929155
2025-06-20,0.36,3300,0.466000386827388,0.468765831633206,6142.22201456255,2848.08120183718
2025-06-20,0.36,3350,0.457927823467722,0.461101896676047,6142.22201456255,2798.30948185686
2025-06-20,0.36,3400,0.450895407871024,0.453910151722958,6142.22201456255,2748.61385522238
2025-06-20,0.36,3450,0.443787250283159,0.44665526135308,6142.22201456255,2698.91822857933
2025-06-20,0.36,3500,0.43661461796105,0.439346984517325,6142.22201456255,2649.22260194999
2025-06-20,0.36,3550,0.429387158970012,0.431993697152576,6142.22201456255,2599.52697531295
2025-06-20,0.36,3600,0.422113159752653,0.424602604203103,6142.22201456255,2549.83134868341
2025-06-20,0.36,3650,0.415599718421965,0.417570952727474,6142.22201456255,2500.21181538178
2025-06-20,0.36,3700,0.408218408579581,0.410478455910777,6142.22201456255,2450.54155320221
2025-06-20,0.36,3725,0.404890018567584,0.407093663693991,6142.22201456255,2425.74446877938
2025-06-20,0.36,3750,0.401538576139079,0.403688048414108,6142.22201456255,2400.94738435279
2025-06-20,0.36,3775,0.398165505926566,0.400262896460436,6142.22201456255,2376.15029992914
2025-06-20,0.36,3800,0.394772128225314,0.396481166122241,6142.22201456255,2351.32785104776
2025-06-20,0.36,3825,0.391022456047405,0.393028338317554,6142.22201456255,2326.50540218143
2025-06-20,0.36,3850,0.38759999619805,0.389881733304414,6142.22201456255,2301.73368220251
2025-06-20,0.36,3875,0.384160360577632,0.386389546498051,6142.22201456255,2276.93659778604
2025-06-20,0.36,3900,0.381018757494314,0.382882998843107,6142.22201456255,2252.16487780938
2025-06-20,0.36,3925,0.377540552022583,0.379362917179406,6142.22201456255,2227.36779338104
2025-06-20,0.36,3950,0.37404819539537,0.375830070284627,6142.22201456255,2202.57070895836
2025-06-20,0.36,3975,0.370542475453364,0.372285172803329,6142.22201456255,2177.77362453219
2025-06-20,0.36,4000,0.367310328025189,0.368728889466999,6142.22201456255,2153.00190456731
2025-06-20,0.36,4025,0.363773812738101,0.365711601358207,6142.22201456255,2128.25554902319
2025-06-20,0.36,4050,0.360499370313835,0.362122741813409,6142.22201456255,2103.48382905599
2025-06-20,0.36,4075,0.35720203496205,0.358786952007,6142.22201456255,2078.73747353647
2025-06-20,0.36,4100,0.353882955410936,0.355430795340038,6142.22201456255,2053.99111799302
2025-06-20,0.36,4125,0.350543197879321,0.352305040602075,6142.22201456255,2029.27012691055
2025-06-20,0.36,4150,0.347431543219619,0.348905386223228,6142.22201456255,2004.54913583239
2025-06-20,0.36,4175,0.344047691784152,0.345488307235566,6142.22201456255,1979.80278028704
2025-06-20,0.36,4200,0.340646112186919,0.342287407571519,6142.22201456255,1955.08178922076
2025-06-20,0.36,4225,0.337688828609533,0.339059873537029,6142.22201456255,1930.41152703224
2025-06-20,0.36,4250,0.334243942949139,0.335806921381171,6142.22201456255,1905.69053594624
2025-06-20,0.36,4275,0.331003729248834,0.332529679022896,6142.22201456255,1880.9949093146
2025-06-20,0.36,4300,0.327738962393003,0.329229191435235,6142.22201456255,1856.29928267864
2025-06-20,0.36,4325,0.32465994214943,0.325906428066781,6142.22201456255,1831.62902048692
2025-06-20,0.36,4350,0.321548322850882,0.322763870668862,6142.22201456255,1806.98412275394
2025-06-20,0.36,4375,0.318405543827294,0.319591332396555,6142.22201456255,1782.33922499475
2025-06-20,0.36,4400,0.315232935705794,0.316390070389818,6142.22201456255,1757.69432725156
2025-06-20,0.36,4425,0.312220848597024,0.313161247055639,6142.22201456255,1733.07479395898
2025-06-20,0.36,4450,0.308987696068065,0.310088609573124,6142.22201456255,1708.45526066711
2025-06-20,0.36,4475,0.305908282340704,0.306981712371067,6142.22201456255,1683.86109184823
2025-06-20,0.36,4500,0.30297017964278,0.303841941955953,6142.22201456255,1659.29228742517
2025-06-20,0.36,4525,0.299819987291498,0.301008893026521,6142.22201456255,1634.74884747769
2025-06-20,0.36,4550,0.296638615861129,0.297799052229199,6142.22201456255,1610.15467863403
2025-06-20,0.36,4575,0.293752146705375,0.294881661708777,6142.22201456255,1585.66196756418
2025-06-20,0.36,4600,0.290820447577747,0.291763918527743,6142.22201456255,1561.14389206073
2025-06-20,0.36,4625,0.287845401641595,0.288916931191829,6142.22201456255,1536.67654547088
2025-06-20,0.36,4650,0.284828736500294,0.285873024719702,6142.22201456255,1512.18383440916
2025-06-20,0.36,4675,0.281772037002932,0.282790146763402,6142.22201456255,1487.69112333229
2025-06-20,0.36,4700,0.278961368919121,0.279951735307689,6142.22201456255,1463.2998700599
2025-06-20,0.36,4725,0.276098794735767,0.277062642441619,6142.22201456255,1438.90861679722
2025-06-20,0.36,4750,0.27318640905555,0.274124872109439,6142.22201456255,1414.51736352191
2025-06-20,0.36,4775,0.270357168507852,0.271140254796564,6142.22201456255,1390.15147471728
2025-06-20,0.36,4800,0.267602299742984,0.268363698002759,6142.22201456255,1365.86167919528
2025-06-20,0.36,4825,0.2647895910441,0.2655302864396,6142.22201456255,1341.57188373565
2025-06-20,0.36,4850,0.262041773555275,0.262761935325272,6142.22201456255,1317.3328171442
2025-06-20,0.36,4875,0.259116812837512,0.259934542143213,6142.22201456255,1293.06838609999
2025-06-20,0.36,4900,0.256368496654552,0.257276742510951,6142.22201456255,1268.90541284281
2025-06-20,0.36,4925,0.253669106338895,0.25444188405086,6142.22201456255,1244.74243964393
2025-06-20,0.36,4950,0.250904089213866,0.25176258192658,6142.22201456255,1220.63019524982
2025-06-20,0.36,4975,0.248180630030422,0.249015236792923,6142.22201456255,1196.54331536859
2025-06-20,0.36,5000,0.24559400919975,0.246404534579817,6142.22201456255,1172.55789325159
2025-06-20,0.36,5025,0.242931900745389,0.243719537563512,6142.22201456255,1148.5724711164
2025-06-20,0.36,5050,0.240293185513391,0.240963050043594,6142.22201456255,1124.61241342718
2025-06-20,0.36,5075,0.237672422833692,0.238323201071881,6142.22201456255,1100.72844908939
2025-06-20,0.36,5100,0.235064471951197,0.235786752480052,6142.22201456255,1076.9205780972
2025-06-20,0.36,5125,0.232376518567795,0.233166149434862,6142.22201456255,1053.11270712282
2025-06-20,0.36,5150,0.22986785423875,0.230549526192968,6142.22201456255,1029.40629394521
2025-06-20,0.36,5175,0.227270268394434,0.22793255355959,6142.22201456255,1005.72524517952
2025-06-20,0.36,5200,0.224586984284071,0.22547157542019,6142.22201456255,982.120289743723
2025-06-20,0.36,5225,0.222134334496794,0.222837308708678,6142.22201456255,958.591427719215
2025-06-20,0.36,5240,0.220615606401703,0.221306424380162,6142.22201456255,944.504547820477
2025-06-20,0.36,5250,0.219583961031764,0.220266888816267,6142.22201456255,935.113294506633
2025-06-20,0.36,5260,0.218537236967266,0.219212438121341,6142.22201456255,925.722041261643
2025-06-20,0.36,5270,0.217475635170158,0.21829125110121,6142.22201456255,916.381516900598
2025-06-20,0.36,5275,0.217013218668913,0.21775038158699,6142.22201456255,911.711254668751
2025-06-20,0.36,5280,0.216472837662487,0.217205908873041,6142.22201456255,907.015628054147
2025-06-20,0.36,5290,0.215453876760496,0.21617856228438,6142.22201456255,897.675103690992
2025-06-20,0.36,5300,0.214490762325652,0.215206927557651,6142.22201456255,888.385308180204
2025-06-20,0.36,5310,0.213439318492969,0.214147456306452,6142.22201456255,879.044783823472
2025-06-20,0.36,5320,0.212442515792295,0.213072631183976,6142.22201456255,869.729623896976
2025-06-20,0.36,5325,0.211937759038502,0.212703172608246,6142.22201456255,865.13545503628
2025-06-20,0.36,5330,0.211428803620608,0.212120809762945,6142.22201456255,860.465192821966
2025-06-20,0.36,5340,0.210466949527142,0.211150878046855,6142.22201456255,851.226126287195
2025-06-20,0.36,5350,0.209419312475483,0.210163093750125,6142.22201456255,841.961695248737
2025-06-20,0.36,5360,0.208422415041841,0.209090982123282,6142.22201456255,832.697264184258
2025-06-20,0.36,5370,0.207407952282366,0.208068960225922,6142.22201456255,823.458197616349
2025-06-20,0.36,5375,0.206927125571088,0.207584295592523,6142.22201456255,818.86402871734
2025-06-20,0.36,5380,0.20644161445278,0.207094990789914,6142.22201456255,814.269859892718
2025-06-20,0.36,5390,0.205391949446214,0.206102584077312,6142.22201456255,805.056157767553
2025-06-20,0.36,5400,0.204389369489676,0.205091978157449,6142.22201456255,795.8678200637
2025-06-20,0.36,5410,0.203368638638235,0.2040633969843,6142.22201456255,786.679482420499
2025-06-20,0.36,5420,0.20239253661905,0.203141710687958,6142.22201456255,777.567237979513
2025-06-20,0.36,5425,0.201928395133774,0.202549276025569,6142.22201456255,772.973069181794
2025-06-20,0.36,5430,0.201397309599758,0.202076437879195,6142.22201456255,768.404264767172
2025-06-20,0.36,5440,0.200383192448269,0.201115706174951,6142.22201456255,759.292020420259
2025-06-20,0.36,5450,0.199410876109831,0.200074861666282,6142.22201456255,750.179776066175
2025-06-20,0.36,5460,0.198358962832363,0.199134910096983,6142.22201456255,741.092896132619
2025-06-20,0.36,5470,0.197407066614488,0.198056387914925,6142.22201456255,732.006016284115
2025-06-20,0.36,5475,0.196893952695779,0.197539709795619,6142.22201456255,727.4625763172
2025-06-20,0.36,5480,0.196434492998188,0.197076547799756,6142.22201456255,722.969865228969
2025-06-20,0.36,5490,0.195383674170264,0.196076446034381,6142.22201456255,713.908349828341
2025-06-20,0.36,5500,0.194428290585905,0.194999288821971,6142.22201456255,704.872198812957
2025-06-20,0.36,5510,0.19345165480247,0.194072728652661,6142.22201456255,695.912141078235
2025-06-20,0.36,5520,0.192454008672789,0.193068300311851,6142.22201456255,686.926719033111
2025-06-20,0.36,5525,0.191947377195757,0.192558335864154,6142.22201456255,682.434007972287
2025-06-20,0.36,5530,0.191435575568763,0.192043238955957,6142.22201456255,677.941296852904
2025-06-20,0.36,5540,0.190396562273106,0.191052322359474,6142.22201456255,668.981239235842
2025-06-20,0.36,5550,0.189445421881708,0.190039998731537,6142.22201456255,660.071910458907
2025-06-20,0.36,5560,0.188471753670346,0.189059882712056,6142.22201456255,651.1879460996
2025-06-20,0.36,5570,0.187475793380045,0.188057626390112,6142.22201456255,642.303981751362
2025-06-20,0.36,5575,0.186916843402192,0.187600809320328,6142.22201456255,637.861999624923
2025-06-20,0.36,5580,0.186457757106747,0.187085710665901,6142.22201456255,633.4453818999
2025-06-20,0.36,5590,0.18546968206275,0.186090958621121,6142.22201456255,624.612146489832
2025-06-20,0.36,5600,0.184458824831311,0.185073581258545,6142.22201456255,615.778910991982
2025-06-20,0.36,5610,0.183476133995949,0.184084408563583,6142.22201456255,606.996404473554
2025-06-20,0.36,5620,0.182469986491874,0.183071933741247,6142.22201456255,598.213897953018
2025-06-20,0.36,5625,0.181958178462037,0.182557018149913,6142.22201456255,593.822644708232
2025-06-20,0.36,5630,0.181490272832849,0.182085938020418,6142.22201456255,589.48212025225
2025-06-20,0.36,5640,0.180437273691466,0.181075990429199,6142.22201456255,580.72497813256
2025-06-20,0.36,5650,0.179458724913255,0.180090854435522,6142.22201456255,572.043929452123
2025-06-20,0.36,5660,0.178455435259811,0.179081138801832,6142.22201456255,563.362880689126
2025-06-20,0.36,5670,0.177522965266689,0.178142211978404,6142.22201456255,554.783289674165
2025-06-20,0.36,5675,0.176999409475689,0.177615581367716,6142.22201456255,550.44276536721
2025-06-20,0.36,5680,0.176516984382042,0.177130029213007,6142.22201456255,546.152969922461
2025-06-20,0.36,5690,0.175485842362852,0.176092836652983,6142.22201456255,537.522650008264
2025-06-20,0.36,5700,0.174568495884188,0.175169344318442,6142.22201456255,529.044516880376
2025-06-20,0.36,5710,0.173531937933188,0.174126956579163,6142.22201456255,520.464925831539
2025-06-20,0.36,5720,0.172560488161302,0.173149674108615,6142.22201456255,511.986792661208
2025-06-20,0.36,5725,0.172109671864799,0.17269592807502,6142.22201456255,507.79845503058
2025-06-20,0.36,5730,0.171561795894436,0.172145300483006,6142.22201456255,503.508659469038
2025-06-20,0.36,5740,0.170669467359471,0.171202826339203,6142.22201456255,495.157348501412
2025-06-20,0.36,5750,0.169571411414005,0.170143860621538,6142.22201456255,486.653850924656
2025-06-20,0.36,5760,0.168578303881166,0.169145381831269,6142.22201456255,478.277175537949
2025-06-20,0.36,5770,0.167643314951518,0.168205053512885,6142.22201456255,470.001957987791
2025-06-20,0.36,5775,0.167121579750632,0.167680758921149,6142.22201456255,465.81362026943
2025-06-20,0.36,5780,0.166678479752698,0.167235028955576,6142.22201456255,461.726740376314
2025-06-20,0.36,5790,0.165683942494188,0.166235446257018,6142.22201456255,453.45152273958
2025-06-20,0.36,5800,0.164701882484351,0.165248433648352,6142.22201456255,445.227033984371
2025-06-20,0.36,5810,0.163731265373054,0.164231311235331,6142.22201456255,437.02790978793
2025-06-20,0.36,5820,0.162812399965479,0.163308015060607,6142.22201456255,428.955607756318
2025-06-20,0.36,5825,0.162299727697397,0.16279321501148,6142.22201456255,424.868727875319
2025-06-20,0.36,5830,0.161779363286926,0.162270753233467,6142.22201456255,420.781847876531
2025-06-20,0.36,5840,0.160756195280722,0.161324617682274,6142.22201456255,412.709545941509
2025-06-20,0.36,5850,0.159862732715004,0.160345844513529,6142.22201456255,404.738701677896
2025-06-20,0.36,5860,0.158895273514831,0.159374408129405,6142.22201456255,396.767857433865
2025-06-20,0.36,5870,0.157815248556486,0.158409369494811,6142.22201456255,388.771648766697
2025-06-20,0.36,5875,0.157381615598043,0.157933889448227,6142.22201456255,384.862320024889
2025-06-20,0.36,5880,0.156939023170913,0.157410527197699,6142.22201456255,380.92762679325
2025-06-20,0.36,5890,0.155871007326129,0.15645583541139,6142.22201456255,373.032875805205
2025-06-20,0.36,5900,0.15500185198857,0.155466129388735,6142.22201456255,365.290311703064
2025-06-20,0.36,5910,0.153942121713279,0.154518171646716,6142.22201456255,357.497018535136
2025-06-20,0.36,5920,0.153076534650852,0.153534004082997,6142.22201456255,349.855912095525
2025-06-20,0.36,5925,0.152515486141305,0.153085292721033,6142.22201456255,345.997312262529
2025-06-20,0.36,5930,0.152059320997322,0.152589261732167,6142.22201456255,342.189441182152
2025-06-20,0.36,5940,0.151156024392812,0.151607117903299,6142.22201456255,334.624428188521
2025-06-20,0.36,5950,0.150176734631077,0.150662145195651,6142.22201456255,327.084779596
2025-06-20,0.36,5960,0.149159200398855,0.149715660398492,6142.22201456255,319.570495394802
2025-06-20,0.36,5970,0.148213869568573,0.148766827940849,6142.22201456255,312.157668889748
2025-06-20,0.36,5975,0.147744603335311,0.148295864081156,6142.22201456255,308.476620249325
2025-06-20,0.36,5980,0.147265211442875,0.147814814725576,6142.22201456255,304.795571443588
2025-06-20,0.36,5990,0.146312390887344,0.146858787364487,6142.22201456255,297.484202807383
2025-06-20,0.36,6000,0.145427024716221,0.145934128839459,6142.22201456255,290.299656524233
2025-06-20,0.36,6010,0.144462976484977,0.144967372205753,6142.22201456255,283.089745582601
2025-06-20,0.36,6020,0.143528110227974,0.144029935643964,6142.22201456255,275.981292638635
2025-06-20,0.36,6025,0.142990727789201,0.143562843612356,6142.22201456255,272.401701676243
2025-06-20,0.36,6030,0.14254970100263,0.143084779873223,6142.22201456255,268.898204003123
2025-06-20,0.36,6040,0.141633939082016,0.142166580506808,6142.22201456255,261.941937607779
2025-06-20,0.36,6050,0.140779033125367,0.14123868447168,6142.22201456255,255.08712907435
2025-06-20,0.36,6060,0.13984243388078,0.140335481581504,6142.22201456255,248.25768502397
2025-06-20,0.36,6070,0.138929407574709,0.139420654912481,6142.22201456255,241.504334185827
2025-06-20,0.36,6075,0.138420048341167,0.138945488605189,6142.22201456255,238.102294298191
2025-06-20,0.36,6080,0.138038734902178,0.138528346168121,6142.22201456255,234.852441247419
2025-06-20,0.36,6090,0.137134375862336,0.137622521750416,6142.22201456255,228.251277026697
2025-06-20,0.36,6100,0.136250259555211,0.136737113960815,6142.22201456255,221.751570814156
2025-06-20,0.36,6110,0.135315878168024,0.135836316211187,6142.22201456255,215.277228987404
2025-06-20,0.36,6120,0.134469077482638,0.134953891273169,6142.22201456255,208.95507384851
2025-06-20,0.36,6125,0.133974262160771,0.134493283866025,6142.22201456255,205.755949525356
2025-06-20,0.36,6130,0.133604701867154,0.134088777147987,6142.22201456255,202.70901191863
2025-06-20,0.36,6140,0.132756421979585,0.133239954037423,6142.22201456255,196.564407825724
2025-06-20,0.36,6150,0.131865427855247,0.132417645535038,6142.22201456255,190.486997355146
2025-06-20,0.36,6160,0.130981792197882,0.131602865174959,6142.22201456255,184.500987839951
2025-06-20,0.36,6170,0.130145881001699,0.130767058170489,6142.22201456255,178.616436091441
2025-06-20,0.36,6175,0.129741223962378,0.130328041003411,6142.22201456255,175.699524758173
2025-06-20,0.36,6180,0.129322272285689,0.129943838718211,6142.22201456255,172.833342273585
2025-06-20,0.36,6190,0.128510093371495,0.129132343744033,6142.22201456255,167.151706121427
2025-06-20,0.36,6200,0.127708507232953,0.128331746117092,6142.22201456255,161.57152767064
2025-06-20,0.36,6210,0.126916711331938,0.127541254213201,6142.22201456255,156.092807228391
2025-06-20,0.36,6220,0.12613393659973,0.126760110023094,6142.22201456255,150.715544318652
2025-06-20,0.36,6225,0.12578925382383,0.12638152521373,6142.22201456255,148.103006335349
2025-06-20,0.36,6230,0.125394347004269,0.125987590171067,6142.22201456255,145.46510381932
2025-06-20,0.36,6240,0.124662598562809,0.125223003877704,6142.22201456255,140.316121157522
2025-06-20,0.36,6250,0.123938080240431,0.124465693396435,6142.22201456255,135.268596100599
2025-06-20,0.36,6260,0.123184867432971,0.123785711210612,6142.22201456255,130.347893460394
2025-06-20,0.36,6270,0.122472924002618,0.12304149046813,6142.22201456255,125.503284028827
2025-06-20,0.36,6275,0.122110164692102,0.122716032663995,6142.22201456255,123.144390426763
2025-06-20,0.36,6280,0.121766563851099,0.122338553945707,6142.22201456255,120.785496825014
2025-06-20,0.36,6290,0.121065314768766,0.121641105969151,6142.22201456255,116.16916754848
2025-06-20,0.36,6300,0.120441256320761,0.12091248706258,6142.22201456255,111.679660350474
2025-06-20,0.36,6310,0.119749533649733,0.120334079427837,6142.22201456255,107.342339976809
2025-06-20,0.36,6320,0.119098637686549,0.119688187431743,6142.22201456255,103.081112858349
2025-06-20,0.36,6325,0.118784084214572,0.11933929449573,6142.22201456255,100.975863787403
2025-06-20,0.36,6330,0.118452072809895,0.119047069919036,6142.22201456255,98.9213434706364
2025-06-20,0.36,6340,0.117884794479919,0.118410556777825,6142.22201456255,94.9137608886479
2025-06-20,0.36,6350,0.117323112088944,0.117816462032948,6142.22201456255,91.0330004985681
2025-06-20,0.36,6360,0.116690328749126,0.117265997713422,6142.22201456255,87.2283334650912
2025-06-20,0.36,6370,0.116139285263375,0.116683000259098,6142.22201456255,83.5504885961617
2025-06-20,0.36,6375,0.115836680951068,0.116383810262661,6142.22201456255,81.7242483694446
2025-06-20,0.36,6380,0.115554923421478,0.116144865486307,6142.22201456255,79.9741015527251
2025-06-20,0.36,6390,0.115055635859504,0.115573755346013,6142.22201456255,76.524536701129
2025-06-20,0.36,6400,0.114523759574415,0.115089574272757,6142.22201456255,73.2017942215195
2025-06-20,0.36,6410,0.113834888496694,0.11440942968756,6142.22201456255,69.7522293180748
2025-06-20,0.36,6420,0.113399026766914,0.11398239660475,6142.22201456255,66.7084956985683
2025-06-20,0.36,6425,0.113321837878816,0.113867585486059,6142.22201456255,65.3641800356623
2025-06-20,0.36,6430,0.112889550099417,0.113482498153374,6142.22201456255,63.6647621142278
2025-06-20,0.36,6440,0.112475720114812,0.113078637831411,6142.22201456255,60.8239440393032
2025-06-20,0.36,6450,0.11225081851873,0.11282007023393,6142.22201456255,58.2621348751794
2025-06-20,0.36,6460,0.111600508561172,0.112225438959938,6142.22201456255,55.3452235188322
2025-06-20,0.36,6470,0.111229883649438,0.111866646064956,6142.22201456255,52.8087787178056
2025-06-20,0.36,6475,0.111246718178088,0.111843142975632,6142.22201456255,51.7688364814002
2025-06-20,0.36,6480,0.110877534342519,0.111526776917094,6142.22201456255,50.3737918291865
2025-06-20,0.36,6490,0.110450674427499,0.111113446208701,6142.22201456255,47.9388049633441
2025-06-20,0.36,6500,0.110332946377401,0.110912359403966,6142.22201456255,45.8589203110797
2025-06-20,0.36,6525,0.109490065686939,0.110102450879586,6142.22201456255,40.5323863570429
2025-06-20,0.36,6550,0.108750886892044,0.109346703565051,6142.22201456255,35.7385059271861
2025-06-20,0.36,6600,0.107461925243815,0.108079711816356,6142.22201456255,27.5965184044948
2025-06-20,0.36,6650,0.106495884709857,0.107139490017992,6142.22201456255,21.1793133145417
2025-06-20,0.36,6700,0.105737216243859,0.106409167082148,6142.22201456255,16.1317883111446
2025-06-20,0.36,6750,0.10525288281205,0.105951517351774,6142.22201456255,12.2510279036615
2025-06-20,0.36,6800,0.104995404279904,0.105832783618814,6142.22201456255,9.30875207262352
2025-06-20,0.36,6850,0.104934595027587,0.105945799758762,6142.22201456255,7.07668071209727
2025-06-20,0.36,6900,0.105086241409295,0.106312547458203,6142.22201456255,5.40262722083034
2025-06-20,0.36,6950,0.105578498213427,0.106853747300898,6142.22201456255,4.1597693311973
2025-06-20,0.36,7000,0.106510461799899,0.108036505433814,6142.22201456255,3.29737811528335
2025-06-20,0.36,7050,0.107874945850895,0.109236063898379,6142.22201456255,2.65058471934469
2025-06-20,0.36,7100,0.109273149308819,0.110704216375538,6142.22201456255,2.15597799251691
2025-06-20,0.36,7200,0.112441717236575,0.114389449616914,6142.22201456255,1.49650237690063
2025-06-20,0.36,7300,0.115995160621129,0.11886632843802,6142.22201456255,1.10335344314243
2025-06-20,0.36,7400,0.120379040771356,0.123587726437647,6142.22201456255,0.862391199685661
2025-06-20,0.36,7500,0.125004057652929,0.127990844510845,6142.22201456255,0.684840069659217
2025-06-20,0.36,7600,0.128552265403903,0.133423174146159,6142.22201456255,0.558017834348055
2025-06-20,0.36,7700,0.132350280062834,0.138279731644098,6142.22201456255,0.456560045217824
2025-06-20,0.36,7800,0.137144670760284,0.143913323289206,6142.22201456255,0.405831154374467
2025-06-20,0.36,7900,0.141386856438109,0.149981961320284,6142.22201456255,0.367784482624935
2025-06-20,0.36,8000,0.144939880290947,0.15413034142353,6142.22201456255,0.304373364894291
2025-06-20,0.36,8100,0.147554004532439,0.158646549560405,6142.22201456255,0.253644470450701
2025-06-20,0.36,8200,0.153485548679113,0.161459396648002,6142.22201456255,0.215597799645985
2025-06-20,0.36,8300,0.154380584452387,0.167547014887631,6142.22201456255,0.190233353037764
2025-06-20,0.36,8400,0.159977858155064,0.17061118548379,6142.22201456255,0.164868905956479
2025-06-20,0.36,8500,0.157445044777178,0.179437760260024,6142.22201456255,0.164868905533273
2025-06-20,0.36,8600,0.16265183253214,0.182157435072393,6142.22201456255,0.139504459054283
2025-06-20,0.36,8700,0.16778407737375,0.187801953605127,6142.22201456255,0.139504458395495
2025-06-20,0.36,8800,NA,0.187213054767101,6142.22201456255,NA
2025-06-20,0.36,8900,NA,0.198847477320455,6142.22201456255,NA
2025-06-20,0.36,9000,NA,0.202326691676468,6142.22201456255,NA
2025-06-20,0.36,9200,NA,0.208127154208035,6142.22201456255,NA
2025-06-20,0.36,9600,NA,0.230634721835864,6142.22201456255,NA
2025-06-20,0.36,10000,NA,0.246798287869058,6142.22201456255,NA
2025-06-20,0.36,10400,NA,0.264763931215421,6142.22201456255,NA
2025-06-20,0.36,10800,NA,0.281928748178735,6142.22201456255,NA
2025-06-20,0.36,12000,NA,0.329269217933261,6142.22201456255,NA
2025-06-30,0.384,1200,0.84767161186449,0.880590246979654,6147.40659880563,4947.86511409021
2025-06-30,0.384,1400,0.798628528738091,0.820982677851975,6147.40659880563,4748.06889866099
2025-06-30,0.384,1600,0.748456364109845,0.768793336048019,6147.40659880563,4548.29815630276
2025-06-30,0.384,1800,0.709919043312898,0.721658675922314,6147.40659880563,4348.62930623218
2025-06-30,0.384,2000,0.669285152710101,0.680332864014845,6147.40659880563,4149.01140230056
2025-06-30,0.384,2200,0.632460366635312,0.640946710357551,6147.40659880563,3949.46991758671
2025-06-30,0.384,2400,0.597986998930879,0.60458957758174,6147.40659880563,3750.03032515572
2025-06-30,0.384,2600,0.565089577015658,0.571313220447036,6147.40659880563,3550.71809808394
2025-06-30,0.384,2800,0.532474364175957,0.537510307935046,6147.40659880563,3351.43134408281
2025-06-30,0.384,2900,0.516831085137045,0.521368806388835,6147.40659880563,3251.83891322348
2025-06-30,0.384,3000,0.501058547546965,0.50517351601629,6147.40659880563,3152.24648236827
2025-06-30,0.384,3100,0.486495892423229,0.490198711217601,6147.40659880563,3052.75594379457
2025-06-30,0.384,3200,0.471697448833552,0.475051727575854,6147.40659880563,2953.26540521961
2025-06-30,0.384,3300,0.457775958807286,0.459801899437385,6147.40659880563,2853.82581278995
2025-06-30,0.384,3400,0.442645195748886,0.445413730071826,6147.40659880563,2754.38622035674
2025-06-30,0.384,3500,0.429181970999009,0.431682535586519,6147.40659880563,2655.09946636103
2025-06-30,0.384,3600,0.415420468657779,0.417692571377628,6147.40659880563,2555.81271235278
2025-06-30,0.384,3650,0.40808611551753,0.410979466710553,6147.40659880563,2506.16933534956
2025-06-30,0.384,3700,0.401436932902959,0.403511546779113,6147.40659880563,2456.52595835266
2025-06-30,0.384,3750,0.394713925075495,0.396692694508228,6147.40659880563,2406.93352750606
2025-06-30,0.384,3800,0.38792602123584,0.390437546616939,6147.40659880563,2357.39204278093
2025-06-30,0.384,3850,0.381686793721887,0.383482271887019,6147.40659880563,2307.85055807267
2025-06-30,0.384,3900,0.374764924659603,0.376483538735385,6147.40659880563,2258.25812720313
2025-06-30,0.384,3950,0.368351816601627,0.369989200140374,6147.40659880563,2208.76758863335
2025-06-30,0.384,3975,0.364843074517866,0.366975133534576,6147.40659880563,2184.02231935015
2025-06-30,0.384,4000,0.361851836956678,0.363413842447658,6147.40659880563,2159.27705005911
2025-06-30,0.384,4025,0.358315397776106,0.360350510041816,6147.40659880563,2134.53178078171
2025-06-30,0.384,4050,0.355273805204019,0.356765626662335,6147.40659880563,2109.78651149168
2025-06-30,0.384,4075,0.351712770667367,0.353657473921032,6147.40659880563,2085.0412422003
2025-06-30,0.384,4100,0.348625336215371,0.350522565446315,6147.40659880563,2060.34691906437
2025-06-30,0.384,4125,0.345510648063421,0.346902501502097,6147.40659880563,2035.60164978037
2025-06-30,0.384,4150,0.342370034510338,0.343728756148422,6147.40659880563,2010.90732663673
2025-06-30,0.384,4175,0.339204726939189,0.340531524440127,6147.40659880563,1986.21300348073
2025-06-30,0.384,4200,0.336015867529801,0.337311877834729,6147.40659880563,1961.51868032678
2025-06-30,0.384,4225,0.332804516680237,0.334070810664596,6147.40659880563,1936.82435719704
2025-06-30,0.384,4250,0.329571657954446,0.331218464731418,6147.40659880563,1912.18098019527
2025-06-30,0.384,4275,0.326723081112831,0.327928163047859,6147.40659880563,1887.53760320174
2025-06-30,0.384,4300,0.323440857925011,0.324619308836538,6147.40659880563,1862.84328004658
2025-06-30,0.384,4325,0.320525622543234,0.321673999302597,6147.40659880563,1838.25084919756
2025-06-30,0.384,4350,0.317198375147622,0.318693785981347,6147.40659880563,1813.60747219562
2025-06-30,0.384,4375,0.314221894683666,0.315317543887872,6147.40659880563,1788.96409517771
2025-06-30,0.384,4400,0.311212048860879,0.312280854001544,6147.40659880563,1764.37166434861
2025-06-30,0.384,4425,0.308170247759847,0.309213222814425,6147.40659880563,1739.77923346781
2025-06-30,0.384,4450,0.305097794795617,0.306453086256244,6147.40659880563,1715.23774877123
2025-06-30,0.384,4475,0.302328303975289,0.30331931355851,6147.40659880563,1690.69626404343
2025-06-30,0.384,4500,0.299190300890279,0.300158318738478,6147.40659880563,1666.10383318525
2025-06-30,0.384,4525,0.296341457603096,0.297284489085253,6147.40659880563,1641.6132946119
2025-06-30,0.384,4550,0.293451213243975,0.294370287034976,6147.40659880563,1617.12275604512
2025-06-30,0.384,4575,0.29052126791317,0.291417342256634,6147.40659880563,1592.6322174502
2025-06-30,0.384,4600,0.287553185213973,0.288427154761648,6147.40659880563,1568.14167889291
2025-06-30,0.384,4625,0.284548403166648,0.285683880235238,6147.40659880563,1543.70208647591
2025-06-30,0.384,4650,0.281786345464618,0.282616485225702,6147.40659880563,1519.26249405115
2025-06-30,0.384,4675,0.278976225696973,0.279784771143454,6147.40659880563,1494.8738477449
2025-06-30,0.384,4700,0.27611996515308,0.276907814138127,6147.40659880563,1470.48520146659
2025-06-30,0.384,4725,0.27347589452524,0.274242162437927,6147.40659880563,1446.19844747219
2025-06-30,0.384,4750,0.270526086266706,0.271521391138745,6147.40659880563,1421.86074732177
2025-06-30,0.384,4775,0.267778738950262,0.268747726683611,6147.40659880563,1397.57399330798
2025-06-30,0.384,4800,0.265216062277464,0.265923199792294,6147.40659880563,1373.33818546954
2025-06-30,0.384,4825,0.262360589574261,0.26327847069029,6147.40659880563,1349.10237761007
2025-06-30,0.384,4850,0.259681396298307,0.260574551527576,6147.40659880563,1324.91751589034
2025-06-30,0.384,4875,0.25716215287241,0.25781371720506,6147.40659880563,1300.78360031232
2025-06-30,0.384,4900,0.254363391311157,0.255208860932858,6147.40659880563,1276.64968472101
2025-06-30,0.384,4925,0.251717433154393,0.252539970849443,6147.40659880563,1252.56671527472
2025-06-30,0.384,4950,0.249209442433504,0.250008829923174,6147.40659880563,1228.58563814915
2025-06-30,0.384,4975,0.246630213830248,0.247407575541029,6147.40659880563,1204.604560999
2025-06-30,0.384,5000,0.243982511917483,0.244738879725683,6147.40659880563,1180.62348385403
2025-06-30,0.384,5025,0.241453287915007,0.242188599538429,6147.40659880563,1156.74429901826
2025-06-30,0.384,5040,0.239791429946594,0.240695514682834,6147.40659880563,1142.40659884999
2025-06-30,0.384,5050,0.238850447083064,0.239565714898451,6147.40659880563,1132.86511416279
2025-06-30,0.384,5060,0.237718353334765,0.238602634806127,6147.40659880563,1123.323629428
2025-06-30,0.384,5070,0.236752054940869,0.237626164477968,6147.40659880563,1113.83309088632
2025-06-30,0.384,5075,0.23617666115329,0.237046308782142,6147.40659880563,1109.03687543084
2025-06-30,0.384,5080,0.235772368784964,0.236464115757691,6147.40659880563,1104.29160611753
2025-06-30,0.384,5090,0.234779508489164,0.235463438464069,6147.40659880563,1094.80106759849
2025-06-30,0.384,5100,0.233773677489244,0.234449948791165,6147.40659880563,1085.31052900417
2025-06-30,0.384,5110,0.23275507078087,0.233423835913877,6147.40659880563,1075.81999044321
2025-06-30,0.384,5120,0.231723874046478,0.232550159441775,6147.40659880563,1066.38039799985
2025-06-30,0.384,5125,0.231121176500355,0.231943403948572,6147.40659880563,1061.58418255199
2025-06-30,0.384,5130,0.230680265255992,0.231497543743358,6147.40659880563,1056.88985942009
2025-06-30,0.384,5140,0.229624413793705,0.230432856794703,6147.40659880563,1047.39932088452
2025-06-30,0.384,5150,0.2288769113033,0.229515691196346,6147.40659880563,1038.06162070201
2025-06-30,0.384,5160,0.22763521282054,0.228425635311796,6147.40659880563,1028.52013601207
2025-06-30,0.384,5170,0.226698638750766,0.227479916964012,6147.40659880563,1019.13148972122
2025-06-30,0.384,5175,0.226224689420145,0.22700147021847,6147.40659880563,1014.43716653022
2025-06-30,0.384,5180,0.225747005049442,0.226519337036244,6147.40659880563,1009.74284339638
2025-06-30,0.384,5190,0.224627372251672,0.225544122392849,6147.40659880563,1000.30325098314
2025-06-30,0.384,5200,0.22364803912523,0.224403781201075,6147.40659880563,990.863658548296
2025-06-30,0.384,5210,0.22265427937555,0.223550640682782,6147.40659880563,981.525958410303
2025-06-30,0.384,5220,0.221646296147368,0.222532774375854,6147.40659880563,972.137312081498
2025-06-30,0.384,5225,0.221137031501275,0.222018642841713,6147.40659880563,967.44298895366
2025-06-30,0.384,5230,0.220770750772794,0.221501075600386,6147.40659880563,962.799611970607
2025-06-30,0.384,5240,0.219733297879007,0.220455720871111,6147.40659880563,953.410965707147
2025-06-30,0.384,5250,0.218968450524284,0.219539437409855,6147.40659880563,944.175157806828
2025-06-30,0.384,5260,0.217759291724685,0.218606687146846,6147.40659880563,934.786511544981
2025-06-30,0.384,5270,0.2168199420226,0.217518379383873,6147.40659880563,925.448811417054
2025-06-30,0.384,5275,0.216274571164443,0.217107959786121,6147.40659880563,920.805434387257
2025-06-30,0.384,5280,0.215725938640007,0.216554981477721,6147.40659880563,916.111111273975
2025-06-30,0.384,5290,0.214755976510414,0.215575786012397,6147.40659880563,906.824357221906
2025-06-30,0.384,5300,0.213770234138429,0.214581004863787,6147.40659880563,897.537603258946
2025-06-30,0.384,5310,0.212768919179882,0.213704133664215,6147.40659880563,888.301795423396
2025-06-30,0.384,5320,0.211884684420167,0.212677337283469,6147.40659880563,879.065987504845
2025-06-30,0.384,5325,0.211567342510193,0.212223849691889,6147.40659880563,874.524502835276
2025-06-30,0.384,5330,0.210851378240143,0.211635552721076,6147.40659880563,869.779233501469
2025-06-30,0.384,5340,0.209932627647179,0.210707935937202,6147.40659880563,860.594371817443
2025-06-30,0.384,5350,0.208868146026047,0.209762872862161,6147.40659880563,851.358563969872
2025-06-30,0.384,5360,0.207915772359834,0.208800597927307,6147.40659880563,842.173702211218
2025-06-30,0.384,5370,0.206946193964246,0.20782133261279,6147.40659880563,832.988840520122
2025-06-30,0.384,5375,0.206455021277799,0.207325394028586,6147.40659880563,828.396409650601
2025-06-30,0.384,5380,0.205959627517301,0.206825285156517,6147.40659880563,823.803978762698
2025-06-30,0.384,5390,0.204956277182371,0.205812652154862,6147.40659880563,814.619117099461
2025-06-30,0.384,5400,0.204178790325119,0.204904360605449,6147.40659880563,805.587093844505
2025-06-30,0.384,5410,0.203019965290622,0.203857836047709,6147.40659880563,796.351285961772
2025-06-30,0.384,5420,0.202084773216238,0.202913444398037,6147.40659880563,787.268316524125
2025-06-30,0.384,5425,0.201551197849526,0.20237558523852,6147.40659880563,782.675885610778
2025-06-30,0.384,5430,0.201130997472992,0.20195067382495,6147.40659880563,778.185347045234
2025-06-30,0.384,5440,0.200158862742456,0.200969740860948,6147.40659880563,769.102377677607
2025-06-30,0.384,5450,0.199283375575542,0.19997084806869,6147.40659880563,760.070354338393
2025-06-30,0.384,5460,0.198387454609265,0.19906735224846,6147.40659880563,751.089277224272
2025-06-30,0.384,5470,0.197246737687039,0.198031924835753,6147.40659880563,741.955361639264
2025-06-30,0.384,5475,0.197005835969126,0.197563363497265,6147.40659880563,737.566715301615
2025-06-30,0.384,5480,0.196313156218632,0.19708988681285,6147.40659880563,732.974284516881
2025-06-30,0.384,5490,0.195359832312354,0.196128297564241,6147.40659880563,723.993207365646
2025-06-30,0.384,5500,0.19438698482901,0.19514736794718,6147.40659880563,715.012130227858
2025-06-30,0.384,5505,0.193893303683416,0.194649712382498,6147.40659880563,710.521591625386
2025-06-30,0.384,5510,0.193394816622299,0.194147294121482,6147.40659880563,706.031053032255
2025-06-30,0.384,5515,0.192891546637684,0.193640135428561,6147.40659880563,701.540514430599
2025-06-30,0.384,5520,0.192490050419869,0.193234460191731,6147.40659880563,697.151868189675
2025-06-30,0.384,5525,0.191976733792981,0.192717343623219,6147.40659880563,692.661329593417
2025-06-30,0.384,5530,0.19145870380075,0.192195553852651,6147.40659880563,688.17079103386
2025-06-30,0.384,5535,0.191040847301202,0.191773663853239,6147.40659880563,683.782144804339
2025-06-30,0.384,5540,0.190512919387271,0.191242059834484,6147.40659880563,679.291606142955
2025-06-30,0.384,5545,0.190084111698399,0.190809313378716,6147.40659880563,674.902959878908
2025-06-30,0.384,5550,0.189546379286064,0.190267985333648,6147.40659880563,670.412421288582
2025-06-30,0.384,5555,0.189106734785921,0.18982449301608,6147.40659880563,666.023775007123
2025-06-30,0.384,5560,0.188661438903979,0.189273523308539,6147.40659880563,661.584182668247
2025-06-30,0.384,5565,0.188108907484896,0.188819387138096,6147.40659880563,657.144590179767
2025-06-30,0.384,5570,0.187652936026905,0.188359701012705,6147.40659880563,652.755943920061
2025-06-30,0.384,5575,0.187291954378354,0.187794164401463,6147.40659880563,648.367297648531
2025-06-30,0.384,5580,0.186724323018914,0.187323977759562,6147.40659880563,643.927705189454
2025-06-30,0.384,5585,0.186251736620673,0.186848316978191,6147.40659880563,639.539058885019
2025-06-30,0.384,5590,0.18567461653939,0.186367207232162,6147.40659880563,635.099466424536
2025-06-30,0.384,5595,0.185290133402226,0.185880672386618,6147.40659880563,630.761766293992
2025-06-30,0.384,5600,0.184899178737322,0.185388735433583,6147.40659880563,626.424066170972
2025-06-30,0.384,5605,0.184306782346471,0.184891418055411,6147.40659880563,621.984473716507
2025-06-30,0.384,5610,0.183807006858779,0.184388741206861,6147.40659880563,617.595827511126
2025-06-30,0.384,5615,0.183301858658466,0.183977090226043,6147.40659880563,613.258127325844
2025-06-30,0.384,5620,0.182791356954059,0.183463281453382,6147.40659880563,608.869481003308
2025-06-30,0.384,5625,0.182371134022056,0.182944174037347,6147.40659880563,604.53178090848
2025-06-30,0.384,5630,0.181849514799934,0.182514724609013,6147.40659880563,600.194080771747
2025-06-30,0.384,5635,0.181417259762344,0.181984613325722,6147.40659880563,595.856380574306
2025-06-30,0.384,5640,0.180884607714654,0.181543262176961,6147.40659880563,591.51868051538
2025-06-30,0.384,5645,0.180440423453517,0.181002224442601,6147.40659880563,587.180980329158
2025-06-30,0.384,5650,0.17999007485557,0.180549066015343,6147.40659880563,582.894226314082
2025-06-30,0.384,5655,0.179440792879157,0.180089806115549,6147.40659880563,578.556526149874
2025-06-30,0.384,5660,0.178978655483646,0.179624470354589,6147.40659880563,574.269772158729
2025-06-30,0.384,5665,0.178510426801939,0.179153082597605,6147.40659880563,569.983018175928
2025-06-30,0.384,5670,0.178036130117101,0.178675665836624,6147.40659880563,565.696264133561
2025-06-30,0.384,5675,0.177646782856753,0.178192241608478,6147.40659880563,561.460456295347
2025-06-30,0.384,5680,0.17706942077712,0.177702829994812,6147.40659880563,557.1227562013
2025-06-30,0.384,5685,0.176577048430781,0.177207449767596,6147.40659880563,552.836002164149
2025-06-30,0.384,5690,0.176078689135479,0.176706118534647,6147.40659880563,548.549248152018
2025-06-30,0.384,5695,0.175574359625917,0.17619885273963,6147.40659880563,544.262494165964
2025-06-30,0.384,5700,0.175152939507848,0.175685666934459,6147.40659880563,540.026686284951
2025-06-30,0.384,5705,0.174636304171173,0.175254880185115,6147.40659880563,535.790878373157
2025-06-30,0.384,5710,0.174113746787077,0.17472949201695,6147.40659880563,531.504124465283
2025-06-30,0.384,5715,0.17367290291808,0.17428570997075,6147.40659880563,527.319262772802
2025-06-30,0.384,5720,0.17322534610507,0.173835254125188,6147.40659880563,523.134400988811
2025-06-30,0.384,5725,0.17268430327754,0.173291484123225,6147.40659880563,518.847646973546
2025-06-30,0.384,5730,0.172223797151726,0.172828151724435,6147.40659880563,514.662785248086
2025-06-30,0.384,5735,0.171756640800652,0.172358206207769,6147.40659880563,510.477923567264
2025-06-30,0.384,5740,0.171282853869405,0.17188166619968,6147.40659880563,506.293061854983
2025-06-30,0.384,5745,0.170802453965801,0.171398549307984,6147.40659880563,502.108200092433
2025-06-30,0.384,5750,0.170485088190687,0.170908871103231,6147.40659880563,498.025230721942
2025-06-30,0.384,5755,0.169821880143067,0.170412645846297,6147.40659880563,493.738476731644
2025-06-30,0.384,5760,0.169321734163613,0.169909886051831,6147.40659880563,489.553615020413
2025-06-30,0.384,5765,0.168898730942687,0.169484194364566,6147.40659880563,485.470645531908
2025-06-30,0.384,5770,0.168468435757039,0.168968035166557,6147.40659880563,481.33672994564
2025-06-30,0.384,5775,0.167947928155722,0.16852823161398,6147.40659880563,477.202814371899
2025-06-30,0.384,5780,0.167420898822557,0.167998723653094,6147.40659880563,473.017952668311
2025-06-30,0.384,5785,0.166969591253396,0.167544872118114,6147.40659880563,468.934983202816
2025-06-30,0.384,5790,0.166511064915649,0.167083837757777,6147.40659880563,464.852013824073
2025-06-30,0.384,5795,0.166045336107459,0.166534203479496,6147.40659880563,460.718098168139
2025-06-30,0.384,5800,0.165653580359621,0.16605919578808,6147.40659880563,456.686074946958
2025-06-30,0.384,5805,0.165092327250146,0.165577041942134,6147.40659880563,452.55215934708
2025-06-30,0.384,5810,0.164605070629606,0.165168157862477,6147.40659880563,448.520136101844
2025-06-30,0.384,5815,0.16411065854131,0.164671408008999,6147.40659880563,444.437166653839
2025-06-30,0.384,5820,0.163609097970177,0.164167542268975,6147.40659880563,440.354197235976
2025-06-30,0.384,5825,0.163179879771776,0.163735975100418,6147.40659880563,436.373120085099
2025-06-30,0.384,5830,0.162663715189558,0.163217570832927,6147.40659880563,432.290150660913
2025-06-30,0.384,5835,0.162219254150994,0.162770830091323,6147.40659880563,428.309073551396
2025-06-30,0.384,5840,0.161767024863523,0.162237909706316,6147.40659880563,424.277050175282
2025-06-30,0.384,5845,0.161228841050778,0.161776028715551,6147.40659880563,420.245026989513
2025-06-30,0.384,5850,0.160839306798319,0.161306429679987,6147.40659880563,416.314895924307
2025-06-30,0.384,5855,0.160286256021381,0.160829119875582,6147.40659880563,412.282872628466
2025-06-30,0.384,5860,0.159803352460762,0.160344103958949,6147.40659880563,408.301795580072
2025-06-30,0.384,5865,0.159389690841816,0.159851384549432,6147.40659880563,404.37166451552
2025-06-30,0.384,5870,0.158891023045912,0.159427590722951,6147.40659880563,400.441533565249
2025-06-30,0.384,5875,0.158461011477092,0.158919176781823,6147.40659880563,396.511402521661
2025-06-30,0.384,5880,0.157946592833664,0.158479110421657,6147.40659880563,392.581271480229
2025-06-30,0.384,5885,0.157500254598035,0.157955004568261,6147.40659880563,388.651140478069
2025-06-30,0.384,5890,0.156970080159431,0.157498678043539,6147.40659880563,384.721009527906
2025-06-30,0.384,5895,0.156507419622567,0.15703408210195,6147.40659880563,380.841824638132
2025-06-30,0.384,5900,0.156111442218603,0.15656121732557,6147.40659880563,377.01358588221
2025-06-30,0.384,5905,0.155557191636254,0.156080081968171,6147.40659880563,373.083454840318
2025-06-30,0.384,5910,0.155144072512708,0.155590671664177,6147.40659880563,369.255216185147
2025-06-30,0.384,5915,0.154647927145789,0.155167134824519,6147.40659880563,365.426977439505
2025-06-30,0.384,5920,0.15421739883846,0.154660898577504,6147.40659880563,361.598738729497
2025-06-30,0.384,5925,0.15370435549654,0.154220013090031,6147.40659880563,357.770500040555
2025-06-30,0.384,5930,0.153256408110125,0.153770322093133,6147.40659880563,353.993207452239
2025-06-30,0.384,5935,0.152726427066474,0.153238664086772,6147.40659880563,350.114022568664
2025-06-30,0.384,5940,0.15226102858676,0.152771587189155,6147.40659880563,346.336729954606
2025-06-30,0.384,5945,0.151859482601395,0.152368365405233,6147.40659880563,342.661329773347
2025-06-30,0.384,5950,0.151376116289872,0.151883387614617,6147.40659880563,338.884037231383
2025-06-30,0.384,5955,0.150883865452026,0.151389557457411,6147.40659880563,335.106744610568
2025-06-30,0.384,5960,0.15045474416938,0.150958862676172,6147.40659880563,331.431344289001
2025-06-30,0.384,5965,0.149944450702881,0.150447054937374,6147.40659880563,327.654051740451
2025-06-30,0.384,5970,0.149496813417779,0.149997911383527,6147.40659880563,323.978651482393
2025-06-30,0.384,5975,0.148968399615399,0.149539412694418,6147.40659880563,320.252304945827
2025-06-30,0.384,5980,0.148573356153354,0.149071542571903,6147.40659880563,316.62785094317
2025-06-30,0.384,5985,0.148097499939761,0.148594280643299,6147.40659880563,312.952450634229
2025-06-30,0.384,5990,0.147612195604168,0.148107603625542,6147.40659880563,309.277050314933
2025-06-30,0.384,5995,0.147188005092478,0.147682056147757,6147.40659880563,305.70354234198
2025-06-30,0.384,6000,0.146753932957233,0.147246661825495,6147.40659880563,302.130034282188
2025-06-30,0.384,6005,0.1462397452527,0.146731201992532,6147.40659880563,298.454634012788
2025-06-30,0.384,6010,0.145715990682537,0.146276230542155,6147.40659880563,294.830179771024
2025-06-30,0.384,6015,0.145322354681733,0.145811337887015,6147.40659880563,291.307617984369
2025-06-30,0.384,6020,0.144918385656963,0.145406171676179,6147.40659880563,287.836002280184
2025-06-30,0.384,6025,0.144434540150872,0.144921175986708,6147.40659880563,284.262494208041
2025-06-30,0.384,6030,0.144010004176714,0.144495513839831,6147.40659880563,280.79087853543
2025-06-30,0.384,6035,0.143505851181884,0.143990279928737,6147.40659880563,277.2173705638
2025-06-30,0.384,6040,0.143060616563506,0.143543989859948,6147.40659880563,273.745754768202
2025-06-30,0.384,6045,0.142604899618512,0.143087253407773,6147.40659880563,270.274139071137
2025-06-30,0.384,6050,0.142138659747059,0.142688792573956,6147.40659880563,266.853469487873
2025-06-30,0.384,6055,0.141730485946385,0.142210901275018,6147.40659880563,263.432799875018
2025-06-30,0.384,6060,0.141242929119833,0.141790930091149,6147.40659880563,260.012130374116
2025-06-30,0.384,6065,0.140813082133175,0.141291705393449,6147.40659880563,256.591460750025
2025-06-30,0.384,6070,0.14037226722249,0.140850047344795,6147.40659880563,253.221737367536
2025-06-30,0.384,6075,0.139920435638862,0.140397410167141,6147.40659880563,249.85201394891
2025-06-30,0.384,6080,0.139525564762532,0.140001767893784,6147.40659880563,246.584182787624
2025-06-30,0.384,6085,0.139051429312915,0.139526902811137,6147.40659880563,243.214459346553
2025-06-30,0.384,6090,0.138633932973268,0.139108712781692,6147.40659880563,239.946628169931
2025-06-30,0.384,6095,0.138204992134371,0.138679117397647,6147.40659880563,236.678797132156
2025-06-30,0.384,6100,0.137764548152005,0.138238058305825,6147.40659880563,233.410965964365
2025-06-30,0.384,6105,0.137312536852225,0.137785471914354,6147.40659880563,230.143134754781
2025-06-30,0.384,6110,0.136848888531355,0.137388773754029,6147.40659880563,226.926249664072
2025-06-30,0.384,6115,0.136440942613673,0.13698026234892,6147.40659880563,223.760310948796
2025-06-30,0.384,6120,0.136021071692499,0.136559873379565,6147.40659880563,220.594372049128
2025-06-30,0.384,6125,0.135589205336564,0.136127536996768,6147.40659880563,217.42843322896
2025-06-30,0.384,6130,0.135145266566238,0.135683176657457,6147.40659880563,214.262494275003
2025-06-30,0.384,6135,0.134756364157938,0.135226709706753,6147.40659880563,211.147501585407
2025-06-30,0.384,6140,0.134355135113286,0.134825198500465,6147.40659880563,208.083454997413
2025-06-30,0.384,6145,0.133874383344373,0.134411326897383,6147.40659880563,204.968462361747
2025-06-30,0.384,6150,0.133612817615796,0.134015360552874,6147.40659880563,202.052402059937
2025-06-30,0.384,6155,0.133044732964198,0.133581288417629,6147.40659880563,198.893741285915
2025-06-30,0.384,6160,0.132598141234206,0.133201636807359,6147.40659880563,195.88791880169
2025-06-30,0.384,6165,0.132205803409759,0.132742182785015,6147.40659880563,192.882096388387
2025-06-30,0.384,6170,0.131800556726832,0.132336929844765,6147.40659880563,189.92722000746
2025-06-30,0.384,6175,0.131382300340653,0.131918722789579,6147.40659880563,186.972343865356
2025-06-30,0.384,6180,0.130950924820819,0.131554518764919,6147.40659880563,184.068413634147
2025-06-30,0.384,6185,0.130573399681921,0.131110090759202,6147.40659880563,181.164483557578
2025-06-30,0.384,6190,0.130182567398624,0.130719479665016,6147.40659880563,178.311499508854
2025-06-30,0.384,6195,0.129778315339103,0.13031550831194,6147.40659880563,175.458515545937
2025-06-30,0.384,6200,0.129494907476808,0.129898056355635,6147.40659880563,172.707423882986
2025-06-30,0.384,6205,0.128996299634794,0.129534234900827,6147.40659880563,169.85443982614
2025-06-30,0.384,6210,0.128551079859369,0.129156780338718,6147.40659880563,167.052401998335
2025-06-30,0.384,6220,0.127820945807385,0.128360464612833,6147.40659880563,161.60116471916
2025-06-30,0.384,6225,0.127536195967467,0.127941325507476,6147.40659880563,158.951965346677
2025-06-30,0.384,6230,0.127034704081374,0.127575605900846,6147.40659880563,156.200873657578
2025-06-30,0.384,6240,0.126258989356359,0.126801546310668,6147.40659880563,150.902474820481
2025-06-30,0.384,6250,0.125629302518582,0.126037663602406,6147.40659880563,145.80786046332
2025-06-30,0.384,6260,0.124804994292007,0.125351702762212,6147.40659880563,140.713246142799
2025-06-30,0.384,6270,0.124057525416526,0.124606764464789,6147.40659880563,135.72052415856
2025-06-30,0.384,6275,0.123695520331777,0.12424613948368,6147.40659880563,133.275109347923
2025-06-30,0.384,6280,0.123318304712116,0.123870389969478,6147.40659880563,130.829694502985
2025-06-30,0.384,6290,0.122656262272906,0.123211494381936,6147.40659880563,126.142649352152
2025-06-30,0.384,6300,0.122072258262605,0.122491291575538,6147.40659880563,121.557496617218
2025-06-30,0.384,6310,0.121286110396447,0.121918984394698,6147.40659880563,117.023289819787
2025-06-30,0.384,6320,0.120576421348801,0.121143229651915,6147.40659880563,112.489083079357
2025-06-30,0.384,6325,0.120268420604251,0.120837460443565,6147.40659880563,110.349345183287
2025-06-30,0.384,6330,0.1199444556811,0.120515834886306,6147.40659880563,108.209607164262
2025-06-30,0.384,6340,0.119463856125219,0.119896066779468,6147.40659880563,104.133915786016
2025-06-30,0.384,6350,0.118847619913726,0.119283851116633,6147.40659880563,100.058224327843
2025-06-30,0.384,6360,0.118091665816476,0.118679169998946,6147.40659880563,95.9825329411703
2025-06-30,0.384,6370,0.117488323620509,0.118082066500076,6147.40659880563,92.1106260700449
2025-06-30,0.384,6375,0.117385337388132,0.117758418081081,6147.40659880563,90.3275109799699
2025-06-30,0.384,6380,0.116967302045546,0.117492648449715,6147.40659880563,88.3915576563539
2025-06-30,0.384,6390,0.116531427801119,0.116986984092969,6147.40659880563,84.8762737855026
2025-06-30,0.384,6400,0.115953192024496,0.116414498796686,6147.40659880563,81.3100437921771
2025-06-30,0.384,6410,0.115305105017509,0.115928376934495,6147.40659880563,77.8457061218794
2025-06-30,0.384,6420,0.114821490595831,0.115374437763132,6147.40659880563,74.5342068525148
2025-06-30,0.384,6425,0.114554004857102,0.115190423410863,6147.40659880563,72.9548763517795
2025-06-30,0.384,6430,0.114349164094796,0.114910106229843,6147.40659880563,71.3755459558091
2025-06-30,0.384,6440,0.113888955555648,0.114458383349022,6147.40659880563,68.3187774802037
2025-06-30,0.384,6450,0.113441823513043,0.113937696904667,6147.40659880563,65.3129549333736
2025-06-30,0.384,6475,0.1123995910427,0.112830638562364,6147.40659880563,58.3333333594579
2025-06-30,0.384,6500,0.111356088626714,0.111807703532324,6147.40659880563,51.9141194449381
2025-06-30,0.384,6525,0.110418337743556,0.111177720854111,6147.40659880563,46.2590976351566
2025-06-30,0.384,6550,0.109619000312474,0.110320636330233,6147.40659880563,41.0116449170312
2025-06-30,0.384,6575,0.108894612375256,0.109638130114714,6147.40659880563,36.3245997819525
2025-06-30,0.384,6600,0.108280765588243,0.108846089450485,6147.40659880563,32.0451237636219
2025-06-30,0.384,6625,0.107581604996784,0.108426593823205,6147.40659880563,28.2751092639214
2025-06-30,0.384,6650,0.107064928478188,0.107970156267369,6147.40659880563,24.9126638014176
2025-06-30,0.384,6675,0.106661951166442,0.107496120934929,6147.40659880563,21.9068413709136
2025-06-30,0.384,6700,0.106279859491026,0.106880793345023,6147.40659880563,19.1557496597383
2025-06-30,0.384,6725,0.105792773418932,0.10676773849698,6147.40659880563,16.8122270929172
2025-06-30,0.384,6750,0.105563803252872,0.106445526497537,6147.40659880563,14.7234352263735
2025-06-30,0.384,6775,0.105312996191781,0.106272217552744,6147.40659880563,12.8893741219777
2025-06-30,0.384,6800,0.105282395696844,0.106117948624873,6147.40659880563,11.3100436874425
2025-06-30,0.384,6850,0.105047213463691,0.106292224980991,6147.40659880563,8.71179039450251
2025-06-30,0.384,6900,0.105247189957294,0.10644078140902,6147.40659880563,6.72489085223371
2025-06-30,0.384,6950,0.105432811714119,0.106870609623708,6147.40659880563,5.1965065673684
2025-06-30,0.384,7000,0.105940124366304,0.107664841951889,6147.40659880563,4.0756914189342
2025-06-30,0.384,7100,0.108168549221556,0.10969038051257,6147.40659880563,2.62372634424111
2025-06-30,0.384,7200,0.110961575581979,0.1130333559092,6147.40659880563,1.80858806477379
2025-06-30,0.384,7300,0.114649752675805,0.11733105888985,6147.40659880563,1.35007278241417
2025-06-30,0.384,7400,0.118507618634474,0.12189667165204,6147.40659880563,1.04439592637485
2025-06-30,0.384,7500,0.122599798222475,0.12676508197597,6147.40659880563,0.840611354798146
2025-06-30,0.384,7600,0.126585707210833,0.131644623059859,6147.40659880563,0.68777292713192
2025-06-30,0.384,7800,0.134299668160088,0.141494220177624,6147.40659880563,0.483988356785643
2025-06-30,0.384,8000,0.142680737361281,0.150515642915976,6147.40659880563,0.356622999111972
2025-07-18,0.436,200,NA,1.47086284357445,6160.80808080809,NA
2025-07-18,0.436,400,NA,1.21730943430208,6160.80808080809,NA
2025-07-18,0.436,600,0.985129396157499,1.06285597301236,6160.80808080809,5560.90909090905
2025-07-18,0.436,800,0.903273949534213,0.966589801700432,6160.80808080809,5360.98484848487
2025-07-18,0.436,1000,0.873082320486311,0.893799609639358,6160.80808080809,5161.16161616175
2025-07-18,0.436,1200,0.804660633312873,0.833027244244287,6160.80808080809,4961.31313131342
2025-07-18,0.436,1400,0.760965906103215,0.783871011391359,6160.80808080809,4761.590909091
2025-07-18,0.436,1600,0.718385172533137,0.734676312587793,6160.80808080809,4561.8939393934
2025-07-18,0.436,1800,0.677685351276977,0.689789655464089,6160.80808080809,4362.24747474722
2025-07-18,0.436,2000,0.642766305120753,0.649979250759138,6160.80808080809,4162.7272727284
2025-07-18,0.436,2200,0.605005318523853,0.613446649388794,6160.80808080809,3963.23232323369
2025-07-18,0.436,2300,0.588312391213078,0.595773597036351,6160.80808080809,3863.53535353624
2025-07-18,0.436,2400,0.57371963079608,0.579172826131601,6160.80808080809,3763.91414141673
2025-07-18,0.436,2500,0.555563113470128,0.563390842747828,6160.80808080809,3664.24242424246
2025-07-18,0.436,2600,0.54221690081612,0.545701398390475,6160.80808080809,3564.64646464768
2025-07-18,0.436,2700,0.525044564732687,0.531308175581316,6160.80808080809,3465.05050505169
2025-07-18,0.436,2800,0.510986501344026,0.515204414718288,6160.80808080809,3365.50505050519
2025-07-18,0.436,2900,0.495300811184739,0.49914147459682,6160.80808080809,3265.90909090989
2025-07-18,0.436,3000,0.480830186447442,0.48430095763672,6160.80808080809,3166.41414141481
2025-07-18,0.436,3100,0.467280723846501,0.470401755905895,6160.80808080809,3067.02020201657
2025-07-18,0.436,3200,0.452498289691881,0.456285447021341,6160.80808080809,2967.57575757697
2025-07-18,0.436,3300,0.439453678286663,0.442027547565059,6160.80808080809,2868.23232323714
2025-07-18,0.436,3350,0.432402609899506,0.435669888561425,6160.80808080809,2818.58585857981
2025-07-18,0.436,3400,0.426119564677052,0.428455674432589,6160.80808080809,2768.93939393775
2025-07-18,0.436,3450,0.418993510707282,0.421967198949743,6160.80808080809,2719.29292929821
2025-07-18,0.436,3500,0.412577249394794,0.415409098955373,6160.80808080809,2669.69696970461
2025-07-18,0.436,3550,0.406090324418516,0.408790955721503,6160.80808080809,2620.10101010387
2025-07-18,0.436,3600,0.399542199179958,0.402121018728876,6160.80808080809,2570.50505051487
2025-07-18,0.436,3650,0.392941025079954,0.39540640706546,6160.80808080809,2520.90909090476
2025-07-18,0.436,3700,0.386889055685694,0.389234400232155,6160.80808080809,2471.41414141736
2025-07-18,0.436,3750,0.380176695494603,0.382423986907949,6160.80808080809,2421.81818181494
2025-07-18,0.436,3800,0.373974481068071,0.376117963192715,6160.80808080809,2372.32323232458
2025-07-18,0.436,3850,0.367696763301781,0.369743812794591,6160.80808080809,2322.82828282279
2025-07-18,0.436,3875,0.36478460317625,0.366780926584323,6160.80808080809,2298.13131312694
2025-07-18,0.436,3900,0.361351801717299,0.363308982510677,6160.80808080809,2273.33333333821
2025-07-18,0.436,3925,0.358397710975633,0.360307618708238,6160.80808080809,2248.63636363744
2025-07-18,0.436,3950,0.355418346322079,0.357282799110201,6160.80808080809,2223.93939394853
2025-07-18,0.436,3975,0.351954642998027,0.354235742730504,6160.80808080809,2199.19191919044
2025-07-18,0.436,4000,0.348939416750104,0.350725870690526,6160.80808080809,2174.44444445683
2025-07-18,0.436,4025,0.345902235154561,0.347647677723334,6160.80808080809,2149.74747474365
2025-07-18,0.436,4050,0.342844187276734,0.344550065516308,6160.80808080809,2125.05050505132
2025-07-18,0.436,4075,0.339766285347846,0.341846640827673,6160.80808080809,2100.40404040765
2025-07-18,0.436,4100,0.337079629995283,0.33870388159469,6160.80808080809,2075.75757576846
2025-07-18,0.436,4125,0.333955742704601,0.335544597206774,6160.80808080809,2051.06060606825
2025-07-18,0.436,4150,0.330814927025416,0.332369521080451,6160.80808080809,2026.36363635285
2025-07-18,0.436,4175,0.328040404589359,0.329556194652767,6160.80808080809,2001.76767677041
2025-07-18,0.436,4200,0.325232753845171,0.32634364588954,6160.80808080809,1977.12121212909
2025-07-18,0.436,4225,0.322029687546465,0.323477508087667,6160.80808080809,1952.47474748169
2025-07-18,0.436,4250,0.319169151940916,0.320582309092448,6160.80808080809,1927.87878788573
2025-07-18,0.436,4275,0.316279537388685,0.317659334129038,6160.80808080809,1903.28282829203
2025-07-18,0.436,4300,0.313362115145088,0.314709774271697,6160.80808080809,1878.6868686949
2025-07-18,0.436,4325,0.31041806333318,0.31173473430183,6160.80808080809,1854.09090909715
2025-07-18,0.436,4350,0.307448473928681,0.308735239256345,6160.80808080809,1829.4949495114
2025-07-18,0.436,4375,0.304770232639021,0.306024398620672,6160.80808080809,1805.0000000015
2025-07-18,0.436,4400,0.301745485218483,0.303276325600215,6160.80808080809,1780.45454546339
2025-07-18,0.436,4425,0.298999408720796,0.300195634214697,6160.80808080809,1755.90909091144
2025-07-18,0.436,4450,0.296217718011298,0.297674786876704,6160.80808080809,1731.46464647942
2025-07-18,0.436,4475,0.293401878758891,0.294824175240783,6160.80808080809,1706.9696969813
2025-07-18,0.436,4500,0.290832421330154,0.291942058853912,6160.80808080809,1682.52525253459
2025-07-18,0.436,4525,0.287945714541625,0.289029607690075,6160.80808080809,1658.03030304145
2025-07-18,0.436,4550,0.285294562660797,0.286351098499656,6160.80808080809,1633.63636363734
2025-07-18,0.436,4575,0.282601610694513,0.283631908993659,6160.80808080809,1609.24242425068
2025-07-18,0.436,4600,0.279868533422699,0.281123527262808,6160.80808080809,1584.89898991537
2025-07-18,0.436,4625,0.277342887736178,0.278321667889842,6160.80808080809,1560.55555558873
2025-07-18,0.436,4650,0.274528189644964,0.275721439272201,6160.80808080809,1536.21212121256
2025-07-18,0.436,4675,0.271911861079353,0.273074905296152,6160.80808080809,1511.91919190691
2025-07-18,0.436,4700,0.269477468124922,0.270383855701746,6160.80808080809,1487.67676768182
2025-07-18,0.436,4725,0.266765734292692,0.267869956757755,6160.80808080809,1463.43434341628
2025-07-18,0.436,4750,0.264228071198018,0.265303756193165,6160.80808080809,1439.24242424953
2025-07-18,0.436,4775,0.261638915860271,0.262687288802283,6160.80808080809,1415.05050505752
2025-07-18,0.436,4800,0.259205338686207,0.260022414028838,6160.80808080809,1390.90909090623
2025-07-18,0.436,4825,0.256513809606195,0.257509290701928,6160.80808080809,1366.76767678828
2025-07-18,0.436,4850,0.254165815301491,0.25494116899349,6160.80808080809,1342.72727275043
2025-07-18,0.436,4875,0.251564224188028,0.252508315922728,6160.80808080809,1318.68686871111
2025-07-18,0.436,4900,0.249095331698493,0.25001475982863,6160.80808080809,1294.69696967105
2025-07-18,0.436,4925,0.246566900920916,0.24764120290204,6160.80808080809,1270.75757578494
2025-07-18,0.436,4950,0.244156180585621,0.245028339292964,6160.80808080809,1246.81818182105
2025-07-18,0.436,4975,0.241681061622597,0.242699878024071,6160.80808080809,1222.97979797427
2025-07-18,0.436,5000,0.239475626028541,0.240136775853271,6160.80808080809,1199.19191918046
2025-07-18,0.436,5025,0.23687011724846,0.237836019539223,6160.80808080809,1175.40404043855
2025-07-18,0.436,5050,0.234521628033119,0.235305560806741,6160.80808080809,1151.6666666805
2025-07-18,0.436,5075,0.23210118556326,0.23301690863026,6160.80808080809,1128.03030307228
2025-07-18,0.436,5100,0.22976039329244,0.230651855406372,6160.80808080809,1104.44444448415
2025-07-18,0.436,5125,0.227344762849908,0.22821311099273,6160.80808080809,1080.85858585741
2025-07-18,0.436,5150,0.224998179353385,0.225984180021866,6160.80808080809,1057.42424242583
2025-07-18,0.436,5175,0.222574327369788,0.223534987769647,6160.80808080809,1033.93939391597
2025-07-18,0.436,5200,0.220343795251691,0.221278738633844,6160.80808080809,1010.65656564178
2025-07-18,0.436,5225,0.218026966347274,0.218937475899605,6160.80808080809,987.37373738677
2025-07-18,0.436,5250,0.215753748368642,0.216513967195688,6160.80808080809,964.141414198437
2025-07-18,0.436,5275,0.213393185865793,0.214257045324844,6160.80808080809,941.010101013963
2025-07-18,0.436,5300,0.21106851304251,0.212030073332808,6160.80808080809,917.979798032352
2025-07-18,0.436,5325,0.208772942740012,0.209709774669723,6160.80808080809,894.999999995934
2025-07-18,0.436,5350,0.206500032388868,0.207298945195063,6160.80808080809,872.070707108736
2025-07-18,0.436,5370,0.204635649158901,0.205529944385208,6160.80808080809,853.838383850099
2025-07-18,0.436,5375,0.204243668147415,0.204911101489141,6160.80808080809,849.24242429075
2025-07-18,0.436,5380,0.20373621666996,0.204510878418389,6160.80808080809,844.696969703377
2025-07-18,0.436,5390,0.20282075437328,0.203696823762322,6160.80808080809,835.656565690997
2025-07-18,0.436,5400,0.201998047730495,0.202756680980858,6160.80808080809,826.616161658479
2025-07-18,0.436,5410,0.201049977065614,0.201801041864867,6160.80808080809,817.525252583559
2025-07-18,0.436,5420,0.200086417196645,0.2008300625564,6160.80808080809,808.434343479112
2025-07-18,0.436,5425,0.199651816972397,0.200391626447297,6160.80808080809,803.939393911809
2025-07-18,0.436,5430,0.199107519609026,0.199948883116806,6160.80808080809,799.393939397358
2025-07-18,0.436,5440,0.198217750028354,0.199050573017087,6160.80808080809,790.40404047883
2025-07-18,0.436,5450,0.1974140819473,0.198135321432139,6160.80808080809,781.464646474294
2025-07-18,0.436,5460,0.196387029889403,0.197203306186368,6160.80808080809,772.424242422206
2025-07-18,0.436,5470,0.195547621867992,0.196254693171607,6160.80808080809,763.484848502505
2025-07-18,0.436,5475,0.195070592187955,0.195774211195202,6160.80808080809,758.989898950663
2025-07-18,0.436,5480,0.194589435730278,0.195389497410181,6160.80808080809,754.545454588175
2025-07-18,0.436,5490,0.193714003569604,0.194407186234288,6160.80808080809,745.606060577353
2025-07-18,0.436,5500,0.192820339750898,0.193506655803343,6160.80808080809,736.717171667565
2025-07-18,0.436,5510,0.191908630975232,0.192588226953225,6160.80808080809,727.828282890967
2025-07-18,0.436,5520,0.190979050555917,0.191652067613035,6160.80808080809,718.939393955606
2025-07-18,0.436,5525,0.190555508623089,0.191225163023636,6160.80808080809,714.545454517301
2025-07-18,0.436,5530,0.190031759437135,0.190793419485866,6160.80808080809,710.101010180567
2025-07-18,0.436,5540,0.189161330806993,0.18982135853354,6160.80808080809,701.262626340011
2025-07-18,0.436,5550,0.188271669347051,0.188925294958493,6160.80808080809,692.474747490712
2025-07-18,0.436,5560,0.187362956519693,0.188010319423378,6160.80808080809,683.686868744176
2025-07-18,0.436,5570,0.186435359380904,0.18707659389101,6160.80808080809,674.898989993754
2025-07-18,0.436,5575,0.185964527507082,0.186602746714834,6160.80808080809,670.505050484037
2025-07-18,0.436,5580,0.185489031162353,0.186124266790925,6160.80808080809,666.111111108288
2025-07-18,0.436,5590,0.184524111853463,0.185243272597213,6160.80808080809,657.373737368603
2025-07-18,0.436,5600,0.183719035001496,0.184342273303559,6160.80808080809,648.737373831965
2025-07-18,0.436,5610,0.182715685103123,0.183421431163819,6160.80808080809,640.000000025215
2025-07-18,0.436,5620,0.181781635354084,0.182480893734414,6160.80808080809,631.313131297163
2025-07-18,0.436,5625,0.181350763184998,0.182046735160793,6160.80808080809,627.020202015973
2025-07-18,0.436,5630,0.180914579275815,0.181520794019848,6160.80808080809,622.676767638286
2025-07-18,0.436,5640,0.180026362238979,0.180626987446854,6160.80808080809,614.090909111194
2025-07-18,0.436,5650,0.179117145333277,0.179712308043213,6160.80808080809,605.505050551114
2025-07-18,0.436,5660,0.178187073204746,0.17877689594387,6160.80808080809,596.919191868863
2025-07-18,0.436,5670,0.177236274637837,0.177904312029564,6160.80808080809,588.383838362455
2025-07-18,0.436,5675,0.176753138683132,0.177418243281864,6160.80808080809,584.090909094668
2025-07-18,0.436,5680,0.176347703261865,0.176927065938804,6160.80808080809,579.848484890973
2025-07-18,0.436,5690,0.175437164314664,0.176011410829247,6160.80808080809,571.36363632694
2025-07-18,0.436,5700,0.174586160454084,0.175074036258617,6160.80808080809,562.929292901365
2025-07-18,0.436,5710,0.173550687057325,0.174195609313789,6160.80808080809,554.444444468184
2025-07-18,0.436,5720,0.172654944497529,0.173214425329249,6160.80808080809,546.01010104506
2025-07-18,0.436,5725,0.172198476964748,0.172755560513953,6160.80808080809,541.818181901021
2025-07-18,0.436,5730,0.17173629765972,0.172291012739203,6160.80808080809,537.626262679278
2025-07-18,0.436,5740,0.170794854664631,0.171423440941059,6160.80808080809,529.292929367069
2025-07-18,0.436,5750,0.169986633434821,0.170454100469285,6160.80808080809,521.010101028711
2025-07-18,0.436,5760,0.16899857468897,0.169539477527075,6160.80808080809,512.676767664291
2025-07-18,0.436,5770,0.168064649649844,0.168601141947963,6160.80808080809,504.393939408633
2025-07-18,0.436,5775,0.167626963400933,0.168161249919742,6160.80808080809,500.303030365897
2025-07-18,0.436,5780,0.167030904875096,0.167715148589293,6160.80808080809,496.111111153586
2025-07-18,0.436,5790,0.166201074924287,0.166804364005763,6160.80808080809,487.97979802563
2025-07-18,0.436,5800,0.165270333698694,0.16586886619564,6160.80808080809,479.797979826795
2025-07-18,0.436,5810,0.164389084846465,0.164908711183796,6160.80808080809,471.666666667886
2025-07-18,0.436,5820,0.163481952648138,0.163997564694135,6160.80808080809,463.585858542252
2025-07-18,0.436,5825,0.162981994533911,0.163569017921102,6160.80808080809,459.545454547982
2025-07-18,0.436,5830,0.162548997203125,0.16306070249644,6160.80808080809,455.505050527977
2025-07-18,0.436,5840,0.161517664408325,0.162170682622826,6160.80808080809,447.424242517238
2025-07-18,0.436,5850,0.160677786796609,0.161253927388478,6160.80808080809,439.494949547423
2025-07-18,0.436,5860,0.159810013017881,0.160310464878593,6160.80808080809,431.56565659228
2025-07-18,0.436,5870,0.158843387205893,0.159411258089857,6160.80808080809,423.636363596479
2025-07-18,0.436,5875,0.158420774558371,0.158915906820952,6160.80808080809,419.696969776456
2025-07-18,0.436,5880,0.15792044624342,0.158484336159935,6160.80808080809,415.75757581056
2025-07-18,0.436,5890,0.157039687354176,0.157529691376311,6160.80808080809,407.92929299822
2025-07-18,0.436,5900,0.156199651999699,0.156616798947861,6160.80808080809,400.202020254716
2025-07-18,0.436,5910,0.15519169234562,0.155744221872955,6160.80808080809,392.424242414303
2025-07-18,0.436,5920,0.154293027179169,0.154773368729593,6160.80808080809,384.696969802685
2025-07-18,0.436,5925,0.153798301351581,0.154345514773244,6160.80808080809,380.858585834073
2025-07-18,0.436,5930,0.153364528258194,0.153910006363966,6160.80808080809,377.070707047857
2025-07-18,0.436,5940,0.152473906517366,0.152948257335328,6160.80808080809,369.444444566648
2025-07-18,0.436,5950,0.151619832348191,0.152091307562186,6160.80808080809,361.969697006327
2025-07-18,0.436,5960,0.15053313097114,0.151135813965347,6160.80808080809,354.292929326296
2025-07-18,0.436,5970,0.149749896398411,0.150215965721417,6160.80808080809,346.919191973208
2025-07-18,0.436,5975,0.149312541933168,0.149777310314952,6160.80808080809,343.232323240552
2025-07-18,0.436,5980,0.148800780760498,0.149330499578636,6160.80808080809,339.494949521278
2025-07-18,0.436,5990,0.147885445356519,0.148412344595562,6160.80808080809,332.121212174235
2025-07-18,0.436,6000,0.147068201066153,0.147526856042831,6160.80808080809,324.898989945209
2025-07-18,0.436,6010,0.146086074117507,0.146607671366236,6160.80808080809,317.575757668103
2025-07-18,0.436,6020,0.145135455412269,0.14571947324689,6160.80808080809,310.353535439044
2025-07-18,0.436,6025,0.144679686807977,0.145262364847762,6160.80808080809,306.767676833535
2025-07-18,0.436,6030,0.144344375028926,0.144796545090102,6160.80808080809,303.282828294211
2025-07-18,0.436,6040,0.143452732907803,0.14390295097507,6160.80808080809,296.212121253537
2025-07-18,0.436,6050,0.142589232007943,0.143037605328917,6160.80808080809,289.242424281758
2025-07-18,0.436,6060,0.141689016334925,0.142135661179408,6160.80808080809,282.272727253812
2025-07-18,0.436,6070,0.140751775205357,0.141260382250401,6160.80808080809,275.353535338971
2025-07-18,0.436,6075,0.140269157298834,0.140840358679636,6160.80808080809,271.919191951758
2025-07-18,0.436,6080,0.139777140164746,0.140410760530728,6160.80808080809,268.484848560315
2025-07-18,0.436,6090,0.138954182646942,0.139522666603095,6160.80808080809,261.767676759174
2025-07-18,0.436,6100,0.1381548143658,0.138658696695008,6160.80808080809,255.151515180951
2025-07-18,0.436,6110,0.137252497978299,0.137817913663126,6160.80808080809,248.535353631361
2025-07-18,0.436,6120,0.136372609439106,0.13693673975326,6160.80808080809,241.96969705417
2025-07-18,0.436,6125,0.135979922805251,0.136543473662141,6160.80808080809,238.787878870887
2025-07-18,0.436,6130,0.135514230376849,0.136139802806114,6160.80808080809,235.555555615813
2025-07-18,0.436,6140,0.134676480255139,0.135301009312082,6160.80808080809,229.191919178613
2025-07-18,0.436,6150,0.133920885299157,0.134419834674621,6160.80808080809,222.92929298037
2025-07-18,0.436,6160,0.132997231001799,0.133807198024879,6160.80808080809,216.818181844941
2025-07-18,0.436,6170,0.132216508671715,0.132901400091659,6160.80808080809,210.656565688437
2025-07-18,0.436,6175,0.131933897526779,0.132494146699623,6160.80808080809,207.727272760418
2025-07-18,0.436,6180,0.131577738237415,0.132137920762487,6160.80808080809,204.797979949179
2025-07-18,0.436,6190,0.130706774969907,0.131453710226657,6160.80808080809,198.888888912873
2025-07-18,0.436,6200,0.130163232996456,0.130661390747732,6160.80808080809,193.232323333399
2025-07-18,0.436,6210,0.129261581485962,0.129884771475666,6160.80808080809,187.373737457146
2025-07-18,0.436,6220,0.128499284499902,0.129247994508232,6160.80808080809,181.81818180425
2025-07-18,0.436,6225,0.128162524805286,0.128786914309362,6160.80808080809,178.989899048562
2025-07-18,0.436,6230,0.127751190765181,0.128438600685094,6160.80808080809,176.212121222821
2025-07-18,0.436,6240,0.127079345864835,0.127768127011719,6160.80808080809,170.858585939549
2025-07-18,0.436,6250,0.126483668744695,0.127111341306366,6160.80808080809,165.656565621363
2025-07-18,0.436,6260,0.125712472389358,0.126341951280267,6160.80808080809,160.303030321768
2025-07-18,0.436,6270,0.124953065995739,0.125647793200705,6160.80808080809,155.101010161958
2025-07-18,0.436,6275,0.124743730874415,0.125313166525824,6160.80808080809,152.676767773602
2025-07-18,0.436,6280,0.12433174461747,0.124965688181489,6160.80808080809,150.101010166685
2025-07-18,0.436,6290,0.12365863006252,0.12429525991009,6160.80808080809,145.151515202401
2025-07-18,0.436,6300,0.123124485570404,0.123700121356334,6160.80808080809,140.454545485609
2025-07-18,0.436,6310,0.122345166481506,0.123052407751491,6160.80808080809,135.606060540258
2025-07-18,0.436,6320,0.12170424600173,0.122480159360388,6160.80808080809,131.010101003035
2025-07-18,0.436,6325,0.121428182054493,0.12207675145747,6160.80808080809,128.686868638146
2025-07-18,0.436,6330,0.121073556100437,0.121854283523691,6160.80808080809,126.464646534458
2025-07-18,0.436,6340,0.120518442443996,0.121238895252298,6160.80808080809,122.070707182028
2025-07-18,0.436,6350,0.119974203142767,0.120567935253917,6160.80808080809,117.72727280046
2025-07-18,0.436,6360,0.11937436446591,0.119972717101184,6160.80808080809,113.484848441367
2025-07-18,0.436,6370,0.118851481700989,0.119387753101035,6160.80808080809,109.39393942519
2025-07-18,0.436,6375,0.118568936912786,0.119107538947575,6160.80808080809,107.373737415286
2025-07-18,0.436,6380,0.118204388153255,0.118880678227146,6160.80808080809,105.353535386325
2025-07-18,0.436,6390,0.117770965469987,0.118385255653856,6160.80808080809,101.565656678132
2025-07-18,0.436,6400,0.117212462381451,0.117832888380377,6160.80808080809,97.7272728241078
2025-07-18,0.436,6410,0.116664413097777,0.117221772405776,6160.80808080809,93.9393939954073
2025-07-18,0.436,6420,0.116056600407933,0.116690679886841,6160.80808080809,90.2525252794595
2025-07-18,0.436,6425,0.115835993518592,0.11647366921231,6160.80808080809,88.5353535204648
2025-07-18,0.436,6430,0.115600892194089,0.116313501811121,6160.80808080809,86.8686869878635
2025-07-18,0.436,6440,0.115086223839795,0.115735541065695,6160.80808080809,83.3838383607534
2025-07-18,0.436,6450,0.114656775139056,0.115241337797383,6160.80808080809,80.1010101759637
2025-07-18,0.436,6460,0.114241997679251,0.114834308068283,6160.80808080809,76.9696969732099
2025-07-18,0.436,6475,0.113620955406715,0.114150234465975,6160.80808080809,72.3737374748246
2025-07-18,0.436,6500,0.112592197136758,0.113141906939479,6160.80808080809,65.2020201900229
2025-07-18,0.436,6525,0.111578312088317,0.112233212447533,6160.80808080809,58.5858585617462
2025-07-18,0.436,6550,0.110761726272115,0.111275588741344,6160.80808080809,52.5252525678089
2025-07-18,0.436,6600,0.109229339458352,0.109797506764829,6160.80808080809,42.0202020380062
2025-07-18,0.436,6650,0.108016067996472,0.108652377410869,6160.80808080809,33.4343434006192
2025-07-18,0.436,6700,0.106934555104795,0.107537064494653,6160.80808080809,26.3131312752898
2025-07-18,0.436,6750,0.10610702130069,0.106799020603627,6160.80808080809,20.6565656798958
2025-07-18,0.436,6800,0.105409253473037,0.106213432762873,6160.80808080809,16.1111111101497
2025-07-18,0.436,6850,0.10517218036402,0.105923936088208,6160.80808080809,12.6262626297533
2025-07-18,0.436,6900,0.105038089849401,0.105922300889494,6160.80808080809,9.89898989830448
2025-07-18,0.436,6950,0.105078963996489,0.106123866743277,6160.80808080809,7.77777778850435
2025-07-18,0.436,7000,0.105367665408987,0.10629849074465,6160.80808080809,6.111111119771
2025-07-18,0.436,7100,0.106382248658321,0.108109379970085,6160.80808080809,3.9393939282196
2025-07-18,0.436,7200,0.108364923243025,0.110148543634514,6160.80808080809,2.62626262979445
2025-07-18,0.436,7400,0.11420210753267,0.117228035986647,6160.80808080809,1.4141414114732
2025-07-18,0.436,7600,0.121440371902841,0.126005161463186,6160.80808080809,0.909090910660764
2025-07-18,0.436,7800,0.129202390843175,0.135529152783839,6160.80808080809,0.656565655911646
2025-07-18,0.436,8000,0.136827096892782,0.14518254337268,6160.80808080809,0.505050506276289
2025-07-18,0.436,8200,0.144044598444786,0.154752256374422,6160.80808080809,0.40404040221736
2025-07-18,0.436,8400,0.152087254708275,0.163219775593604,6160.80808080809,0.328282829263093
2025-07-18,0.436,8600,0.153953546421925,0.170376226913575,6160.80808080809,0.227272726637945
2025-07-18,0.436,8800,0.163614481887773,0.180882406882995,6160.80808080809,0.227272728312693
2025-07-18,0.436,9000,0.164774365283064,0.188594424860528,6160.80808080809,0.176767676703679
2025-07-18,0.436,9200,NA,0.198409709289781,6160.80808080809,NA
2025-07-18,0.436,9400,NA,0.204882014393387,6160.80808080809,NA
2025-07-18,0.436,9600,NA,0.214072427941207,6160.80808080809,NA
2025-07-18,0.436,10000,NA,0.227770621884198,6160.80808080809,NA
2025-07-18,0.436,10400,NA,0.244393342024763,6160.80808080809,NA
2025-07-18,0.436,10800,NA,0.254798688281107,6160.80808080809,NA
2025-07-18,0.436,11000,NA,0.262345050311584,6160.80808080809,NA
2025-07-18,0.436,12000,NA,0.297817962734077,6160.80808080809,NA
2025-07-31,0.472,1400,0.746622503667588,0.765897983821133,6168.82200696072,4769.76801213644
2025-07-31,0.472,1600,0.701573935532212,0.715811963184097,6168.82200696072,4570.07482462543
2025-07-31,0.472,1800,0.662174052579458,0.672766790687596,6168.82200696072,4370.48390794641
2025-07-31,0.472,2000,0.626134327342758,0.634154684833428,6168.82200696072,4170.99526209448
2025-07-31,0.472,2200,0.592319528098813,0.598514885080813,6168.82200696072,3971.60888707382
2025-07-31,0.472,2400,0.56012071438435,0.565945108559143,6168.82200696072,3772.3503505874
2025-07-31,0.472,2600,0.529176512376701,0.53384612185626,6168.82200696072,3573.16851722827
2025-07-31,0.472,2800,0.499248999717076,0.50304776918385,6168.82200696072,3374.08895469488
2025-07-31,0.472,3000,0.47122056409059,0.474316171480255,6168.82200696072,3175.21393382609
2025-07-31,0.472,3100,0.457453485018888,0.460260144341092,6168.82200696072,3075.82755880316
2025-07-31,0.472,3200,0.44353775274892,0.446934964443278,6168.82200696072,2976.49231919274
2025-07-31,0.472,3300,0.430320533655704,0.433408751728335,6168.82200696072,2877.20821500598
2025-07-31,0.472,3400,0.417637828964288,0.419746539724052,6168.82200696072,2777.9752462225
2025-07-31,0.472,3500,0.404710112220984,0.407265978306417,6168.82200696072,2678.84454828778
2025-07-31,0.472,3600,0.392193598259509,0.394522107549722,6168.82200696072,2579.76498574376
2025-07-31,0.472,3700,0.379984978522564,0.381579345144706,6168.82200696072,2480.73655862712
2025-07-31,0.472,3800,0.36751120091677,0.368969698634732,6168.82200696072,2381.75926693913
2025-07-31,0.472,3900,0.355277841323227,0.357052279310688,6168.82200696072,2282.93538147591
2025-07-31,0.472,4000,0.343216727074994,0.34483979443954,6168.82200696072,2184.16263143338
2025-07-31,0.472,4100,0.331644225249242,0.333124113846032,6168.82200696072,2085.59442306191
2025-07-31,0.472,4200,0.320074781945033,0.321425868484236,6168.82200696072,1987.12848549418
2025-07-31,0.472,4300,0.308787356940735,0.31001895581225,6168.82200696072,1888.86708960425
2025-07-31,0.472,4350,0.303140954371536,0.304317278520653,6168.82200696072,1839.7875270635
2025-07-31,0.472,4400,0.297673776246191,0.298795705336184,6168.82200696072,1790.81023535871
2025-07-31,0.472,4450,0.292354992003981,0.293423839199681,6168.82200696072,1741.9352144926
2025-07-31,0.472,4500,0.287156223518463,0.288173637551866,6168.82200696072,1693.16246446419
2025-07-31,0.472,4550,0.281808322203554,0.282778234711115,6168.82200696072,1644.38971439462
2025-07-31,0.472,4600,0.276786305500453,0.277708510572573,6168.82200696072,1595.82150606172
2025-07-31,0.472,4650,0.271592974483578,0.272471266823191,6168.82200696072,1547.25329764023
2025-07-31,0.472,4700,0.266660532822261,0.267495343748133,6168.82200696072,1498.88963092669
2025-07-31,0.472,4750,0.261740123848607,0.262533702650275,6168.82200696072,1450.62823500403
2025-07-31,0.472,4800,0.256816313510287,0.257758822869725,6168.82200696072,1402.52024539397
2025-07-31,0.472,4850,0.252054973413742,0.252950264136571,6168.82200696072,1354.56566197196
2025-07-31,0.472,4900,0.247245995003352,0.248096945603923,6168.82200696072,1306.71334941487
2025-07-31,0.472,4950,0.242541682261876,0.243350071857345,6168.82200696072,1259.06557849831
2025-07-31,0.472,5000,0.237908804290178,0.238829673641999,6168.82200696072,1211.67348465706
2025-07-31,0.472,5050,0.233317443369184,0.23419215069896,6168.82200696072,1164.43479702889
2025-07-31,0.472,5100,0.228879516387164,0.229571775441788,6168.82200696072,1117.45178654198
2025-07-31,0.472,5150,0.224286261679922,0.2250756023818,6168.82200696072,1070.67331764659
2025-07-31,0.472,5200,0.219912495110778,0.220662208182625,6168.82200696072,1024.25279672502
2025-07-31,0.472,5250,0.215463024530966,0.216175797420487,6168.82200696072,978.036817436072
2025-07-31,0.472,5275,0.213291880816183,0.213986821206707,6168.82200696072,955.082234001816
2025-07-31,0.472,5300,0.211034993869935,0.211825723406602,6168.82200696072,932.178786041972
2025-07-31,0.472,5325,0.208805295140023,0.209576729855732,6168.82200696072,909.32647349932
2025-07-31,0.472,5350,0.2067047107518,0.207349676518489,6168.82200696072,886.627567138465
2025-07-31,0.472,5375,0.204509757629878,0.205139098132073,6168.82200696072,863.979796201774
2025-07-31,0.472,5380,0.204101492006618,0.204727678817744,6168.82200696072,859.491150349551
2025-07-31,0.472,5390,0.203169308540707,0.203892788438415,6168.82200696072,850.462723192052
2025-07-31,0.472,5400,0.202325605521516,0.203041988595686,6168.82200696072,841.485431573095
2025-07-31,0.472,5410,0.201466028691117,0.202074249125625,6168.82200696072,832.457004410939
2025-07-31,0.472,5420,0.200590754709761,0.201293376183219,6168.82200696072,823.53084810715
2025-07-31,0.472,5425,0.200147283637989,0.200846551040507,6168.82200696072,819.042202362399
2025-07-31,0.472,5430,0.199699949614801,0.200395896270263,6168.82200696072,814.553556489385
2025-07-31,0.472,5440,0.19879376925725,0.199483172061953,6168.82200696072,805.576264719057
2025-07-31,0.472,5450,0.197970048345973,0.19865275756071,6168.82200696072,796.701243897736
2025-07-31,0.472,5460,0.197129390460562,0.197709067604389,6168.82200696072,787.775087572508
2025-07-31,0.472,5470,0.196176154011295,0.196846152419118,6168.82200696072,778.848931300826
2025-07-31,0.472,5475,0.195789362940376,0.196456072324319,6168.82200696072,774.462556314108
2025-07-31,0.472,5480,0.195303062089628,0.19596676752171,6168.82200696072,769.973910437052
2025-07-31,0.472,5490,0.194507566364166,0.195164866770761,6168.82200696072,761.201160433192
2025-07-31,0.472,5500,0.193600875670948,0.194252141689335,6168.82200696072,752.326139496321
2025-07-31,0.472,5510,0.192678050687239,0.19341546709968,6168.82200696072,743.502254005365
2025-07-31,0.472,5520,0.191830676365355,0.192470010977409,6168.82200696072,734.678368590865
2025-07-31,0.472,5525,0.191400398059929,0.192036772666906,6168.82200696072,730.29199353351
2025-07-31,0.472,5530,0.190965753015782,0.191599198613262,6168.82200696072,725.905618610526
2025-07-31,0.472,5540,0.190083439108877,0.190711117491314,6168.82200696072,717.132868488198
2025-07-31,0.472,5550,0.189272824816608,0.189894662787868,6168.82200696072,708.462389304201
2025-07-31,0.472,5560,0.188355364687486,0.188971674095113,6168.82200696072,699.68963928068
2025-07-31,0.472,5570,0.187508281694945,0.188118995745647,6168.82200696072,691.019160067623
2025-07-31,0.472,5575,0.187034356811541,0.187729170018326,6168.82200696072,686.683920486722
2025-07-31,0.472,5580,0.186642794458657,0.187248032623659,6168.82200696072,682.34868079883
2025-07-31,0.472,5590,0.185759051990234,0.186358929666223,6168.82200696072,673.678201661691
2025-07-31,0.472,5600,0.184857190204565,0.185536676752155,6168.82200696072,665.058857782744
2025-07-31,0.472,5610,0.184021610501011,0.184610947788243,6168.82200696072,656.439513982601
2025-07-31,0.472,5620,0.183083148029198,0.18375084461507,6168.82200696072,647.8201701798
2025-07-31,0.472,5625,0.182648839861888,0.183313625919196,6168.82200696072,643.536066037238
2025-07-31,0.472,5630,0.182209744259988,0.182871651366386,6168.82200696072,639.251961881468
2025-07-31,0.472,5640,0.181399351302349,0.181973496244564,6168.82200696072,630.734888887554
2025-07-31,0.472,5650,0.180487198984307,0.181137750212619,6168.82200696072,622.217815952687
2025-07-31,0.472,5660,0.179636902637845,0.180201328792436,6168.82200696072,613.70074295471
2025-07-31,0.472,5670,0.178766503111534,0.179326168316019,6168.82200696072,605.234805357403
2025-07-31,0.472,5675,0.17828396422191,0.178920906353582,6168.82200696072,601.001836626356
2025-07-31,0.472,5680,0.177876123223537,0.178510355934112,6168.82200696072,596.820003208454
2025-07-31,0.472,5690,0.176965871094585,0.177594901640985,6168.82200696072,588.354065729592
2025-07-31,0.472,5700,0.176113884106612,0.176737708414301,6168.82200696072,579.990399035954
2025-07-31,0.472,5710,0.175240934357157,0.175859671897358,6168.82200696072,571.626732267561
2025-07-31,0.472,5720,0.174347129239353,0.174960895408756,6168.82200696072,563.263065524942
2025-07-31,0.472,5725,0.173892435148481,0.174503757760278,6168.82200696072,559.081232204905
2025-07-31,0.472,5730,0.17343256028475,0.174041466842061,6168.82200696072,554.899398865987
2025-07-31,0.472,5740,0.172572864856241,0.173176924025072,6168.82200696072,546.638002939829
2025-07-31,0.472,5750,0.171691364837955,0.172290691141877,6168.82200696072,538.376607019011
2025-07-31,0.472,5760,0.170788145504115,0.171382849828721,6168.82200696072,530.115211063336
2025-07-31,0.472,5770,0.169937085182103,0.170527192556689,6168.82200696072,521.956086037457
2025-07-31,0.472,5775,0.16950303167331,0.170090882918958,6168.82200696072,517.87652348151
2025-07-31,0.472,5780,0.16906330932042,0.169648932522328,6168.82200696072,513.796960978474
2025-07-31,0.472,5790,0.168166892279352,0.168748140738986,6168.82200696072,505.637835902148
2025-07-31,0.472,5800,0.167247889938255,0.167824870175633,6168.82200696072,497.478710840301
2025-07-31,0.472,5810,0.166377971207223,0.16695072003869,6168.82200696072,489.421856732035
2025-07-31,0.472,5820,0.165484496854453,0.166053122255221,6168.82200696072,481.365002416664
2025-07-31,0.472,5825,0.165064366327111,0.165630939180237,6168.82200696072,477.387710657144
2025-07-31,0.472,5830,0.164638107842748,0.16520265579687,6168.82200696072,473.410418926937
2025-07-31,0.472,5840,0.163767232614328,0.164327812261167,6168.82200696072,465.455835562172
2025-07-31,0.472,5850,0.162871908858652,0.163428626718227,6168.82200696072,457.501252288493
2025-07-31,0.472,5860,0.161952152728346,0.162574204758279,6168.82200696072,449.597804140683
2025-07-31,0.472,5870,0.161076642278367,0.161694530132239,6168.82200696072,441.745491665672
2025-07-31,0.472,5875,0.160663602171721,0.161211024413368,6168.82200696072,437.819335400228
2025-07-31,0.472,5880,0.160243995658847,0.16078961098918,6168.82200696072,433.944314474936
2025-07-31,0.472,5890,0.159317310343067,0.159927175580554,6168.82200696072,426.143137343417
2025-07-31,0.472,5900,0.158432585329328,0.159038593436164,6168.82200696072,418.393095597182
2025-07-31,0.472,5910,0.157588508907992,0.158123840399833,6168.82200696072,410.694189292723
2025-07-31,0.472,5920,0.15671728545224,0.157249362699278,6168.82200696072,403.046418394231
2025-07-31,0.472,5925,0.156304646687415,0.156835120749953,6168.82200696072,399.273668312472
2025-07-31,0.472,5930,0.155818880328514,0.1564139074146,6168.82200696072,395.449782798404
2025-07-31,0.472,5940,0.154958978990405,0.155484832674339,6168.82200696072,387.853147266971
2025-07-31,0.472,5950,0.154136374502065,0.154659234857036,6168.82200696072,380.40991806889
2025-07-31,0.472,5960,0.153284894357299,0.153739882687897,6168.82200696072,372.915553402726
2025-07-31,0.472,5970,0.15240446768828,0.152921664728883,6168.82200696072,365.523459614652
2025-07-31,0.472,5975,0.151985613654942,0.152436980304879,6168.82200696072,361.80184485367
2025-07-31,0.472,5980,0.151559315880408,0.152009516339858,6168.82200696072,358.131365761652
2025-07-31,0.472,5990,0.150684334538068,0.151132273484372,6168.82200696072,350.790407216306
2025-07-31,0.472,6000,0.149843082497958,0.150288840257689,6168.82200696072,343.551719642001
2025-07-31,0.472,6010,0.149034499944094,0.14941478558131,6168.82200696072,336.364167608217
2025-07-31,0.472,6020,0.148194469391748,0.148573040667832,6168.82200696072,329.227750769571
2025-07-31,0.472,6025,0.14776261394975,0.148140359550164,6168.82200696072,325.65954247904
2025-07-31,0.472,6030,0.14732283498991,0.147699775578373,6168.82200696072,322.091333943887
2025-07-31,0.472,6040,0.146481970176265,0.146857356474663,6168.82200696072,315.057188031629
2025-07-31,0.472,6050,0.145670902737356,0.145982497804967,6168.82200696072,308.074177512168
2025-07-31,0.472,6060,0.14482661167527,0.145137049720102,6168.82200696072,301.142302450465
2025-07-31,0.472,6070,0.143886987087507,0.144320082207163,6168.82200696072,294.210427255561
2025-07-31,0.472,6075,0.143559118322057,0.143867954201023,6168.82200696072,290.846760583331
2025-07-31,0.472,6080,0.143099033474189,0.14346903934745,6168.82200696072,287.431958450494
2025-07-31,0.472,6090,0.142276236609529,0.142645113108649,6168.82200696072,280.704625005308
2025-07-31,0.472,6100,0.141540919165341,0.141847449438857,6168.82200696072,274.130697919933
2025-07-31,0.472,6110,0.140647193792033,0.141014085409916,6168.82200696072,267.454499698772
2025-07-31,0.472,6120,0.139839637584749,0.140205678061111,6168.82200696072,260.931708007408
2025-07-31,0.472,6125,0.139422082600884,0.139787733667994,6168.82200696072,257.670312158858
2025-07-31,0.472,6130,0.13899527681899,0.139360563215104,6168.82200696072,254.408916230977
2025-07-31,0.472,6140,0.138174464544529,0.138599868103872,6168.82200696072,248.039530672846
2025-07-31,0.472,6150,0.137437122492374,0.137801201370563,6168.82200696072,241.772415911905
2025-07-31,0.472,6160,0.136600491558465,0.136964121946626,6168.82200696072,235.454165889365
2025-07-31,0.472,6170,0.135816766877231,0.136240605087053,6168.82200696072,229.342335938572
2025-07-31,0.472,6175,0.135417946320069,0.13584163377205,6168.82200696072,226.27421089275
2025-07-31,0.472,6180,0.135009121757745,0.135432690902655,6168.82200696072,223.206086131031
2025-07-31,0.472,6190,0.134221656797741,0.134645089445685,6168.82200696072,217.172107194716
2025-07-31,0.472,6200,0.133453736224041,0.133877168580947,6168.82200696072,211.240398966572
2025-07-31,0.472,6210,0.132644251305913,0.133128333862703,6168.82200696072,205.359826176767
2025-07-31,0.472,6220,0.131913622343291,0.132337478597489,6168.82200696072,199.581524443366
2025-07-31,0.472,6225,0.131532312542281,0.131956366411487,6168.82200696072,196.717941224551
2025-07-31,0.472,6230,0.131140222391431,0.131625123784492,6168.82200696072,193.90549343282
2025-07-31,0.472,6240,0.130384013490145,0.130869584853383,6168.82200696072,188.280597634248
2025-07-31,0.472,6250,0.129644484285132,0.130130905771257,6168.82200696072,182.757972976698
2025-07-31,0.472,6260,0.128921160383955,0.129408617384368,6168.82200696072,177.337618976443
2025-07-31,0.472,6270,0.128213605956754,0.128702289247063,6168.82200696072,172.019535776622
2025-07-31,0.472,6275,0.127842675891357,0.12833204865141,6168.82200696072,169.360494173841
2025-07-31,0.472,6280,0.127460155662038,0.128011529912823,6168.82200696072,166.752588060965
2025-07-31,0.472,6290,0.126782784817403,0.127274526483736,6168.82200696072,161.587911139193
2025-07-31,0.472,6300,0.126058381746193,0.126613662895178,6168.82200696072,156.525505009727
2025-07-31,0.472,6310,0.125347858437247,0.125967410593663,6168.82200696072,151.565369760293
2025-07-31,0.472,6320,0.12471315060664,0.125273314796299,6168.82200696072,146.707505461886
2025-07-31,0.472,6325,0.124346420951573,0.124970362693218,6168.82200696072,144.304140821347
2025-07-31,0.472,6330,0.124029794268233,0.124592797973111,6168.82200696072,141.900776338598
2025-07-31,0.472,6340,0.12335952126577,0.123988521398667,6168.82200696072,137.247453607526
2025-07-31,0.472,6350,0.122765435834118,0.12333490873843,6168.82200696072,132.696401676937
2025-07-31,0.472,6360,0.122121218763467,0.122758030655497,6168.82200696072,128.247620552144
2025-07-31,0.472,6370,0.12148968994426,0.122130917614966,6168.82200696072,123.849974974755
2025-07-31,0.472,6375,0.121251094559391,0.121830272718045,6168.82200696072,121.75342290447
2025-07-31,0.472,6380,0.120935428302456,0.121516792013258,6168.82200696072,119.605735477639
2025-07-31,0.472,6390,0.120329709051137,0.120980749223801,6168.82200696072,115.463766912524
2025-07-31,0.472,6400,0.119802424913936,0.1203932569739,6168.82200696072,111.424069133987
2025-07-31,0.472,6410,0.119222921519977,0.119819019190467,6168.82200696072,107.435506733567
2025-07-31,0.472,6420,0.118656518051145,0.119258234216104,6168.82200696072,103.549215164306
2025-07-31,0.472,6425,0.118420320239829,0.119024928888978,6168.82200696072,101.708340293011
2025-07-31,0.472,6430,0.118171029633824,0.118778639615489,6168.82200696072,99.8674652965708
2025-07-31,0.472,6440,0.117632367354106,0.118246326772943,6168.82200696072,96.1857154475141
2025-07-31,0.472,6450,0.117107824943254,0.117728521462283,6168.82200696072,92.6062363583911
2025-07-31,0.472,6460,0.11659788406966,0.117225717575513,6168.82200696072,89.1290281613013
2025-07-31,0.472,6470,0.116173771847274,0.116738495443012,6168.82200696072,85.8052262226823
2025-07-31,0.472,6475,0.115941604334399,0.116509804382686,6168.82200696072,84.1688929514663
2025-07-31,0.472,6500,0.114790425021683,0.115377556966162,6168.82200696072,76.2940390469121
2025-07-31,0.472,6525,0.113735511575852,0.114344161728417,6168.82200696072,69.0328101748198
2025-07-31,0.472,6550,0.112793427132338,0.113426328779227,6168.82200696072,62.3852061735578
2025-07-31,0.472,6600,0.111081620879058,0.11177272160123,6168.82200696072,50.6240606908881
2025-07-31,0.472,6650,0.109543607276234,0.110403626193817,6168.82200696072,40.7549256464679
2025-07-31,0.472,6700,0.108469677387583,0.109217991147262,6168.82200696072,32.6755301374529
2025-07-31,0.472,6750,0.107469111998189,0.108316112481371,6168.82200696072,26.0279262008904
2025-07-31,0.472,6800,0.106614970453646,0.107584418464074,6168.82200696072,20.6075721991612
2025-07-31,0.472,6850,0.106185228386297,0.107142396763059,6168.82200696072,16.3633327572863
2025-07-31,0.472,6900,0.105871945151,0.106799005906193,6168.82200696072,12.9372599782794
2025-07-31,0.472,6950,0.105749872044533,0.106831212350495,6168.82200696072,10.278218401153
2025-07-31,0.472,7000,0.10590726919762,0.106920460701781,6168.82200696072,8.1816663729692
2025-07-31,0.472,7100,0.106688463446315,0.107734697402308,6168.82200696072,5.26694772885924
2025-07-31,0.472,7200,0.108129540921038,0.109553156534045,6168.82200696072,3.52834362795821
2025-07-31,0.472,7300,0.110418397697446,0.112298433112952,6168.82200696072,2.50563532782083
2025-07-31,0.472,7400,0.113012227546923,0.115450004840279,6168.82200696072,1.84087493917684
2025-07-31,0.472,7500,0.116746761658458,0.119252182365599,6168.82200696072,1.45735932661507
2025-07-31,0.472,7600,0.119938006126752,0.123603437412923,6168.82200696072,1.17611454444726
2025-07-31,0.472,7800,0.127975145177101,0.132936298640279,6168.82200696072,0.869302053368449
2025-07-31,0.472,8000,0.1355248542936,0.141114143069353,6168.82200696072,0.639192684619534
2025-07-31,0.472,8200,0.14216367565349,0.148290247332917,6168.82200696072,0.460218734554311
2025-07-31,0.472,8400,0.148501755055184,0.157986545407961,6168.82200696072,0.383515612293286
2025-08-15,0.516,200,NA,1.35408073723289,6178.62289211772,NA
2025-08-15,0.516,400,NA,1.12092295081095,6178.62289211772,NA
2025-08-15,0.516,600,0.907227610023234,1.00028806265887,6178.62289211772,5578.75068157956
2025-08-15,0.516,800,0.856564147707589,0.903376034857518,6178.62289211772,5378.85291314882
2025-08-15,0.516,1000,0.823524808675663,0.85259935136544,6178.62289211772,5179.13404996526
2025-08-15,0.516,1200,0.761867751299701,0.787785626909035,6178.62289211772,4979.31295521153
2025-08-15,0.516,1400,0.718709290978994,0.736426972600251,6178.62289211772,4779.61964991971
2025-08-15,0.516,1600,0.67733943202484,0.69018537253429,6178.62289211772,4579.97746041306
2025-08-15,0.516,1800,0.640193395541166,0.649691453311614,6178.62289211772,4380.43750247478
2025-08-15,0.516,2000,0.605718115569554,0.612909113427315,6178.62289211772,4180.99977610752
2025-08-15,0.516,2200,0.573135409234646,0.578705006504232,6178.62289211772,3981.6642813075
2025-08-15,0.516,2300,0.557155086156695,0.563067966162416,6178.62289211772,3882.04764969643
2025-08-15,0.516,2400,0.542006163908801,0.548953898854884,6178.62289211772,3782.5076917577
2025-08-15,0.516,2500,0.5266941215306,0.531412089498288,6178.62289211772,3682.86550225227
2025-08-15,0.516,2600,0.512769756773481,0.516970705816008,6178.62289211772,3583.3766600982
2025-08-15,0.516,2700,0.498579766157917,0.501112397636863,6178.62289211772,3483.83670215935
2025-08-15,0.516,2800,0.484238912490243,0.48765405752837,6178.62289211772,3384.39897578838
2025-08-15,0.516,2900,0.470874964980588,0.472936093596901,6178.62289211772,3284.96124941906
2025-08-15,0.516,3000,0.457307147757931,0.459175033051818,6178.62289211772,3185.5746388409
2025-08-15,0.516,3100,0.443614918790512,0.44615749926838,6178.62289211772,3086.2391440458
2025-08-15,0.516,3200,0.430638399289106,0.432949137780443,6178.62289211772,2986.95476503756
2025-08-15,0.516,3300,0.418213506223176,0.420309465867222,6178.62289211772,2887.77261757894
2025-08-15,0.516,3350,0.411912544100617,0.41457096320791,6178.62289211772,2838.23265964438
2025-08-15,0.516,3400,0.405564425478125,0.408105481933912,6178.62289211772,2788.64158592407
2025-08-15,0.516,3450,0.399790102260845,0.401608172856445,6178.62289211772,2739.10162799061
2025-08-15,0.516,3500,0.393342666380364,0.395658405200812,6178.62289211772,2689.56167004278
2025-08-15,0.516,3550,0.38742886494737,0.389637518406441,6178.62289211772,2640.07282788494
2025-08-15,0.516,3600,0.381445130938807,0.383554516616399,6178.62289211772,2590.58398574652
2025-08-15,0.516,3650,0.375400117214507,0.37741717710178,6178.62289211772,2541.09514358289
2025-08-15,0.516,3700,0.369301304186493,0.371709223132588,6178.62289211772,2491.65741722495
2025-08-15,0.516,3750,0.363620971644153,0.365918120392897,6178.62289211772,2442.27080664666
2025-08-15,0.516,3800,0.357858639932616,0.360053048958427,6178.62289211772,2392.8841960601
2025-08-15,0.516,3850,0.352023156179785,0.354121952719704,6178.62289211772,2343.49758547844
2025-08-15,0.516,3875,0.34908041709615,0.35113383523466,6178.62289211772,2318.80428018878
2025-08-15,0.516,3900,0.346122179058644,0.348131721135472,6178.62289211772,2294.1109748893
2025-08-15,0.516,3925,0.343149242131565,0.345116331178503,6178.62289211772,2269.41766961027
2025-08-15,0.516,3950,0.34055045109763,0.342469258199513,6178.62289211772,2244.82659586866
2025-08-15,0.516,3975,0.337542213552515,0.339421502018212,6178.62289211772,2220.13329057743
2025-08-15,0.516,4000,0.334892442648442,0.336726895790206,6178.62289211772,2195.54221686715
2025-08-15,0.516,4025,0.332214537071466,0.334005897335627,6178.62289211772,2170.95114315178
2025-08-15,0.516,4050,0.329156357644326,0.330912133673621,6178.62289211772,2146.25783785221
2025-08-15,0.516,4075,0.32643441113247,0.328149972652994,6178.62289211772,2121.66676412741
2025-08-15,0.516,4100,0.323687906662956,0.325364714686997,6178.62289211772,2097.07569039518
2025-08-15,0.516,4125,0.320917975065115,0.32255740518522,6178.62289211772,2072.48461667715
2025-08-15,0.516,4150,0.318448283966472,0.31972901650664,6178.62289211772,2047.94465875453
2025-08-15,0.516,4175,0.315627516707974,0.317191408709244,6178.62289211772,2023.40470081371
2025-08-15,0.516,4200,0.312786498131129,0.314316898462944,6178.62289211772,1998.81362707451
2025-08-15,0.516,4225,0.310227335745858,0.311721171043722,6178.62289211772,1974.32478492534
2025-08-15,0.516,4250,0.307636020030776,0.309094716236862,6178.62289211772,1949.83594277062
2025-08-15,0.516,4275,0.305013981002592,0.306155377062701,6178.62289211772,1925.29598483102
2025-08-15,0.516,4300,0.302362544049744,0.303754885559657,6178.62289211772,1900.85825846297
2025-08-15,0.516,4325,0.299682937790436,0.30104390493456,6178.62289211772,1876.36941631903
2025-08-15,0.516,4350,0.297243723640971,0.298307001527675,6178.62289211772,1851.93168995884
2025-08-15,0.516,4375,0.294505209191551,0.295803656505722,6178.62289211772,1827.49396357919
2025-08-15,0.516,4400,0.29199712766671,0.29301225399352,6178.62289211772,1803.05623723711
2025-08-15,0.516,4425,0.289453622414629,0.290444885201175,6178.62289211772,1778.66962663668
2025-08-15,0.516,4450,0.286876139895682,0.288085248345654,6178.62289211772,1754.3341318504
2025-08-15,0.516,4475,0.28450329921436,0.28544755902368,6178.62289211772,1729.99863704665
2025-08-15,0.516,4500,0.282087861875743,0.283009082510798,6178.62289211772,1705.71425802934
2025-08-15,0.516,4525,0.279405752395977,0.280530734041228,6178.62289211772,1681.37876322583
2025-08-15,0.516,4550,0.277136205720039,0.278014097299906,6178.62289211772,1657.14549998898
2025-08-15,0.516,4575,0.274603151507956,0.275460632571523,6178.62289211772,1632.86112099508
2025-08-15,0.516,4600,0.272033852404056,0.273080240028274,6178.62289211772,1608.62785773869
2025-08-15,0.516,4625,0.269839742711142,0.270655900409998,6178.62289211772,1584.49682609687
2025-08-15,0.516,4650,0.26739255935082,0.268189309305856,6178.62289211772,1560.31467863609
2025-08-15,0.516,4675,0.265098906263153,0.265875795327727,6178.62289211772,1536.23476275323
2025-08-15,0.516,4700,0.262565793261332,0.263513855049545,6178.62289211772,1512.10373111236
2025-08-15,0.516,4725,0.260365690071092,0.261105344277057,6178.62289211772,1488.07493101157
2025-08-15,0.516,4750,0.257929800888737,0.258831878624828,6178.62289211772,1464.04613092578
2025-08-15,0.516,4775,0.255626618333863,0.256331026345954,6178.62289211772,1440.01733084362
2025-08-15,0.516,4800,0.253272571596577,0.254131267599548,6178.62289211772,1416.09076232535
2025-08-15,0.516,4825,0.25103759008488,0.251874884731644,6178.62289211772,1392.21530955638
2025-08-15,0.516,4850,0.248583250238169,0.249564028660832,6178.62289211772,1368.2887410463
2025-08-15,0.516,4875,0.246403442604098,0.247200660694246,6178.62289211772,1344.4644041562
2025-08-15,0.516,4900,0.244164184430034,0.244941737498501,6178.62289211772,1320.6911829329
2025-08-15,0.516,4925,0.241867659667416,0.242777665577961,6178.62289211772,1296.96907759563
2025-08-15,0.516,4950,0.239664297284722,0.240551798803887,6178.62289211772,1273.29808799566
2025-08-15,0.516,4975,0.237545040751992,0.238266343537663,6178.62289211772,1249.678214138
2025-08-15,0.516,5000,0.235360238318538,0.236063740182868,6178.62289211772,1226.1094561202
2025-08-15,0.516,5025,0.233112223238448,0.233935645544424,6178.62289211772,1202.59181390873
2025-08-15,0.516,5050,0.230937374460529,0.231740596379862,6178.62289211772,1179.12528743233
2025-08-15,0.516,5075,0.228696946458,0.229611148267783,6178.62289211772,1155.70987678856
2025-08-15,0.516,5100,0.226520877065432,0.227412857373066,6178.62289211772,1132.34558182084
2025-08-15,0.516,5125,0.224401888287943,0.225271989208954,6178.62289211772,1109.08351854186
2025-08-15,0.516,5150,0.222333039444044,0.223060684536448,6178.62289211772,1085.87257101995
2025-08-15,0.516,5175,0.220189188864906,0.221017334577046,6178.62289211772,1062.76385508979
2025-08-15,0.516,5200,0.218088466379007,0.218781323662866,6178.62289211772,1039.65513913395
2025-08-15,0.516,5225,0.215911831790051,0.216700764456226,6178.62289211772,1016.64865470232
2025-08-15,0.516,5250,0.213882037958319,0.214542016062835,6178.62289211772,993.744401848692
2025-08-15,0.516,5275,0.2117702982174,0.212521788078097,6178.62289211772,970.942380656943
2025-08-15,0.516,5300,0.209684080353005,0.210417766673015,6178.62289211772,948.191475106637
2025-08-15,0.516,5325,0.207515674872111,0.208334574879391,6178.62289211772,925.491685450634
2025-08-15,0.516,5350,0.205467657967976,0.206167512685792,6178.62289211772,902.894127363235
2025-08-15,0.516,5375,0.20333251205349,0.204113829120349,6178.62289211772,880.398800813404
2025-08-15,0.516,5400,0.201303689125541,0.201971625818015,6178.62289211772,858.005705815764
2025-08-15,0.516,5425,0.199183415704975,0.199929373946136,6178.62289211772,835.714842418254
2025-08-15,0.516,5450,0.197247752246569,0.197794497096562,6178.62289211772,813.577326345566
2025-08-15,0.516,5475,0.195034320957172,0.195747174464303,6178.62289211772,791.439810287899
2025-08-15,0.516,5500,0.19308075267675,0.193690560579691,6178.62289211772,769.557873186829
2025-08-15,0.516,5525,0.190853941046819,0.191535927031369,6178.62289211772,747.573704477272
2025-08-15,0.516,5550,0.188868099819842,0.18945189486464,6178.62289211772,725.896230489754
2025-08-15,0.516,5575,0.186776621147053,0.187348047209426,6178.62289211772,704.269872244083
2025-08-15,0.516,5600,0.184661540868475,0.185300932524036,6178.62289211772,682.796861374936
2025-08-15,0.516,5625,0.182597963746906,0.183224168456888,6178.62289211772,661.477197878728
2025-08-15,0.516,5650,0.18050116300216,0.18111472879169,6178.62289211772,640.259765978305
2025-08-15,0.516,5675,0.178368130025765,0.178969590513573,6178.62289211772,619.144565591504
2025-08-15,0.516,5700,0.176343379014736,0.176859390365286,6178.62289211772,598.284944134316
2025-08-15,0.516,5725,0.174198339980681,0.174704594999667,6178.62289211772,577.476438563125
2025-08-15,0.516,5750,0.1720763113081,0.17264413489834,6178.62289211772,556.923511818334
2025-08-15,0.516,5775,0.16997039800852,0.170458296077483,6178.62289211772,536.472816578986
2025-08-15,0.516,5800,0.167873930793672,0.168353250799646,6178.62289211772,516.277700409245
2025-08-15,0.516,5825,0.165713098274981,0.166251586077236,6178.62289211772,496.235931541197
2025-08-15,0.516,5850,0.16348489300813,0.164080803540989,6178.62289211772,476.296394217283
2025-08-15,0.516,5875,0.161446817972479,0.161968114869678,6178.62289211772,456.765783261764
2025-08-15,0.516,5900,0.159262496479823,0.159840102740594,6178.62289211772,437.337403771481
2025-08-15,0.516,5925,0.15699482001603,0.157690661315626,6178.62289211772,418.062371664788
2025-08-15,0.516,5950,0.155014509244435,0.155576036075436,6178.62289211772,399.298497427935
2025-08-15,0.516,5975,0.152810079187721,0.153487618398016,6178.62289211772,380.636854705606
2025-08-15,0.516,6000,0.150808444185071,0.151356187296448,6178.62289211772,362.38413824393
2025-08-15,0.516,6025,0.148693970575838,0.149235736779074,6178.62289211772,344.335884995912
2025-08-15,0.516,6050,0.146641176714492,0.147177594361286,6178.62289211772,326.696557915577
2025-08-15,0.516,6075,0.14440390094784,0.145171977227033,6178.62289211772,309.261694104782
2025-08-15,0.516,6100,0.14250585055232,0.143092252427212,6178.62289211772,292.389103859861
2025-08-15,0.516,6125,0.140407070892622,0.141106431863954,6178.62289211772,275.772092589214
2025-08-15,0.516,6150,0.138508434345957,0.139146506870403,6178.62289211772,259.717354887213
2025-08-15,0.516,6175,0.136452047180183,0.137319427766162,6178.62289211772,244.020427722941
2025-08-15,0.516,6200,0.134582828348786,0.135333478563974,6178.62289211772,228.74313668824
2025-08-15,0.516,6225,0.132737745469505,0.133488680611193,6178.62289211772,214.021790705245
2025-08-15,0.516,6250,0.130999142737447,0.131693922183789,6178.62289211772,199.862718188445
2025-08-15,0.516,6275,0.12918584036791,0.129883682555849,6178.62289211772,186.061456343444
2025-08-15,0.516,6300,0.12758168190753,0.128225585384408,6178.62289211772,173.026931311312
2025-08-15,0.516,6325,0.125830128989553,0.126538876091727,6178.62289211772,160.29910096045
2025-08-15,0.516,6350,0.12427850934599,0.124935611409981,6178.62289211772,148.28689155826
2025-08-15,0.516,6375,0.122807232136075,0.12347350336185,6178.62289211772,136.939187286625
2025-08-15,0.516,6400,0.121292142310829,0.121969584459848,6178.62289211772,126.00040930722
2025-08-15,0.516,6425,0.119915248386526,0.120605891159926,6178.62289211772,115.777252455439
2025-08-15,0.516,6450,0.11855384744981,0.119195861797053,6178.62289211772,106.014137564955
2025-08-15,0.516,6475,0.117339091401537,0.117997346122733,6178.62289211772,97.0177594581722
2025-08-15,0.516,6500,0.116214968464804,0.116824178720587,6178.62289211772,88.5836549693171
2025-08-15,0.516,6550,0.114136588844027,0.114714346590235,6178.62289211772,73.4022669226189
2025-08-15,0.516,6600,0.112330090804531,0.112953740489237,6178.62289211772,60.4188576270045
2025-08-15,0.516,6650,0.110755288795857,0.111436427131344,6178.62289211772,49.377848106623
2025-08-15,0.516,6700,0.109474795198137,0.110226715213447,6178.62289211772,40.1770067453722
2025-08-15,0.516,6750,0.108387769749933,0.109226741941484,6178.62289211772,32.509639138851
2025-08-15,0.516,6800,0.107587308619957,0.108178837280104,6178.62289211772,26.1201659950164
2025-08-15,0.516,6850,0.106947065240797,0.107619120561838,6178.62289211772,21.008587539043
2025-08-15,0.516,6900,0.106248952969311,0.1071748952643,6178.62289211772,16.7659774272706
2025-08-15,0.516,6950,0.106017468377818,0.106906856552792,6178.62289211772,13.4434513761218
2025-08-15,0.516,7000,0.105859788335499,0.106890210762482,6178.62289211772,10.7854305729089
2025-08-15,0.516,7100,0.106286519902626,0.107398051649189,6178.62289211772,7.05397829627424
2025-08-15,0.516,7200,0.107131990833999,0.108634644592491,6178.62289211772,4.70265218809895
2025-08-15,0.516,7300,0.108694453691674,0.110691610633452,6178.62289211772,3.27141021748572
2025-08-15,0.516,7400,0.111313229452869,0.113551290004309,6178.62289211772,2.42799976779578
2025-08-15,0.516,7600,0.117405498339085,0.12081266849111,6178.62289211772,1.50791564871481
2025-08-15,0.516,7800,0.124917706733484,0.128956334982407,6178.62289211772,1.07343147477647
2025-08-15,0.516,8000,0.131212214645082,0.137576944424326,6178.62289211772,0.792294663253333
2025-08-15,0.516,8200,0.138427768423234,0.145490391758678,6178.62289211772,0.613389414502024
2025-08-15,0.516,8400,0.145551048215885,0.154205186434643,6178.62289211772,0.51115784688402
2025-08-15,0.516,8600,0.151079693485635,0.162051596733517,6178.62289211772,0.408926279368446
2025-08-15,0.516,8800,0.154056979980175,0.168916512364461,6178.62289211772,0.306694707716939
2025-08-15,0.516,9000,0.158029235925109,0.17662809000104,6178.62289211772,0.255578924361098
2025-08-15,0.516,9200,0.16643886966278,0.183718264623104,6178.62289211772,0.230021031014649
2025-08-15,0.516,9400,0.166424245133495,0.19260459029086,6178.62289211772,0.20446313974423
2025-08-15,0.516,9600,NA,0.198693128211532,6178.62289211772,NA
2025-08-15,0.516,9800,NA,0.204011937919593,6178.62289211772,NA
2025-08-15,0.516,10000,NA,0.212054900355378,6178.62289211772,NA
2025-08-15,0.516,10400,NA,0.22757306333683,6178.62289211772,NA
2025-08-15,0.516,11000,NA,0.245364024910717,6178.62289211772,NA
2025-08-15,0.516,12000,NA,0.272861057043839,6178.62289211772,NA
2025-09-19,0.612,200,NA,1.24449738943101,6198.04659285698,NA
2025-09-19,0.612,400,NA,1.03042855016485,6198.04659285698,NA
2025-09-19,0.612,600,0.834139341478276,0.919700243411934,6198.04659285698,5598.17468912679
2025-09-19,0.612,800,0.804825019605325,0.841184336187055,6198.04659285698,5398.32840465075
2025-09-19,0.612,1000,0.778229618173459,0.789751043067797,6198.04659285698,5198.66145495222
2025-09-19,0.612,1200,0.715951202748401,0.736346230279973,6198.04659285698,4998.89202823735
2025-09-19,0.612,1400,0.674542405197403,0.688688889224412,6198.04659285698,4799.25069779466
2025-09-19,0.612,1600,0.639433855852004,0.649360568079657,6198.04659285698,4599.76308287314
2025-09-19,0.612,1800,0.604384077617675,0.61320447394174,6198.04659285698,4400.3523257159
2025-09-19,0.612,2000,0.571567450846184,0.579425209601668,6198.04659285698,4201.04404557366
2025-09-19,0.612,2200,0.542300083492581,0.547523391891383,6198.04659285698,4001.88948095368
2025-09-19,0.612,2300,0.526911849469032,0.533106004026276,6198.04659285698,3902.35062752684
2025-09-19,0.612,2400,0.512986039852249,0.517153970017048,6198.04659285698,3802.81177409271
2025-09-19,0.612,2500,0.498871735930576,0.502614548481165,6198.04659285698,3703.32415917506
2025-09-19,0.612,2600,0.485817603643781,0.489163388433165,6198.04659285698,3603.93902127083
2025-09-19,0.612,2700,0.4725353777983,0.475551316362473,6198.04659285698,3504.55388336971
2025-09-19,0.612,2800,0.460045504173552,0.461861490789373,6198.04659285698,3405.21998397413
2025-09-19,0.612,2900,0.447327021270242,0.448970902675696,6198.04659285698,3305.93732308031
2025-09-19,0.612,3000,0.434465773601163,0.43596301753965,6198.04659285698,3206.65466219097
2025-09-19,0.612,3100,0.42221122962047,0.424914512718969,6198.04659285698,3107.57695533619
2025-09-19,0.612,3200,0.410428993514359,0.412885808496332,6198.04659285698,3008.4992484857
2025-09-19,0.612,3250,0.40416014717767,0.406514340307223,6198.04659285698,2958.90915653909
2025-09-19,0.612,3300,0.398443684558124,0.400688950344871,6198.04659285698,2909.42154162928
2025-09-19,0.612,3350,0.392665751447233,0.394810186722325,6198.04659285698,2859.93392669177
2025-09-19,0.612,3400,0.387351710110754,0.38888582321822,6198.04659285698,2810.49755028887
2025-09-19,0.612,3450,0.381453549803843,0.383407507930074,6198.04659285698,2761.06117387734
2025-09-19,0.612,3500,0.375989639165543,0.37739128575213,6198.04659285698,2711.62479746317
2025-09-19,0.612,3550,0.370003061276187,0.371792691317626,6198.04659285698,2662.18842104268
2025-09-19,0.612,3600,0.364423035522072,0.36613497594401,6198.04659285698,2612.80328314558
2025-09-19,0.612,3650,0.359198064857994,0.36083104716998,6198.04659285698,2563.52062226162
2025-09-19,0.612,3700,0.353493007738566,0.355058853625494,6198.04659285698,2514.13548434889
2025-09-19,0.612,3750,0.348122053861629,0.349619505164907,6198.04659285698,2464.85282346091
2025-09-19,0.612,3800,0.342681196221914,0.344114952482567,6198.04659285698,2415.57016258661
2025-09-19,0.612,3825,0.340113332809971,0.341514490888763,6198.04659285698,2390.9800706414
2025-09-19,0.612,3850,0.337177682109763,0.338892712485381,6198.04659285698,2366.3387402051
2025-09-19,0.612,3875,0.334573622700438,0.33625070371841,6198.04659285698,2341.7486482583
2025-09-19,0.612,3900,0.331948997360361,0.333263409144171,6198.04659285698,2317.10731781426
2025-09-19,0.612,3925,0.329304825451191,0.330909974023882,6198.04659285698,2292.56846438906
2025-09-19,0.612,3950,0.326642056776436,0.32821307543267,6198.04659285698,2267.97837244679
2025-09-19,0.612,3975,0.324270961742864,0.325499600609303,6198.04659285698,2243.43951902617
2025-09-19,0.612,4000,0.321567133238582,0.322770314402444,6198.04659285698,2218.84942708414
2025-09-19,0.612,4025,0.319143244002082,0.320318563195933,6198.04659285698,2194.36181214265
2025-09-19,0.612,4050,0.316402285849538,0.317839858058921,6198.04659285698,2169.82295873751
2025-09-19,0.612,4075,0.313930215221716,0.315335453803058,6198.04659285698,2145.33534379266
2025-09-19,0.612,4100,0.311432429031381,0.312806517491946,6198.04659285698,2120.84772891127
2025-09-19,0.612,4125,0.308910082846118,0.310254134552942,6198.04659285698,2096.36011398061
2025-09-19,0.612,4150,0.306364252052465,0.307679315907597,6198.04659285698,2071.87249905557
2025-09-19,0.612,4175,0.304054546747109,0.305083002919306,6198.04659285698,2047.43612265953
2025-09-19,0.612,4200,0.301459212084079,0.302716380707919,6198.04659285698,2022.99974622053
2025-09-19,0.612,4225,0.299090678187588,0.300319108961638,6198.04659285698,1998.61460834394
2025-09-19,0.612,4250,0.296691732243461,0.297653367621641,6198.04659285698,1974.17823191529
2025-09-19,0.612,4275,0.294263669954231,0.295203947922987,6198.04659285698,1949.7930940004
2025-09-19,0.612,4300,0.291807694326729,0.292956163345234,6198.04659285698,1925.45919460929
2025-09-19,0.612,4325,0.289550536860377,0.29044861631224,6198.04659285698,1901.12529521055
2025-09-19,0.612,4350,0.287037179975228,0.28813487590631,6198.04659285698,1876.79139583171
2025-09-19,0.612,4375,0.284714915493915,0.285787621566496,6198.04659285698,1852.50873492899
2025-09-19,0.612,4400,0.282570020814859,0.283408205020201,6198.04659285698,1828.2773125505
2025-09-19,0.612,4425,0.28017818551859,0.280997878750769,6198.04659285698,1803.99465163458
2025-09-19,0.612,4450,0.277755940066433,0.278757442017092,6198.04659285698,1779.76322928692
2025-09-19,0.612,4475,0.275697363419495,0.27647950165093,6198.04659285698,1755.63428389428
2025-09-19,0.612,4500,0.273401083565609,0.274165535981353,6198.04659285698,1731.45410005463
2025-09-19,0.612,4525,0.271069479810622,0.272003071028812,6198.04659285698,1707.32515468008
2025-09-19,0.612,4550,0.268887017325137,0.269798823889673,6198.04659285698,1683.2474478082
2025-09-19,0.612,4575,0.266663544923194,0.267554437766202,6198.04659285698,1659.16974099679
2025-09-19,0.612,4600,0.264400636248905,0.265271428094852,6198.04659285698,1635.09203411029
2025-09-19,0.612,4625,0.262270480768227,0.263120817860052,6198.04659285698,1611.11680423333
2025-09-19,0.612,4650,0.26009596813955,0.260926684884073,6198.04659285698,1587.14157438634
2025-09-19,0.612,4675,0.258041544900256,0.258690647630926,6198.04659285698,1563.21758308306
2025-09-19,0.612,4700,0.255779565074716,0.2565723895051,6198.04659285698,1539.29359175771
2025-09-19,0.612,4725,0.253633441631939,0.25440800006177,6198.04659285698,1515.42083890223
2025-09-19,0.612,4750,0.251593859890986,0.252350057441778,6198.04659285698,1491.65056313089
2025-09-19,0.612,4775,0.249503727852432,0.250242340868863,6198.04659285698,1467.88028728738
2025-09-19,0.612,4800,0.247364909034542,0.248086658418491,6198.04659285698,1444.11001153392
2025-09-19,0.612,4825,0.245320496348771,0.246025368857996,6198.04659285698,1420.44221274222
2025-09-19,0.612,4850,0.243362277130723,0.243912981265811,6198.04659285698,1396.82565241077
2025-09-19,0.612,4875,0.241212947027906,0.241885531311065,6198.04659285698,1373.20909213953
2025-09-19,0.612,4900,0.239278824471803,0.239804318723431,6198.04659285698,1349.69500889054
2025-09-19,0.612,4925,0.23715750171263,0.237799322955958,6198.04659285698,1326.1809255586
2025-09-19,0.612,4950,0.235236793548542,0.235738312646717,6198.04659285698,1302.76931934618
2025-09-19,0.612,4975,0.233132871969599,0.233867733793322,6198.04659285698,1279.40895159455
2025-09-19,0.612,5000,0.231096044033084,0.231933628117441,6198.04659285698,1256.09982237226
2025-09-19,0.612,5025,0.229119831808413,0.229938221334508,6198.04659285698,1232.84193162632
2025-09-19,0.612,5050,0.227198033123798,0.227883531358607,6198.04659285698,1209.63527944789
2025-09-19,0.612,5075,0.225212887041812,0.225882875408813,6198.04659285698,1186.47986572001
2025-09-19,0.612,5100,0.223275775085764,0.223930515955989,6198.04659285698,1163.42692900793
2025-09-19,0.612,5125,0.221274342354735,0.222020975513724,6198.04659285698,1140.42523078022
2025-09-19,0.612,5150,0.219419492957548,0.220044987388548,6198.04659285698,1117.52600969276
2025-09-19,0.612,5175,0.217392737420197,0.218106334239158,6198.04659285698,1094.62678846162
2025-09-19,0.612,5200,0.21550252788764,0.216100632703797,6198.04659285698,1071.83004432208
2025-09-19,0.612,5225,0.213542142180452,0.214224484977963,6198.04659285698,1049.13577720276
2025-09-19,0.612,5250,0.211704570272217,0.2122765199125,6198.04659285698,1026.54398703102
2025-09-19,0.612,5275,0.209792403791329,0.210445002474114,6198.04659285698,1004.05467396745
2025-09-19,0.612,5300,0.207899094846348,0.208537547321301,6198.04659285698,981.616599325298
2025-09-19,0.612,5325,0.206020677458297,0.206645372698112,6198.04659285698,959.281001683734
2025-09-19,0.612,5350,0.203978421948439,0.204677465251462,6198.04659285698,936.89416556845
2025-09-19,0.612,5375,0.20220797482373,0.202806546901885,6198.04659285698,914.814760528583
2025-09-19,0.612,5400,0.200186375903059,0.200940035599835,6198.04659285698,892.684117046041
2025-09-19,0.612,5425,0.198418754323729,0.19899273846728,6198.04659285698,870.758427496345
2025-09-19,0.612,5450,0.196564786481567,0.197126974260558,6198.04659285698,848.935215046881
2025-09-19,0.612,5475,0.194626520704161,0.19517745301328,6198.04659285698,827.112002443257
2025-09-19,0.612,5500,0.192760150119131,0.193300059206946,6198.04659285698,805.493743997442
2025-09-19,0.612,5525,0.190882446211483,0.191411717994785,6198.04659285698,783.977962634053
2025-09-19,0.612,5550,0.188990666236235,0.189509680228973,6198.04659285698,762.564658119176
2025-09-19,0.612,5575,0.187082135551367,0.18759126471913,6198.04659285698,741.253830652528
2025-09-19,0.612,5600,0.185154232920391,0.185725163344531,6198.04659285698,720.096718796297
2025-09-19,0.612,5625,0.183274476901657,0.183764843266482,6198.04659285698,699.04208392133
2025-09-19,0.612,5650,0.181298846026,0.181849164535335,6198.04659285698,678.089926062597
2025-09-19,0.612,5675,0.179431427120997,0.179904400745702,6198.04659285698,657.342722164035
2025-09-19,0.612,5700,0.177463326279394,0.177994500143535,6198.04659285698,636.69799534345
2025-09-19,0.612,5725,0.175526241826466,0.176048416058634,6198.04659285698,616.206983997154
2025-09-19,0.612,5750,0.173550232018936,0.174063804322975,6198.04659285698,595.818449747587
2025-09-19,0.612,5775,0.171469695658803,0.172101394589898,6198.04659285698,575.532392463764
2025-09-19,0.612,5800,0.169596152725795,0.169907092957222,6198.04659285698,555.400050816911
2025-09-19,0.612,5825,0.167547975459555,0.168160364581219,6198.04659285698,535.677617067921
2025-09-19,0.612,5850,0.165630059808,0.16623344085758,6198.04659285698,516.108898905029
2025-09-19,0.612,5875,0.163534442133962,0.164248333629207,6198.04659285698,496.540180755554
2025-09-19,0.612,5900,0.161674366270903,0.162261190151337,6198.04659285698,477.381370716462
2025-09-19,0.612,5925,0.159571881548069,0.160267004565129,6198.04659285698,458.222560623013
2025-09-19,0.612,5950,0.157631434293051,0.158260798514867,6198.04659285698,439.422420092741
2025-09-19,0.612,5975,0.155615503779918,0.156294127835493,6198.04659285698,420.827233543683
2025-09-19,0.612,6000,0.153688880989886,0.15430419519203,6198.04659285698,402.539478099078
2025-09-19,0.612,6025,0.151621515859264,0.152341400124238,6198.04659285698,384.405438114236
2025-09-19,0.612,6050,0.149740739314716,0.150344254096397,6198.04659285698,366.681306262424
2025-09-19,0.612,6075,0.147763530138333,0.148416443288006,6198.04659285698,349.213366946483
2025-09-19,0.612,6100,0.145848075943238,0.146442196445006,6198.04659285698,332.052858677402
2025-09-19,0.612,6125,0.14393313557627,0.144577199997331,6198.04659285698,315.302258536418
2025-09-19,0.612,6150,0.142012333988887,0.142653086976118,6198.04659285698,298.807850788763
2025-09-19,0.612,6175,0.140132419063239,0.140770654714655,6198.04659285698,282.723351173191
2025-09-19,0.612,6200,0.138236638038899,0.138979290521477,6198.04659285698,267.055103477432
2025-09-19,0.612,6225,0.136468532608388,0.137157289162536,6198.04659285698,251.837266512739
2025-09-19,0.612,6250,0.1347739555317,0.135409894599854,6198.04659285698,237.131814880353
2025-09-19,0.612,6275,0.132987741988917,0.133677948786937,6198.04659285698,222.733794029531
2025-09-19,0.612,6300,0.131316097420956,0.13200874268341,6198.04659285698,208.899396881415
2025-09-19,0.612,6325,0.129700878922927,0.130397205674415,6198.04659285698,195.577384748377
2025-09-19,0.612,6350,0.128083602493046,0.128838896660941,6198.04659285698,182.716519330798
2025-09-19,0.612,6375,0.126567794094226,0.127221151222832,6198.04659285698,170.316800507036
2025-09-19,0.612,6400,0.125096643777011,0.125812402865056,6198.04659285698,158.583182134894
2025-09-19,0.612,6425,0.123667603355526,0.124337197947702,6198.04659285698,147.259471747954
2025-09-19,0.612,6450,0.122335568474779,0.122958982272939,6198.04659285698,136.550623768163
2025-09-19,0.612,6475,0.120987175495084,0.121621853930823,6198.04659285698,126.302922025926
2025-09-19,0.612,6500,0.119795998351614,0.120384713835508,6198.04659285698,116.721321080898
2025-09-19,0.612,6525,0.118590331284074,0.119252681205253,6198.04659285698,107.652105200366
2025-09-19,0.612,6550,0.117492424786778,0.118109800122195,6198.04659285698,99.0952744023778
2025-09-19,0.612,6575,0.116448125653433,0.117082627283402,6198.04659285698,91.1020670847225
2025-09-19,0.612,6600,0.115529417552062,0.116117663009094,6198.04659285698,83.6724835564726
2025-09-19,0.612,6650,0.113783058940226,0.114342073383063,6198.04659285698,70.196755862808
2025-09-19,0.612,6700,0.112265542146558,0.112868789464037,6198.04659285698,58.6168530483659
2025-09-19,0.612,6750,0.111011123980216,0.111585933944956,6198.04659285698,48.7278210372471
2025-09-19,0.612,6800,0.109900565320225,0.110532099960197,6198.04659285698,40.3247057725542
2025-09-19,0.612,6850,0.108971571779651,0.109671154085613,6198.04659285698,33.2537916031509
2025-09-19,0.612,6900,0.108170848133124,0.108952144245225,6198.04659285698,27.3101247161522
2025-09-19,0.612,6950,0.107667494911554,0.108294947157229,6198.04659285698,22.3912279830235
2025-09-19,0.612,7000,0.107141008655865,0.107992543661352,6198.04659285698,18.3433858781057
2025-09-19,0.612,7100,0.10678243433065,0.107701599071122,6198.04659285698,12.3484804347871
2025-09-19,0.612,7200,0.107049552924558,0.10824744010166,6198.04659285698,8.45435381642622
2025-09-19,0.612,7400,0.109568702054045,0.111165170991379,6198.04659285698,4.30403467087538
2025-09-19,0.612,7600,0.1141732771327,0.116038978911706,6198.04659285698,2.51068688462008
2025-09-19,0.612,7800,0.119590756101967,0.122723772391147,6198.04659285698,1.66525150787822
2025-09-19,0.612,8000,0.126968324064869,0.130444468112289,6198.04659285698,1.28096269934784
2025-09-19,0.612,8200,0.133978953261683,0.138343046445179,6198.04659285698,1.02477015887174
2025-09-19,0.612,8400,0.139212220263671,0.145767177771948,6198.04659285698,0.794196871532057
2025-09-19,0.612,8600,0.14480878485152,0.1529841493432,6198.04659285698,0.640481350889529
2025-09-19,0.612,8800,0.150464861242923,0.159207738059377,6198.04659285698,0.512385080064223
2025-09-19,0.612,9000,0.157014513996023,0.165642650416093,6198.04659285698,0.435527317851271
2025-09-19,0.612,9200,0.159936225562153,0.172814579735178,6198.04659285698,0.358669556236197
2025-09-19,0.612,9400,0.164103695740911,0.179508304016033,6198.04659285698,0.307431048529236
2025-09-19,0.612,9600,0.16657591261548,0.185701607431756,6198.04659285698,0.25619253961839
2025-09-19,0.612,10000,0.172365102505915,0.19641275025405,6198.04659285698,0.17933477721115
2025-09-19,0.612,10400,NA,0.210841919786283,6198.04659285698,NA
2025-09-19,0.612,11000,NA,0.228014819465392,6198.04659285698,NA
2025-09-19,0.612,12000,NA,0.254688776792273,6198.04659285698,NA
2025-09-30,0.64,1200,0.705309394563479,0.724409047999858,6204.20967054951,5005.11275269267
2025-09-30,0.64,1400,0.666255859998842,0.679292795996373,6204.20967054951,4805.52559024309
2025-09-30,0.64,1600,0.630148184739503,0.639470110493603,6204.20967054951,4606.04163718415
2025-09-30,0.64,1800,0.596290187553127,0.603216310576789,6204.20967054951,4406.66089350793
2025-09-30,0.64,2000,0.564263088621143,0.569570871615441,6204.20967054951,4207.38335922131
2025-09-30,0.64,2200,0.534619546546376,0.539557839678326,6204.20967054951,4008.28644137002
2025-09-30,0.64,2400,0.506603157722912,0.51051806296922,6204.20967054951,3809.31853524765
2025-09-30,0.64,2600,0.47923991575288,0.482410344579554,6204.20967054951,3610.45383851332
2025-09-30,0.64,2800,0.453426740446017,0.456860745202837,6204.20967054951,3411.84716524938
2025-09-30,0.64,2900,0.441533196303768,0.443863606365149,6204.20967054951,3312.62123564821
2025-09-30,0.64,3000,0.429392488317926,0.431506839400033,6204.20967054951,3213.44691075722
2025-09-30,0.64,3100,0.417734983516637,0.419651973375346,6204.20967054951,3114.37579523977
2025-09-30,0.64,3200,0.405861827771777,0.408186467707731,6204.20967054951,3015.35628441777
2025-09-30,0.64,3300,0.394376397039755,0.396496606722932,6204.20967054951,2916.38837830005
2025-09-30,0.64,3400,0.383191562019181,0.385125763737703,6204.20967054951,2817.52368157159
2025-09-30,0.64,3500,0.371790181548807,0.373563600320125,6204.20967054951,2718.65898482912
2025-09-30,0.64,3600,0.361046104977487,0.362666031602169,6204.20967054951,2620.00070687985
2025-09-30,0.64,3700,0.350049687718731,0.351905048324699,6204.20967054951,2521.39403361079
2025-09-30,0.64,3800,0.339542090683806,0.340903541970149,6204.20967054951,2422.89056972347
2025-09-30,0.64,3900,0.329083286802718,0.330331771425626,6204.20967054951,2324.54191992291
2025-09-30,0.64,4000,0.318935127749177,0.320078780229262,6204.20967054951,2226.39968890353
2025-09-30,0.64,4050,0.314016379731128,0.315110106336293,6204.20967054951,2177.43178277924
2025-09-30,0.64,4100,0.309004083416361,0.310051361617791,6204.20967054951,2128.46387666596
2025-09-30,0.64,4150,0.303906257201206,0.305159768055633,6204.20967054951,2079.54757522121
2025-09-30,0.64,4200,0.299212553970084,0.300410377991873,6204.20967054951,2030.78608790438
2025-09-30,0.64,4250,0.294406175841426,0.295552322228743,6204.20967054951,1982.0246005512
2025-09-30,0.64,4300,0.289716682770418,0.290812641202823,6204.20967054951,1933.36632260045
2025-09-30,0.64,4325,0.287436213717948,0.288507459069278,6204.20967054951,1909.08878829902
2025-09-30,0.64,4350,0.285123624659551,0.286171086360632,6204.20967054951,1884.81125401823
2025-09-30,0.64,4375,0.282780209114973,0.283804758825527,6204.20967054951,1860.53371974385
2025-09-30,0.64,4400,0.28060832572634,0.281609123073262,6204.20967054951,1836.35939487058
2025-09-30,0.64,4425,0.278202473297726,0.279377002468099,6204.20967054951,1812.13346523092
2025-09-30,0.64,4450,0.275961696776828,0.277109859331999,6204.20967054951,1787.95914033625
2025-09-30,0.64,4475,0.273874096771524,0.274809046847558,6204.20967054951,1763.83642016523
2025-09-30,0.64,4500,0.271744660009939,0.27265794708633,6204.20967054951,1739.7653046399
2025-09-30,0.64,4525,0.2693958372647,0.270467581455684,6204.20967054951,1715.64258439201
2025-09-30,0.64,4550,0.267191748595918,0.26823946582863,6204.20967054951,1691.57146890815
2025-09-30,0.64,4575,0.26512173065115,0.266144985677806,6204.20967054951,1667.60356279911
2025-09-30,0.64,4600,0.26284073452831,0.263841796429051,6204.20967054951,1643.5324472617
2025-09-30,0.64,4625,0.260852576054352,0.261829838006699,6204.20967054951,1619.66775052775
2025-09-30,0.64,4650,0.258656686953243,0.259612287797697,6204.20967054951,1595.69984443454
2025-09-30,0.64,4675,0.256578116702376,0.257511803235611,6204.20967054951,1571.83514765884
2025-09-30,0.64,4700,0.254455037672554,0.255519215304177,6204.20967054951,1548.02205567208
2025-09-30,0.64,4725,0.252438194899856,0.253329685681061,6204.20967054951,1524.20896363905
2025-09-30,0.64,4750,0.250373257028694,0.25124446083936,6204.20967054951,1500.44747630101
2025-09-30,0.64,4775,0.248261974363433,0.249255173427819,6204.20967054951,1476.73759363079
2025-09-30,0.64,4800,0.246245119221606,0.247215592996538,6204.20967054951,1453.07931564311
2025-09-30,0.64,4825,0.244178836462439,0.245127514378742,6204.20967054951,1429.421037694
2025-09-30,0.64,4850,0.242197719369222,0.243124656578655,6204.20967054951,1405.86596910501
2025-09-30,0.64,4875,0.240164549638676,0.241070648505502,6204.20967054951,1382.31090055836
2025-09-30,0.64,4900,0.238588061790622,0.239093385341514,6204.20967054951,1359.01385541795
2025-09-30,0.64,4925,0.236197179208242,0.237185987086689,6204.20967054951,1335.45878689231
2025-09-30,0.64,4950,0.234255105631178,0.235221460340986,6204.20967054951,1312.11013712525
2025-09-30,0.64,4975,0.23237529547932,0.233201739927051,6204.20967054951,1288.81309200474
2025-09-30,0.64,5000,0.230435904111271,0.231243761834238,6204.20967054951,1265.56765153893
2025-09-30,0.64,5025,0.228438919609689,0.229341542023967,6204.20967054951,1242.373815851
2025-09-30,0.64,5050,0.226496777784142,0.227379344894372,6204.20967054951,1219.23158486533
2025-09-30,0.64,5075,0.224603849517263,0.225466685831154,6204.20967054951,1196.19256315499
2025-09-30,0.64,5100,0.222754761514354,0.223598232284978,6204.20967054951,1173.25675095548
2025-09-30,0.64,5125,0.220841082507398,0.221666031745839,6204.20967054951,1150.32093873604
2025-09-30,0.64,5150,0.21916789077981,0.219772674634018,6204.20967054951,1127.59154524241
2025-09-30,0.64,5175,0.217025534391328,0.217913413532692,6204.20967054951,1104.70733765191
2025-09-30,0.64,5200,0.215408659594307,0.215987423750972,6204.20967054951,1082.13275828711
2025-09-30,0.64,5225,0.213524543530733,0.214090873803432,6204.20967054951,1059.50657421812
2025-09-30,0.64,5250,0.211480281748323,0.212311751263421,6204.20967054951,1036.93199485116
2025-09-30,0.64,5260,0.210755259929678,0.211579532213022,6204.20967054951,1027.96408870776
2025-09-30,0.64,5270,0.210018558452832,0.210835763889584,6204.20967054951,1018.99618254953
2025-09-30,0.64,5275,0.209645869497441,0.21045958916842,6204.20967054951,1014.51222957542
2025-09-30,0.64,5280,0.209270309740214,0.210080574495479,6204.20967054951,1010.02827644461
2025-09-30,0.64,5290,0.20851063981141,0.209314086412314,6204.20967054951,1001.06037030351
2025-09-30,0.64,5300,0.207916958631963,0.20853641620093,6204.20967054951,992.195673618201
2025-09-30,0.64,5310,0.20704543846266,0.20783530914529,6204.20967054951,983.227767453563
2025-09-30,0.64,5320,0.206338653104178,0.207121776645794,6204.20967054951,974.363070748523
2025-09-30,0.64,5325,0.205937201706262,0.206717137941885,6204.20967054951,969.879117685914
2025-09-30,0.64,5330,0.20561945612616,0.206309801167374,6204.20967054951,965.44676930341
2025-09-30,0.64,5340,0.204887984025571,0.205572546572231,6204.20967054951,956.582072643328
2025-09-30,0.64,5350,0.204144366168936,0.204907982868188,6204.20967054951,947.768980585676
2025-09-30,0.64,5360,0.203388726102016,0.204146072672035,6204.20967054951,938.904283868324
2025-09-30,0.64,5370,0.202621180676691,0.203372367566512,6204.20967054951,930.039587129824
2025-09-30,0.64,5375,0.202274598584815,0.203022626690398,6204.20967054951,925.658843366376
2025-09-30,0.64,5380,0.201924738382996,0.202669637826805,6204.20967054951,921.27809977018
2025-09-30,0.64,5390,0.201215253207682,0.201953983658069,6204.20967054951,912.516612325037
2025-09-30,0.64,5400,0.200492861065638,0.201225537191693,6204.20967054951,903.7551249974
2025-09-30,0.64,5410,0.199757690595793,0.200484423428631,6204.20967054951,894.993637658582
2025-09-30,0.64,5420,0.199009863743198,0.199730760821472,6204.20967054951,886.232150321505
2025-09-30,0.64,5425,0.198631240371257,0.199349259080699,6204.20967054951,881.851406685327
2025-09-30,0.64,5430,0.198249495613501,0.198964661565482,6204.20967054951,877.470662996245
2025-09-30,0.64,5440,0.197555618676942,0.198264961389006,6204.20967054951,868.812385048558
2025-09-30,0.64,5450,0.196769871133972,0.197551786721105,6204.20967054951,860.102502445885
2025-09-30,0.64,5460,0.196049579997448,0.196747785983269,6204.20967054951,851.392619716939
2025-09-30,0.64,5470,0.195315945482256,0.196085514351394,6204.20967054951,842.785946444584
2025-09-30,0.64,5475,0.194982534328853,0.195672432044193,6204.20967054951,838.456807570673
2025-09-30,0.64,5480,0.194569084003717,0.195332649480227,6204.20967054951,834.12766849998
2025-09-30,0.64,5490,0.193884953939977,0.194566775778923,6204.20967054951,825.520995319007
2025-09-30,0.64,5500,0.193261859847395,0.193787992637063,6204.20967054951,816.965926704295
2025-09-30,0.64,5510,0.192399572722785,0.193070919365553,6204.20967054951,808.307648647873
2025-09-30,0.64,5520,0.191673809920616,0.192339988741729,6204.20967054951,799.75258013152
2025-09-30,0.64,5525,0.191305730429893,0.191969361647207,6204.20967054951,795.475045899296
2025-09-30,0.64,5530,0.190934203444933,0.191595311069109,6204.20967054951,791.197511519613
2025-09-30,0.64,5540,0.190180859524717,0.190909817345393,6204.20967054951,782.694047673376
2025-09-30,0.64,5550,0.189486296465355,0.190137408669998,6204.20967054951,774.190583820273
2025-09-30,0.64,5560,0.188705232165263,0.189423294093893,6204.20967054951,765.687119894985
2025-09-30,0.64,5570,0.187982060913677,0.188694758569797,6204.20967054951,757.23526075205
2025-09-30,0.64,5575,0.187579523651847,0.188289645036894,6204.20967054951,752.957726496507
2025-09-30,0.64,5580,0.187244470605849,0.18795190658046,6204.20967054951,748.783401641057
2025-09-30,0.64,5590,0.186492560922398,0.187194834605082,6204.20967054951,740.33154244331
2025-09-30,0.64,5600,0.185865963456224,0.186353966007939,6204.20967054951,731.931287989918
2025-09-30,0.64,5610,0.185015420454799,0.185707538792403,6204.20967054951,723.5310333634
2025-09-30,0.64,5620,0.184289359629406,0.184976488406316,6204.20967054951,715.182383645134
2025-09-30,0.64,5625,0.183920713487104,0.184605384008975,6204.20967054951,711.00805871954
2025-09-30,0.64,5630,0.183548338853082,0.184230575276093,6204.20967054951,706.833733830509
2025-09-30,0.64,5640,0.182792447765625,0.183469885985627,6204.20967054951,698.485084074803
2025-09-30,0.64,5650,0.182021767275682,0.182761717176565,6204.20967054951,690.188038897286
2025-09-30,0.64,5660,0.181303226006965,0.181971244190163,6204.20967054951,681.890993832684
2025-09-30,0.64,5670,0.180569115207587,0.181232514030815,6204.20967054951,673.645553383255
2025-09-30,0.64,5675,0.180229325658701,0.180758261001723,6204.20967054951,669.471228459336
2025-09-30,0.64,5680,0.179819518987619,0.180478390418982,6204.20967054951,665.400113026504
2025-09-30,0.64,5690,0.179054512580462,0.179708946114238,6204.20967054951,657.154672582613
2025-09-30,0.64,5700,0.178339208094249,0.178859274190458,6204.20967054951,648.909232215449
2025-09-30,0.64,5710,0.177543145135132,0.178188883026443,6204.20967054951,640.7670011379
2025-09-30,0.64,5720,0.176796044714144,0.177437527334405,6204.20967054951,632.624770132625
2025-09-30,0.64,5725,0.17641648478094,0.177055872361966,6204.20967054951,628.553654636202
2025-09-30,0.64,5730,0.176032928455257,0.176670242533881,6204.20967054951,624.482539211824
2025-09-30,0.64,5740,0.175317207493229,0.175950369037325,6204.20967054951,616.443517479157
2025-09-30,0.64,5750,0.174647706033312,0.175088097337744,6204.20967054951,608.352891132599
2025-09-30,0.64,5760,0.173773123558968,0.17439830687002,6204.20967054951,600.262264936294
2025-09-30,0.64,5770,0.173007816654762,0.173629104127069,6204.20967054951,592.223243193015
2025-09-30,0.64,5775,0.172773846450629,0.173207364885499,6204.20967054951,588.306941702899
2025-09-30,0.64,5780,0.172287717894557,0.17290513513949,6204.20967054951,584.28743102345
2025-09-30,0.64,5790,0.171488941294288,0.172102628446791,6204.20967054951,576.248409267413
2025-09-30,0.64,5800,0.170734694573251,0.171344678408848,6204.20967054951,568.312597077825
2025-09-30,0.64,5810,0.169963243413879,0.170569606296409,6204.20967054951,560.376784949568
2025-09-30,0.64,5820,0.169234919620149,0.169837695019017,6204.20967054951,552.544181930847
2025-09-30,0.64,5825,0.168833996602275,0.169435032319678,6204.20967054951,548.576275754097
2025-09-30,0.64,5830,0.168428787608809,0.169088010323405,6204.20967054951,544.659974482192
2025-09-30,0.64,5840,0.167665124779985,0.16832058145892,6204.20967054951,536.827371677015
2025-09-30,0.64,5850,0.166942920357647,0.16753542632442,6204.20967054951,529.046373451294
2025-09-30,0.64,5860,0.166143310223674,0.166732551904823,6204.20967054951,521.213770518805
2025-09-30,0.64,5870,0.165384520685741,0.165970539554224,6204.20967054951,513.484377108137
2025-09-30,0.64,5875,0.164998209682505,0.165465786874967,6204.20967054951,509.516471011256
2025-09-30,0.64,5880,0.164607287904929,0.165190163559723,6204.20967054951,505.754983687717
2025-09-30,0.64,5890,0.163811608243259,0.164449382744481,6204.20967054951,498.077194882469
2025-09-30,0.64,5900,0.163055161127121,0.163689617355113,6204.20967054951,490.451010720341
2025-09-30,0.64,5910,0.162279635431484,0.162910860843258,6204.20967054951,482.824826578036
2025-09-30,0.64,5920,0.161485012820936,0.162113093272791,6204.20967054951,475.198642509884
2025-09-30,0.64,5925,0.161109016360733,0.161735542522522,6204.20967054951,471.43715528237
2025-09-30,0.64,5930,0.160728093349629,0.161353087194745,6204.20967054951,467.675667945569
2025-09-30,0.64,5940,0.15995145399592,0.160573448691308,6204.20967054951,460.152693232738
2025-09-30,0.64,5950,0.159267637380435,0.159661598179987,6204.20967054951,452.629718575501
2025-09-30,0.64,5960,0.158394888301891,0.159011120729886,6204.20967054951,445.209953307427
2025-09-30,0.64,5970,0.15761434234102,0.158227813397581,6204.20967054951,437.790187889353
2025-09-30,0.64,5975,0.157244239260965,0.157856352769355,6204.20967054951,434.131909880476
2025-09-30,0.64,5980,0.156868897927985,0.157479676298153,6204.20967054951,430.473631995474
2025-09-30,0.64,5990,0.156102472272537,0.156710647014032,6204.20967054951,423.157076190989
2025-09-30,0.64,6000,0.155314998726902,0.155920657878811,6204.20967054951,415.840520183587
2025-09-30,0.64,6010,0.154561239058468,0.15516445683556,6204.20967054951,408.627173684814
2025-09-30,0.64,6020,0.153785818864217,0.154386685051808,6204.20967054951,401.413827084292
2025-09-30,0.64,6025,0.153362694134798,0.153962423526771,6204.20967054951,397.755549167895
2025-09-30,0.64,6030,0.15298864341118,0.153587247066991,6204.20967054951,394.200480536804
2025-09-30,0.64,6040,0.152223824141654,0.152820245010181,6204.20967054951,387.090343447812
2025-09-30,0.64,6050,0.151490656015345,0.152084976751465,6204.20967054951,380.083415690544
2025-09-30,0.64,6060,0.150680760878726,0.151326925723231,6204.20967054951,373.024883195359
2025-09-30,0.64,6070,0.149955567638519,0.150545968234197,6204.20967054951,366.069560256459
2025-09-30,0.64,6075,0.149584172202873,0.150173648169857,6204.20967054951,362.617701048229
2025-09-30,0.64,6080,0.149206888771287,0.149795463974719,6204.20967054951,359.165841758245
2025-09-30,0.64,6090,0.14843458356001,0.149021428831759,6204.20967054951,352.262123489452
2025-09-30,0.64,6100,0.147798094866017,0.148170499913542,6204.20967054951,345.461614489518
2025-09-30,0.64,6110,0.146924539174812,0.147508207763466,6204.20967054951,338.661105524265
2025-09-30,0.64,6120,0.14618587479012,0.146768100847419,6204.20967054951,331.963805839461
2025-09-30,0.64,6125,0.145807217948775,0.146388760648135,6204.20967054951,328.615156125562
2025-09-30,0.64,6130,0.145422311350878,0.146056002875726,6204.20967054951,325.318110984594
2025-09-30,0.64,6140,0.144686334413891,0.145265979106947,6204.20967054951,318.672416090427
2025-09-30,0.64,6150,0.143924804604802,0.144555905015624,6204.20967054951,312.129930557561
2025-09-30,0.64,6160,0.143189982798846,0.143819960092851,6204.20967054951,305.639049661824
2025-09-30,0.64,6170,0.142481350656803,0.14311032328658,6204.20967054951,299.251378250377
2025-09-30,0.64,6175,0.141986120459833,0.142719387975723,6204.20967054951,295.902728556184
2025-09-30,0.64,6180,0.141746078469071,0.142374167361036,6204.20967054951,292.863706828784
2025-09-30,0.64,6190,0.141036174489637,0.14166350333507,6204.20967054951,286.579244904004
2025-09-30,0.64,6200,0.140298953654936,0.140925648618942,6204.20967054951,280.294782734509
2025-09-30,0.64,6210,0.139487291188213,0.140270028813037,6204.20967054951,274.072529156429
2025-09-30,0.64,6220,0.13874095226895,0.139523224232486,6204.20967054951,267.879965858084
2025-09-30,0.64,6225,0.13840930189729,0.139191404913091,6204.20967054951,264.886893570791
2025-09-30,0.64,6230,0.138018360911186,0.138852469125072,6204.20967054951,261.842216819549
2025-09-30,0.64,6240,0.137319106023316,0.138100960201366,6204.20967054951,255.804467613316
2025-09-30,0.64,6250,0.136590679493065,0.137372589695988,6204.20967054951,249.818323075487
2025-09-30,0.64,6260,0.135884826912349,0.136666975766683,6204.20967054951,243.935387930633
2025-09-30,0.64,6270,0.1352011929234,0.135983767130216,6204.20967054951,238.155662290123
2025-09-30,0.64,6275,0.134848033365841,0.135630892499157,6204.20967054951,235.265799465373
2025-09-30,0.64,6280,0.134539453164027,0.135270432245728,6204.20967054951,232.42754126733
2025-09-30,0.64,6290,0.133847046552982,0.134631051795141,6204.20967054951,226.802629631935
2025-09-30,0.64,6300,0.133175846011442,0.133908534943183,6204.20967054951,221.177718037734
2025-09-30,0.64,6310,0.132473164293055,0.133259413440543,6204.20967054951,215.656015713147
2025-09-30,0.64,6320,0.131843510633645,0.132578683868354,6204.20967054951,210.237522971599
2025-09-30,0.64,6325,0.131516664722317,0.132252584615796,6204.20967054951,207.554078808183
2025-09-30,0.64,6330,0.131181718778415,0.131918439027232,6204.20967054951,204.870634662474
2025-09-30,0.64,6350,0.129865278603141,0.130605732873405,6204.20967054951,194.343277080339
2025-09-30,0.64,6375,0.128323193810993,0.129069550338074,6204.20967054951,181.751731798949
2025-09-30,0.64,6400,0.127103877338007,0.127534547380991,6204.20967054951,169.882652310049
2025-09-30,0.64,6425,0.125342630516182,0.126050887946408,6204.20967054951,157.961967944748
2025-09-30,0.64,6450,0.123898384507437,0.124671807887881,6204.20967054951,146.866958722015
2025-09-30,0.64,6475,0.122556761660784,0.123286566111888,6204.20967054951,136.287996471737
2025-09-30,0.64,6500,0.121606385972531,0.122006457557845,6204.20967054951,126.58631409289
2025-09-30,0.64,6525,0.120369062814123,0.120835686128542,6204.20967054951,117.142655130913
2025-09-30,0.64,6550,0.119243634861632,0.119661270317588,6204.20967054951,108.215043044943
2025-09-30,0.64,6575,0.117809542597257,0.118605103951856,6204.20967054951,99.5454544719613
2025-09-30,0.64,6600,0.116797116087279,0.117551810861786,6204.20967054951,91.6499362892215
2025-09-30,0.64,6625,0.115855448410618,0.116632700982035,6204.20967054951,84.3220698675536
2025-09-30,0.64,6650,0.11499415314455,0.115729637062649,6204.20967054951,77.4586455102251
2025-09-30,0.64,6675,0.114156066873598,0.114917023191708,6204.20967054951,71.0596634266057
2025-09-30,0.64,6700,0.113564204101478,0.113994578012987,6204.20967054951,65.1251237547068
2025-09-30,0.64,6725,0.112655767469471,0.113475746501266,6204.20967054951,59.6034214728805
2025-09-30,0.64,6750,0.112020729601426,0.112797069767758,6204.20967054951,54.4945567353802
2025-09-30,0.64,6775,0.111377433958047,0.112187812800328,6204.20967054951,49.7469249057766
2025-09-30,0.64,6800,0.110903362682376,0.111496769121664,6204.20967054951,45.3605259680623
2025-09-30,0.64,6850,0.109856042425912,0.110602223456895,6204.20967054951,37.6714265273367
2025-09-30,0.64,6900,0.108992625199565,0.109820031674411,6204.20967054951,31.1692351479181
2025-09-30,0.64,6950,0.108250637885031,0.109174927519008,6204.20967054951,25.6991375288637
2025-09-30,0.64,7000,0.107792014922567,0.108699974542793,6204.20967054951,21.2095292189395
2025-09-30,0.64,7100,0.107099688347056,0.108262442398664,6204.20967054951,14.3977095886749
2025-09-30,0.64,7200,0.107202017851498,0.108277806310762,6204.20967054951,9.85649653609005
2025-09-30,0.64,7300,0.107965350788403,0.109077882397061,6204.20967054951,6.91502898655831
2025-09-30,0.64,7400,0.109045844900495,0.11047830982419,6204.20967054951,4.95405060225968
2025-09-30,0.64,7500,0.110847938802847,0.112650067193238,6204.20967054951,3.71553796089876
2025-09-30,0.64,7600,0.11338291037528,0.11504812648917,6204.20967054951,2.88986285356221
2025-09-30,0.64,7800,0.118821835811691,0.121214885901844,6204.20967054951,1.90937366940961
2025-09-30,0.64,8000,0.125590740525304,0.128719888187821,6204.20967054951,1.44493143113073
2025-10-17,0.692,200,NA,1.1716599109214,6216.67452032937,NA
2025-10-17,0.692,400,NA,0.999402704636816,6216.67452032937,NA
2025-10-17,0.692,600,0.823283173541221,0.881372169842744,6216.67452032937,5616.85490082128
2025-10-17,0.692,800,0.782577089431785,0.801218072029898,6216.67452032937,5417.03528131333
2025-10-17,0.692,1000,0.727233659728841,0.75820768064806,6216.67452032937,5217.34450501367
2025-10-17,0.692,1200,0.682920388519453,0.706686332289047,6216.67452032937,5017.6794973559
2025-10-17,0.692,1400,0.64661631450039,0.662800455195487,6216.67452032937,4818.14333290768
2025-10-17,0.692,1600,0.612167801758206,0.623787407114917,6216.67452032937,4618.7102430241
2025-10-17,0.692,1800,0.579510003611703,0.588194047471447,6216.67452032937,4419.3802277098
2025-10-17,0.692,2000,0.548469424415017,0.556082529968841,6216.67452032937,4220.17905559958
2025-10-17,0.692,2200,0.521160150259876,0.525603375448711,6216.67452032937,4021.15826398322
2025-10-17,0.692,2300,0.507095444649508,0.511062799800431,6216.67452032937,3921.67363681924
2025-10-17,0.692,2400,0.49294870290808,0.496521105400909,6216.67452032937,3822.18900965743
2025-10-17,0.692,2500,0.479896690544296,0.483098726567404,6216.67452032937,3722.80745705984
2025-10-17,0.692,2600,0.467673258994918,0.470536753150352,6216.67452032937,3623.5289790222
2025-10-17,0.692,2700,0.455200676101364,0.457783139158817,6216.67452032937,3524.25050099643
2025-10-17,0.692,2800,0.442579007090067,0.444924065109316,6216.67452032937,3424.97202296383
2025-10-17,0.692,2900,0.430598110420048,0.433422282390152,6216.67452032937,3325.84815677514
2025-10-17,0.692,3000,0.41911598515557,0.421675544517088,6216.67452032937,3226.77582788859
2025-10-17,0.692,3100,0.408018633630004,0.40976395367165,6216.67452032937,3127.75503626701
2025-10-17,0.692,3200,0.396682027663328,0.398798480915108,6216.67452032937,3028.83731922063
2025-10-17,0.692,3300,0.385664293594992,0.387595333036815,6216.67452032937,2929.97113944955
2025-10-17,0.692,3400,0.374893799622286,0.376656967151402,6216.67452032937,2831.2080342463
2025-10-17,0.692,3450,0.369423195685057,0.371111244481536,6216.67452032937,2781.8264816635
2025-10-17,0.692,3500,0.363905501750151,0.365924012317853,6216.67452032937,2732.49646634896
2025-10-17,0.692,3550,0.358737168304294,0.360283745418192,6216.67452032937,2683.16645103639
2025-10-17,0.692,3600,0.353500756924463,0.354981006408751,6216.67452032937,2633.88797300048
2025-10-17,0.692,3650,0.348204054340497,0.349974110164206,6216.67452032937,2584.66103224221
2025-10-17,0.692,3700,0.34285382151773,0.344551901385933,6216.67452032937,2535.38255420575
2025-10-17,0.692,3750,0.337784088211481,0.339409679896761,6216.67452032937,2486.20715074465
2025-10-17,0.692,3800,0.332958638633764,0.334203217959181,6216.67452032937,2437.08328455477
2025-10-17,0.692,3850,0.327744767006468,0.329235440464191,6216.67452032937,2387.95941837109
2025-10-17,0.692,3900,0.322763442405996,0.324191439600678,6216.67452032937,2338.88708948968
2025-10-17,0.692,3950,0.317984160089013,0.319350217202045,6216.67452032937,2289.91783516166
2025-10-17,0.692,3975,0.315560481564245,0.316897223116454,6216.67452032937,2265.43320798249
2025-10-17,0.692,4000,0.312851955847247,0.314423962433006,6216.67452032937,2240.89704356237
2025-10-17,0.692,4025,0.310650234338514,0.311931343336729,6216.67452032937,2216.46395365851
2025-10-17,0.692,4050,0.308417599759705,0.309420213331167,6216.67452032937,2192.03086380279
2025-10-17,0.692,4075,0.305909152690754,0.307135581994384,6216.67452032937,2167.59777390845
2025-10-17,0.692,4100,0.30362446125456,0.304584869906286,6216.67452032937,2143.1646839847
2025-10-17,0.692,4125,0.301312731341239,0.302252142888963,6216.67452032937,2118.78313141331
2025-10-17,0.692,4150,0.29897514733117,0.299894318765522,6216.67452032937,2094.40157883544
2025-10-17,0.692,4175,0.29661281182297,0.297512455314682,6216.67452032937,2070.02002619661
2025-10-17,0.692,4200,0.294226751454258,0.295326694928648,6216.67452032937,2045.69001091108
2025-10-17,0.692,4225,0.2920341633096,0.292895135377631,6216.67452032937,2021.35999559396
2025-10-17,0.692,4250,0.289387214895004,0.290652357386312,6216.67452032937,1996.97844297328
2025-10-17,0.692,4275,0.287556916470557,0.288380471781038,6216.67452032937,1972.8030395223
2025-10-17,0.692,4300,0.285274792283248,0.28608065624831,6216.67452032937,1948.52456151088
2025-10-17,0.692,4325,0.283162893635415,0.283950400650455,6216.67452032937,1924.34915802501
2025-10-17,0.692,4350,0.280822762021547,0.281593851565826,6216.67452032937,1900.07067997888
2025-10-17,0.692,4375,0.278646590329015,0.279400649621383,6216.67452032937,1875.89527653554
2025-10-17,0.692,4400,0.276438045281713,0.277359439666635,6216.67452032937,1851.77141032303
2025-10-17,0.692,4425,0.274379238860033,0.275100058376599,6216.67452032937,1827.64754417957
2025-10-17,0.692,4450,0.272282566608699,0.272987210361816,6216.67452032937,1803.57521529641
2025-10-17,0.692,4475,0.270149544691759,0.270838636667553,6216.67452032937,1779.50288637503
2025-10-17,0.692,4500,0.267643182621221,0.268655700517226,6216.67452032937,1755.32748289002
2025-10-17,0.692,4525,0.265779960343051,0.266439664435003,6216.67452032937,1731.35822855284
2025-10-17,0.692,4550,0.263707647997809,0.264352653782266,6216.67452032937,1707.38897424332
2025-10-17,0.692,4575,0.261438887852888,0.262385201810563,6216.67452032937,1683.4197199292
2025-10-17,0.692,4600,0.259294886661428,0.260220796214608,6216.67452032937,1659.45046555904
2025-10-17,0.692,4625,0.257569084376081,0.258171912016326,6216.67452032937,1635.68736039307
2025-10-17,0.692,4650,0.255197450630608,0.256082837902009,6216.67452032937,1611.71810607056
2025-10-17,0.692,4675,0.253522526497512,0.254098856991875,6216.67452032937,1588.05807540413
2025-10-17,0.692,4700,0.251225009585313,0.252071204765507,6216.67452032937,1564.19189563325
2025-10-17,0.692,4725,0.249450135622472,0.250138937433076,6216.67452032937,1540.58340231044
2025-10-17,0.692,4750,0.247351492896297,0.248160005892007,6216.67452032937,1516.87183436648
2025-10-17,0.692,4775,0.245477365558374,0.24613607517244,6216.67452032937,1493.26334104075
2025-10-17,0.692,4800,0.24342413528509,0.244197254093948,6216.67452032937,1469.65484771444
2025-10-17,0.692,4825,0.24145469843215,0.24221084999889,6216.67452032937,1446.09789166029
2025-10-17,0.692,4850,0.239562168742229,0.240301436740364,6216.67452032937,1422.6440101651
2025-10-17,0.692,4875,0.237619164424667,0.238342240361208,6216.67452032937,1399.19012861935
2025-10-17,0.692,4900,0.235627386307315,0.23657007130837,6216.67452032937,1375.83932171481
2025-10-17,0.692,4925,0.233704023437332,0.234741079500391,6216.67452032937,1352.54005207258
2025-10-17,0.692,4950,0.231843040553396,0.232857257239985,6216.67452032937,1329.29231969473
2025-10-17,0.692,4975,0.230038646575323,0.230920422643441,6216.67452032937,1306.09612458725
2025-10-17,0.692,5000,0.228177250271476,0.229039824650893,6216.67452032937,1282.95146686658
2025-10-17,0.692,5025,0.22626070977591,0.227210112086553,6216.67452032937,1259.85834626577
2025-10-17,0.692,5050,0.224497686310754,0.225323235233621,6216.67452032937,1236.86830037098
2025-10-17,0.692,5075,0.222673983541884,0.223481720774993,6216.67452032937,1213.92979167408
2025-10-17,0.692,5100,0.220791518102054,0.221680791171378,6216.67452032937,1191.04282031007
2025-10-17,0.692,5125,0.219045883302481,0.219819410292561,6216.67452032937,1168.2589234982
2025-10-17,0.692,5150,0.217236706691949,0.217993833528048,6216.67452032937,1145.52656401631
2025-10-17,0.692,5175,0.215365890787856,0.216199794547332,6216.67452032937,1122.84574171092
2025-10-17,0.692,5200,0.213616965509211,0.214433226817704,6216.67452032937,1100.31953136955
2025-10-17,0.692,5225,0.211802238652692,0.212601615664984,6216.67452032937,1077.79332096063
2025-10-17,0.692,5250,0.210097812985297,0.210880410329657,6216.67452032937,1055.47325971253
2025-10-17,0.692,5275,0.208323987778986,0.209090541054731,6216.67452032937,1033.15319847747
2025-10-17,0.692,5300,0.206566233853373,0.207317166812274,6216.67452032937,1010.9362117494
2025-10-17,0.692,5325,0.204739338248783,0.205556963217251,6216.67452032937,988.770762378128
2025-10-17,0.692,5350,0.203085769487842,0.203726743955223,6216.67452032937,966.759924744036
2025-10-17,0.692,5375,0.201278211777879,0.20198508139195,6216.67452032937,944.800624476159
2025-10-17,0.692,5400,0.199554460293945,0.200247428317879,6216.67452032937,922.995936058962
2025-10-17,0.692,5425,0.197755902943551,0.198511001388186,6216.67452032937,901.242784818714
2025-10-17,0.692,5450,0.196106663086352,0.19669914766181,6216.67452032937,879.644245580368
2025-10-17,0.692,5475,0.194231895755198,0.194958649397274,6216.67452032937,858.045706398902
2025-10-17,0.692,5500,0.192569797098107,0.193211600588099,6216.67452032937,836.704853484282
2025-10-17,0.692,5525,0.190755504907296,0.191455596675811,6216.67452032937,815.364000596326
2025-10-17,0.692,5550,0.189069655050728,0.189688300622825,6216.67452032937,794.229296830165
2025-10-17,0.692,5575,0.187232180349286,0.187907432289544,6216.67452032937,773.094593127496
2025-10-17,0.692,5600,0.185513659551281,0.186110757665942,6216.67452032937,752.166038428665
2025-10-17,0.692,5625,0.183643905936999,0.184361241434021,6216.67452032937,731.289021193362
2025-10-17,0.692,5650,0.181948270208478,0.18258936458364,6216.67452032937,710.669690237605
2025-10-17,0.692,5675,0.1800994445766,0.180793089846669,6216.67452032937,690.050359378239
2025-10-17,0.692,5700,0.178349954683645,0.178970375734919,6216.67452032937,669.637177554631
2025-10-17,0.692,5725,0.176447349393139,0.177180200869773,6216.67452032937,649.275533117933
2025-10-17,0.692,5750,0.174696136989979,0.175297482372138,6216.67452032937,629.120037687065
2025-10-17,0.692,5775,0.172789650412643,0.173500520784768,6216.67452032937,609.067617015708
2025-10-17,0.692,5800,0.171023146711442,0.171665296100458,6216.67452032937,589.272882525684
2025-10-17,0.692,5825,0.169099061193348,0.169847321693018,6216.67452032937,569.52968552082
2025-10-17,0.692,5850,0.16730410093088,0.167985393371149,6216.67452032937,550.044174818941
2025-10-17,0.692,5875,0.165405012838285,0.16613341637651,6216.67452032937,530.661738707283
2025-10-17,0.692,5900,0.163623173455701,0.164231736587813,6216.67452032937,511.536988958192
2025-10-17,0.692,5925,0.161676817686542,0.162387368498608,6216.67452032937,492.51531382327
2025-10-17,0.692,5950,0.159837719864476,0.160486072007358,6216.67452032937,473.751325152154
2025-10-17,0.692,5975,0.157937560896439,0.158311679286463,6216.67452032937,454.884261877648
2025-10-17,0.692,6000,0.156132512664257,0.156767213509945,6216.67452032937,436.944869687226
2025-10-17,0.692,6025,0.154205633323959,0.154886649132321,6216.67452032937,418.799328380803
2025-10-17,0.692,6050,0.152363296536601,0.15298635876049,6216.67452032937,400.96301077098
2025-10-17,0.692,6075,0.150392482344885,0.151165015293635,6216.67452032937,383.332842397223
2025-10-17,0.692,6100,0.148700154266695,0.149313680329496,6216.67452032937,366.218046706785
2025-10-17,0.692,6125,0.146716809129737,0.147478820025144,6216.67452032937,349.103251069387
2025-10-17,0.692,6150,0.144998264175553,0.145655068652877,6216.67452032937,332.555365649091
2025-10-17,0.692,6175,0.143082636230591,0.143837111707735,6216.67452032937,316.11055461008
2025-10-17,0.692,6200,0.141418112351308,0.142069777092173,6216.67452032937,300.284191066556
2025-10-17,0.692,6225,0.13953571879794,0.140385981674997,6216.67452032937,284.64041638449
2025-10-17,0.692,6250,0.137830910851731,0.138680297849011,6216.67452032937,269.488454992428
2025-10-17,0.692,6275,0.13615950842764,0.136959140971562,6216.67452032937,254.697254690969
2025-10-17,0.692,6300,0.13451649315218,0.135267374160743,6216.67452032937,240.31835263371
2025-10-17,0.692,6325,0.13284684306972,0.133650258675045,6216.67452032937,226.351748869447
2025-10-17,0.692,6350,0.131347040613497,0.132053274163353,6216.67452032937,212.952055074339
2025-10-17,0.692,6375,0.129609090971395,0.130522802527154,6216.67452032937,199.758510639749
2025-10-17,0.692,6400,0.128186037062316,0.128902359891557,6216.67452032937,187.183413423754
2025-10-17,0.692,6425,0.12666842888262,0.127443407426244,6216.67452032937,175.072151838217
2025-10-17,0.692,6450,0.125310841420809,0.126042522777939,6216.67452032937,163.579337663621
2025-10-17,0.692,6475,0.123903991214855,0.124645603526533,6216.67452032937,152.447284502225
2025-10-17,0.692,6500,0.122658109638544,0.123357398432376,6216.67452032937,141.985215864102
2025-10-17,0.692,6550,0.120284042812844,0.120897936311505,6216.67452032937,122.504122680367
2025-10-17,0.692,6600,0.118096251270483,0.118738456247816,6216.67452032937,105.084520895306
2025-10-17,0.692,6650,0.116124743388968,0.116925280916499,6216.67452032937,89.7264103588726
2025-10-17,0.692,6700,0.11448900101522,0.115078692932626,6216.67452032937,76.1205675571809
2025-10-17,0.692,6750,0.113078160383073,0.113640191437936,6216.67452032937,64.4216043036421
2025-10-17,0.692,6800,0.111761773031251,0.112445246367056,6216.67452032937,54.2687594349386
2025-10-17,0.692,6850,0.110622139499114,0.111449271088282,6216.67452032937,45.5589585676567
2025-10-17,0.692,6900,0.1097811457555,0.110416590058537,6216.67452032937,38.0860524537727
2025-10-17,0.692,6950,0.108911607266012,0.109514350650668,6216.67452032937,31.643892078735
2025-10-17,0.692,7000,0.108319252784677,0.108988835444282,6216.67452032937,26.3870891397947
2025-10-17,0.692,7100,0.107446477949243,0.108147708550643,6216.67452032937,18.1926610392131
2025-10-17,0.692,7200,0.107144016100186,0.108036712362048,6216.67452032937,12.6266344639489
2025-10-17,0.692,7300,0.107467462829636,0.108382504721485,6216.67452032937,8.86441276461805
2025-10-17,0.692,7400,0.108329191160701,0.109778957584007,6216.67452032937,6.44216044320162
2025-10-17,0.692,7600,0.111855119201865,0.113212822205884,6216.67452032937,3.65914713403789
2025-10-17,0.692,7800,0.117037057669826,0.118973393717754,6216.67452032937,2.4222523166616
2025-10-17,0.692,8000,0.122891998934028,0.125495201235546,6216.67452032937,1.75226763157867
2025-10-17,0.692,8200,0.128917100981683,0.132279377747633,6216.67452032937,1.33996936927975
2025-10-17,0.692,8400,0.135929866399653,0.139955009243215,6216.67452032937,1.13382023691477
2025-10-17,0.692,8600,0.140871703359519,0.146758802173588,6216.67452032937,0.90190246082461
2025-10-17,0.692,8800,0.146297351337437,0.153439256126389,6216.67452032937,0.747290609697981
2025-10-17,0.692,9000,0.151899151122308,0.160294710102052,6216.67452032937,0.644216042137409
2025-10-17,0.692,9200,0.156473617706279,0.166552639737456,6216.67452032937,0.541141474828486
2025-10-17,0.692,9400,0.159633827887043,0.172157947843569,6216.67452032937,0.438066907739645
2025-10-17,0.692,9600,0.164015319049347,0.177017142585105,6216.67452032937,0.360760983931088
2025-10-17,0.692,9800,0.162431449014698,0.182808367997442,6216.67452032937,0.283455059449162
2025-10-17,0.692,10000,0.161190780370979,0.1881476778616,6216.67452032937,0.231917774888102
2025-10-17,0.692,10400,NA,0.199774687232779,6216.67452032937,NA
2025-10-17,0.692,11000,NA,0.219206748322486,6216.67452032937,NA
2025-10-17,0.692,12000,NA,0.242577020569373,6216.67452032937,NA
2025-11-21,0.792,200,NA,1.15074533548732,6237.42242604089,NA
2025-11-21,0.792,400,NA,0.956055074802352,6237.42242604089,NA
2025-11-21,0.792,600,0.770680963779776,0.825063511020635,6237.42242604089,5637.60343557775
2025-11-21,0.792,800,0.741932055845421,0.764486372665074,6237.42242604089,5437.86202063041
2025-11-21,0.792,1000,0.696822946649526,0.721463495157894,6237.42242604089,5238.24989820879
2025-11-21,0.792,1200,0.656134342009624,0.674832387760517,6237.42242604089,5038.68949279893
2025-11-21,0.792,1400,0.620912945472013,0.632057859495946,6237.42242604089,4839.23252140769
2025-11-21,0.792,1600,0.587349513101338,0.595441432982083,6237.42242604089,4639.90484254592
2025-11-21,0.792,1800,0.555566979622965,0.561686689346766,6237.42242604089,4440.680597702
2025-11-21,0.792,2000,0.526250771530763,0.532504901515582,6237.42242604089,4241.66322090143
2025-11-21,0.792,2200,0.499334592190699,0.504244488133197,6237.42242604089,4042.80099513523
2025-11-21,0.792,2400,0.473006727865823,0.476961397384645,6237.42242604089,3844.04220338547
2025-11-21,0.792,2500,0.46066763783973,0.464222636678503,6237.42242604089,3744.76624153603
2025-11-21,0.792,2600,0.44900665527622,0.451411153649122,6237.42242604089,3645.54199668421
2025-11-21,0.792,2700,0.437133044929528,0.439308506634116,6237.42242604089,3546.36946885986
2025-11-21,0.792,2800,0.425798800738693,0.427766319503687,6237.42242604089,3447.3003750486
2025-11-21,0.792,2900,0.414284019521252,0.416665128455288,6237.42242604089,3348.28299825299
2025-11-21,0.792,3000,0.403206656943001,0.405374874704188,6237.42242604089,3249.31733845783
2025-11-21,0.792,3100,0.392475284484713,0.394450653571416,6237.42242604089,3150.45511268649
2025-11-21,0.792,3200,0.382016108365634,0.383817533607481,6237.42242604089,3051.69632094044
2025-11-21,0.792,3300,0.37135421984737,0.373005837633036,6237.42242604089,2952.93752919146
2025-11-21,0.792,3400,0.360927392490323,0.36281819079337,6237.42242604089,2854.3338884798
2025-11-21,0.792,3500,0.351035966474311,0.352423144237106,6237.42242604089,2755.83368177738
2025-11-21,0.792,3550,0.345831879409296,0.347493979667097,6237.42242604089,2706.60943694193
2025-11-21,0.792,3600,0.340911295085064,0.342503817542988,6237.42242604089,2657.43690909844
2025-11-21,0.792,3650,0.336239134800284,0.337459444150446,6237.42242604089,2608.31609827419
2025-11-21,0.792,3700,0.331194917113234,0.332657740533517,6237.42242604089,2559.19528744677
2025-11-21,0.792,3750,0.326669236261623,0.327789758326932,6237.42242604089,2510.17791067754
2025-11-21,0.792,3800,0.321786603186786,0.323129385530045,6237.42242604089,2461.16053388532
2025-11-21,0.792,3850,0.317106582393958,0.31839379257367,6237.42242604089,2412.19487408936
2025-11-21,0.792,3900,0.312602914952107,0.313835491712326,6237.42242604089,2363.33264828315
2025-11-21,0.792,3950,0.30801386516629,0.309195587639398,6237.42242604089,2314.4704225306
2025-11-21,0.792,4000,0.303574862361177,0.304706836201695,6237.42242604089,2265.71163078449
2025-11-21,0.792,4050,0.299046470487759,0.300132109138441,6237.42242604089,2216.95283905432
2025-11-21,0.792,4075,0.296964678006303,0.298026359256868,6237.42242604089,2192.67687720079
2025-11-21,0.792,4100,0.2948543432528,0.295892970777184,6237.42242604089,2168.40091534156
2025-11-21,0.792,4125,0.292512384500455,0.293733152381466,6237.42242604089,2144.07323647977
2025-11-21,0.792,4150,0.290553014953508,0.29154802936932,6237.42242604089,2119.84899163072
2025-11-21,0.792,4175,0.288364292670649,0.289338650206237,6237.42242604089,2095.5730297795
2025-11-21,0.792,4200,0.286151583592805,0.287295969052859,6237.42242604089,2071.34878493149
2025-11-21,0.792,4225,0.284103445034659,0.285037129385107,6237.42242604089,2047.12454008938
2025-11-21,0.792,4250,0.282025366784046,0.282939096966257,6237.42242604089,2022.95201225967
2025-11-21,0.792,4275,0.279918578332284,0.280991202186543,6237.42242604089,1998.83120143741
2025-11-21,0.792,4300,0.277959908732459,0.27883462406579,6237.42242604089,1974.71039060878
2025-11-21,0.792,4325,0.275795445365401,0.276822983748304,6237.42242604089,1950.58957976334
2025-11-21,0.792,4350,0.27377396300557,0.274779500638879,6237.42242604089,1926.5204859927
2025-11-21,0.792,4375,0.271721077612677,0.272705422709762,6237.42242604089,1902.45139219799
2025-11-21,0.792,4400,0.269799151307766,0.27076186571046,6237.42242604089,1878.48573236209
2025-11-21,0.792,4425,0.267841339979901,0.268626743661114,6237.42242604089,1854.46835557905
2025-11-21,0.792,4450,0.265849057493168,0.266770966724851,6237.42242604089,1830.55441280099
2025-11-21,0.792,4475,0.263823614829608,0.26472624684815,6237.42242604089,1806.58875300773
2025-11-21,0.792,4500,0.261913971941859,0.262797052589178,6237.42242604089,1782.72652722897
2025-11-21,0.792,4525,0.259967339395273,0.260831616203253,6237.42242604089,1758.86430150867
2025-11-21,0.792,4550,0.257985096711413,0.258831269918214,6237.42242604089,1735.00207569681
2025-11-21,0.792,4575,0.256106984913581,0.256934894448137,6237.42242604089,1711.24328394583
2025-11-21,0.792,4600,0.254189950089454,0.255000298518232,6237.42242604089,1687.48449218181
2025-11-21,0.792,4625,0.252367948584994,0.253160665040166,6237.42242604089,1663.82913449983
2025-11-21,0.792,4650,0.250504162420108,0.251279941901147,6237.42242604089,1640.17377678924
2025-11-21,0.792,4675,0.248600109214038,0.249359601172918,6237.42242604089,1616.51841903473
2025-11-21,0.792,4700,0.246781415650946,0.247524614266904,6237.42242604089,1592.96649535862
2025-11-21,0.792,4725,0.244919988788077,0.24576845173874,6237.42242604089,1569.46628864029
2025-11-21,0.792,4750,0.243136283849961,0.243848217967088,6237.42242604089,1545.96608193008
2025-11-21,0.792,4775,0.241307744606545,0.242004688650277,6237.42242604089,1522.51759223187
2025-11-21,0.792,4800,0.239435907303522,0.240231910745306,6237.42242604089,1499.12081958006
2025-11-21,0.792,4825,0.237745375659267,0.238413117792634,6237.42242604089,1475.8274809352
2025-11-21,0.792,4850,0.235786597065597,0.236658587843839,6237.42242604089,1452.48242526995
2025-11-21,0.792,4875,0.234002719250728,0.234856526974335,6237.42242604089,1429.24080355532
2025-11-21,0.792,4900,0.232276909252866,0.233112734592749,6237.42242604089,1406.10261594488
2025-11-21,0.792,4925,0.230501575012947,0.231422191452481,6237.42242604089,1383.01614540303
2025-11-21,0.792,4950,0.228778743646613,0.229680207291882,6237.42242604089,1359.98139170761
2025-11-21,0.792,4975,0.227103686217974,0.227888430551907,6237.42242604089,1336.99835520795
2025-11-21,0.792,5000,0.225375628822324,0.226144278155939,6237.42242604089,1314.06703559507
2025-11-21,0.792,5025,0.223596229359366,0.224443362410496,6237.42242604089,1291.18743300459
2025-11-21,0.792,5050,0.221951842856934,0.2227814878529,6237.42242604089,1268.46298150567
2025-11-21,0.792,5075,0.220251656453483,0.221064532113378,6237.42242604089,1245.73852992944
2025-11-21,0.792,5100,0.218586029830065,0.219382464445097,6237.42242604089,1223.11751247025
2025-11-21,0.792,5125,0.21686431095765,0.217644970860018,6237.42242604089,1200.49649491942
2025-11-21,0.792,5150,0.215173275380571,0.21602334064262,6237.42242604089,1178.0306284638
2025-11-21,0.792,5175,0.213509382908891,0.214342665010549,6237.42242604089,1155.61647895927
2025-11-21,0.792,5200,0.211869255606527,0.212686143666008,6237.42242604089,1133.30576356729
2025-11-21,0.792,5225,0.210249671970486,0.211050566310979,6237.42242604089,1111.0984821318
2025-11-21,0.792,5250,0.208647561401137,0.209354452261004,6237.42242604089,1088.94291769414
2025-11-21,0.792,5275,0.20698285460428,0.20775322659362,6237.42242604089,1066.89078717394
2025-11-21,0.792,5300,0.205332851208089,0.206088671136681,6237.42242604089,1044.89037384461
2025-11-21,0.792,5325,0.203694767140143,0.204436424562758,6237.42242604089,1022.99339447453
2025-11-21,0.792,5350,0.202065939108915,0.202866511561043,6237.42242604089,1001.25156609729
2025-11-21,0.792,5375,0.200443816745744,0.201229681140593,6237.42242604089,979.561454911738
2025-11-21,0.792,5400,0.198825954892313,0.199597542112093,6237.42242604089,957.974777529474
2025-11-21,0.792,5425,0.197210006033659,0.19796774521435,6237.42242604089,936.49153419801
2025-11-21,0.792,5450,0.195593712149094,0.196338029225255,6237.42242604089,915.111725035469
2025-11-21,0.792,5475,0.193974896126582,0.194706213103755,6237.42242604089,893.835349692049
2025-11-21,0.792,5500,0.192351454632295,0.193070188568371,6237.42242604089,872.662408578392
2025-11-21,0.792,5525,0.190721348651872,0.191427911366051,6237.42242604089,851.592901376198
2025-11-21,0.792,5550,0.189082596214459,0.189777393705176,6237.42242604089,830.626828202033
2025-11-21,0.792,5575,0.18743326366156,0.188178771229907,6237.42242604089,809.815905958484
2025-11-21,0.792,5600,0.185771457497966,0.186505000190573,6237.42242604089,789.056700741319
2025-11-21,0.792,5625,0.184155524646418,0.184877432646243,6237.42242604089,768.504363689945
2025-11-21,0.792,5650,0.182462277614782,0.183232252773393,6237.42242604089,748.003743746139
2025-11-21,0.792,5675,0.180809440378619,0.181567732095532,6237.42242604089,727.658274669323
2025-11-21,0.792,5700,0.179135087990273,0.17988214548311,6237.42242604089,707.416239540855
2025-11-21,0.792,5725,0.177494164698146,0.178173762276849,6237.42242604089,687.329355512699
2025-11-21,0.792,5750,0.175770798548927,0.176496642550783,6237.42242604089,667.345905549771
2025-11-21,0.792,5775,0.17402072541521,0.174846720645318,6237.42242604089,647.517606625056
2025-11-21,0.792,5800,0.172405218498221,0.173111481588465,6237.42242604089,627.896175710162
2025-11-21,0.792,5825,0.170594178369425,0.171452172970081,6237.42242604089,608.326461908644
2025-11-21,0.792,5850,0.168909903321122,0.169704168391113,6237.42242604089,588.963615931442
2025-11-21,0.792,5875,0.167187632931121,0.167972267398094,6237.42242604089,569.755921165418
2025-11-21,0.792,5900,0.165529018002536,0.166252767983791,6237.42242604089,550.806811351463
2025-11-21,0.792,5925,0.16377529510296,0.164542055452459,6237.42242604089,531.961135745764
2025-11-21,0.792,5950,0.162027469803588,0.162786029130222,6237.42242604089,513.270610881867
2025-11-21,0.792,5975,0.160281952001413,0.161032789208712,6237.42242604089,494.786954249013
2025-11-21,0.792,6000,0.158535190010487,0.159278794042802,6237.42242604089,476.51016561946
2025-11-21,0.792,6025,0.15678365251754,0.157520523378679,6237.42242604089,458.44024509063
2025-11-21,0.792,6050,0.1550238089369,0.155803162950395,6237.42242604089,440.628909506385
2025-11-21,0.792,6075,0.153155439064237,0.154073712499901,6237.42242604089,422.921007879437
2025-11-21,0.792,6100,0.151416964097995,0.152328698485031,6237.42242604089,405.575125451544
2025-11-21,0.792,6125,0.149754039474196,0.150564582607599,6237.42242604089,388.539545170415
2025-11-21,0.792,6150,0.148019159558611,0.148872553280229,6237.42242604089,371.76254992667
2025-11-21,0.792,6175,0.146303834652229,0.14715312517031,6237.42242604089,355.244139536303
2025-11-21,0.792,6200,0.144603684337527,0.145449627624068,6237.42242604089,339.036031300956
2025-11-21,0.792,6225,0.142914392079892,0.143804635470924,6237.42242604089,323.189942118457
2025-11-21,0.792,6250,0.141259734544654,0.142148158946282,6237.42242604089,307.664495463723
2025-11-21,0.792,6275,0.139565295274603,0.140639673071205,6237.42242604089,292.56312849918
2025-11-21,0.792,6300,0.138102496592576,0.138896671004135,6237.42242604089,277.772063344917
2025-11-21,0.792,6325,0.13649363408008,0.137335571515397,6237.42242604089,263.343017494009
2025-11-21,0.792,6350,0.134968501396058,0.135765625044276,6237.42242604089,249.32770755105
2025-11-21,0.792,6375,0.133288577661447,0.13422990686056,6237.42242604089,235.519265897256
2025-11-21,0.792,6400,0.131920812881163,0.132725019092042,6237.42242604089,222.434862121223
2025-11-21,0.792,6425,0.130485964062715,0.13129540823548,6237.42242604089,209.712477539701
2025-11-21,0.792,6450,0.128979367026234,0.129747345079999,6237.42242604089,197.145244006504
2025-11-21,0.792,6475,0.127589586798921,0.128510233942996,6237.42242604089,185.405482674007
2025-11-21,0.792,6500,0.126317100392555,0.127052055785092,6237.42242604089,173.924306322014
2025-11-21,0.792,6525,0.125014701796842,0.12580868412312,6237.42242604089,163.012017188504
2025-11-21,0.792,6550,0.123779742160505,0.124534919913078,6237.42242604089,152.513463973954
2025-11-21,0.792,6575,0.122613520387497,0.123483175874383,6237.42242604089,142.687231940685
2025-11-21,0.792,6600,0.121518321565068,0.122247453135612,6237.42242604089,133.119584968966
2025-11-21,0.792,6625,0.12044437043062,0.121187924549866,6237.42242604089,124.120825149115
2025-11-21,0.792,6650,0.119392819495841,0.120152496409564,6237.42242604089,115.535801525666
2025-11-21,0.792,6675,0.118476671658435,0.119198549826834,6237.42242604089,107.519664901079
2025-11-21,0.792,6700,0.11753590751019,0.118332926530138,6237.42242604089,99.9172644098375
2025-11-21,0.792,6750,0.116001007289629,0.11666257417225,6237.42242604089,86.1088224866185
2025-11-21,0.792,6800,0.114548703012307,0.115252527638117,6237.42242604089,73.9036080892066
2025-11-21,0.792,6850,0.11322748777157,0.113981598577719,6237.42242604089,63.146469726073
2025-11-21,0.792,6900,0.112182535984828,0.112847778099158,6237.42242604089,53.8374079038211
2025-11-21,0.792,6950,0.111212508226098,0.111934282639341,6237.42242604089,45.7695542658226
2025-11-21,0.792,7000,0.110396467815678,0.111096898207261,6237.42242604089,38.7877578913647
2025-11-21,0.792,7100,0.109185153149838,0.109821284739831,6237.42242604089,27.7203176722783
2025-11-21,0.792,7200,0.108500797531413,0.109153193506018,6237.42242604089,19.8076150034749
2025-11-21,0.792,7300,0.108086371063803,0.108901252850732,6237.42242604089,14.1187438791112
2025-11-21,0.792,7400,0.108394908919544,0.109210348481384,6237.42242604089,10.2399680724417
2025-11-21,0.792,7500,0.109054801895356,0.110322940917047,6237.42242604089,7.60240054092291
2025-11-21,0.792,7600,0.110122977374649,0.11169374253652,6237.42242604089,5.74058816830102
2025-11-21,0.792,7800,0.113968960239343,0.115795673944993,6237.42242604089,3.62019074835604
2025-11-21,0.792,8000,0.119114863072029,0.120982857068721,6237.42242604089,2.53413351471988
2025-11-21,0.792,8200,0.124611766249092,0.127031608597967,6237.42242604089,1.91352938673615
2025-11-21,0.792,8400,0.130653303666363,0.133629573564105,6237.42242604089,1.55151031596603
2025-11-21,0.792,8600,0.137251464646799,0.140730682640791,6237.42242604089,1.34464227376733
2025-11-21,0.792,8800,0.143742252720013,0.147121847865795,6237.42242604089,1.16363273847076
2025-11-21,0.792,9000,0.146733846221048,0.152730003636199,6237.42242604089,0.90504768477121
2025-11-21,0.792,9200,0.152294689058432,0.158307667614472,6237.42242604089,0.775755159466519
2025-11-21,0.792,9400,0.155689875271709,0.165099139001664,6237.42242604089,0.672321135995429
2025-11-21,0.792,9600,0.159340566486389,0.169434591833204,6237.42242604089,0.543028611979069
2025-11-21,0.792,9800,0.161646627992171,0.174137177407862,6237.42242604089,0.439594588241893
2025-11-21,0.792,10000,0.165235056072683,0.179651365495352,6237.42242604089,0.387877579148758
2025-11-21,0.792,10400,0.161094828825462,0.189590320976883,6237.42242604089,0.258585052990234
2025-11-21,0.792,11000,NA,0.203830156267677,6237.42242604089,NA
2025-11-21,0.792,12000,NA,0.228879561207063,6237.42242604089,NA
2025-12-19,0.868,200,NA,1.09993214807933,6252.88935557813,NA
2025-12-19,0.868,400,0.868202489528271,0.913986372051933,6252.88935557813,5853.04464426717
2025-12-19,0.868,500,0.759045925825927,0.851968916122663,6252.88935557813,5753.04464426726
2025-12-19,0.868,600,0.758725791839978,0.800423005294898,6252.88935557813,5653.12228861183
2025-12-19,0.868,800,0.72449363828308,0.757767549677391,6252.88935557813,5453.51051033425
2025-12-19,0.868,1000,0.679051040517592,0.699681481366732,6252.88935557813,5253.87285060886
2025-12-19,0.868,1200,0.638270150396177,0.652115219438911,6252.88935557813,5054.33871667478
2025-12-19,0.868,1400,0.602947759637865,0.612608668910266,6252.88935557813,4854.95987143236
2025-12-19,0.868,1600,0.570907194945607,0.577922248506727,6252.88935557813,4655.7363148777
2025-12-19,0.868,1800,0.539330258492574,0.54643190497149,6252.88935557813,4456.61628411427
2025-12-19,0.868,2000,0.513852286989551,0.51790187981556,6252.88935557813,4257.80683072936
2025-12-19,0.868,2200,0.486014884104049,0.490323783182757,6252.88935557813,4058.99737735076
2025-12-19,0.868,2400,0.461128672054548,0.463738624552982,6252.88935557813,3860.39497554524
2025-12-19,0.868,2500,0.448536487260771,0.451678807171433,6252.88935557813,3761.17141899278
2025-12-19,0.868,2600,0.436666229384309,0.439512151811067,6252.88935557813,3661.9996253325
2025-12-19,0.868,2700,0.425366480508523,0.427942894043777,6252.88935557813,3562.93135747689
2025-12-19,0.868,2800,0.414516083861048,0.416271402378128,6252.88935557813,3463.91485249496
2025-12-19,0.868,2900,0.403482746938166,0.405609926988738,6252.88935557813,3365.0018733297
2025-12-19,0.868,3000,0.392824106261862,0.394764108228274,6252.88935557813,3266.14065705452
2025-12-19,0.868,3100,0.382464777381525,0.384235694678615,6252.88935557813,3167.38296655203
2025-12-19,0.868,3200,0.372343725199114,0.37356008210358,6252.88935557813,3068.67703897155
2025-12-19,0.868,3250,0.367014856479651,0.368568276049608,6252.88935557813,3019.34995660532
2025-12-19,0.868,3300,0.362037694891088,0.36352461933889,6252.88935557813,2970.0746371726
2025-12-19,0.868,3350,0.357369253202725,0.358789375337443,6252.88935557813,2920.90284350765
2025-12-19,0.868,3400,0.352285304858085,0.353648067271991,6252.88935557813,2871.62752407244
2025-12-19,0.868,3450,0.347494049807329,0.348799008958045,6252.88935557813,2822.45573039711
2025-12-19,0.868,3500,0.342645158112813,0.343896290747734,6252.88935557813,2773.28393675762
2025-12-19,0.868,3550,0.337745389575719,0.338946251018774,6252.88935557813,2724.11214307726
2025-12-19,0.868,3600,0.333090250229624,0.334240915714214,6252.88935557813,2675.04387522208
2025-12-19,0.868,3650,0.328372233076462,0.32947610091135,6252.88935557813,2625.97560736084
2025-12-19,0.868,3700,0.323863978143336,0.324921502202759,6252.88935557813,2577.01086527745
2025-12-19,0.868,3750,0.319283998275242,0.320298352768468,6252.88935557813,2528.04612321897
2025-12-19,0.868,3800,0.314639374725167,0.315855565301243,6252.88935557813,2479.13314402309
2025-12-19,0.868,3825,0.312534263381635,0.313723959867731,6252.88935557813,2454.75429879282
2025-12-19,0.868,3850,0.310405386432229,0.311569570355028,6252.88935557813,2430.37545354394
2025-12-19,0.868,3875,0.308024581196664,0.309166491958014,6252.88935557813,2405.89308252605
2025-12-19,0.868,3900,0.305856359069902,0.306974441943181,6252.88935557813,2381.51423726133
2025-12-19,0.868,3925,0.30366742956777,0.30498026901714,6252.88935557813,2357.1871549085
2025-12-19,0.868,3950,0.301674117678553,0.302744968236423,6252.88935557813,2332.86007254313
2025-12-19,0.868,3975,0.299442209531352,0.300491667464164,6252.88935557813,2308.48122731878
2025-12-19,0.868,4000,0.297398870340368,0.29842580307256,6252.88935557813,2284.20590786618
2025-12-19,0.868,4025,0.295127849555416,0.296335174377139,6252.88935557813,2259.87882553871
2025-12-19,0.868,4050,0.293236563763209,0.294220871461872,6252.88935557813,2235.65526898883
2025-12-19,0.868,4075,0.291119797063175,0.292083911214595,6252.88935557813,2211.37994949608
2025-12-19,0.868,4100,0.288980632491779,0.290113270627227,6252.88935557813,2187.15639294705
2025-12-19,0.868,4125,0.287005719316581,0.287930049550401,6252.88935557813,2162.9328363971
2025-12-19,0.868,4150,0.285002573388572,0.285907374806636,6252.88935557813,2138.76104275826
2025-12-19,0.868,4175,0.282972393057971,0.283858370991611,6252.88935557813,2114.58924905942
2025-12-19,0.868,4200,0.280916294311157,0.281956945570392,6252.88935557813,2090.46921834404
2025-12-19,0.868,4225,0.279005841463807,0.27985496187,6252.88935557813,2066.34918758008
2025-12-19,0.868,4250,0.277064434218941,0.277895560308839,6252.88935557813,2042.28091967877
2025-12-19,0.868,4275,0.274929957401517,0.275907139609369,6252.88935557813,2018.16088897423
2025-12-19,0.868,4300,0.273093766470036,0.273890845298356,6252.88935557813,1994.14438399283
2025-12-19,0.868,4325,0.271223364567931,0.272003368615479,6252.88935557813,1970.17964190478
2025-12-19,0.868,4350,0.269320150279773,0.270083723614318,6252.88935557813,1946.21489982521
2025-12-19,0.868,4375,0.267385421927439,0.268133169035539,6252.88935557813,1922.2501577621
2025-12-19,0.868,4400,0.265420386446779,0.26615287456209,6252.88935557813,1898.28541570946
2025-12-19,0.868,4425,0.263570025587845,0.264287022752838,6252.88935557813,1874.4241993775
2025-12-19,0.868,4450,0.261685657485099,0.262387743448077,6252.88935557813,1850.56298314545
2025-12-19,0.868,4475,0.259906381131344,0.260593413138018,6252.88935557813,1826.80529267667
2025-12-19,0.868,4500,0.257954961004648,0.258762423934155,6252.88935557813,1802.99583923032
2025-12-19,0.868,4525,0.256237520249791,0.256896153320783,6252.88935557813,1779.2899116535
2025-12-19,0.868,4550,0.254350661732273,0.254995878519501,6252.88935557813,1755.53222120289
2025-12-19,0.868,4575,0.252557181545102,0.253188909580028,6252.88935557813,1731.87805647402
2025-12-19,0.868,4600,0.250726408000623,0.251468593221204,6252.88935557813,1708.27565471423
2025-12-19,0.868,4625,0.248981106585428,0.249707711797969,6252.88935557813,1684.72501578727
2025-12-19,0.868,4650,0.247196115112486,0.247907737964147,6252.88935557813,1661.17437685977
2025-12-19,0.868,4675,0.245489254182077,0.246070033924521,6252.88935557813,1637.67550085724
2025-12-19,0.868,4700,0.243740658649832,0.244309452852817,6252.88935557813,1614.22838780689
2025-12-19,0.868,4725,0.241951788072848,0.242620268715913,6252.88935557813,1590.83303755828
2025-12-19,0.868,4750,0.240233370156884,0.240888091818581,6252.88935557813,1567.48945020517
2025-12-19,0.868,4775,0.238579990134283,0.239114389139397,6252.88935557813,1544.19762577282
2025-12-19,0.868,4800,0.236776723347564,0.237509571477258,6252.88935557813,1520.95756429435
2025-12-19,0.868,4825,0.235036986730271,0.235857453687784,6252.88935557813,1497.76926571136
2025-12-19,0.868,4850,0.233355839034071,0.234159654234988,6252.88935557813,1474.63272988298
2025-12-19,0.868,4875,0.23172852731241,0.232417662652911,6252.88935557813,1451.54795707397
2025-12-19,0.868,4900,0.230053867442095,0.230729165220886,6252.88935557813,1428.51494718693
2025-12-19,0.868,4925,0.228428094730989,0.229089745287122,6252.88935557813,1405.58546299616
2025-12-19,0.868,4950,0.226754164348184,0.227495169990516,6252.88935557813,1382.70774174936
2025-12-19,0.868,4975,0.225124541054789,0.225850801532459,6252.88935557813,1359.88178341165
2025-12-19,0.868,5000,0.223713424227291,0.223891446246389,6252.88935557813,1337.05582501733
2025-12-19,0.868,5025,0.221895093006889,0.222505842855303,6252.88935557813,1314.38515540602
2025-12-19,0.868,5050,0.220291300236139,0.220890084335699,6252.88935557813,1291.76624866653
2025-12-19,0.868,5075,0.218636298548106,0.219307351533225,6252.88935557813,1269.19910469565
2025-12-19,0.868,5100,0.2170963316417,0.217672123424161,6252.88935557813,1246.73548666788
2025-12-19,0.868,5125,0.215501704685795,0.216066464661322,6252.88935557813,1224.32363150007
2025-12-19,0.868,5150,0.213933219663521,0.214487188375272,6252.88935557813,1202.01530212309
2025-12-19,0.868,5175,0.212310091035412,0.212931251906057,6252.88935557813,1179.75873561274
2025-12-19,0.868,5200,0.210786355335252,0.211395752292107,6252.88935557813,1157.65745777815
2025-12-19,0.868,5225,0.209205148592128,0.209803257191783,6252.88935557813,1135.55617998942
2025-12-19,0.868,5250,0.207641453041713,0.208228549625039,6252.88935557813,1113.55842796026
2025-12-19,0.868,5275,0.206092637988773,0.206669003262213,6252.88935557813,1091.66420184121
2025-12-19,0.868,5300,0.204556188862354,0.20512210600618,6252.88935557813,1069.87350129254
2025-12-19,0.868,5325,0.203029701686063,0.203585455044697,6252.88935557813,1048.18632671848
2025-12-19,0.868,5350,0.201442570276173,0.202056749865487,6252.88935557813,1026.55091489346
2025-12-19,0.868,5375,0.199930405676926,0.200466802077924,6252.88935557813,1005.01902910472
2025-12-19,0.868,5400,0.198355603522732,0.198948624918343,6252.88935557813,983.590668879239
2025-12-19,0.868,5425,0.1968491595724,0.197367296230169,6252.88935557813,962.26583447654
2025-12-19,0.868,5450,0.195278282215262,0.195851373598814,6252.88935557813,941.044525976646
2025-12-19,0.868,5475,0.193769600907963,0.194333133138402,6252.88935557813,919.978506106808
2025-12-19,0.868,5500,0.192194835715634,0.192749204314015,6252.88935557813,898.912486211241
2025-12-19,0.868,5525,0.19067649426493,0.191221904267739,6252.88935557813,878.053517909162
2025-12-19,0.868,5550,0.189150193789711,0.189627337556764,6252.88935557813,857.246312499712
2025-12-19,0.868,5575,0.187555515028988,0.188083964774599,6252.88935557813,836.542632926144
2025-12-19,0.868,5600,0.186009218039459,0.1865295807037,6252.88935557813,815.994242099161
2025-12-19,0.868,5625,0.184450014374236,0.184962572846341,6252.88935557813,795.549376907337
2025-12-19,0.868,5650,0.1828763181656,0.183381350532668,6252.88935557813,775.208037540726
2025-12-19,0.868,5675,0.181286557952224,0.181784337353704,6252.88935557813,754.970224031694
2025-12-19,0.868,5700,0.179733721623029,0.180224472594973,6252.88935557813,734.939462038961
2025-12-19,0.868,5725,0.178106391129398,0.17864418567841,6252.88935557813,714.960462981616
2025-12-19,0.868,5750,0.176564480814713,0.177041987506531,6252.88935557813,695.188515628415
2025-12-19,0.868,5775,0.174892707171264,0.175416371374033,6252.88935557813,675.416568108863
2025-12-19,0.868,5800,0.173352204608859,0.173817490747788,6252.88935557813,655.955197998336
2025-12-19,0.868,5825,0.171629118584009,0.172241872522188,6252.88935557813,636.493827946307
2025-12-19,0.868,5850,0.170080773994488,0.170585290932718,6252.88935557813,617.291272304898
2025-12-19,0.868,5875,0.168449013461303,0.168947708469289,6252.88935557813,598.192242592186
2025-12-19,0.868,5900,0.166832684361104,0.167325823884413,6252.88935557813,579.300264275194
2025-12-19,0.868,5925,0.165082179326542,0.165667646531919,6252.88935557813,560.408285922348
2025-12-19,0.868,5950,0.163536939970211,0.164019817628421,6252.88935557813,541.930410826254
2025-12-19,0.868,5975,0.161757553895016,0.162379185665637,6252.88935557813,523.400773003948
2025-12-19,0.868,6000,0.160174168293625,0.160695283582922,6252.88935557813,505.233475236841
2025-12-19,0.868,6025,0.158402754921744,0.159060202157163,6252.88935557813,487.117940561974
2025-12-19,0.868,6050,0.156864204207729,0.157376525483615,6252.88935557813,469.416508836417
2025-12-19,0.868,6075,0.155087644405508,0.15573472645723,6252.88935557813,451.715077324956
2025-12-19,0.868,6100,0.153488177919156,0.154084819249198,6252.88935557813,434.427748830857
2025-12-19,0.868,6125,0.151785308433575,0.152423749849072,6252.88935557813,417.24394631652
2025-12-19,0.868,6150,0.150249649330635,0.150793762466759,6252.88935557813,400.526009666125
2025-12-19,0.868,6175,0.148469148433213,0.149145900530413,6252.88935557813,383.756310167682
2025-12-19,0.868,6200,0.146892979417622,0.14752194157002,6252.88935557813,367.504239535978
2025-12-19,0.868,6225,0.145201817529919,0.145918163642224,6252.88935557813,351.407457851618
2025-12-19,0.868,6250,0.143661093778402,0.144286274615629,6252.88935557813,335.724779087785
2025-12-19,0.868,6275,0.141979924545367,0.142782365172371,6252.88935557813,320.308802594197
2025-12-19,0.868,6300,0.140437362013842,0.141239198299807,6252.88935557813,305.29756270908
2025-12-19,0.868,6325,0.138944585222292,0.139746613156981,6252.88935557813,290.700425919515
2025-12-19,0.868,6350,0.13745371240333,0.138212155460161,6252.88935557813,276.362103637598
2025-12-19,0.868,6375,0.135961439399085,0.136721690385864,6252.88935557813,262.386121617927
2025-12-19,0.868,6400,0.13459908385673,0.135272258220051,6252.88935557813,248.927768570242
2025-12-19,0.868,6425,0.133139712441777,0.133861169914307,6252.88935557813,235.728229967336
2025-12-19,0.868,6450,0.131760229586237,0.13244065618755,6252.88935557813,222.942794569226
2025-12-19,0.868,6475,0.130413564064399,0.131098961745474,6252.88935557813,210.623225172026
2025-12-19,0.868,6500,0.129097810011928,0.129696992251888,6252.88935557813,198.614233392084
2025-12-19,0.868,6525,0.127811355076616,0.12850966845557,6252.88935557813,187.226396009642
2025-12-19,0.868,6550,0.126600007814485,0.127212208634367,6252.88935557813,176.149136337016
2025-12-19,0.868,6575,0.125416922554516,0.1260847749914,6252.88935557813,165.641268275553
2025-12-19,0.868,6600,0.12426173317052,0.124842561952918,6252.88935557813,155.392214852879
2025-12-19,0.868,6625,0.123183698914178,0.123773864350906,6252.88935557813,145.764316122504
2025-12-19,0.868,6650,0.122135870213795,0.122686452694872,6252.88935557813,136.498757649503
2025-12-19,0.868,6675,0.12111956387218,0.121782738741433,6252.88935557813,127.802591058468
2025-12-19,0.868,6700,0.120136704234601,0.120761754395629,6252.88935557813,119.365239021162
2025-12-19,0.868,6725,0.119243229445274,0.11988232511488,6252.88935557813,111.49727872526
2025-12-19,0.868,6750,0.118391822933199,0.11899184103517,6252.88935557813,103.991658819301
2025-12-19,0.868,6775,0.117643181755427,0.118202605980197,6252.88935557813,97.0036678086573
2025-12-19,0.868,6800,0.116892543909367,0.117467210101185,6252.88935557813,90.3780171163197
2025-12-19,0.868,6825,0.116142248615392,0.116792646466517,6252.88935557813,84.1147065930942
2025-12-19,0.868,6850,0.115517280381647,0.116126472302016,6252.88935557813,78.2654993140167
2025-12-19,0.868,6875,0.114906986881295,0.115472814967399,6252.88935557813,72.7268694280619
2025-12-19,0.868,6900,0.114316708958262,0.114901470104712,6252.88935557813,67.5505798280341
2025-12-19,0.868,6925,0.113752800997373,0.114358051385983,6252.88935557813,62.6848675717181
2025-12-19,0.868,6950,0.113222805110769,0.113850163787628,6252.88935557813,58.1297325604436
2025-12-19,0.868,6975,0.112735646570137,0.113386773326697,6252.88935557813,53.8851751022661
2025-12-19,0.868,7000,0.112301845246035,0.112978406567626,6252.88935557813,49.9511950072863
2025-12-19,0.868,7050,0.111482108067071,0.112215711586684,6252.88935557813,42.8079153036779
2025-12-19,0.868,7100,0.110844996260068,0.1114669008791,6252.88935557813,36.5963677184145
2025-12-19,0.868,7150,0.110209057337433,0.110890294916982,6252.88935557813,31.2130265013025
2025-12-19,0.868,7200,0.10985298375885,0.110387643243246,6252.88935557813,26.6578916555566
2025-12-19,0.868,7250,0.109576607381993,0.110165293616537,6252.88935557813,22.8274372983357
2025-12-19,0.868,7300,0.109211059487962,0.109992936367,6252.88935557813,19.4628489824016
2025-12-19,0.868,7400,0.109040675914687,0.109842958653411,6252.88935557813,14.2347965034292
2025-12-19,0.868,7500,0.109394273630413,0.11038063023874,6252.88935557813,10.6113937367169
2025-12-19,0.868,7600,0.110338782568522,0.111303641486963,6252.88935557813,8.07501182513047
2025-12-19,0.868,7700,0.111372443815277,0.112837392979337,6252.88935557813,6.26331047258708
2025-12-19,0.868,7800,0.113039148881133,0.114447003023718,6252.88935557813,4.96923805565229
2025-12-19,0.868,7900,0.114857483593995,0.116526785012566,6252.88935557813,4.03750591612144
2025-12-19,0.868,8000,0.117221554418086,0.119150544950245,6252.88935557813,3.41635116159643
2025-12-19,0.868,8200,0.121769635032808,0.124018351515213,6252.88935557813,2.45873757268222
2025-12-19,0.868,8400,0.127558331758836,0.129943420641687,6252.88935557813,1.96699006246577
2025-12-19,0.868,8600,0.133500248801723,0.136340886991504,6252.88935557813,1.65641268370051
2025-12-19,0.868,8800,0.13902196124802,0.142906055869735,6252.88935557813,1.42347965267619
2025-12-19,0.868,9000,0.144999672655428,0.148842040824379,6252.88935557813,1.24230951153808
2025-12-19,0.868,9200,0.150343794837953,0.155420272665872,6252.88935557813,1.11290226849722
2025-12-19,0.868,9400,0.153962986103814,0.160880247593179,6252.88935557813,0.931732136146268
2025-12-19,0.868,10000,0.162207517158247,0.169353820700134,6252.88935557813,0.414103169954541
2025-12-19,0.868,10400,0.16528134295016,0.178510456487846,6252.88935557813,0.284695930379412
2025-12-19,0.868,11000,NA,0.197956615327507,6252.88935557813,NA
2025-12-19,0.868,12000,0.192317966891857,0.206955310593617,6252.88935557813,0.103525792358582
2025-12-31,0.896,1200,0.6361016493092,0.646770157930259,6260.66807533272,5062.25690071287
2025-12-31,0.896,1400,0.599147859923836,0.6081865666995,6260.66807533272,4862.90805865597
2025-12-31,0.896,1600,0.566260201470618,0.573986174443817,6260.66807533272,4663.71549450542
2025-12-31,0.896,1800,0.535234536822887,0.541979131834516,6260.66807533272,4464.62711562779
2025-12-31,0.896,2000,0.507956271925983,0.513171753722698,6260.66807533272,4265.77315360531
2025-12-31,0.896,2200,0.481365033942583,0.485522221301483,6260.66807533272,4067.02337685613
2025-12-31,0.896,2400,0.456457554123456,0.459815767703636,6260.66807533272,3868.48197064849
2025-12-31,0.896,2600,0.433474497281336,0.435528400871738,6260.66807533272,3670.20102761097
2025-12-31,0.896,2800,0.411181591503401,0.412874205526724,6260.66807533272,3472.18054776809
2025-12-31,0.896,3000,0.389929302060103,0.391799599916015,6260.66807533272,3274.52471637301
2025-12-31,0.896,3100,0.379963583278162,0.381244337209645,6260.66807533272,3175.82703225523
2025-12-31,0.896,3200,0.369786287652355,0.370959624584314,6260.66807533272,3077.18144075719
2025-12-31,0.896,3300,0.359817400190873,0.361249959410979,6260.66807533272,2978.69212720381
2025-12-31,0.896,3400,0.350015056925352,0.351331180159912,6260.66807533272,2880.25490624357
2025-12-31,0.896,3500,0.340344621387166,0.341856174078377,6260.66807533272,2781.97396321144
2025-12-31,0.896,3600,0.331057270547091,0.33244677006796,6260.66807533272,2683.8492980854
2025-12-31,0.896,3700,0.322061795765339,0.323338690528904,6260.66807533272,2585.93300353933
2025-12-31,0.896,3800,0.31304627935834,0.314222469338798,6260.66807533272,2488.12089420213
2025-12-31,0.896,3900,0.304439784546597,0.305521466531529,6260.66807533272,2390.62134073704
2025-12-31,0.896,4000,0.295933724725453,0.297127679101945,6260.66807533272,2293.38225038166
2025-12-31,0.896,4100,0.287853591605004,0.288950896817163,6260.66807533272,2196.50780854189
2025-12-31,0.896,4200,0.279907221144525,0.280916387443415,6260.66807533272,2099.94592245541
2025-12-31,0.896,4250,0.275863302255782,0.276993013419001,6260.66807533272,2051.76916470187
2025-12-31,0.896,4300,0.2720332646522,0.273116602936123,6260.66807533272,2003.74868483684
2025-12-31,0.896,4350,0.268237717416015,0.269276749192605,6260.66807533272,1955.83239027663
2025-12-31,0.896,4400,0.264610071778445,0.265463988786935,6260.66807533272,1908.0723736105
2025-12-31,0.896,4450,0.260850272195133,0.261805815559521,6260.66807533272,1860.41654216125
2025-12-31,0.896,4500,0.257230867743713,0.258147317387841,6260.66807533272,1812.916988647
2025-12-31,0.896,4550,0.253728723207279,0.254607351550614,6260.66807533272,1765.6258057081
2025-12-31,0.896,4575,0.251922475606244,0.252783253697245,6260.66807533272,1741.98021425322
2025-12-31,0.896,4600,0.250081197179681,0.251044897474631,6260.66807533272,1718.38671543337
2025-12-31,0.896,4625,0.248442825565889,0.249268522045177,6260.66807533272,1694.89740181898
2025-12-31,0.896,4650,0.246646322363849,0.24757070032795,6260.66807533272,1671.40808822526
2025-12-31,0.896,4675,0.244927316841548,0.245832810057662,6260.66807533272,1647.97086736894
2025-12-31,0.896,4700,0.24316892161303,0.244056239778063,6260.66807533272,1624.53364637924
2025-12-31,0.896,4725,0.241481449072395,0.242350671930841,6260.66807533272,1601.20061067748
2025-12-31,0.896,4750,0.239859545715548,0.240710808745739,6260.66807533272,1577.97176033606
2025-12-31,0.896,4775,0.238089034562411,0.239027586528503,6260.66807533272,1554.69081733447
2025-12-31,0.896,4800,0.23648505334436,0.237302463672078,6260.66807533272,1531.51405955471
2025-12-31,0.896,4825,0.234835738253759,0.235636704189674,6260.66807533272,1508.38939441492
2025-12-31,0.896,4850,0.233142602689793,0.234025652341532,6260.66807533272,1485.31682186361
2025-12-31,0.896,4875,0.231503461570724,0.232368931490233,6260.66807533272,1462.29634210047
2025-12-31,0.896,4900,0.229819438852632,0.230668000174242,6260.66807533272,1439.27586220449
2025-12-31,0.896,4925,0.228277191079034,0.229108651862982,6260.66807533272,1416.46375292318
2025-12-31,0.896,4950,0.226594761795659,0.227410189715966,6260.66807533272,1393.54745831432
2025-12-31,0.896,4975,0.225046045841261,0.22584530818446,6260.66807533272,1370.8395343099
2025-12-31,0.896,5000,0.223534663698495,0.224231167110234,6260.66807533272,1348.18370288694
2025-12-31,0.896,5025,0.221800434835598,0.22265448877761,6260.66807533272,1325.47577881648
2025-12-31,0.896,5050,0.220190409916113,0.221028173280066,6260.66807533272,1302.87204001926
2025-12-31,0.896,5075,0.218613892964229,0.21951767865861,6260.66807533272,1280.4245791826
2025-12-31,0.896,5100,0.217229032884973,0.217873692770405,6260.66807533272,1258.08130363085
2025-12-31,0.896,5125,0.215627496388679,0.216339089554433,6260.66807533272,1235.73802796429
2025-12-31,0.896,5150,0.214130734409625,0.21482886050543,6260.66807533272,1213.55103033765
2025-12-31,0.896,5175,0.212578931702968,0.213264129440728,6260.66807533272,1191.36403263688
2025-12-31,0.896,5200,0.211048424705614,0.21172099414582,6260.66807533272,1169.28122030491
2025-12-31,0.896,5225,0.209463035451016,0.210196749274146,6260.66807533272,1147.25050050033
2025-12-31,0.896,5250,0.207968449128807,0.2086888106966,6260.66807533272,1125.37605849169
2025-12-31,0.896,5275,0.206416514872837,0.207124056494353,6260.66807533272,1103.50161668332
2025-12-31,0.896,5300,0.205017382420644,0.205642695243742,6260.66807533272,1081.88763790602
2025-12-31,0.896,5325,0.203419614724875,0.204102339219123,6260.66807533272,1060.16947405769
2025-12-31,0.896,5350,0.202034782148739,0.202571384313818,6260.66807533272,1038.71177326405
2025-12-31,0.896,5375,0.20038825796996,0.20111352964499,6260.66807533272,1017.20197989785
2025-12-31,0.896,5400,0.198880858831912,0.199593853492621,6260.66807533272,995.848464268327
2025-12-31,0.896,5425,0.19737628756755,0.198077364209688,6260.66807533272,974.599134088965
2025-12-31,0.896,5450,0.195872619540567,0.196562134540536,6260.66807533272,953.453989111366
2025-12-31,0.896,5475,0.194306272922235,0.195046304750401,6260.66807533272,932.360936781117
2025-12-31,0.896,5500,0.192921353325646,0.193467445958799,6260.66807533272,911.476254922553
2025-12-31,0.896,5525,0.191288999656397,0.192005704618932,6260.66807533272,890.591573151326
2025-12-31,0.896,5550,0.18977189468193,0.190477495368993,6260.66807533272,869.86316923962
2025-12-31,0.896,5575,0.188246933273951,0.18882605890019,6260.66807533272,849.134765388169
2025-12-31,0.896,5600,0.186712504389923,0.187282975846658,6260.66807533272,828.61473204154
2025-12-31,0.896,5625,0.18516702681874,0.185897653162017,6260.66807533272,808.355161744023
2025-12-31,0.896,5650,0.18366437276921,0.184329092324264,6260.66807533272,788.09559154934
2025-12-31,0.896,5675,0.182091360500589,0.18280133884031,6260.66807533272,767.940206756822
2025-12-31,0.896,5700,0.180610479899738,0.181256776584594,6260.66807533272,747.99319239376
2025-12-31,0.896,5725,0.179056353397739,0.179693956622919,6260.66807533272,728.098270677934
2025-12-31,0.896,5750,0.177377248790436,0.178111424345837,6260.66807533272,708.203348969735
2025-12-31,0.896,5775,0.175886489912971,0.176559459239806,6260.66807533272,688.673075680224
2025-12-31,0.896,5800,0.174318954112127,0.174830226049406,6260.66807533272,669.038617111621
2025-12-31,0.896,5825,0.1727256801933,0.173382256060035,6260.66807533272,649.820899678969
2025-12-31,0.896,5850,0.171155134183272,0.171654309404461,6260.66807533272,630.49899701076
2025-12-31,0.896,5875,0.169554742195111,0.170196283896148,6260.66807533272,611.593835358247
2025-12-31,0.896,5900,0.167923017459639,0.168459970325874,6260.66807533272,592.532395686689
2025-12-31,0.896,5925,0.166355027348001,0.166982906110311,6260.66807533272,573.991882425092
2025-12-31,0.896,5950,0.164750573774781,0.165372135114133,6260.66807533272,555.451369359051
2025-12-31,0.896,5975,0.163108098375376,0.163771045798194,6260.66807533272,537.067133985635
2025-12-31,0.896,6000,0.161519796118387,0.162035938290655,6260.66807533272,518.787083938347
2025-12-31,0.896,6025,0.159934931169294,0.160446610996757,6260.66807533272,500.871682364608
2025-12-31,0.896,6050,0.15816605201345,0.158858151142526,6260.66807533272,482.956280845119
2025-12-31,0.896,6075,0.156626644773704,0.157176134551467,6260.66807533272,465.405527529735
2025-12-31,0.896,6100,0.155035861997245,0.155536041300585,6260.66807533272,448.063145174105
2025-12-31,0.896,6125,0.153346627074157,0.154024336978416,6260.66807533272,430.981225660395
2025-12-31,0.896,6150,0.151782230557985,0.152321287340125,6260.66807533272,414.055584146573
2025-12-31,0.896,6175,0.150114034793933,0.150829134680219,6260.66807533272,397.494591042155
2025-12-31,0.896,6200,0.148518317608539,0.149230302802889,6260.66807533272,381.141968437048
2025-12-31,0.896,6225,0.146902262084346,0.14765601840584,6260.66807533272,365.049809330835
2025-12-31,0.896,6250,0.145351215786243,0.146102850729535,6260.66807533272,349.322298362634
2025-12-31,0.896,6275,0.143753857581369,0.144548129636279,6260.66807533272,333.809607858771
2025-12-31,0.896,6300,0.142187915069724,0.142981312117971,6260.66807533272,318.598558345464
2025-12-31,0.896,6325,0.14067662547714,0.141469884282192,6260.66807533272,303.8042500182
2025-12-31,0.896,6350,0.139172667721524,0.139922457190926,6260.66807533272,289.270404633578
2025-12-31,0.896,6375,0.137672871813663,0.138424032218999,6260.66807533272,275.101207813608
2025-12-31,0.896,6400,0.136218390278785,0.13697173099758,6260.66807533272,261.348751922745
2025-12-31,0.896,6425,0.134762085825486,0.135518467749044,6260.66807533272,247.908852147734
2025-12-31,0.896,6450,0.133345631355483,0.134105958448778,6260.66807533272,234.88569326179
2025-12-31,0.896,6475,0.131966789802846,0.132732017108075,6260.66807533272,222.279275438916
2025-12-31,0.896,6500,0.130623610046782,0.131394747757901,6260.66807533272,210.089598787873
2025-12-31,0.896,6525,0.129360223826124,0.130092556090422,6260.66807533272,198.368755748854
2025-12-31,0.896,6550,0.128084198248455,0.128824165320598,6260.66807533272,187.012561163852
2025-12-31,0.896,6575,0.126839898756367,0.127588635394703,6260.66807533272,176.073107750346
2025-12-31,0.896,6600,0.125674120089179,0.126337994323478,6260.66807533272,165.550395470459
2025-12-31,0.896,6625,0.124540567947935,0.125310411557233,6260.66807533272,155.652794748057
2025-12-31,0.896,6650,0.123439661864353,0.124124306047257,6260.66807533272,145.963564505471
2025-12-31,0.896,6675,0.122422132143224,0.12316863884607,6260.66807533272,136.951538483492
2025-12-31,0.896,6700,0.121441576801422,0.122101108453179,6260.66807533272,128.199975821176
2025-12-31,0.896,6750,0.119601713112057,0.120290087823949,6260.66807533272,112.155444132007
2025-12-31,0.896,6800,0.118004360145873,0.11867150143066,6260.66807533272,97.8299693776451
2025-12-31,0.896,6850,0.116585175154495,0.117231055218019,6260.66807533272,85.0672737873811
2025-12-31,0.896,6900,0.115273214640805,0.116021665479525,6260.66807533272,73.7631718279667
2025-12-31,0.896,7000,0.113191922890752,0.11383623847787,6260.66807533272,54.9577304801054
2025-12-31,0.896,7100,0.111600271364954,0.112271154529223,6260.66807533272,40.6322555960012
2025-12-31,0.896,7200,0.110344828452742,0.11124521074519,6260.66807533272,29.8490800688896
2025-12-31,0.896,7300,0.109593666592215,0.110562502694607,6260.66807533272,21.8789069087438
2025-12-31,0.896,7400,0.109283215014102,0.110319344702237,6260.66807533272,16.0966243184608
2025-12-31,0.896,7600,0.109998132273851,0.111330112875955,6260.66807533272,9.06411858580813
2025-12-31,0.896,7800,0.112536579862275,0.113834670654523,6260.66807533272,5.52181935746596
2025-12-31,0.896,8000,0.115925164744728,0.11774732559266,6260.66807533272,3.6464844791389
2025-12-31,0.896,8200,0.120743382311615,0.122832862133328,6260.66807533272,2.68277072286882
2026-01-16,0.94,200,NA,1.09075165559076,6274.86433763097,NA
2026-01-16,0.94,400,0.796853422090125,0.895067765250233,6274.86433763097,5875.02029984354
2026-01-16,0.94,600,0.746218025616823,0.788847225650241,6274.86433763097,5675.17626205594
2026-01-16,0.94,800,0.720120949428777,0.733807379021421,6274.86433763097,5475.61815499178
2026-01-16,0.94,1000,0.66099441394061,0.673692373986836,6274.86433763097,5275.904085714
2026-01-16,0.94,1200,0.621612775306054,0.63004584504872,6274.86433763097,5076.42395975612
2026-01-16,0.94,1400,0.588602263036118,0.599815772169091,6274.86433763097,4877.25575822553
2026-01-16,0.94,1600,0.557864663009075,0.565061691034987,6274.86433763097,4678.11355039406
2026-01-16,0.94,1800,0.528192566729689,0.534437647314985,6274.86433763097,4479.12730477804
2026-01-16,0.94,2000,0.501693161808757,0.505335932270459,6274.86433763097,4280.32301507229
2026-01-16,0.94,2200,0.474722194653379,0.478612089814022,6274.86433763097,4081.6227001709
2026-01-16,0.94,2300,0.463095247709916,0.465706524578155,6274.86433763097,3982.40251124287
2026-01-16,0.94,2400,0.450451139208779,0.452818007784092,6274.86433763097,3883.13033489245
2026-01-16,0.94,2500,0.438563147204267,0.441408889623834,6274.86433763097,3784.01412077076
2026-01-16,0.94,2600,0.427275819261243,0.429851563990474,6274.86433763097,3684.94989404108
2026-01-16,0.94,2700,0.416464782343039,0.418797317711639,6274.86433763097,3585.98964213048
2026-01-16,0.94,2800,0.405495399923432,0.407621547370099,6274.86433763097,3487.02939021305
2026-01-16,0.94,2900,0.395411272061759,0.397340817167408,6274.86433763097,3388.27708792123
2026-01-16,0.94,3000,0.385115681297718,0.386440242605843,6274.86433763097,3289.47279820881
2026-01-16,0.94,3100,0.374674745567819,0.37629261076819,6274.86433763097,3190.77248331185
2026-01-16,0.94,3200,0.364885826735135,0.366366865951862,6274.86433763097,3092.22813064556
2026-01-16,0.94,3300,0.35491987497703,0.356282391027011,6274.86433763097,2993.68377793461
2026-01-16,0.94,3350,0.350214709347802,0.351519551064563,6274.86433763097,2944.51557642418
2026-01-16,0.94,3400,0.34545583376362,0.346706985752589,6274.86433763097,2895.3473748945
2026-01-16,0.94,3450,0.340649911546466,0.34185093626201,6274.86433763097,2846.17917334728
2026-01-16,0.94,3500,0.336092443927788,0.337243407435602,6274.86433763097,2797.11494662072
2026-01-16,0.94,3550,0.331475832523489,0.332580139098622,6274.86433763097,2748.05071990212
2026-01-16,0.94,3600,0.327072799578996,0.327867339971223,6274.86433763097,2699.0384805728
2026-01-16,0.94,3650,0.322601715476052,0.323363895755752,6274.86433763097,2650.07822868962
2026-01-16,0.94,3700,0.318069609808348,0.319044476515449,6274.86433763097,2601.16996415583
2026-01-16,0.94,3750,0.313717668201663,0.314652910625674,6274.86433763097,2552.31368706274
2026-01-16,0.94,3800,0.309297947993901,0.310196192173444,6274.86433763097,2503.45740993734
2026-01-16,0.94,3850,0.305033352075586,0.306109774270758,6274.86433763097,2454.75709503837
2026-01-16,0.94,3875,0.302873422212197,0.303928351228578,6274.86433763097,2430.38094390462
2026-01-16,0.94,3900,0.300903774647525,0.301730338129922,6274.86433763097,2406.05678015576
2026-01-16,0.94,3925,0.29870597429787,0.299718212651583,6274.86433763097,2381.73261638396
2026-01-16,0.94,3950,0.296691757854832,0.29768288807343,6274.86433763097,2357.46044009603
2026-01-16,0.94,3975,0.294654638152416,0.29562540849538,6274.86433763097,2333.18826371995
2026-01-16,0.94,4000,0.292595633242612,0.293736054906477,6274.86433763097,2308.96807481035
2026-01-16,0.94,4025,0.290515692783408,0.291633369512733,6274.86433763097,2284.69589843604
2026-01-16,0.94,4050,0.288599019865413,0.289511388715953,6274.86433763097,2260.47570949992
2026-01-16,0.94,4075,0.286476235075317,0.287549039809882,6274.86433763097,2236.25552057303
2026-01-16,0.94,4100,0.284511137312459,0.285561884253922,6274.86433763097,2212.08731903799
2026-01-16,0.94,4125,0.282521496143858,0.283550958872032,6274.86433763097,2187.91911753162
2026-01-16,0.94,4150,0.280677050929503,0.281684583048313,6274.86433763097,2163.85489079654
2026-01-16,0.94,4175,0.27863795333077,0.279789544608206,6274.86433763097,2139.73867666408
2026-01-16,0.94,4200,0.276739211864795,0.277867036663243,6274.86433763097,2115.67444991739
2026-01-16,0.94,4225,0.274813264429149,0.275918170834227,6274.86433763097,2091.61022318796
2026-01-16,0.94,4250,0.273016445305029,0.273943983508561,6274.86433763097,2067.59798390013
2026-01-16,0.94,4275,0.271188179783139,0.272096361902149,6274.86433763097,2043.6377319729
2026-01-16,0.94,4300,0.269329747413385,0.270219284308932,6274.86433763097,2019.67748007372
2026-01-16,0.94,4325,0.267442338687952,0.268313898147427,6274.86433763097,1995.71722812222
2026-01-16,0.94,4350,0.265527062171742,0.266523109336977,6274.86433763097,1971.8089636175
2026-01-16,0.94,4375,0.263724889689048,0.264700399008726,6274.86433763097,1947.9526865004
2026-01-16,0.94,4400,0.261891270517546,0.262846990978743,6274.86433763097,1924.09640939459
2026-01-16,0.94,4425,0.260161585490178,0.260964024079914,6274.86433763097,1900.29211971176
2026-01-16,0.94,4450,0.258397311578947,0.259183237673916,6274.86433763097,1876.53981737108
2026-01-16,0.94,4475,0.256599763403874,0.257497714071287,6274.86433763097,1852.83950248853
2026-01-16,0.94,4500,0.254770161725128,0.255650243368236,6274.86433763097,1829.08720019818
2026-01-16,0.94,4525,0.253033220530751,0.253895321245327,6274.86433763097,1805.43887272805
2026-01-16,0.94,4550,0.251382506273501,0.252106306458863,6274.86433763097,1781.84253262872
2026-01-16,0.94,4575,0.249574889482762,0.25040231633029,6274.86433763097,1758.24619258001
2026-01-16,0.94,4600,0.247851160845335,0.248661884859045,6274.86433763097,1734.7018398606
2026-01-16,0.94,4625,0.246205428290745,0.246999471589548,6274.86433763097,1711.26146199671
2026-01-16,0.94,4650,0.244520600124145,0.245298599790889,6274.86433763097,1687.82108415067
2026-01-16,0.94,4675,0.242798055139503,0.243560607657194,6274.86433763097,1664.38070623851
2026-01-16,0.94,4700,0.241146093783118,0.241893259542204,6274.86433763097,1641.04430319241
2026-01-16,0.94,4725,0.239454680147281,0.240187037295355,6274.86433763097,1617.70790008142
2026-01-16,0.94,4750,0.237827909029271,0.238545554336568,6274.86433763097,1594.47547183036
2026-01-16,0.94,4775,0.236059472979246,0.237064161799339,6274.86433763097,1571.29503101342
2026-01-16,0.94,4800,0.23445293484417,0.235437596445411,6274.86433763097,1548.16657749168
2026-01-16,0.94,4825,0.232804152208147,0.233769545763954,6274.86433763097,1525.03812408499
2026-01-16,0.94,4850,0.231209394867082,0.232155727451208,6274.86433763097,1502.01364547491
2026-01-16,0.94,4875,0.229571353436247,0.230499347551283,6274.86433763097,1478.98916680507
2026-01-16,0.94,4900,0.227982616950107,0.228892500915603,6274.86433763097,1456.0686629418
2026-01-16,0.94,4925,0.226439161804102,0.227331198427648,6274.86433763097,1433.25213399105
2026-01-16,0.94,4950,0.22484946794746,0.22572434626224,6274.86433763097,1410.4356049543
2026-01-16,0.94,4975,0.223300957029547,0.224158947992225,6274.86433763097,1387.72305064834
2026-01-16,0.94,5000,0.221705688334181,0.222631420936071,6274.86433763097,1365.06248383354
2026-01-16,0.94,5025,0.220147793904771,0.22105597456859,6274.86433763097,1342.45390443285
2026-01-16,0.94,5050,0.21862389027551,0.219514842781371,6274.86433763097,1319.94929995942
2026-01-16,0.94,5075,0.217130743428755,0.217925494823753,6274.86433763097,1297.49668274536
2026-01-16,0.94,5100,0.215587144800866,0.216444985005702,6274.86433763097,1275.14804035028
2026-01-16,0.94,5125,0.214071206453443,0.214913153347505,6274.86433763097,1252.85138530252
2026-01-16,0.94,5150,0.212580024988359,0.213406425052749,6274.86433763097,1230.65870516305
2026-01-16,0.94,5175,0.211036947173516,0.211922038167923,6274.86433763097,1208.51801240694
2026-01-16,0.94,5200,0.209588447785469,0.210385062116655,6274.86433763097,1186.48129446993
2026-01-16,0.94,5225,0.20808551026463,0.20886786924862,6274.86433763097,1164.49656389994
2026-01-16,0.94,5250,0.206599511318636,0.207437710366931,6274.86433763097,1142.6677955857
2026-01-16,0.94,5275,0.205128056575355,0.205951471459854,6274.86433763097,1120.89101463416
2026-01-16,0.94,5300,0.203668856581964,0.204477872055307,6274.86433763097,1099.21820845881
2026-01-16,0.94,5325,0.202153374000526,0.202948555404618,6274.86433763097,1077.5454023553
2026-01-16,0.94,5350,0.200713349793427,0.201494892269453,6274.86433763097,1056.08054580449
2026-01-16,0.94,5375,0.199215145574054,0.200047543501343,6274.86433763097,1034.66767676699
2026-01-16,0.94,5400,0.197723088811269,0.198541695451939,6274.86433763097,1013.30679493603
2026-01-16,0.94,5425,0.196297242971735,0.197102303671076,6274.86433763097,992.153862863095
2026-01-16,0.94,5450,0.194810718410562,0.195602777264685,6274.86433763097,971.000930775673
2026-01-16,0.94,5475,0.193324751187743,0.194104193240325,6274.86433763097,949.95197353372
2026-01-16,0.94,5500,0.191837595364488,0.192663755613314,6274.86433763097,929.058978591234
2026-01-16,0.94,5525,0.190405711935325,0.191160953279768,6274.86433763097,908.269958136188
2026-01-16,0.94,5550,0.188910263994216,0.189711187875096,6274.86433763097,887.584912833566
2026-01-16,0.94,5575,0.187408719237183,0.188197683335495,6274.86433763097,866.951854665302
2026-01-16,0.94,5600,0.185955083605137,0.186732387981372,6274.86433763097,846.526746260206
2026-01-16,0.94,5625,0.184435880535533,0.185256686989227,6274.86433763097,826.153625199764
2026-01-16,0.94,5650,0.182959988767779,0.183715241899273,6274.86433763097,805.884479115984
2026-01-16,0.94,5675,0.181470430277801,0.182268356755182,6274.86433763097,785.823282380184
2026-01-16,0.94,5700,0.17996580910037,0.180752909680417,6274.86433763097,765.814073250133
2026-01-16,0.94,5725,0.178444733926871,0.179221408932772,6274.86433763097,745.908838978911
2026-01-16,0.94,5750,0.176905812139017,0.177723535769471,6274.86433763097,726.159566764145
2026-01-16,0.94,5775,0.175398133749716,0.176205520718225,6274.86433763097,706.566256726734
2026-01-16,0.94,5800,0.173868551526575,0.174666020928299,6274.86433763097,687.076921660728
2026-01-16,0.94,5825,0.172364974012504,0.173152895902647,6274.86433763097,667.795536012845
2026-01-16,0.94,5850,0.170786905389899,0.171614391027164,6274.86433763097,648.566137903892
2026-01-16,0.94,5875,0.169134630294222,0.170049150063352,6274.86433763097,629.38872721437
2026-01-16,0.94,5900,0.167694011641386,0.168503364282604,6274.86433763097,610.627215716766
2026-01-16,0.94,5925,0.166031815631982,0.166926995178179,6274.86433763097,591.761729244593
2026-01-16,0.94,5950,0.164525669995912,0.16536522630134,6274.86433763097,573.260154852557
2026-01-16,0.94,5975,0.16293749186676,0.163769017406731,6274.86433763097,554.810567888823
2026-01-16,0.94,6000,0.161358663343141,0.162182602387627,6274.86433763097,536.568930215546
2026-01-16,0.94,6025,0.159786362954214,0.160603169086412,6274.86433763097,518.535242477493
2026-01-16,0.94,6050,0.158217810702091,0.159027946963945,6274.86433763097,500.709504225113
2026-01-16,0.94,6075,0.156516251470958,0.157409537958502,6274.86433763097,482.883766097374
2026-01-16,0.94,6100,0.154992272171737,0.155834856148647,6274.86433763097,465.525914468848
2026-01-16,0.94,6125,0.153419110454947,0.154256184785713,6274.86433763097,448.324025180855
2026-01-16,0.94,6150,0.151838698537432,0.152714594467645,6274.86433763097,431.382072655324
2026-01-16,0.94,6175,0.15024827519328,0.151119521058981,6274.86433763097,414.596082581084
2026-01-16,0.94,6200,0.14868839646471,0.149555592823441,6274.86433763097,398.122016952923
2026-01-16,0.94,6225,0.147069305119962,0.148019453361779,6274.86433763097,381.855900917774
2026-01-16,0.94,6250,0.145560764820721,0.146464809684713,6274.86433763097,365.953696604367
2026-01-16,0.94,6275,0.144000087046486,0.145030762967832,6274.86433763097,350.395104317395
2026-01-16,0.94,6300,0.142463152759214,0.143449280174877,6274.86433763097,334.95484511901
2026-01-16,0.94,6325,0.140983688787311,0.141969064596551,6274.86433763097,319.982472840329
2026-01-16,0.94,6350,0.139601449507987,0.140458418053101,6274.86433763097,305.37401220713
2026-01-16,0.94,6375,0.138185080166688,0.139042978870223,6274.86433763097,291.129463494258
2026-01-16,0.94,6400,0.136731650007685,0.1375483536944,6274.86433763097,277.040876998911
2026-01-16,0.94,6425,0.135324236642612,0.136186606858659,6274.86433763097,263.47216446918
2026-01-16,0.94,6450,0.133917191149957,0.134696608318764,6274.86433763097,250.059414194191
2026-01-16,0.94,6475,0.132377125145009,0.133465459974544,6274.86433763097,237.114550444706
2026-01-16,0.94,6500,0.131268439316507,0.13214475055838,6274.86433763097,224.897510557185
2026-01-16,0.94,6525,0.129935518951718,0.130730360277552,6274.86433763097,212.628483013068
2026-01-16,0.94,6550,0.128727253348676,0.129440159824779,6274.86433763097,200.983304607284
2026-01-16,0.94,6575,0.127465094291028,0.128230409344307,6274.86433763097,189.702037905642
2026-01-16,0.94,6600,0.126327660717436,0.127056361114732,6274.86433763097,178.940645143858
2026-01-16,0.94,6625,0.125179556369926,0.125963900235152,6274.86433763097,168.595151796849
2026-01-16,0.94,6650,0.12406593264003,0.124814873587255,6274.86433763097,158.56158275738
2026-01-16,0.94,6675,0.12293975104385,0.123748244685512,6274.86433763097,148.943913031812
2026-01-16,0.94,6700,0.122041706225545,0.122767362507694,6274.86433763097,140.002079518125
2026-01-16,0.94,6725,0.120989401647076,0.121778136552723,6274.86433763097,131.21620825005
2026-01-16,0.94,6750,0.120075882758675,0.120830379918173,6274.86433763097,122.950210915042
2026-01-16,0.94,6775,0.119207499691257,0.120029732378163,6274.86433763097,115.204087576009
2026-01-16,0.94,6800,0.118388262807138,0.119124557412434,6274.86433763097,107.717901531739
2026-01-16,0.94,6825,0.11762309370957,0.11837751825501,6274.86433763097,100.751589425757
2026-01-16,0.94,6850,0.11702870065043,0.11763676814431,6274.86433763097,94.2531637600357
2026-01-16,0.94,6875,0.116222984387308,0.116961621268879,6274.86433763097,87.9107004895959
2026-01-16,0.94,6900,0.115717392499099,0.116360144337406,6274.86433763097,82.1920859885514
2026-01-16,0.94,6925,0.114998878733501,0.115781750381464,6274.86433763097,76.5774464243451
2026-01-16,0.94,6950,0.11442420788507,0.115169916269847,6274.86433763097,71.3267185141473
2026-01-16,0.94,6975,0.113882558679233,0.114652920482231,6274.86433763097,66.4399025862584
2026-01-16,0.94,7000,0.113447963839193,0.114178153916051,6274.86433763097,61.9169983106924
2026-01-16,0.94,7050,0.112464888978788,0.113320537374152,6274.86433763097,53.5470263238952
2026-01-16,0.94,7100,0.111668459165888,0.112515055687903,6274.86433763097,46.2168022519996
2026-01-16,0.94,7150,0.111068422000908,0.111652891963534,6274.86433763097,39.7703642727338
2026-01-16,0.94,7200,0.110493695273123,0.111129821333388,6274.86433763097,34.2596993902472
2026-01-16,0.94,7250,0.110004499464359,0.110699563255124,6274.86433763097,29.4768581959073
2026-01-16,0.94,7300,0.109682905630275,0.110335816451641,6274.86433763097,25.3698532258404
2026-01-16,0.94,7400,0.109221519841185,0.110011753012024,6274.86433763097,18.8194403377045
2026-01-16,0.94,7500,0.109120389996634,0.110083314092427,6274.86433763097,14.0365991163365
2026-01-16,0.94,7600,0.109626309448455,0.110601785880804,6274.86433763097,10.6574178639586
2026-01-16,0.94,7700,0.110506385707355,0.111684101456124,6274.86433763097,8.2659972641909
2026-01-16,0.94,7800,0.111896127081055,0.113023192560566,6274.86433763097,6.55041293304072
2026-01-16,0.94,7900,0.113469483793509,0.114803472850953,6274.86433763097,5.30271521900335
2026-01-16,0.94,8000,0.115234979192505,0.116799351698016,6274.86433763097,4.36694197098663
2026-01-16,0.94,8200,0.11954278687757,0.121356511834726,6274.86433763097,3.1452379443632
2026-01-16,0.94,8400,0.124302009233892,0.12660369090423,6274.86433763097,2.4174143022301
2026-01-16,0.94,8600,0.129346963247853,0.132169262677506,6274.86433763097,1.94952765463389
2026-01-16,0.94,8800,0.13460140299546,0.13839652022255,6274.86433763097,1.6635969319774
2026-01-16,0.94,9000,0.140084719194793,0.143958443539639,6274.86433763097,1.42965361593234
2026-01-16,0.94,9200,0.148778884057097,0.149943209133473,6274.86433763097,1.40365991167592
2026-01-16,0.94,9400,0.149578062290226,0.156078825119253,6274.86433763097,1.11772919024088
2026-01-16,0.94,9600,0.153597264314396,0.161161634776526,6274.86433763097,0.961766974325331
2026-01-16,0.94,10000,0.160191738276071,0.170574888350598,6274.86433763097,0.701829956505123
2026-01-16,0.94,10400,0.166508348509633,0.176545412567075,6274.86433763097,0.467886637379428
2026-01-16,0.94,11000,0.168740011457063,0.190866084620077,6274.86433763097,0.31192442432915
2026-01-16,0.94,12000,NA,0.197912630708538,6274.86433763097,NA
2026-02-20,1.032,200,NA,1.04252471532026,6294.45444126512,NA
2026-02-20,1.032,400,NA,0.868388494437025,6294.45444126512,NA
2026-02-20,1.032,600,0.713498403221916,0.781204604883316,6294.45444126512,5694.87433209524
2026-02-20,1.032,800,0.678633290247025,0.713174051072301,6294.45444126512,5495.24173657151
2026-02-20,1.032,1000,0.638604399739897,0.662224031132309,6294.45444126512,5295.74035693227
2026-02-20,1.032,1200,0.602824946857548,0.616971547881956,6294.45444126512,5096.34394999945
2026-02-20,1.032,1400,0.571466066925193,0.580123797429744,6294.45444126512,4897.15748848455
2026-02-20,1.032,1600,0.540882940862506,0.548155763266481,6294.45444126512,4698.12848603123
2026-02-20,1.032,1800,0.511683482786179,0.518642478295304,6294.45444126512,4499.23069945619
2026-02-20,1.032,2000,0.487294825893144,0.491594141371521,6294.45444126512,4300.6478310071
2026-02-20,1.032,2200,0.46203721942663,0.464636546698641,6294.45444126512,4102.0649625577
2026-02-20,1.032,2400,0.438238788215251,0.441048667585257,6294.45444126512,3903.79701223332
2026-02-20,1.032,2500,0.426937419274743,0.42948199962232,6294.45444126512,3804.74176659358
2026-02-20,1.032,2600,0.41614546719336,0.418450931343023,6294.45444126512,3705.79149367166
2026-02-20,1.032,2700,0.405761279712797,0.407852439553123,6294.45444126512,3606.94619346723
2026-02-20,1.032,2800,0.395223435066878,0.397132343956023,6294.45444126512,3508.10089324361
2026-02-20,1.032,2900,0.385472941293949,0.387209504429569,6294.45444126512,3409.46553842862
2026-02-20,1.032,3000,0.375529757171373,0.377119071368547,6294.45444126512,3310.83018362526
2026-02-20,1.032,3100,0.365821620094656,0.367278268118674,6294.45444126512,3212.29980153464
2026-02-20,1.032,3200,0.356305179762816,0.357642364129805,6294.45444126512,3113.87439215123
2026-02-20,1.032,3300,0.346944753279,0.348479500849971,6294.45444126512,3015.60644182835
2026-02-20,1.032,3400,0.337995024625557,0.339405151486262,6294.45444126512,2917.49595057742
2026-02-20,1.032,3500,0.329102149140756,0.330400625558758,6294.45444126512,2819.49043201813
2026-02-20,1.032,3600,0.320492508787017,0.321688088321402,6294.45444126512,2721.69485886893
2026-02-20,1.032,3650,0.31621434873748,0.317362324591579,6294.45444126512,2672.84955865556
2026-02-20,1.032,3700,0.312097666780137,0.313198977261443,6294.45444126512,2624.10923113554
2026-02-20,1.032,3750,0.3079095696981,0.309177749901711,6294.45444126512,2575.4213899881
2026-02-20,1.032,3800,0.303860992741293,0.305078283005602,6294.45444126512,2526.7860351596
2026-02-20,1.032,3850,0.299933803495745,0.301101643296206,6294.45444126512,2478.25565311358
2026-02-20,1.032,3900,0.295923638647489,0.297045399662861,6294.45444126512,2429.72527099465
2026-02-20,1.032,3950,0.292198454432526,0.293273926387634,6294.45444126512,2381.40483431361
2026-02-20,1.032,4000,0.288375913539112,0.289408363047886,6294.45444126512,2333.08439763268
2026-02-20,1.032,4050,0.284464331368166,0.285621280515271,6294.45444126512,2284.81644731308
2026-02-20,1.032,4100,0.280790038111139,0.281742429239651,6294.45444126512,2236.65346964578
2026-02-20,1.032,4150,0.277168947529302,0.278083063482785,6294.45444126512,2188.64795113729
2026-02-20,1.032,4175,0.275244022074662,0.276289345662838,6294.45444126512,2164.6451918431
2026-02-20,1.032,4200,0.273444106302981,0.274468434678905,6294.45444126512,2140.69491891206
2026-02-20,1.032,4225,0.27176124730155,0.272621412320362,6294.45444126512,2116.79713235783
2026-02-20,1.032,4250,0.269905865158747,0.270889342234089,6294.45444126512,2092.89934579278
2026-02-20,1.032,4275,0.26816398868232,0.269127627859227,6294.45444126512,2069.05404556783
2026-02-20,1.032,4300,0.266392916989409,0.267337430293093,6294.45444126512,2045.20874533847
2026-02-20,1.032,4325,0.264593774652023,0.265519831761623,6294.45444126512,2021.36344515366
2026-02-20,1.032,4350,0.262897720846977,0.26380510784934,6294.45444126512,1997.62311762157
2026-02-20,1.032,4375,0.26117054878985,0.262059943367667,6294.45444126512,1973.88279006372
2026-02-20,1.032,4400,0.259538335983141,0.260285470892167,6294.45444126512,1950.19494893136
2026-02-20,1.032,4425,0.257749956096738,0.25860451659092,6294.45444126512,1926.50710776068
2026-02-20,1.032,4450,0.25605389079568,0.256891609339733,6294.45444126512,1902.8717529927
2026-02-20,1.032,4475,0.254444063636723,0.255264888280312,6294.45444126512,1879.34137093182
2026-02-20,1.032,4500,0.252799355828003,0.253489241901811,6294.45444126512,1855.75850249696
2026-02-20,1.032,4525,0.251121045464233,0.251909931127722,6294.45444126512,1832.28060669784
2026-02-20,1.032,4550,0.249410320418255,0.250184086350783,6294.45444126512,1808.75022458013
2026-02-20,1.032,4575,0.247776963976527,0.248643684196593,6294.45444126512,1785.37730159197
2026-02-20,1.032,4600,0.24621570820022,0.247065213795608,6294.45444126512,1762.05686488026
2026-02-20,1.032,4625,0.244617102605172,0.245450036625018,6294.45444126512,1738.73642822445
2026-02-20,1.032,4650,0.242982449878836,0.243799415791064,6294.45444126512,1715.41599150768
2026-02-20,1.032,4675,0.241413366336289,0.242214448396488,6294.45444126512,1692.20052757159
2026-02-20,1.032,4700,0.239806769702513,0.240592551005926,6294.45444126512,1668.9850636546
2026-02-20,1.032,4725,0.238067277557396,0.239127147240035,6294.45444126512,1645.82208593909
2026-02-20,1.032,4750,0.236580684311184,0.237619868009768,6294.45444126512,1622.8165674449
2026-02-20,1.032,4775,0.234959903925635,0.236072137656588,6294.45444126512,1599.75856247171
2026-02-20,1.032,4800,0.233393966070603,0.23448527385642,6294.45444126512,1576.75304395922
2026-02-20,1.032,4825,0.231878859947212,0.232949478402033,6294.45444126512,1553.85249813147
2026-02-20,1.032,4850,0.230410730753117,0.231373640879071,6294.45444126512,1531.00443855803
2026-02-20,1.032,4875,0.228727493692928,0.229844682642055,6294.45444126512,1508.10389275896
2026-02-20,1.032,4900,0.227347383504322,0.228359021737051,6294.45444126512,1485.46577865395
2026-02-20,1.032,4925,0.225837713394383,0.226830695344194,6294.45444126512,1462.77517826118
2026-02-20,1.032,4950,0.224367390499069,0.225342011424321,6294.45444126512,1440.18955048408
2026-02-20,1.032,4975,0.222853255279461,0.223810197228422,6294.45444126512,1417.60392275407
2026-02-20,1.032,5000,0.221375059798008,0.222314619920787,6294.45444126512,1395.12326773755
2026-02-20,1.032,5025,0.219775627799695,0.220852249501625,6294.45444126512,1372.64261275301
2026-02-20,1.032,5050,0.218438775943968,0.219420185919752,6294.45444126512,1350.42438945671
2026-02-20,1.032,5075,0.21690339289086,0.217941671460317,6294.45444126512,1328.10119347903
2026-02-20,1.032,5100,0.215470819846434,0.216490676709846,6294.45444126512,1305.93545668359
2026-02-20,1.032,5125,0.214134456061944,0.215064589017481,6294.45444126512,1283.92717873388
2026-02-20,1.032,5150,0.212676706457944,0.213660911129047,6294.45444126512,1261.91890093742
2026-02-20,1.032,5175,0.211171826256422,0.212208305045004,6294.45444126512,1239.91062305731
2026-02-20,1.032,5200,0.209893146845974,0.210775810871959,6294.45444126512,1218.16477705759
2026-02-20,1.032,5225,0.208359787818754,0.209361166951248,6294.45444126512,1196.31395825731
2026-02-20,1.032,5250,0.2070434815211,0.207962209267557,6294.45444126512,1174.72557126605
2026-02-20,1.032,5275,0.205544241496401,0.206576867228869,6294.45444126512,1153.08469800244
2026-02-20,1.032,5300,0.20425123397918,0.205139789639084,6294.45444126512,1131.65376999612
2026-02-20,1.032,5325,0.2029028866925,0.203776853184273,6294.45444126512,1110.32781477956
2026-02-20,1.032,5350,0.201500529244855,0.202360468708981,6294.45444126512,1089.00185948943
2026-02-20,1.032,5375,0.20010589115168,0.200952180482765,6294.45444126512,1067.780876931
2026-02-20,1.032,5400,0.198717219052711,0.19949079770209,6294.45444126512,1046.61238084429
2026-02-20,1.032,5425,0.197332825944415,0.198211449631137,6294.45444126512,1025.70631637591
2026-02-20,1.032,5450,0.195951087396494,0.196816291015955,6294.45444126512,1004.80025202566
2026-02-20,1.032,5475,0.194513559570453,0.195422613058147,6294.45444126512,983.946673935588
2026-02-20,1.032,5500,0.193133327727835,0.193972979784865,6294.45444126512,963.198068685239
2026-02-20,1.032,5525,0.191751175323446,0.192633671420329,6294.45444126512,942.659408706282
2026-02-20,1.032,5550,0.190365678888937,0.191235507689133,6294.45444126512,922.173235128268
2026-02-20,1.032,5575,0.188975453373017,0.189833015345233,6294.45444126512,901.792034319443
2026-02-20,1.032,5600,0.187526245306698,0.188424837277016,6294.45444126512,881.463319669481
2026-02-20,1.032,5625,0.186123257615604,0.187009645622215,6294.45444126512,861.292064157594
2026-02-20,1.032,5650,0.184711544741658,0.185586136529228,6294.45444126512,841.225781576394
2026-02-20,1.032,5675,0.18328982800807,0.1842037642454,6294.45444126512,821.316957811811
2026-02-20,1.032,5700,0.181907004178312,0.182709043463494,6294.45444126512,801.460620449674
2026-02-20,1.032,5725,0.180460872386872,0.18135187524236,6294.45444126512,781.814228558706
2026-02-20,1.032,5750,0.178952063750315,0.179930050097003,6294.45444126512,762.167836547202
2026-02-20,1.032,5775,0.177526117502566,0.178492475995871,6294.45444126512,742.731390133997
2026-02-20,1.032,5800,0.17608277618639,0.176942487622005,6294.45444126512,723.294943617696
2026-02-20,1.032,5825,0.174573594147688,0.175518094936725,6294.45444126512,704.06844263123
2026-02-20,1.032,5850,0.173185823976425,0.17402657382994,6294.45444126512,685.051886875169
2026-02-20,1.032,5875,0.171682533426123,0.172699199782121,6294.45444126512,666.245276587582
2026-02-20,1.032,5900,0.170248460079237,0.171163259972736,6294.45444126512,647.438666352215
2026-02-20,1.032,5925,0.168743668789917,0.169740012523184,6294.45444126512,628.842001517981
2026-02-20,1.032,5950,0.16725797921764,0.16824487264612,6294.45444126512,610.350309219677
2026-02-20,1.032,5975,0.165788826441829,0.166766729988119,6294.45444126512,592.06856259435
2026-02-20,1.032,6000,0.164377787758116,0.165170935241017,6294.45444126512,573.891788648523
2026-02-20,1.032,6025,0.16289021502249,0.163720485605291,6294.45444126512,555.977446389151
2026-02-20,1.032,6050,0.161239139586704,0.162323041466303,6294.45444126512,538.115590470785
2026-02-20,1.032,6075,0.159813395174018,0.160803207862212,6294.45444126512,520.568652652653
2026-02-20,1.032,6100,0.15839215734396,0.159246909341346,6294.45444126512,503.179174008075
2026-02-20,1.032,6125,0.156760839188999,0.157864883684138,6294.45444126512,485.947154273971
2026-02-20,1.032,6150,0.155343126705923,0.156314014337324,6294.45444126512,468.977566496741
2026-02-20,1.032,6175,0.153797123374043,0.15476280869575,6294.45444126512,452.060465088158
2026-02-20,1.032,6200,0.152373137705832,0.153334190279807,6294.45444126512,435.668227006435
2026-02-20,1.032,6225,0.150900683245974,0.151857700719376,6294.45444126512,419.380961834262
2026-02-20,1.032,6250,0.149377953228676,0.150414470725352,6294.45444126512,403.303641978986
2026-02-20,1.032,6275,0.147926955567823,0.149043127192556,6294.45444126512,387.646212894291
2026-02-20,1.032,6300,0.146290073924631,0.147692480994308,6294.45444126512,372.023275445182
2026-02-20,1.032,6325,0.144856927243708,0.146257210170318,6294.45444126512,356.802232838379
2026-02-20,1.032,6350,0.14361061405759,0.144804065228854,6294.45444126512,342.053567375518
2026-02-20,1.032,6375,0.142219432189802,0.143371760230707,6294.45444126512,327.409874697534
2026-02-20,1.032,6400,0.140804533174017,0.141957843760238,6294.45444126512,313.028613873732
2026-02-20,1.032,6425,0.139404648387807,0.140518682336193,6294.45444126512,298.909784606054
2026-02-20,1.032,6450,0.138058792680052,0.139134377412503,6294.45444126512,285.21084626001
2026-02-20,1.032,6475,0.136723588101129,0.137719980728832,6294.45444126512,271.774339858772
2026-02-20,1.032,6500,0.135396901922343,0.13639782557989,6294.45444126512,258.757723870688
2026-02-20,1.032,6525,0.134118594313328,0.135083152443682,6294.45444126512,246.108512757194
2026-02-20,1.032,6550,0.132845228825764,0.133816177429689,6294.45444126512,233.82670593133
2026-02-20,1.032,6575,0.131617487230418,0.132553393367283,6294.45444126512,221.912303623958
2026-02-20,1.032,6600,0.130391730079752,0.131335929935182,6294.45444126512,210.36530582063
2026-02-20,1.032,6625,0.129209673931228,0.130163331221884,6294.45444126512,199.238198794257
2026-02-20,1.032,6650,0.128071172101539,0.128991700647505,6294.45444126512,188.47849633851
2026-02-20,1.032,6675,0.126976469499418,0.127864070117126,6294.45444126512,178.138684792485
2026-02-20,1.032,6700,0.125926237259197,0.126780988820026,6294.45444126512,168.218763786817
2026-02-20,1.032,6725,0.124875911450161,0.125743460838356,6294.45444126512,158.666247416796
2026-02-20,1.032,6750,0.123917795598198,0.124752989239441,6294.45444126512,149.58610820826
2026-02-20,1.032,6775,0.12296180752728,0.12371730003778,6294.45444126512,140.768400860497
2026-02-20,1.032,6800,0.122345107837287,0.122922031758753,6294.45444126512,132.895447819544
2026-02-20,1.032,6825,0.121204427585888,0.122038547877864,6294.45444126512,124.655090255058
2026-02-20,1.032,6850,0.120360163881403,0.121262202763881,6294.45444126512,117.149541660154
2026-02-20,1.032,6900,0.118858232625502,0.11969792106232,6294.45444126512,103.188171573776
2026-02-20,1.032,6950,0.117481209043635,0.11836484979417,6294.45444126512,90.6964191751797
2026-02-20,1.032,7000,0.116267346919515,0.117143393607569,6294.45444126512,79.5168259454837
2026-02-20,1.032,7050,0.115144686013705,0.116013721880041,6294.45444126512,69.4919323151412
2026-02-20,1.032,7100,0.114225215391976,0.115086259346468,6294.45444126512,60.7267112963581
2026-02-20,1.032,7200,0.112632069821041,0.113472934489167,6294.45444126512,46.0305321592834
2026-02-20,1.032,7300,0.111524766278967,0.112152089012596,6294.45444126512,34.6934798740206
2026-02-20,1.032,7400,0.110733761711102,0.111477319904885,6294.45444126512,26.1906905342468
2026-02-20,1.032,7500,0.110389066857112,0.111150691981246,6294.45444126512,19.839841719899
2026-02-20,1.032,7600,0.110322016579392,0.111236914261761,6294.45444126512,15.1160698452265
2026-02-20,1.032,7700,0.110804804306765,0.111718395081628,6294.45444126512,11.7044568476209
2026-02-20,1.032,7800,0.111513771870455,0.112605471830387,6294.45444126512,9.18511191267957
2026-02-20,1.032,8000,0.114043876409321,0.115557004345356,6294.45444126512,6.03593067252888
2026-02-20,1.032,8200,0.117862126816049,0.119073924023398,6294.45444126512,4.25139464937588
2026-02-20,1.032,8400,0.121795938929255,0.12361655101685,6294.45444126512,3.17542440325029
2026-02-20,1.032,8600,0.126205361328688,0.128777816451962,6294.45444126512,2.51934497063527
2026-02-20,1.032,8800,0.130704613719457,0.133829838476667,6294.45444126512,2.04696779197521
2026-02-20,1.032,9000,0.135965639954935,0.139570393101546,6294.45444126512,1.78453602667563
2026-02-20,1.032,9200,0.141073949515339,0.144715120867077,6294.45444126512,1.54834743047139
2026-02-20,1.032,9400,0.14619793061533,0.150291359485253,6294.45444126512,1.39088837908672
2026-02-20,1.032,9600,0.150802279848261,0.156600526123138,6294.45444126512,1.28591566931775
2026-02-20,1.032,9800,0.154825012603623,0.16144570038539,6294.45444126512,1.12845661085571
2026-02-20,1.032,10000,0.158163091717335,0.166540637754333,6294.45444126512,0.997240722326776
2026-02-20,1.032,10200,0.161882479904463,0.170533813678118,6294.45444126512,0.866024837779167
2026-02-20,1.032,10400,0.165007047351662,0.173059076067192,6294.45444126512,0.708565774440977
2026-03-20,1.112,200,NA,1.0278556271975,6310.18879817381,NA
2026-03-20,1.112,400,NA,0.857580389438701,6310.18879817381,NA
2026-03-20,1.112,600,0.700048680903141,0.758699497256756,6310.18879817381,5710.66154400195
2026-03-20,1.112,800,0.659488662370404,0.691129020435576,6310.18879817381,5511.02923520104
2026-03-20,1.112,1000,0.621580505124363,0.640902891339378,6310.18879817381,5311.55450834249
2026-03-20,1.112,1200,0.58688230261714,0.599742635407308,6310.18879817381,5112.23736342877
2026-03-20,1.112,1400,0.554998663595915,0.564102144147681,6310.18879817381,4913.07780045529
2026-03-20,1.112,1600,0.525460495140736,0.533814525719283,6310.18879817381,4714.12834674055
2026-03-20,1.112,1800,0.499186502442592,0.505518186277543,6310.18879817381,4515.38900227767
2026-03-20,1.112,2000,0.475463314091688,0.478422213950299,6310.18879817381,4316.85976707887
2026-03-20,1.112,2200,0.450948117963883,0.453326452866319,6310.18879817381,4118.43558649757
2026-03-20,1.112,2400,0.427790914714249,0.430371232819397,6310.18879817381,3920.27404250671
2026-03-20,1.112,2500,0.417070076241876,0.419403920409731,6310.18879817381,3821.32458879158
2026-03-20,1.112,2600,0.406772551528301,0.408362116309455,6310.18879817381,3722.42766237889
2026-03-20,1.112,2700,0.396815705340112,0.398257444781459,6310.18879817381,3623.68831792688
2026-03-20,1.112,2800,0.386693482019563,0.388444520527337,6310.18879817381,3525.00150077686
2026-03-20,1.112,2900,0.376872245711463,0.378473289625426,6310.18879817381,3426.36721095167
2026-03-20,1.112,3000,0.367666555854074,0.369127472973462,6310.18879817381,3327.94303037846
2026-03-20,1.112,3100,0.358264627890105,0.359937693307069,6310.18879817381,3229.57137710858
2026-03-20,1.112,3200,0.34903259266331,0.350570818724097,6310.18879817381,3131.25225118684
2026-03-20,1.112,3300,0.340225067071706,0.34191841232877,6310.18879817381,3033.19576179776
2026-03-20,1.112,3400,0.331748365157458,0.333303827234237,6310.18879817381,2935.29685435201
2026-03-20,1.112,3500,0.323285270302582,0.324717803620279,6310.18879817381,2837.50300155646
2026-03-20,1.112,3600,0.315051090607528,0.316589497985179,6310.18879817381,2739.97178533868
2026-03-20,1.112,3700,0.307192733040732,0.308609022928575,6310.18879817381,2642.7032056743
2026-03-20,1.112,3800,0.299427719752802,0.300733484934103,6310.18879817381,2545.64473527397
2026-03-20,1.112,3900,0.292067422876007,0.293098756689441,6310.18879817381,2448.95395604677
2026-03-20,1.112,4000,0.284684742970804,0.285636496143353,6310.18879817381,2352.52581344387
2026-03-20,1.112,4100,0.277557781834639,0.278436046089054,6310.18879817381,2256.51788929347
2026-03-20,1.112,4200,0.270470847342019,0.271417405771869,6310.18879817381,2160.87765642815
2026-03-20,1.112,4250,0.267110408628482,0.268019844977065,6310.18879817381,2113.29391286266
2026-03-20,1.112,4300,0.263764748694531,0.264638846881136,6310.18879817381,2065.81522391551
2026-03-20,1.112,4350,0.260427765776592,0.261268243654812,6310.18879817381,2018.44158959358
2026-03-20,1.112,4400,0.257093917050155,0.25790242247887,6310.18879817381,1971.17300997177
2026-03-20,1.112,4450,0.253869556060781,0.254647093413179,6310.18879817381,1924.11453957441
2026-03-20,1.112,4500,0.250630282559719,0.251485055075305,6310.18879817381,1877.21365111375
2026-03-20,1.112,4525,0.249017054763693,0.249855656900039,6310.18879817381,1853.78947052383
2026-03-20,1.112,4550,0.247475599196359,0.248298063404237,6310.18879817381,1830.47034451926
2026-03-20,1.112,4575,0.245900000615845,0.246706908680825,6310.18879817381,1807.15121866299
2026-03-20,1.112,4600,0.244390628238092,0.24508333127165,6310.18879817381,1783.88461999562
2026-03-20,1.112,4625,0.242845676573125,0.243525313150961,6310.18879817381,1760.67054874057
2026-03-20,1.112,4650,0.24126635313887,0.242028464879049,6310.18879817381,1737.50900465903
2026-03-20,1.112,4675,0.239653780324548,0.240588549083719,6310.18879817381,1714.39998797852
2026-03-20,1.112,4700,0.238192987769555,0.239018552408491,6310.18879817381,1691.34349864668
2026-03-20,1.112,4725,0.236604005210529,0.237504450803808,6310.18879817381,1668.28700923641
2026-03-20,1.112,4750,0.235158823513635,0.236042364146993,6310.18879817381,1645.38810180474
2026-03-20,1.112,4775,0.233587849822818,0.234542054993083,6310.18879817381,1622.43666711811
2026-03-20,1.112,4800,0.232153175481834,0.233004729259291,6310.18879817381,1599.5902870134
2026-03-20,1.112,4825,0.230678909163012,0.231514945505665,6310.18879817381,1576.79643412998
2026-03-20,1.112,4850,0.229166284577724,0.23006927646513,6310.18879817381,1554.05510865448
2026-03-20,1.112,4875,0.227697252291771,0.228584010208067,6310.18879817381,1531.36631048821
2026-03-20,1.112,4900,0.226347880113701,0.227139330552248,6310.18879817381,1508.83509431891
2026-03-20,1.112,4925,0.224877114112568,0.225654559351342,6310.18879817381,1486.25135065429
2026-03-20,1.112,4950,0.223443426100397,0.224207087474029,6310.18879817381,1463.77266180104
2026-03-20,1.112,4975,0.221968738940187,0.22279400701109,6310.18879817381,1441.34650022299
2026-03-20,1.112,5000,0.220601896751328,0.221338958679114,6310.18879817381,1419.02539315694
2026-03-20,1.112,5025,0.219191178355269,0.219915422083007,6310.18879817381,1396.75681357109
2026-03-20,1.112,5050,0.217666508276632,0.218520773657973,6310.18879817381,1374.48823388796
2026-03-20,1.112,5075,0.216313030275681,0.217152501597924,6310.18879817381,1352.42976339975
2026-03-20,1.112,5100,0.214983209759873,0.21573955923266,6310.18879817381,1330.4238204167
2026-03-20,1.112,5125,0.21360705754669,0.214350624762659,6310.18879817381,1308.47040460374
2026-03-20,1.112,5150,0.212252364315298,0.212983428089146,6310.18879817381,1286.62204348102
2026-03-20,1.112,5175,0.210786047416726,0.211570526323726,6310.18879817381,1264.72115498693
2026-03-20,1.112,5200,0.209470017023385,0.210241463235106,6310.18879817381,1243.082903135
2026-03-20,1.112,5225,0.208105825029327,0.208864723706624,6310.18879817381,1221.44465116943
2026-03-20,1.112,5250,0.206632327488186,0.207503602457718,6310.18879817381,1199.80639926802
2026-03-20,1.112,5275,0.205421502785332,0.206156205702141,6310.18879817381,1178.48331133191
2026-03-20,1.112,5300,0.204097660050781,0.204820718379505,6310.18879817381,1157.16022335079
2026-03-20,1.112,5325,0.202724304424666,0.203436148901996,6310.18879817381,1135.83713529232
2026-03-20,1.112,5350,0.201419450193258,0.20212024627447,6310.18879817381,1114.72415654462
2026-03-20,1.112,5375,0.200063602121874,0.200753762644803,6310.18879817381,1093.61117783819
2026-03-20,1.112,5400,0.19871452767599,0.199394336985059,6310.18879817381,1072.60325368527
2026-03-20,1.112,5425,0.197370675330404,0.198040416169327,6310.18879817381,1051.70038428803
2026-03-20,1.112,5450,0.196030548857194,0.19674544952776,6310.18879817381,1030.95509671845
2026-03-20,1.112,5475,0.194692704124291,0.195397307277565,6310.18879817381,1010.26233640139
2026-03-20,1.112,5500,0.193355744584392,0.19405034955327,6310.18879817381,989.674630790302
2026-03-20,1.112,5525,0.192018317636976,0.192703220407413,6310.18879817381,969.191979861077
2026-03-20,1.112,5550,0.190627110012297,0.191354603473744,6310.18879817381,948.761856216979
2026-03-20,1.112,5575,0.18928554959336,0.189951989621352,6310.18879817381,928.436787180148
2026-03-20,1.112,5600,0.187939664054179,0.188647815109904,6310.18879817381,908.321827453775
2026-03-20,1.112,5625,0.186588235981526,0.187287173201086,6310.18879817381,888.259394990539
2026-03-20,1.112,5650,0.185230071827313,0.185920094689124,6310.18879817381,868.302017060772
2026-03-20,1.112,5675,0.183863997834059,0.184545402033038,6310.18879817381,848.449693946891
2026-03-20,1.112,5700,0.18248885596035,0.183113878036181,6310.18879817381,828.649897931413
2026-03-20,1.112,5725,0.181103499951823,0.181816016727637,6310.18879817381,809.112738621658
2026-03-20,1.112,5750,0.179659821031215,0.180411000208521,6310.18879817381,789.523052136285
2026-03-20,1.112,5775,0.178251159257335,0.179040188402707,6310.18879817381,770.143474741637
2026-03-20,1.112,5800,0.176966599272423,0.177655021860117,6310.18879817381,751.026533812318
2026-03-20,1.112,5825,0.175482599323024,0.176254414280277,6310.18879817381,731.804538430383
2026-03-20,1.112,5850,0.174073553378582,0.174882176241252,6310.18879817381,712.845179499219
2026-03-20,1.112,5875,0.172691004288983,0.173446924916829,6310.18879817381,693.990875286824
2026-03-20,1.112,5900,0.171332500784108,0.172036924948825,6310.18879817381,675.346680222719
2026-03-20,1.112,5925,0.169864828520152,0.170649765084886,6310.18879817381,656.755012637842
2026-03-20,1.112,5950,0.168505408972213,0.169196721570271,6310.18879817381,638.373454279975
2026-03-20,1.112,5975,0.166992568582023,0.167806275883873,6310.18879817381,620.044423009807
2026-03-20,1.112,6000,0.165583309597542,0.166347680377041,6310.18879817381,601.925501442595
2026-03-20,1.112,6025,0.164146832856337,0.164947159672136,6310.18879817381,584.0166885942
2026-03-20,1.112,6050,0.162765544108117,0.163517932113021,6310.18879817381,566.317985496648
2026-03-20,1.112,6075,0.161353346800913,0.162058786980351,6310.18879817381,548.724336726855
2026-03-20,1.112,6100,0.159909016536579,0.160650862260977,6310.18879817381,531.340797274267
2026-03-20,1.112,6125,0.158390291206351,0.159209324363656,6310.18879817381,514.009785160716
2026-03-20,1.112,6150,0.156959343610857,0.157814254951714,6310.18879817381,497.046464276046
2026-03-20,1.112,6175,0.155491142966859,0.156381922450448,6310.18879817381,480.188197919148
2026-03-20,1.112,6200,0.154105072313775,0.154951197062699,6310.18879817381,463.645095433532
2026-03-20,1.112,6225,0.152717690533129,0.153560123170121,6310.18879817381,447.364629670587
2026-03-20,1.112,6250,0.151287017095717,0.152126244236823,6310.18879817381,431.189218455492
2026-03-20,1.112,6275,0.149891079516513,0.150727603057288,6310.18879817381,415.328971114924
2026-03-20,1.112,6300,0.148487713475623,0.149361782558398,6310.18879817381,399.731360400584
2026-03-20,1.112,6325,0.146836365191427,0.148144877337765,6310.18879817381,384.237303329407
2026-03-20,1.112,6350,0.145609031195227,0.14675743371148,6310.18879817381,369.319546184857
2026-03-20,1.112,6375,0.144288322943216,0.145238141729673,6310.18879817381,354.349261561931
2026-03-20,1.112,6400,0.143030699280988,0.143861885615815,6310.18879817381,339.904250269097
2026-03-20,1.112,6425,0.14159659537508,0.142507739972993,6310.18879817381,325.511766159192
2026-03-20,1.112,6450,0.140340371607097,0.141173669861381,6310.18879817381,311.644555061367
2026-03-20,1.112,6475,0.138982568194863,0.139857725469859,6310.18879817381,297.934926306742
2026-03-20,1.112,6500,0.137759779489385,0.138597945213794,6310.18879817381,284.750570483145
2026-03-20,1.112,6525,0.136431074523399,0.13731288609819,6310.18879817381,271.671269015967
2026-03-20,1.112,6550,0.13519452392617,0.13608088646693,6310.18879817381,259.064713765534
2026-03-20,1.112,6575,0.134009259371376,0.134860503338558,6310.18879817381,246.82584951516
2026-03-20,1.112,6600,0.132792969696758,0.133650276137343,6310.18879817381,234.849621943301
2026-03-20,1.112,6625,0.131666853438677,0.132489956184595,6310.18879817381,223.34613997552
2026-03-20,1.112,6650,0.13054871686883,0.131337835217443,6310.18879817381,212.157822056146
2026-03-20,1.112,6675,0.129395564170889,0.130234748820402,6310.18879817381,201.28466806816
2026-03-20,1.112,6700,0.128374868535084,0.129096275366948,6310.18879817381,190.831732541911
2026-03-20,1.112,6725,0.127318463663461,0.128134750292286,6310.18879817381,180.851542797644
2026-03-20,1.112,6750,0.126354930133459,0.127051699554208,6310.18879817381,171.13398956444
2026-03-20,1.112,6775,0.125355037188067,0.126150432214276,6310.18879817381,161.889182299851
2026-03-20,1.112,6800,0.124451543696144,0.125214674215908,6310.18879817381,153.012066314182
2026-03-20,1.112,6825,0.123512033340915,0.124242662449055,6310.18879817381,144.345059349458
2026-03-20,1.112,6850,0.12262775914551,0.123371781399869,6310.18879817381,136.150798278241
2026-03-20,1.112,6875,0.121802181846408,0.122560669432099,6310.18879817381,128.37675586798
2026-03-20,1.112,6900,0.121039484100602,0.121765218817575,6310.18879817381,120.970404590494
2026-03-20,1.112,6925,0.120344640480314,0.121036647495767,6310.18879817381,113.984271821513
2026-03-20,1.112,6950,0.119571557323649,0.12033010850121,6310.18879817381,107.208248257421
2026-03-20,1.112,6975,0.118923559083345,0.119648565913517,6310.18879817381,100.852443267098
2026-03-20,1.112,7000,0.118252112032361,0.118995510882671,6310.18879817381,94.7592747133868
2026-03-20,1.112,7050,0.117119968953069,0.117847746176863,6310.18879817381,83.6760115328365
2026-03-20,1.112,7100,0.116048953958557,0.116760539993872,6310.18879817381,73.6432945271292
2026-03-20,1.112,7150,0.115073851655949,0.115830651510512,6310.18879817381,64.7136510705873
2026-03-20,1.112,7200,0.114241071595366,0.114981777322725,6310.18879817381,56.7820265974037
2026-03-20,1.112,7250,0.113539353941362,0.114332578694934,6310.18879817381,49.8484211870397
2026-03-20,1.112,7300,0.112876077354222,0.113651826276238,6310.18879817381,43.597670869421
2026-03-20,1.112,7400,0.111950661547526,0.112674410364627,6310.18879817381,33.407371852481
2026-03-20,1.112,7500,0.111316559949707,0.112168463700726,6310.18879817381,25.6333293410226
2026-03-20,1.112,7600,0.111146904990827,0.112028619213306,6310.18879817381,19.8027974488378
2026-03-20,1.112,7700,0.111205224701488,0.112252012357855,6310.18879817381,15.3905030608772
2026-03-20,1.112,7800,0.111646998146829,0.112886656451074,6310.18879817381,12.1338096111547
2026-03-20,1.112,7900,0.112417810040565,0.113673941840444,6310.18879817381,9.6650258009073
2026-03-20,1.112,8000,0.113518697352177,0.114987709265449,6310.18879817381,7.8790971300229
2026-03-20,1.112,8200,0.116277734804201,0.117928038988479,6310.18879817381,5.41031336429995
2026-03-20,1.112,8400,0.119575201559779,0.12213569602737,6310.18879817381,3.99207589094689
2026-03-20,1.112,8600,0.123754492695835,0.126422533966034,6310.18879817381,3.09911154342431
2026-03-20,1.112,8800,0.128069875671411,0.130997990080242,6310.18879817381,2.49504742014039
2026-03-20,1.112,9000,0.132805206547792,0.135876545271874,6310.18879817381,2.10109257279246
2026-03-20,1.112,9200,0.138124220710263,0.141172476167775,6310.18879817381,1.86471965293839
2026-03-20,1.112,9400,0.142925048447414,0.146378798406969,6310.18879817381,1.65461039613344
2026-03-20,1.112,9600,0.148365082594246,0.151621247521947,6310.18879817381,1.52329210976403
2026-03-20,1.112,9800,0.152831116018452,0.158098534619251,6310.18879817381,1.44450113891123
2026-03-20,1.112,10000,0.156812172525158,0.162740284893663,6310.18879817381,1.28691919691275
2026-03-20,1.112,10200,0.159337084649632,0.167624229241581,6310.18879817381,1.12933725744922
2026-03-20,1.112,10400,0.161933130028202,0.171529609095219,6310.18879817381,0.97175531697645
2026-03-20,1.112,11000,0.168915775018917,0.183282677633484,6310.18879817381,0.656591427369363
2026-03-20,1.112,12000,0.175572387986923,0.201137518186206,6310.18879817381,0.367691198767027
2026-06-18,1.36,200,NA,0.976437343069133,6365.80091941102,NA
2026-06-18,1.36,400,NA,0.800067377878035,6365.80091941102,NA
2026-06-18,1.36,600,0.653019228214154,0.709792486470312,6365.80091941102,5766.46464290265
2026-06-18,1.36,800,0.614765589437586,0.648770511636774,6365.80091941102,5566.96907275606
2026-06-18,1.36,1000,0.580425906976934,0.60160109207876,6365.80091941102,5367.65934518743
2026-06-18,1.36,1200,0.547942250144776,0.562394026368354,6365.80091941102,5168.50891125317
2026-06-18,1.36,1400,0.519727219529374,0.529988290094592,6365.80091941102,4969.62396672335
2026-06-18,1.36,1600,0.492773044556573,0.501670971156668,6365.80091941102,4770.95141370812
2026-06-18,1.36,1800,0.468777428782047,0.473691546235153,6365.80091941102,4572.43815432355
2026-06-18,1.36,2000,0.4442867632543,0.4489833026537,6365.80091941102,4374.08418858848
2026-06-18,1.36,2200,0.422061210142884,0.426476838352084,6365.80091941102,4176.04881010811
2026-06-18,1.36,2300,0.412074021028657,0.416042077727413,6365.80091941102,4077.21696346137
2026-06-18,1.36,2400,0.401921821053777,0.405516577180144,6365.80091941102,3978.38511680095
2026-06-18,1.36,2500,0.392160016659217,0.395879571465774,6365.80091941102,3879.71256378842
2026-06-18,1.36,2600,0.382718497008448,0.386101854842951,6365.80091941102,3781.09310864165
2026-06-18,1.36,2700,0.373541410977708,0.376625746453838,6365.80091941102,3682.57984926705
2026-06-18,1.36,2800,0.364583980577611,0.36774896538728,6365.80091941102,3584.22588352803
2026-06-18,1.36,2900,0.356136264186748,0.358709108137197,6365.80091941102,3485.97811354665
2026-06-18,1.36,3000,0.347489135188999,0.350143155834395,6365.80091941102,3387.83653930962
2026-06-18,1.36,3100,0.339522253512967,0.341952439508706,6365.80091941102,3289.96045448444
2026-06-18,1.36,3200,0.33132790110022,0.333811025799406,6365.80091941102,3192.13746754275
2026-06-18,1.36,3300,0.323655608687106,0.325711854990341,6365.80091941102,3094.5268721108
2026-06-18,1.36,3350,0.319838875608579,0.321811952332075,6365.80091941102,3045.80122122763
2026-06-18,1.36,3400,0.316174101195861,0.318066127243996,6365.80091941102,2997.18176608028
2026-06-18,1.36,3450,0.312439021824062,0.314255703875911,6365.80091941102,2948.56231094205
2026-06-18,1.36,3500,0.30864114133379,0.310579977546273,6365.80091941102,2899.99595366938
2026-06-18,1.36,3550,0.305162630271839,0.306837928389157,6365.80091941102,2851.53579217082
2026-06-18,1.36,3600,0.301604746224834,0.303213936883019,6365.80091941102,2803.12872852364
2026-06-18,1.36,3650,0.297975314630707,0.299693579460523,6365.80091941102,2754.77476281821
2026-06-18,1.36,3700,0.294613869070155,0.296263652877946,6365.80091941102,2706.58009071656
2026-06-18,1.36,3750,0.29116857682925,0.292754633143643,6365.80091941102,2658.38541864222
2026-06-18,1.36,3800,0.287800623361169,0.289325313812487,6365.80091941102,2610.29694227302
2026-06-18,1.36,3850,0.284351769393493,0.285965021491217,6365.80091941102,2562.26156380201
2026-06-18,1.36,3875,0.28274398605103,0.28432554698777,6365.80091941102,2538.32352141684
2026-06-18,1.36,3900,0.281113038678868,0.282664024295485,6365.80091941102,2514.38547896825
2026-06-18,1.36,3925,0.27945994329173,0.28098140612825,6365.80091941102,2490.44743653187
2026-06-18,1.36,3950,0.277922080446747,0.279278584227432,6365.80091941102,2466.56249204659
2026-06-18,1.36,3975,0.276224939613634,0.277688804660009,6365.80091941102,2442.67754747262
2026-06-18,1.36,4000,0.274639709411469,0.276075529424739,6365.80091941102,2418.84570083319
2026-06-18,1.36,4025,0.273159673549296,0.274439733645462,6365.80091941102,2395.06695204328
2026-06-18,1.36,4050,0.271526030871397,0.272907324421749,6365.80091941102,2371.28820323873
2026-06-18,1.36,4075,0.269994687575475,0.271349514393448,6365.80091941102,2347.56255242638
2026-06-18,1.36,4100,0.268438052905367,0.269767336018945,6365.80091941102,2323.83690149348
2026-06-18,1.36,4125,0.266857145640658,0.268161755981967,6365.80091941102,2300.11125063321
2026-06-18,1.36,4150,0.265369832802238,0.26664953986894,6365.80091941102,2276.49179542999
2026-06-18,1.36,4175,0.2638557611745,0.265111440409815,6365.80091941102,2252.8723402917
2026-06-18,1.36,4200,0.262315983734031,0.263548459794996,6365.80091941102,2229.25288514955
2026-06-18,1.36,4225,0.260751484772376,0.262071047788658,6365.80091941102,2205.68652790012
2026-06-18,1.36,4250,0.25927161436548,0.260566594976887,6365.80091941102,2182.17326851477
2026-06-18,1.36,4275,0.257871227392676,0.259036120430304,6365.80091941102,2158.71310706598
2026-06-18,1.36,4300,0.256336692716225,0.257584141824845,6365.80091941102,2135.25294548439
2026-06-18,1.36,4325,0.254879775627295,0.256104264869587,6365.80091941102,2111.84588192203
2026-06-18,1.36,4350,0.253395192582652,0.254597508344115,6365.80091941102,2088.43881828959
2026-06-18,1.36,4375,0.251982687065884,0.253162835021765,6365.80091941102,2065.13795043594
2026-06-18,1.36,4400,0.25054089902114,0.251699650277427,6365.80091941102,2041.83708250184
2026-06-18,1.36,4425,0.249166024029556,0.250303440431889,6365.80091941102,2018.64241043405
2026-06-18,1.36,4450,0.247667069513434,0.248784533057202,6365.80091941102,1995.34154264221
2026-06-18,1.36,4475,0.246325362556711,0.247422316194598,6365.80091941102,1972.25306624595
2026-06-18,1.36,4500,0.244861680427911,0.245939422336275,6365.80091941102,1949.05839416773
2026-06-18,1.36,4525,0.243458898646417,0.244605439827193,6365.80091941102,1926.02301572802
2026-06-18,1.36,4550,0.242113240990228,0.243152861682827,6365.80091941102,1902.98763721808
2026-06-18,1.36,4575,0.240564938310223,0.241926660698747,6365.80091941102,1880.00535655381
2026-06-18,1.36,4600,0.239159614309139,0.240414379829697,6365.80091941102,1856.96997818946
2026-06-18,1.36,4625,0.237806876418596,0.239203420521627,6365.80091941102,1834.20008909147
2026-06-18,1.36,4650,0.236503368675904,0.237794874726511,6365.80091941102,1811.37710206374
2026-06-18,1.36,4675,0.23508668588635,0.236435423746435,6365.80091941102,1788.55411526213
2026-06-18,1.36,4700,0.233796721611162,0.234966510058591,6365.80091941102,1765.7842261396
2026-06-18,1.36,4725,0.232472561644859,0.233775098629286,6365.80091941102,1743.22672856903
2026-06-18,1.36,4750,0.231115281810535,0.232395898954015,6365.80091941102,1720.56303523764
2026-06-18,1.36,4775,0.229800183612883,0.231132968644861,6365.80091941102,1698.05863552551
2026-06-18,1.36,4800,0.228451440368589,0.229544219789593,6365.80091941102,1675.34184448294
2026-06-18,1.36,4825,0.227141871462167,0.228430686281572,6365.80091941102,1653.04983625154
2026-06-18,1.36,4850,0.225868844743188,0.227136147175273,6365.80091941102,1630.70473026715
2026-06-18,1.36,4875,0.224560396625277,0.225806923433509,6365.80091941102,1608.35962413505
2026-06-18,1.36,4900,0.223285854178808,0.224443989015966,6365.80091941102,1586.0676160351
2026-06-18,1.36,4925,0.221975654010303,0.223248809950288,6365.80091941102,1563.93490156977
2026-06-18,1.36,4950,0.220696893545687,0.221949548601979,6365.80091941102,1541.80218698754
2026-06-18,1.36,4975,0.219447328297554,0.220615128225768,6365.80091941102,1519.72257034227
2026-06-18,1.36,5000,0.218224806328682,0.219373871248116,6365.80091941102,1497.80224736046
2026-06-18,1.36,5025,0.21696430284243,0.218157963561273,6365.80091941102,1475.93502220341
2026-06-18,1.36,5050,0.215666825558928,0.21690374984934,6365.80091941102,1454.06779716499
2026-06-18,1.36,5075,0.214455372213336,0.215672974325189,6365.80091941102,1432.35986552042
2026-06-18,1.36,5100,0.21332515595314,0.214104721260444,6365.80091941102,1410.49264051981
2026-06-18,1.36,5125,0.211975928275588,0.21315659267894,6365.80091941102,1389.05019843902
2026-06-18,1.36,5150,0.210766309635468,0.211929081731451,6365.80091941102,1367.55465840348
2026-06-18,1.36,5175,0.209517096980242,0.210719747872312,6365.80091941102,1346.11221640247
2026-06-18,1.36,5200,0.208285759315605,0.209188951437364,6365.80091941102,1324.4573826943
2026-06-18,1.36,5225,0.207070683416236,0.208293719213235,6365.80091941102,1303.49282156765
2026-06-18,1.36,5250,0.205980074558908,0.206692576637287,6365.80091941102,1282.05037948892
2026-06-18,1.36,5275,0.20468318881076,0.205817211706461,6365.80091941102,1261.19201405763
2026-06-18,1.36,5300,0.203454540631096,0.20441306815674,6365.80091941102,1239.96196360862
2026-06-18,1.36,5325,0.202237834626183,0.203445067916359,6365.80091941102,1219.26289184926
2026-06-18,1.36,5350,0.201031702333913,0.202222258983718,6365.80091941102,1198.40452641896
2026-06-18,1.36,5375,0.199937079476288,0.200652098599444,6365.80091941102,1177.38686728345
2026-06-18,1.36,5400,0.198645942171213,0.199502500206797,6365.80091941102,1156.68779540187
2026-06-18,1.36,5425,0.19741406128358,0.198606833171441,6365.80091941102,1136.41350672351
2026-06-18,1.36,5450,0.196238198284658,0.197415281752711,6365.80091941102,1115.97992443454
2026-06-18,1.36,5475,0.195018303518561,0.196180243681551,6365.80091941102,1095.54634199957
2026-06-18,1.36,5500,0.193802994788548,0.194615876414729,6365.80091941102,1074.847270174
2026-06-18,1.36,5525,0.192591160619335,0.193771168876829,6365.80091941102,1055.05086235955
2026-06-18,1.36,5550,0.191428392597887,0.192081324519531,6365.80091941102,1034.45798640837
2026-06-18,1.36,5575,0.19017363726367,0.191371022254177,6365.80091941102,1014.98016577548
2026-06-18,1.36,5600,0.188965884615639,0.189785234131581,6365.80091941102,994.652779308817
2026-06-18,1.36,5625,0.187757474657598,0.188926782309749,6365.80091941102,975.281154516742
2026-06-18,1.36,5650,0.186591935514934,0.187214550558467,6365.80091941102,955.059963395244
2026-06-18,1.36,5675,0.185334835285097,0.186521639869079,6365.80091941102,936.060023848626
2026-06-18,1.36,5700,0.184162237299394,0.184814497359111,6365.80091941102,916.051224659865
2026-06-18,1.36,5725,0.182898220689767,0.184102243681925,6365.80091941102,897.263676601641
2026-06-18,1.36,5750,0.181672401693462,0.182863717662204,6365.80091941102,877.998247349952
2026-06-18,1.36,5775,0.180440388965478,0.181661499544092,6365.80091941102,858.892111847108
2026-06-18,1.36,5800,0.179201303861174,0.18016014861857,6365.80091941102,839.520487356976
2026-06-18,1.36,5825,0.1779955704369,0.179192485400545,6365.80091941102,820.998428348907
2026-06-18,1.36,5850,0.176780227073329,0.177434416717006,6365.80091941102,801.573705957389
2026-06-18,1.36,5875,0.175351852401967,0.176728845424812,6365.80091941102,783.370234528501
2026-06-18,1.36,5900,0.174237106282849,0.175200361725751,6365.80091941102,764.635784190672
2026-06-18,1.36,5925,0.172988669826781,0.174221843652081,6365.80091941102,746.591606391591
2026-06-18,1.36,5950,0.171845627217464,0.172476774776492,6365.80091941102,727.804058213426
2026-06-18,1.36,5975,0.170491153719992,0.171703839612804,6365.80091941102,710.184663345779
2026-06-18,1.36,6000,0.169278545388888,0.170210022795872,6365.80091941102,691.928094071975
2026-06-18,1.36,6025,0.167972126972112,0.169204603906192,6365.80091941102,674.361797260058
2026-06-18,1.36,6050,0.166878698099132,0.167528711634176,6365.80091941102,656.317619209017
2026-06-18,1.36,6075,0.165460866726909,0.166713816022928,6365.80091941102,639.176105563479
2026-06-18,1.36,6100,0.16440297639578,0.165044175690251,6365.80091941102,621.503612804382
2026-06-18,1.36,6125,0.162947123342892,0.164221433395274,6365.80091941102,604.627588449464
2026-06-18,1.36,6150,0.16191904042732,0.162552430290965,6365.80091941102,587.326780713794
2026-06-18,1.36,6175,0.160309633818714,0.161754620665463,6365.80091941102,570.61004987033
2026-06-18,1.36,6200,0.159380140565371,0.160006750982749,6365.80091941102,553.680927872786
2026-06-18,1.36,6225,0.157945160779686,0.159265746213532,6365.80091941102,537.654469405494
2026-06-18,1.36,6250,0.156704303979703,0.158019120306757,6365.80091941102,521.362521357822
2026-06-18,1.36,6275,0.155471785863703,0.156781415306093,6365.80091941102,505.2829651658
2026-06-18,1.36,6300,0.154427402911327,0.155079919084752,6365.80091941102,488.991017498273
2026-06-18,1.36,6325,0.153170523579563,0.153857188004858,6365.80091941102,473.283146299792
2026-06-18,1.36,6350,0.151773768328242,0.153143565865564,6365.80091941102,458.318645548132
2026-06-18,1.36,6375,0.149899331180043,0.152237489554206,6365.80091941102,442.57082389404
2026-06-18,1.36,6400,0.149457214018465,0.150642412216525,6365.80091941102,428.128200849427
2026-06-18,1.36,6425,0.148438954809825,0.149192374108962,6365.80091941102,413.260794608203
2026-06-18,1.36,6450,0.147096272147186,0.148207894115623,6365.80091941102,398.818171516858
2026-06-18,1.36,6475,0.14564319952874,0.147077628815472,6365.80091941102,384.216254608496
2026-06-18,1.36,6500,0.144795583790582,0.145836204345276,6365.80091941102,370.570099533586
2026-06-18,1.36,6525,0.143332253527092,0.144769389033499,6365.80091941102,356.499161677149
2026-06-18,1.36,6550,0.142436931081088,0.143480796130801,6365.80091941102,343.171593978776
2026-06-18,1.36,6575,0.14110153165202,0.142472808100488,6365.80091941102,329.844026204818
2026-06-18,1.36,6600,0.140189994879993,0.141203620322266,6365.80091941102,316.99433948592
2026-06-18,1.36,6625,0.138869619139245,0.140250600114458,6365.80091941102,304.250848245122
2026-06-18,1.36,6650,0.137791280165799,0.13914209065517,6365.80091941102,291.879042558752
2026-06-18,1.36,6675,0.136736985903961,0.138058276087061,6365.80091941102,279.825823820725
2026-06-18,1.36,6700,0.135853868149259,0.136740103942837,6365.80091941102,267.931898958299
2026-06-18,1.36,6725,0.134660940119348,0.135962162629272,6365.80091941102,256.622050609248
2026-06-18,1.36,6750,0.133675214336546,0.13494888381362,6365.80091941102,245.52459393029
2026-06-18,1.36,6775,0.132673936485382,0.133958351969776,6365.80091941102,234.692626393
2026-06-18,1.36,6800,0.131808570321029,0.132723705636174,6365.80091941102,223.966854916366
2026-06-18,1.36,6825,0.130774191373815,0.13204504883879,6365.80091941102,214.037551432384
2026-06-18,1.36,6850,0.129876611343682,0.131122415940362,6365.80091941102,204.21444379343
2026-06-18,1.36,6875,0.128962297775191,0.130222828910082,6365.80091941102,194.656825593945
2026-06-18,1.36,6900,0.128110189569763,0.129346787606236,6365.80091941102,185.470892495279
2026-06-18,1.36,6925,0.127241585313233,0.128494990375237,6365.80091941102,176.550448683408
2026-06-18,1.36,6950,0.126437869356379,0.127627400823756,6365.80091941102,167.948592300692
2026-06-18,1.36,6975,0.125618600167008,0.126826446674892,6365.80091941102,159.665323051624
2026-06-18,1.36,7000,0.12486803580812,0.125715027705672,6365.80091941102,151.328955905744
2026-06-18,1.36,7050,0.123369350938987,0.124596660051412,6365.80091941102,136.780137047644
2026-06-18,1.36,7100,0.122045645137959,0.122775200460275,6365.80091941102,122.549905316866
2026-06-18,1.36,7150,0.120783059709195,0.121970594799323,6365.80091941102,110.496686748995
2026-06-18,1.36,7200,0.119599552443684,0.120346346401337,6365.80091941102,98.4965660091776
2026-06-18,1.36,7250,0.118571236697469,0.119771546768456,6365.80091941102,88.6203604680954
2026-06-18,1.36,7300,0.117571638428361,0.118781328372866,6365.80091941102,79.1158401598464
2026-06-18,1.36,7400,0.11593708101707,0.117168160676249,6365.80091941102,62.9740848692357
2026-06-18,1.36,7500,0.114608014872548,0.115862531409836,6365.80091941102,49.9120065600541
2026-06-18,1.36,7600,0.11360633946306,0.11495970279492,6365.80091941102,39.5579201257696
2026-06-18,1.36,7700,0.113043678601305,0.114234415694859,6365.80091941102,31.3808467035628
2026-06-18,1.36,7800,0.112741508227111,0.114010303976736,6365.80091941102,25.0621990378322
2026-06-18,1.36,7900,0.112707085235081,0.114053288151533,6365.80091941102,20.1240962583488
2026-06-18,1.36,8000,0.112889001637732,0.114446893884354,6365.80091941102,16.3010489507006
2026-06-18,1.36,8200,0.114066984268627,0.115948180199372,6365.80091941102,11.0443589016764
2026-06-18,1.36,8400,0.116249934970868,0.11844347350111,6365.80091941102,7.91158401982474
2026-06-18,1.36,8600,0.119102692577727,0.121564188619791,6365.80091941102,5.94696247966985
2026-06-18,1.36,8800,0.122281574466439,0.12494851866775,6365.80091941102,4.61951549675689
2026-06-18,1.36,9000,0.125818954282811,0.129016524177616,6365.80091941102,3.76994942776754
2026-06-18,1.36,9200,0.129331654196475,0.133117940157251,6365.80091941102,3.13277488363544
2026-06-18,1.36,9400,0.133211064702197,0.137569503593512,6365.80091941102,2.7079918493549
2026-06-18,1.36,9600,0.137156819426712,0.142410679280497,6365.80091941102,2.41595351728264
2026-06-18,1.36,10000,0.145240410373257,0.151695044358606,6365.80091941102,1.99117047777188
2026-06-18,1.36,10400,0.153358541891307,0.16096491354636,6365.80091941102,1.72568107832724
2026-06-18,1.36,11000,0.160749108206968,0.172247730832221,6365.80091941102,1.22125122170138
2026-06-18,1.36,12000,0.169848750691093,0.188828979469577,6365.80091941102,0.716821371536161
2026-12-18,1.868,200,0.782172675409448,0.838123114973074,6477.04710149742,6277.31884062787
2026-12-18,1.868,400,0.600269874433571,0.719620418405647,6477.04710149742,6077.59057975828
2026-12-18,1.868,600,0.588246557038913,0.637575459716519,6477.04710149742,5878.13405801875
2026-12-18,1.868,800,0.552328358484263,0.582654065968695,6477.04710149742,5678.86775366978
2026-12-18,1.868,1000,0.521120748912127,0.539632536114384,6477.04710149742,5479.81884062497
2026-12-18,1.868,1200,0.491561595285517,0.50606615625328,6477.04710149742,5281.01449280204
2026-12-18,1.868,1400,0.466824075724452,0.476225292536324,6477.04710149742,5082.48188410448
2026-12-18,1.868,1600,0.444357465480667,0.451408255198647,6477.04710149742,4884.3297101881
2026-12-18,1.868,1800,0.421391110744769,0.427648388308852,6477.04710149742,4686.23188410693
2026-12-18,1.868,2000,0.400562791497166,0.405599048850028,6477.04710149742,4488.40579714251
2026-12-18,1.868,2200,0.381730940449192,0.38626879776139,6477.04710149742,4291.06884062877
2026-12-18,1.868,2400,0.36463944069141,0.368358563888161,6477.04710149742,4094.22101451973
2026-12-18,1.868,2600,0.348381887475735,0.351774137840115,6477.04710149742,3897.86231887335
2026-12-18,1.868,2800,0.333007586474459,0.336361455871386,6477.04710149742,3702.10144932052
2026-12-18,1.868,3000,0.318911248638364,0.321734943014611,6477.04710149742,3507.1014492917
2026-12-18,1.868,3200,0.305613032129796,0.30818729998515,6477.04710149742,3313.02536237761
2026-12-18,1.868,3300,0.299332723395,0.301705606567915,6477.04710149742,3216.39492757953
2026-12-18,1.868,3400,0.2932764866516,0.295310790703938,6477.04710149742,3120.0362319151
2026-12-18,1.868,3500,0.287243792142174,0.289268906805565,6477.04710149742,3024.00362324708
2026-12-18,1.868,3600,0.281492941018638,0.283366673272063,6477.04710149742,2928.35144929634
2026-12-18,1.868,3700,0.275955024141619,0.277690137906482,6477.04710149742,2833.13405800799
2026-12-18,1.868,3800,0.270458065230721,0.272182487121389,6477.04710149742,2738.29710148548
2026-12-18,1.868,3850,0.267871430139172,0.269532105036876,6477.04710149742,2691.12318842403
2026-12-18,1.868,3900,0.265195827984858,0.266903183389346,6477.04710149742,2644.00362323084
2026-12-18,1.868,3950,0.262645702484463,0.264291465889114,6477.04710149742,2597.04710149433
2026-12-18,1.868,4000,0.260105913209455,0.261693099480066,6477.04710149742,2550.19927535502
2026-12-18,1.868,4050,0.257669296867896,0.259199788585739,6477.04710149742,2503.56884056281
2026-12-18,1.868,4100,0.255137107039578,0.256706576207879,6477.04710149742,2456.99275362459
2026-12-18,1.868,4150,0.25278541931327,0.254211056332821,6477.04710149742,2410.63405805772
2026-12-18,1.868,4200,0.250333885657891,0.251796719118995,6477.04710149742,2364.38405793593
2026-12-18,1.868,4250,0.247956932896363,0.249370148401076,6477.04710149742,2318.29710150112
2026-12-18,1.868,4300,0.245644448902795,0.246929929150825,6477.04710149742,2272.37318841481
2026-12-18,1.868,4350,0.243309269305679,0.244629563992259,6477.04710149742,2226.66666669933
2026-12-18,1.868,4400,0.24102612881261,0.242377856654717,6477.04710149742,2181.17753630728
2026-12-18,1.868,4450,0.238641186613065,0.24031183321068,6477.04710149742,2135.90579711266
2026-12-18,1.868,4500,0.236373052491537,0.238060497529053,6477.04710149742,2090.74275362195
2026-12-18,1.868,4550,0.234207772470996,0.235841497949294,6477.04710149742,2045.8514493314
2026-12-18,1.868,4600,0.232066342893995,0.233648750170125,6477.04710149742,2001.17753625482
2026-12-18,1.868,4650,0.229879139540047,0.231476692449547,6477.04710149742,1956.666666734
2026-12-18,1.868,4700,0.227709205380459,0.229258486967802,6477.04710149742,1912.31884050669
2026-12-18,1.868,4750,0.225612000965585,0.227174710478224,6477.04710149742,1868.35144936205
2026-12-18,1.868,4800,0.22351917915102,0.225035833307153,6477.04710149742,1824.54710144899
2026-12-18,1.868,4850,0.221426884115787,0.222956127424822,6477.04710149742,1781.01449273731
2026-12-18,1.868,4900,0.219386740670906,0.220817403194381,6477.04710149742,1737.69927534454
2026-12-18,1.868,4950,0.217337168458072,0.218834447321156,6477.04710149742,1694.76449277451
2026-12-18,1.868,5000,0.215327460052853,0.216783455423472,6477.04710149742,1652.04710151269
2026-12-18,1.868,5050,0.213350707661089,0.214767226741596,6477.04710149742,1609.65579712307
2026-12-18,1.868,5100,0.211400556170362,0.212779373130262,6477.04710149742,1567.59057968192
2026-12-18,1.868,5150,0.20942309466377,0.210814000481726,6477.04710149742,1525.79710146517
2026-12-18,1.868,5200,0.207463442082071,0.208819007700781,6477.04710149742,1484.27536228424
2026-12-18,1.868,5250,0.205470762037014,0.206883812377488,6477.04710149742,1443.07971009352
2026-12-18,1.868,5300,0.20353269140079,0.204911459611774,6477.04710149742,1402.21014484804
2026-12-18,1.868,5350,0.201597917792,0.20290071016254,6477.04710149742,1361.61231880244
2026-12-18,1.868,5400,0.1996197640508,0.200977397496664,6477.04710149742,1321.39492740303
2026-12-18,1.868,5450,0.197680213630317,0.198966017221904,6477.04710149742,1281.44927539159
2026-12-18,1.868,5500,0.195732043091811,0.197111463228597,6477.04710149742,1242.04710146556
2026-12-18,1.868,5550,0.193811459928675,0.195122062603155,6477.04710149742,1202.86231881824
2026-12-18,1.868,5600,0.191834723398499,0.193196347416076,6477.04710149742,1164.05797093257
2026-12-18,1.868,5650,0.189877331020274,0.191212088127803,6477.04710149742,1125.5797099966
2026-12-18,1.868,5700,0.187933882869297,0.189243201773816,6477.04710149742,1087.53623182777
2026-12-18,1.868,5750,0.185925778812731,0.187284562878533,6477.04710149742,1049.81884050316
2026-12-18,1.868,5800,0.183960378370037,0.185295250437697,6477.04710149742,1012.53623179892
2026-12-18,1.868,5850,0.181960015350297,0.183272431193414,6477.04710149742,975.579710176358
2026-12-18,1.868,5900,0.179921856204576,0.181282999135836,6477.04710149742,939.05797081482
2026-12-18,1.868,5950,0.177877372650978,0.179252119003632,6477.04710149742,902.916666611665
2026-12-18,1.868,6000,0.175855932346183,0.177210818244933,6477.04710149742,867.264492712883
2026-12-18,1.868,6050,0.173818283245091,0.17515474845643,6477.04710149742,832.047101354384
2026-12-18,1.868,6100,0.171760123365005,0.172386937363677,6477.04710149742,796.123188197247
2026-12-18,1.868,6150,0.169709742356722,0.17107882481293,6477.04710149742,763.134057797203
2026-12-18,1.868,6200,0.167661707553732,0.16904817576514,6477.04710149742,729.492753537456
2026-12-18,1.868,6250,0.165610701395172,0.167015435461612,6477.04710149742,696.394927469297
2026-12-18,1.868,6300,0.163583119600073,0.164975484102012,6477.04710149742,663.894927429507
2026-12-18,1.868,6350,0.161572995155597,0.162986032544867,6477.04710149742,632.101449113497
2026-12-18,1.868,6400,0.159574555608012,0.160978341035099,6477.04710149742,600.905797017607
2026-12-18,1.868,6450,0.157582174022735,0.159009507359044,6477.04710149742,570.416666533212
2026-12-18,1.868,6500,0.155317356282688,0.157295170818745,6477.04710149742,540.543478196114
2026-12-18,1.868,6550,0.153290453188916,0.155324568357394,6477.04710149742,511.304347611374
2026-12-18,1.868,6600,0.151468223946982,0.153376628030187,6477.04710149742,483.152173864309
2026-12-18,1.868,6650,0.149568001969152,0.151045816190427,6477.04710149742,454.891304307261
2026-12-18,1.868,6700,0.147707947497408,0.149157596923316,6477.04710149742,428.206521440688
2026-12-18,1.868,6750,0.145883362736956,0.147338036939192,6477.04710149742,402.445652113498
2026-12-18,1.868,6800,0.144089945414059,0.145521080583741,6477.04710149742,377.499999981209
2026-12-18,1.868,6850,0.142355115557062,0.143764956618152,6477.04710149742,353.532608612399
2026-12-18,1.868,6900,0.140644548253845,0.142035345514514,6477.04710149742,330.434782697073
2026-12-18,1.868,6950,0.138987230191945,0.14039313073991,6477.04710149742,308.369565110768
2026-12-18,1.868,7000,0.137381820557894,0.138773495444571,6477.04710149742,287.228260760577
2026-12-18,1.868,7050,0.135827834627396,0.137174716536213,6477.04710149742,267.010869458411
2026-12-18,1.868,7100,0.134325728457474,0.135695689849362,6477.04710149742,247.880434621358
2026-12-18,1.868,7150,0.132877008607911,0.134239448987933,6477.04710149742,229.673913122675
2026-12-18,1.868,7200,0.131484370966523,0.132841480543439,6477.04710149742,212.44565217403
2026-12-18,1.868,7250,0.13015187362591,0.13150580157208,6477.04710149742,196.195652073904
2026-12-18,1.868,7300,0.128885149632455,0.130237980509736,6477.04710149742,180.923912985587
2026-12-18,1.868,7400,0.126542128735818,0.127898819508614,6477.04710149742,153.206521612145
2026-12-18,1.868,7500,0.124451407490217,0.125819542325705,6477.04710149742,129.076086917643
2026-12-18,1.868,7600,0.122761004484893,0.124056929661117,6477.04710149742,108.532608751201
2026-12-18,1.868,7700,0.121099695705761,0.122508880620993,6477.04710149742,90.7065217314555
2026-12-18,1.868,7800,0.119820839635062,0.121309396662234,6477.04710149742,75.8695650900424
2026-12-18,1.868,7900,0.119016782290275,0.120360628815095,6477.04710149742,63.6413042934195
2026-12-18,1.868,8000,0.118095496317121,0.119711476171355,6477.04710149742,53.2065217836143
2026-12-18,1.868,8200,0.117503960963094,0.118937629475698,6477.04710149742,37.7173913148111
2026-12-18,1.868,8400,0.117630677440191,0.119206727566635,6477.04710149742,27.2826086441875
2026-12-18,1.868,8600,0.118471332560738,0.120171347979185,6477.04710149742,20.2173912786177
2026-12-18,1.868,8800,0.119820011049009,0.121894274660563,6477.04710149742,15.4347826218395
2026-12-18,1.868,9000,0.121700164771585,0.12402091658131,6477.04710149742,12.1195652110214
2026-12-18,1.868,9200,0.123746858324549,0.126513027961264,6477.04710149742,9.72826083551737
2026-12-18,1.868,9400,0.126282105364737,0.129272699876792,6477.04710149742,8.04347826090618
2026-12-18,1.868,9600,0.129033820438537,0.131928885847174,6477.04710149742,6.73913044522642
2026-12-18,1.868,10000,0.133979218397579,0.137807610907144,6477.04710149742,4.89130434231467
2026-12-18,1.868,11000,0.146800203391046,0.154002041989095,6477.04710149742,2.77173913063472
2026-12-18,1.868,12000,0.160523110560631,0.169556115022794,6477.04710149742,1.92934782683555
2027-12-17,2.868,400,0.468425349704194,0.628484628271545,6712.39304443313,6313.38750791024
2027-12-17,2.868,800,0.468284166586093,0.507243938358783,6712.39304443313,5915.34802161887
2027-12-17,2.868,1200,0.422199610789275,0.441419908188525,6712.39304443313,5518.58713123091
2027-12-17,2.868,1400,0.403079783741777,0.41512788275703,6712.39304443313,5320.68971115159
2027-12-17,2.868,1600,0.383649725141125,0.393540638784201,6712.39304443313,5123.13324997602
2027-12-17,2.868,1800,0.366683403140923,0.374475701997502,6712.39304443313,4926.0882271703
2027-12-17,2.868,2000,0.351288201951401,0.357178886211863,6712.39304443313,4729.55464270983
2027-12-17,2.868,2200,0.336964478070737,0.342057349504276,6712.39304443313,4533.70297608117
2027-12-17,2.868,2300,0.330419592670585,0.335030729789894,6712.39304443313,4436.0896884278
2027-12-17,2.868,2400,0.324171855342126,0.328357175773218,6712.39304443313,4338.70370671776
2027-12-17,2.868,2500,0.318159983750277,0.321969261009518,6712.39304443313,4241.54503095367
2027-12-17,2.868,2600,0.312336609082665,0.316814156709795,6712.39304443313,4144.89779350631
2027-12-17,2.868,2700,0.306664877595339,0.310948753200621,6712.39304443313,4048.25055605106
2027-12-17,2.868,2800,0.301115877834164,0.30538681969719,6712.39304443313,3951.88745111112
2027-12-17,2.868,2900,0.295986789448486,0.300218759099744,6712.39304443313,3855.97895797467
2027-12-17,2.868,3000,0.290888683400001,0.295074015763664,6712.39304443313,3760.29777080953
2027-12-17,2.868,3100,0.285815171106886,0.290079388093329,6712.39304443313,3664.90071604895
2027-12-17,2.868,3200,0.28113737297359,0.285323487357176,6712.39304443313,3570.01509958213
2027-12-17,2.868,3300,0.276419720927981,0.280641526211971,6712.39304443313,3475.41361556256
2027-12-17,2.868,3400,0.271882549156509,0.276015029109582,6712.39304443313,3381.20991706731
2027-12-17,2.868,3500,0.267484626699125,0.271429003939344,6712.39304443313,3287.40400383561
2027-12-17,2.868,3600,0.263285645221055,0.267143258412956,6712.39304443313,3194.22318193623
2027-12-17,2.868,3700,0.259065866000222,0.262840338134139,6712.39304443313,3101.38331898123
2027-12-17,2.868,3800,0.255065475527905,0.258754661214976,6712.39304443313,3009.22537390448
2027-12-17,2.868,3900,0.251159149799778,0.254764661537729,6712.39304443313,2917.63569356132
2027-12-17,2.868,4000,0.247320487858116,0.250844802819477,6712.39304443313,2826.61427809189
2027-12-17,2.868,4100,0.243594645605547,0.247105152691105,6712.39304443313,2736.3316068614
2027-12-17,2.868,4200,0.239951778519128,0.243381700881651,6712.39304443313,2646.67402706765
2027-12-17,2.868,4300,0.236604212284282,0.23919421221519,6712.39304443313,2557.41423262992
2027-12-17,2.868,4400,0.23287587816175,0.236540389039283,6712.39304443313,2469.91605924677
2027-12-17,2.868,4500,0.229663444358654,0.233129488067232,6712.39304443313,2382.87249762526
2027-12-17,2.868,4600,0.226523475891973,0.229807573948551,6712.39304443313,2296.73815984216
2027-12-17,2.868,4700,0.223479809235408,0.226596739837496,6712.39304443313,2211.62669875091
2027-12-17,2.868,4800,0.220460298612604,0.223469054060382,6712.39304443313,2127.48128786929
2027-12-17,2.868,4900,0.217491652608769,0.220443368332351,6712.39304443313,2044.41558013824
2027-12-17,2.868,5000,0.214595025634109,0.217412335066511,6712.39304443313,1962.37274931605
2027-12-17,2.868,5100,0.211708826561902,0.214481016471466,6712.39304443313,1881.4664479603
2027-12-17,2.868,5200,0.208818854178076,0.211624613755361,6712.39304443313,1801.69667642464
2027-12-17,2.868,5300,0.205948698592407,0.208750173794811,6712.39304443313,1723.00660802642
2027-12-17,2.868,5400,0.203083159747365,0.205916280854296,6712.39304443313,1645.50989612332
2027-12-17,2.868,5500,0.200208789490489,0.203072907049971,6712.39304443313,1569.14971354308
2027-12-17,2.868,5600,0.197313501874107,0.200208599005918,6712.39304443313,1493.92606048389
2027-12-17,2.868,5700,0.194386233222589,0.197343950156011,6712.39304443313,1419.89576402298
2027-12-17,2.868,5800,0.191446877022687,0.194436209447134,6712.39304443313,1347.05882341382
2027-12-17,2.868,5900,0.188453587350413,0.19147625777609,6712.39304443313,1275.35841262661
2027-12-17,2.868,6000,0.185425525440144,0.188455144550861,6712.39304443313,1204.85135822437
2027-12-17,2.868,6100,0.182379013156556,0.185391743605499,6712.39304443313,1135.65131258408
2027-12-17,2.868,6200,0.179300764164491,0.182302235651102,6712.39304443313,1067.81510287521
2027-12-17,2.868,6300,0.176204561601493,0.179173851091019,6712.39304443313,1001.39955491418
2027-12-17,2.868,6400,0.173128607446458,0.176072746278819,6712.39304443313,936.68880180337
2027-12-17,2.868,6500,0.170004480776772,0.172982479005486,6712.39304443313,873.569190332893
2027-12-17,2.868,6600,0.166920392537682,0.169912890003691,6712.39304443313,812.324852690265
2027-12-17,2.868,6700,0.163833346621823,0.166898538034835,6712.39304443313,753.012615672007
2027-12-17,2.868,6800,0.160798120076091,0.163968760196575,6712.39304443313,695.897127800653
2027-12-17,2.868,7000,0.155005731820208,0.158114362882964,6712.39304443313,588.267766469679
2027-12-17,2.868,7200,0.149473615627637,0.152614643619266,6712.39304443313,490.412560282987
2027-12-17,2.868,7400,0.144471068805035,0.147538761983314,6712.39304443313,403.468039231675
2027-12-17,2.868,7600,0.139949689063007,0.142961597765297,6712.39304443313,327.604682525878
2027-12-17,2.868,7800,0.135930025888644,0.138956366743899,6712.39304443313,262.822490258941
2027-12-17,2.868,8000,0.132461131605391,0.135545658148167,6712.39304443313,208.723677253544
2027-12-17,2.868,8200,0.129594544731414,0.13271096572543,6712.39304443313,164.512672501519
2027-12-17,2.868,8400,0.127289795517346,0.130536903915086,6712.39304443313,129.16659906869
2027-12-17,2.868,8600,0.125579243057082,0.128943744665351,6712.39304443313,101.378448152925
2027-12-17,2.868,8800,0.124526384196162,0.127915269575664,6712.39304443313,79.9548635837924
2027-12-17,2.868,9000,0.123968045980826,0.12723402952229,6712.39304443313,63.3047036250855
2027-12-17,2.868,9200,0.123888838596567,0.127185342597434,6712.39304443313,50.7460505231683
2027-12-17,2.868,9400,0.12416575979713,0.127578089476218,6712.39304443313,41.1423747087745
2027-12-17,2.868,9600,0.124838923974111,0.128318998784871,6712.39304443313,33.8117582746416
2027-12-17,2.868,10000,0.126838367603847,0.128972198752793,6712.39304443313,22.7874202742398
2027-12-17,2.868,11000,0.134389834882744,0.138817387658878,6712.39304443313,11.6494292975759
2027-12-17,2.868,12000,0.143700638753554,0.147908865645445,6712.39304443313,6.93283111827652
2028-12-15,3.872,400,NA,0.514517416326538,6965.3671662549,NA
2028-12-15,3.872,800,0.416516773134728,0.462203812225988,6965.3671662549,6169.37986923639
2028-12-15,3.872,1200,0.381815042952215,0.406829758017446,6965.3671662549,5774.04649418388
2028-12-15,3.872,1600,0.351860903780182,0.36463167637152,6965.3671662549,5380.46681894079
2028-12-15,3.872,1800,0.341955032805519,0.348860016552967,6965.3671662549,5185.40095743017
2028-12-15,3.872,2000,0.325995769841363,0.335153175861948,6965.3671662549,4989.97841121934
2028-12-15,3.872,2200,0.31489429095608,0.322800609889238,6965.3671662549,4796.16094616557
2028-12-15,3.872,2400,0.303890711535687,0.31225145287546,6965.3671662549,4603.41353524624
2028-12-15,3.872,2600,0.294639485679647,0.302380684903825,6965.3671662549,4412.15231061246
2028-12-15,3.872,2700,0.290276068141574,0.297797417321523,6965.3671662549,4317.08644912649
2028-12-15,3.872,2800,0.285906178930243,0.293221781200125,6965.3671662549,4222.25837743231
2028-12-15,3.872,2900,0.281900510478273,0.288887111407143,6965.3671662549,4127.96533281724
2028-12-15,3.872,3000,0.277953603387591,0.282159629156784,6965.3671662549,4032.66168148325
2028-12-15,3.872,3100,0.274156464462919,0.280857598433488,6965.3671662549,3940.74653493794
2028-12-15,3.872,3200,0.270476197208134,0.276895156882262,6965.3671662549,3847.76133413024
2028-12-15,3.872,3300,0.266796646489654,0.273044193188024,6965.3671662549,3755.19226556555
2028-12-15,3.872,3400,0.263282871334974,0.269282519754588,6965.3671662549,3663.15822402965
2028-12-15,3.872,3500,0.259742948571416,0.26559194668792,6965.3671662549,3571.54031473803
2028-12-15,3.872,3600,0.256398633088913,0.262028430904202,6965.3671662549,3480.57632750148
2028-12-15,3.872,3700,0.253072526854493,0.258500241204373,6965.3671662549,3390.08791965536
2028-12-15,3.872,3800,0.249821718632306,0.255123997364668,6965.3671662549,3300.25343383226
2028-12-15,3.872,3900,0.246628589982028,0.251811479563169,6965.3671662549,3211.01342261737
2028-12-15,3.872,4000,0.243536236546127,0.248548230326577,6965.3671662549,3122.42733322109
2028-12-15,3.872,4100,0.240523092822793,0.245428658115318,6965.3671662549,3034.61406088716
2028-12-15,3.872,4200,0.237571125205558,0.242375612458351,6965.3671662549,2947.5141578147
2028-12-15,3.872,4300,0.233879126924312,0.239422180045329,6965.3671662549,2860.23591254321
2028-12-15,3.872,4400,0.231092139317671,0.236594455807199,6965.3671662549,2774.80053826626
2028-12-15,3.872,4500,0.228364392994481,0.233825724596845,6965.3671662549,2690.19742810982
2028-12-15,3.872,4600,0.225723681530753,0.231143856242315,6965.3671662549,2606.54547725606
2028-12-15,3.872,4700,0.223151800917092,0.228531618802152,6965.3671662549,2523.8446857943
2028-12-15,3.872,4800,0.220671974991569,0.226050495718906,6965.3671662549,2442.27339565775
2028-12-15,3.872,4900,0.21826604107223,0.223605358357866,6965.3671662549,2361.71271229499
2028-12-15,3.872,5000,0.215954054463124,0.221185985308256,6965.3671662549,2282.22208320614
2028-12-15,3.872,5100,0.213650124376365,0.218817313023051,6965.3671662549,2203.74206056233
2028-12-15,3.872,5200,0.211412776868771,0.216520507699507,6965.3671662549,2126.45098711113
2028-12-15,3.872,5300,0.20916504860693,0.214250809392611,6965.3671662549,2050.17052018894
2028-12-15,3.872,5400,0.206932449971351,0.211969386462097,6965.3671662549,1974.90066027899
2028-12-15,3.872,5500,0.204707341788617,0.209701133305903,6965.3671662549,1900.70085409304
2028-12-15,3.872,5600,0.20248294141104,0.207439219255021,6965.3671662549,1827.57110256457
2028-12-15,3.872,5700,0.200253156970347,0.205122003851735,6965.3671662549,1755.39250948788
2028-12-15,3.872,5800,0.198012447824816,0.202802398441892,6965.3671662549,1684.28397118177
2028-12-15,3.872,5900,0.195702878725387,0.200448582061424,6965.3671662549,1614.06714437957
2028-12-15,3.872,6000,0.193323550218179,0.198031617208266,6965.3671662549,1544.68258193832
2028-12-15,3.872,6100,0.190898278404213,0.19554993605907,6965.3671662549,1476.18973120051
2028-12-15,3.872,6200,0.188423616225809,0.193026158838465,6965.3671662549,1408.6480395702
2028-12-15,3.872,6300,0.185871769379362,0.190456445004981,6965.3671662549,1341.99806006311
2028-12-15,3.872,6400,0.183287539282843,0.187836748835149,6965.3671662549,1276.35868702746
2028-12-15,3.872,6500,0.18066533523594,0.185232656101939,6965.3671662549,1211.90826325094
2028-12-15,3.872,6600,0.178045324017142,0.182590489737725,6965.3671662549,1148.64678846069
2028-12-15,3.872,6700,0.175419672476003,0.179972590583904,6965.3671662549,1086.75260448499
2028-12-15,3.872,6800,0.172803091143625,0.177370707704541,6965.3671662549,1026.28516034132
2028-12-15,3.872,7000,0.16750452751522,0.172454108422294,6965.3671662549,910.199930892878
2028-12-15,3.872,7200,0.162686868741878,0.167457534287778,6965.3671662549,801.173304802588
2028-12-15,3.872,7400,0.158087450425422,0.162721636468779,6965.3671662549,699.755952647047
2028-12-15,3.872,7600,0.153787745537793,0.158283433582447,6965.3671662549,606.542348706446
2028-12-15,3.872,7800,0.149779731608127,0.154199383858446,6965.3671662549,521.829730199774
2028-12-15,3.872,8000,0.146102157767332,0.150463034104447,6965.3671662549,445.7369921742
2028-12-15,3.872,8200,0.142779455516922,0.147095697492054,6965.3671662549,378.264134288056
2028-12-15,3.872,8400,0.139797011678105,0.144103042283283,6965.3671662549,319.113919957985
2028-12-15,3.872,8600,0.137169183024928,0.141496706081303,6965.3671662549,267.929664042341
2028-12-15,3.872,8800,0.134886503973092,0.139264016787292,6965.3671662549,224.116892483606
2028-12-15,3.872,9000,0.132961316001901,0.137412541833728,6965.3671662549,187.081130302879
2028-12-15,3.872,9200,0.131359734976747,0.135969035353315,6965.3671662549,156.109007803929
2028-12-15,3.872,9400,0.130117105899008,0.134870420759824,6965.3671662549,130.42770867271
2028-12-15,3.872,9600,0.129281483267305,0.134065938790152,6965.3671662549,109.323863371128
2028-12-15,3.872,10000,0.128587883981288,0.131711948950854,6965.3671662549,75.9143956645927
2028-12-15,3.872,11000,0.132944248788126,0.134906210176694,6965.3671662549,38.5813960893636
2028-12-15,3.872,12000,0.136665975613549,0.141033378630164,6965.3671662549,21.638872383766
2029-12-21,4.892,400,0.459469804068157,0.514065003539416,7243.39867369315,6845.35828666207
2029-12-21,4.892,800,0.396176552481479,0.437774144106823,7243.39867369315,6449.43303743876
2029-12-21,4.892,1200,0.364339698595309,0.379628113901869,7243.39867369315,6055.03193164372
2029-12-21,4.892,1600,0.332423035457665,0.345902514696852,7243.39867369315,5663.30585306747
2029-12-21,4.892,1800,0.321917845455038,0.329987219762482,7243.39867369315,5468.65590751648
2029-12-21,4.892,2000,0.310864722147501,0.320752715803269,7243.39867369315,5275.99667987672
2029-12-21,4.892,2200,0.301585056028339,0.310058729543509,7243.39867369315,5084.08397150064
2029-12-21,4.892,2400,0.291832641111562,0.301264680771636,7243.39867369315,4893.4154618447
2029-12-21,4.892,2600,0.283865021944466,0.293051427167237,7243.39867369315,4704.61325024606
2029-12-21,4.892,2800,0.276336482517684,0.285034977593402,7243.39867369315,4517.17965724205
2029-12-21,4.892,2900,0.27279131480732,0.281351895416135,7243.39867369315,4424.20937990758
2029-12-21,4.892,3000,0.269481025486119,0.276017819439327,7243.39867369315,4330.55479341938
2029-12-21,4.892,3100,0.266270555172945,0.27411811361793,7243.39867369315,4239.69965386527
2029-12-21,4.892,3200,0.263221694937835,0.270710938954812,7243.39867369315,4148.28462492992
2029-12-21,4.892,3300,0.260149431439541,0.267460258207403,7243.39867369315,4057.36727557739
2029-12-21,4.892,3400,0.257200081857375,0.264201612614712,7243.39867369315,3966.94760562926
2029-12-21,4.892,3500,0.254282692501106,0.261129795423658,7243.39867369315,3877.15003509325
2029-12-21,4.892,3600,0.251453052357816,0.258091235616224,7243.39867369315,3787.91235392245
2029-12-21,4.892,3700,0.24863453860891,0.255194528751549,7243.39867369315,3699.2967721958
2029-12-21,4.892,3800,0.245935701848109,0.252361370537234,7243.39867369315,3611.36549973047
2029-12-21,4.892,3900,0.243281665195606,0.249580193655863,7243.39867369315,3524.05632648115
2029-12-21,4.892,4000,0.240713296977724,0.246939454397976,7243.39867369315,3437.55588252072
2029-12-21,4.892,4100,0.238214851440109,0.244416597003932,7243.39867369315,3351.86416771533
2029-12-21,4.892,4200,0.235773084739193,0.241903488811014,7243.39867369315,3266.85676216107
2029-12-21,4.892,4300,0.232373952046506,0.239523539228064,7243.39867369315,3181.28946725066
2029-12-21,4.892,4400,0.230101251242942,0.237215796976073,7243.39867369315,3098.02393989807
2029-12-21,4.892,4500,0.227928817209836,0.235006974569267,7243.39867369315,3015.75377160294
2029-12-21,4.892,4600,0.225802115480718,0.232844612353248,7243.39867369315,2934.35454216645
2029-12-21,4.892,4700,0.223748428277296,0.230791667443021,7243.39867369315,2854.0128817492
2029-12-21,4.892,4800,0.221790499660995,0.228763765505788,7243.39867369315,2774.66658051664
2029-12-21,4.892,4900,0.219880056708947,0.226854429954489,7243.39867369315,2696.44005777298
2029-12-21,4.892,5000,0.218105614501431,0.224920424541304,7243.39867369315,2619.27110430884
2029-12-21,4.892,5100,0.216386696290621,0.22305389330313,7243.39867369315,2543.22192943588
2029-12-21,4.892,5200,0.214714398778224,0.221215595545363,7243.39867369315,2468.23032335197
2029-12-21,4.892,5300,0.213051941707462,0.219400176890794,7243.39867369315,2394.23407659315
2029-12-21,4.892,5400,0.211367320178058,0.217602959335235,7243.39867369315,2321.170978386
2029-12-21,4.892,5500,0.209687176418489,0.215819835600613,7243.39867369315,2249.10323955421
2029-12-21,4.892,5600,0.208008431097973,0.214020784794773,7243.39867369315,2177.96864974201
2029-12-21,4.892,5675,0.206709592337282,0.212677336555874,7243.39867369315,2125.17759668805
2029-12-21,4.892,5700,0.206276650158255,0.212204674342154,7243.39867369315,2107.64278908307
2029-12-21,4.892,5800,0.204493436201758,0.210370402808292,7243.39867369315,2038.12565715583
2029-12-21,4.892,5900,0.20268457303948,0.208492426052234,7243.39867369315,1969.41725491105
2029-12-21,4.892,6000,0.200825226081855,0.206571307233098,7243.39867369315,1901.45537162708
2029-12-21,4.892,6100,0.198939527643018,0.204607338698862,7243.39867369315,1834.30221761051
2029-12-21,4.892,6200,0.196957469622963,0.202600553773412,7243.39867369315,1767.77116309194
2029-12-21,4.892,6300,0.194949457534501,0.200550732577309,7243.39867369315,1702.04883730984
2029-12-21,4.892,6400,0.19284758180932,0.19841325588256,7243.39867369315,1636.82419140532
2029-12-21,4.892,6500,0.190697000387313,0.196233038175518,7243.39867369315,1572.34606426172
2029-12-21,4.892,6600,0.188496651706263,0.194008920541653,7243.39867369315,1508.61445686964
2029-12-21,4.892,6700,0.186266219559823,0.191781597702941,7243.39867369315,1445.81599804866
2029-12-21,4.892,6800,0.184023915815422,0.189526922938846,7243.39867369315,1383.95068907418
2029-12-21,4.892,7000,0.179509963225407,0.185026542629127,7243.39867369315,1263.39277676844
2029-12-21,4.892,7200,0.175044488012669,0.180579158211882,7243.39867369315,1147.62502911092
2029-12-21,4.892,7400,0.170526131722069,0.176440172970625,7243.39867369315,1037.3506750171
2029-12-21,4.892,7600,0.166470931024488,0.172204142170865,7243.39867369315,933.149033013746
2029-12-21,4.892,7800,0.162611630538016,0.16819969346043,7243.39867369315,835.417224130524
2029-12-21,4.892,8000,0.159002580210838,0.164460495023507,7243.39867369315,744.590718404509
2029-12-21,4.892,8200,0.155630684628923,0.160991655455456,7243.39867369315,660.731725125527
2029-12-21,4.892,8400,0.152494470119813,0.15777050301787,7243.39867369315,583.778035181891
2029-12-21,4.892,8600,0.149584643684926,0.154805960072053,7243.39867369315,513.667437363393
2029-12-21,4.892,8800,0.14690422863017,0.152099702271042,7243.39867369315,450.27551340592
2029-12-21,4.892,9000,0.14442546310271,0.149622970373735,7243.39867369315,393.229002337725
2029-12-21,4.892,9200,0.142198274723694,0.147377702549721,7243.39867369315,342.403485119942
2029-12-21,4.892,9400,0.140146916263266,0.145377158213116,7243.39867369315,297.301281988756
2029-12-21,4.892,9600,0.138318509587798,0.143596333244543,7243.39867369315,257.611342875397
2029-12-21,4.892,10000,0.135294733653121,0.140742829706509,7243.39867369315,192.850799987775
2029-12-21,4.892,11000,0.131572776034322,0.137399102121381,7243.39867369315,95.8033008802549
2029-12-21,4.892,12000,0.134993624259066,0.138206284635482,7243.39867369315,54.8691630892403
2030-12-20,5.892,400,NA,0.452707998506388,7537.35536063092,NA
2030-12-20,5.892,800,0.301796214795679,0.430796658061094,7537.35536063092,6744.18469238347
2030-12-20,5.892,1200,0.322401896434172,0.375524153374338,7537.35536063092,6351.14410663704
2030-12-20,5.892,1600,0.306369425403848,0.334062260977842,7537.35536063092,5959.79459352702
2030-12-20,5.892,1800,0.299537319830649,0.326809905551598,7537.35536063092,5768.44508037205
2030-12-20,5.892,2000,0.292710328819096,0.31544099506071,7537.35536063092,5576.90044351563
2030-12-20,5.892,2200,0.284213929868953,0.30581767571365,7537.35536063092,5386.26638420569
2030-12-20,5.892,2400,0.277928137099384,0.297828226781964,7537.35536063092,5198.16893380426
2030-12-20,5.892,2600,0.272175508313884,0.290798337106711,7537.35536063092,5012.1528036018
2030-12-20,5.892,2800,0.266735123029337,0.279734292004719,7537.35536063092,4824.77080706199
2030-12-20,5.892,2900,0.264125262644527,0.281402370625853,7537.35536063092,4737.06360416635
2030-12-20,5.892,3000,0.261482808152392,0.278464888130556,7537.35536063092,4646.36450350703
2030-12-20,5.892,3100,0.258893353627268,0.275587813109197,7537.35536063092,4556.18573301646
2030-12-20,5.892,3200,0.256346178091128,0.272695550253914,7537.35536063092,4466.46225131104
2030-12-20,5.892,3300,0.253832763725914,0.269918107685029,7537.35536063092,4377.32414073178
2030-12-20,5.892,3400,0.251281139960327,0.267178364180848,7537.35536063092,4288.64131912938
2030-12-20,5.892,3500,0.24881988329727,0.264414907457689,7537.35536063092,4200.47882748938
2030-12-20,5.892,3600,0.2463172690725,0.261792026164651,7537.35536063092,4112.90170714834
2030-12-20,5.892,3700,0.243888473075703,0.259187853686946,7537.35536063092,4025.90995806748
2030-12-20,5.892,3800,0.241520937004039,0.256647969242412,7537.35536063092,3939.56862149509
2030-12-20,5.892,3900,0.239204160632035,0.25416328341376,7537.35536063092,3853.87769766271
2030-12-20,5.892,4000,0.236882541528163,0.25176988611491,7537.35536063092,3768.83718626402
2030-12-20,5.892,4100,0.234688983643874,0.249413349399409,7537.35536063092,3684.57716983551
2030-12-20,5.892,4200,0.232519320004389,0.247168634257135,7537.35536063092,3601.09764856769
2030-12-20,5.892,4300,0.228248116061369,0.247016460077462,7537.35536063092,3518.39862237651
2030-12-20,5.892,4400,0.226243411768759,0.244874101506192,7537.35536063092,3436.54513233416
2030-12-20,5.892,4500,0.230176224747466,0.242811068044176,7537.35536063092,3365.87873841132
2030-12-20,5.892,4600,0.222377949273783,0.240851580190159,7537.35536063092,3275.50484409598
2030-12-20,5.892,4700,0.220570910194079,0.23891787061741,7537.35536063092,3196.38308669603
2030-12-20,5.892,4800,0.218776820427179,0.237101157424462,7537.35536063092,3118.23694834099
2030-12-20,5.892,4900,0.21708810573506,0.23532740977986,7537.35536063092,3041.13147009001
2030-12-20,5.892,5000,0.215491453880151,0.233591396997674,7537.35536063092,2965.06665155308
2030-12-20,5.892,5100,0.214034843836633,0.231831182779754,7537.35536063092,2890.04249354072
2030-12-20,5.892,5200,0.212616184605953,0.2301591971149,7537.35536063092,2816.12403671678
2030-12-20,5.892,5300,0.211202340458502,0.22851271251733,7537.35536063092,2743.11615749301
2030-12-20,5.892,5400,0.209791304394134,0.226888622589701,7537.35536063092,2671.01885592879
2030-12-20,5.892,5500,0.208407489869987,0.225284177893149,7537.35536063092,2599.89717272205
2030-12-20,5.892,5600,0.206996328513628,0.22369693647078,7537.35536063092,2529.62102606727
2030-12-20,5.892,5675,0.205915875437938,0.222489728791975,7537.35536063092,2477.38546560329
2030-12-20,5.892,5700,0.205558695331721,0.22210041529207,7537.35536063092,2460.1253747146
2030-12-20,5.892,5800,0.204095305987455,0.220470637311816,7537.35536063092,2391.34517723137
2030-12-20,5.892,5900,0.202606728296563,0.218855344744538,7537.35536063092,2323.41051559126
2030-12-20,5.892,6000,0.201047484904612,0.217184516102464,7537.35536063092,2255.99618394478
2030-12-20,5.892,6100,0.19955560101858,0.215505102994559,7537.35536063092,2189.62251283533
2030-12-20,5.892,6200,0.198037465331957,0.21377293410078,7537.35536063092,2123.89925396395
2030-12-20,5.892,6300,0.196450295068454,0.211989871338683,7537.35536063092,2058.69632527633
2030-12-20,5.892,6400,0.194796686289746,0.210157427525374,7537.35536063092,1994.01372651716
2030-12-20,5.892,6500,0.193078752516002,0.208276793735114,7537.35536063092,1929.85145816229
2030-12-20,5.892,6600,0.191298163288455,0.206348860254077,7537.35536063092,1866.20951987254
2030-12-20,5.892,6700,0.189456174291871,0.204354182813135,7537.35536063092,1803.02286957434
2030-12-20,5.892,6800,0.187573405008051,0.202333481018037,7537.35536063092,1740.48663244595
2030-12-20,5.892,7000,0.183683918610706,0.198210756523414,7537.35536063092,1617.36539560304
2030-12-20,5.892,7200,0.179736830785237,0.194048145229151,7537.35536063092,1497.49622138888
2030-12-20,5.892,7400,0.175347908250863,0.189960533632859,7537.35536063092,1380.03357365091
2030-12-20,5.892,7600,0.171651644657744,0.186192004501121,7537.35536063092,1269.99554038475
2030-12-20,5.892,7800,0.167941065035943,0.182323704237157,7537.35536063092,1163.58804732672
2030-12-20,5.892,8000,0.164359978542183,0.178648279132164,7537.35536063092,1062.51393738573
2030-12-20,5.892,8200,0.160960209348724,0.17521864722587,7537.35536063092,967.293540577378
2030-12-20,5.892,8400,0.157494161856648,0.171610846471653,7537.35536063092,875.585371671354
2030-12-20,5.892,8600,0.154469995203047,0.168600420318487,7537.35536063092,792.137441852871
2030-12-20,5.892,8800,0.151636636172301,0.165829951754975,7537.35536063092,714.738348377223
2030-12-20,5.892,9000,0.148962830597441,0.163232240764188,7537.35536063092,642.997844425225
2030-12-20,5.892,9200,0.146441326531513,0.16083613433528,7537.35536063092,576.915929388056
2030-12-20,5.892,9400,0.144090965648836,0.15858309971755,7537.35536063092,516.232438806182
2030-12-20,5.892,9600,0.141858324230626,0.156473545092222,7537.35536063092,460.622166373726
2030-12-20,5.892,10000,0.137766418218631,0.152626713705352,7537.35536063092,363.775737763798
2030-12-20,5.892,11000,0.129570342131525,0.145761460469974,7537.35536063092,195.774176793369
2030-12-20,5.892,12000,0.133688669910481,0.135618636730633,7537.35536063092,107.383111728794
