"Expiry","Texp","Strike","Bid","Ask","Fwd","CallMid"
2025-04-07,0.004,2200,NA,3.79116242008264,5071.67779511723,NA
2025-04-07,0.004,2400,NA,3.41127109625854,5071.67779511723,NA
2025-04-07,0.004,2600,NA,3.06138165120164,5071.67779511723,NA
2025-04-07,0.004,2800,NA,2.73682028608151,5071.67779511723,NA
2025-04-07,0.004,3000,NA,2.43387219452706,5071.67779511723,NA
2025-04-07,0.004,3200,2.149523914128,2.26235466514943,5071.67779511723,1871.75237957459
2025-04-07,0.004,3400,1.9814000593107,2.09685705384517,5071.67779511723,1671.82696403194
2025-04-07,0.004,3600,1.8838457010945,1.93557586041486,5071.67779511723,1472.02585591817
2025-04-07,0.004,3800,1.80000575900536,1.82155747651443,5071.67779511723,1272.6225315768
2025-04-07,0.004,4000,1.68201598718175,1.6924202637268,5071.67779511723,1073.86560586572
2025-04-07,0.004,4200,1.53769976926291,1.54875803157931,5071.67779511723,876.252308501218
2025-04-07,0.004,4300,1.43501636980925,1.46074608289736,5071.67779511723,777.743997647221
2025-04-07,0.004,4400,1.34025559776566,1.36350257396312,5071.67779511723,679.782639482924
2025-04-07,0.004,4500,1.23410152709437,1.25247597244759,5071.67779511723,582.169342116267
2025-04-07,0.004,4600,1.1235437663141,1.14009679966095,5071.67779511723,485.401335265559
2025-04-07,0.004,4650,1.06441099314747,1.07733500075311,5071.67779511723,437.241085215598
2025-04-07,0.004,4700,1.00508988501942,1.01819997480448,5071.67779511723,389.578064875677
2025-04-07,0.004,4750,0.946739454538639,0.958351728931497,5071.67779511723,342.461997230393
2025-04-07,0.004,4800,0.885496457940658,0.889375153510784,5071.67779511723,295.594544439871
2025-04-07,0.004,4850,0.829858582456679,0.840094631003662,5071.67779511723,250.666287536408
2025-04-07,0.004,4875,0.802176496091425,0.812878349698634,5071.67779511723,228.599942860963
2025-04-07,0.004,4900,0.776534806083339,0.786615658745452,5071.67779511723,207.080550864343
2025-04-07,0.004,4925,0.752912510671806,0.763377377608374,5071.67779511723,186.307003450101
2025-04-07,0.004,4950,0.732096130106494,0.742908718840938,5071.67779511723,166.428469525343
2025-04-07,0.004,4970,0.718172505896341,0.728565491901409,5071.67779511723,151.3013207307
2025-04-07,0.004,4975,0.714649264575286,0.724947964501535,5071.67779511723,147.594117994581
2025-04-07,0.004,4980,0.71084232100669,0.721051559687133,5071.67779511723,143.886915251067
2025-04-07,0.004,4990,0.70405623935786,0.714933083674705,5071.67779511723,136.721124630482
2025-04-07,0.004,5000,0.697739467161482,0.708451869743077,5071.67779511723,129.704502930094
2025-04-07,0.004,5010,0.691824604020753,0.701578630562142,5071.67779511723,122.837050138176
2025-04-07,0.004,5020,0.685447812304496,0.695085120553184,5071.67779511723,116.118766251931
2025-04-07,0.004,5025,0.682177161381742,0.692561351918208,5071.67779511723,112.859070252889
2025-04-07,0.004,5030,0.678580179394421,0.688913481592296,5071.67779511723,109.54965128831
2025-04-07,0.004,5040,0.672766015070514,0.682223597998427,5071.67779511723,103.17942821756
2025-04-07,0.004,5050,0.666371494901454,0.675766920196585,5071.67779511723,96.9583740584662
2025-04-07,0.004,5060,0.659364946207189,0.669496793436874,5071.67779511723,90.88648881123
2025-04-07,0.004,5070,0.653263901497456,0.662593354375227,5071.67779511723,85.0134954502373
2025-04-07,0.004,5075,0.649203240484724,0.660083232526352,5071.67779511723,82.1423490144066
2025-04-07,0.004,5080,0.6462242551996,0.657106117889931,5071.67779511723,79.3578626054605
2025-04-07,0.004,5085,0.642867372828626,0.653757524726428,5071.67779511723,76.5733761985998
2025-04-07,0.004,5090,0.639905714800002,0.65081072114735,5071.67779511723,73.8883357387508
2025-04-07,0.004,5095,0.636556292759408,0.647482995575803,5071.67779511723,71.203295280189
2025-04-07,0.004,5100,0.633594710255224,0.644550035815759,5071.67779511723,68.6177007530021
2025-04-07,0.004,5105,0.630235067822488,0.640441463204215,5071.67779511723,65.9823832572458
2025-04-07,0.004,5110,0.627257410545148,0.637504106582984,5071.67779511723,63.4962346837556
2025-04-07,0.004,5115,0.623870796283055,0.634165281392578,5071.67779511723,61.0100861001079
2025-04-07,0.004,5120,0.620861816735782,0.631211357124822,5071.67779511723,58.6233834704358
2025-04-07,0.004,5125,0.618233625739916,0.627845066940652,5071.67779511723,56.2864037991737
2025-04-07,0.004,5130,0.615184361689159,0.624861346753351,5071.67779511723,53.999147110217
2025-04-07,0.004,5135,0.611702521440043,0.62145357167821,5071.67779511723,51.7118904187321
2025-04-07,0.004,5140,0.60941491176277,0.619246218432765,5071.67779511723,49.623525614083
2025-04-07,0.004,5145,0.605868588630337,0.615791042967594,5071.67779511723,47.4357148634241
2025-04-07,0.004,5150,0.604369535888787,0.613553359310758,5071.67779511723,45.496518979013
2025-04-07,0.004,5155,0.601601576366499,0.610883837528704,5071.67779511723,43.5076001088487
2025-04-07,0.004,5160,0.599232245025053,0.608620547885275,5071.67779511723,41.6181271913368
2025-04-07,0.004,5165,0.596410762248882,0.606778102686148,5071.67779511723,39.7783772523765
2025-04-07,0.004,5170,0.593997197741756,0.604500455104521,5071.67779511723,37.9883502711439
2025-04-07,0.004,5175,0.592009481354982,0.602657337461392,5071.67779511723,36.2977692358222
2025-04-07,0.004,5180,0.590468423637011,0.601269212368916,5071.67779511723,34.7066341476619
2025-04-07,0.004,5185,0.5893978067829,0.599448533924588,5071.67779511723,33.1652220228642
2025-04-07,0.004,5190,0.588824440950227,0.5981044141148,5071.67779511723,31.7232558546436
2025-04-07,0.004,5195,0.587832180338854,0.597264140982028,5071.67779511723,30.3310126537795
2025-04-07,0.004,5200,0.587368320578656,0.59600221199016,5071.67779511723,28.98849242271
2025-04-07,0.004,5205,0.586487729327476,0.595275387480257,5071.67779511723,27.6956951577346
2025-04-07,0.004,5210,0.585173967577718,0.594128155083507,5071.67779511723,26.4028978980355
2025-04-07,0.004,5215,0.584426850713067,0.593553143865779,5071.67779511723,25.2095465809084
2025-04-07,0.004,5220,0.584287912373408,0.592561326505744,5071.67779511723,24.0659182391183
2025-04-07,0.004,5225,0.582681785620975,0.592185610460947,5071.67779511723,22.922289891332
2025-04-07,0.004,5230,0.582773601366665,0.591399807184142,5071.67779511723,21.8781074821654
2025-04-07,0.004,5235,0.581360227100558,0.591281726832176,5071.67779511723,20.8339250792878
2025-04-07,0.004,5240,0.580615031379755,0.590764283282129,5071.67779511723,19.8394656523984
2025-04-07,0.004,5245,0.579432817633988,0.589829035037352,5071.67779511723,18.8450062193606
2025-04-07,0.004,5250,0.578983017061169,0.589629235349519,5071.67779511723,17.9499927297513
2025-04-07,0.004,5255,0.576884058121876,0.589025919929077,5071.67779511723,17.0052562760888
2025-04-07,0.004,5260,0.57678684288804,0.589231242650815,5071.67779511723,16.2096887251207
2025-04-07,0.004,5265,0.57628236378479,0.589053806782863,5071.67779511723,15.414121184662
2025-04-07,0.004,5270,0.575347805591832,0.588474273702996,5071.67779511723,14.6185536384581
2025-04-07,0.004,5275,0.573956579195183,0.587470261546961,5071.67779511723,13.8229860968657
2025-04-07,0.004,5280,0.573489901602121,0.58601574959858,5071.67779511723,13.0771415191807
2025-04-07,0.004,5285,0.572592344127457,0.585496414736111,5071.67779511723,12.381019918707
2025-04-07,0.004,5290,0.571235081318874,0.584552801904942,5071.67779511723,11.6848983127352
2025-04-07,0.004,5295,0.570937641335762,0.584659591280363,5071.67779511723,11.0882226589009
2025-04-07,0.004,5300,0.570217779917295,0.582830881051944,5071.67779511723,10.441824026947
2025-04-07,0.004,5305,0.569045768082737,0.582090229021152,5071.67779511723,9.84514836827429
2025-04-07,0.004,5310,0.567386573987926,0.580906320850376,5071.67779511723,9.24847271047605
2025-04-07,0.004,5315,0.566986663055757,0.580962027910176,5071.67779511723,8.7512429945763
2025-04-07,0.004,5320,0.564298172270125,0.578852590136727,5071.67779511723,8.15456733585
2025-04-07,0.004,5325,0.564853190029444,0.578037096296244,5071.67779511723,7.70706058980124
2025-04-07,0.004,5330,0.563044432368552,0.576766424222669,5071.67779511723,7.20983087782139
2025-04-07,0.004,5335,0.562769415722654,0.576991735600684,5071.67779511723,6.8120471033003
2025-04-07,0.004,5340,0.562067173908664,0.568494482307597,5071.67779511723,6.21537144368631
2025-04-07,0.004,5345,0.560901184093185,0.578407943706763,5071.67779511723,6.0662025301188
2025-04-07,0.004,5350,0.559227786601516,0.575283073725246,5071.67779511723,5.61869578655879
2025-04-07,0.004,5355,0.554493002877147,0.576120465578803,5071.67779511723,5.22091201516216
2025-04-07,0.004,5360,0.556744814842959,0.574230910154836,5071.67779511723,4.92257418538367
2025-04-07,0.004,5365,0.556065546428578,0.574293066914503,5071.67779511723,4.62423635496381
2025-04-07,0.004,5370,0.554915264241435,0.573966667746973,5071.67779511723,4.32589852468902
2025-04-07,0.004,5375,0.553244295464418,0.573218501689233,5071.67779511723,4.02756069576131
2025-04-07,0.004,5380,0.554132416749652,0.574845524555377,5071.67779511723,3.82866880847958
2025-04-07,0.004,5385,0.551416287802466,0.573270971384453,5071.67779511723,3.53033098060921
2025-04-07,0.004,5390,0.551471371749256,0.571149362098069,5071.67779511723,3.2817161246606
2025-04-07,0.004,5395,0.545592239817736,0.568413788154159,5071.67779511723,2.95851680675536
2025-04-07,0.004,5400,0.554108599921036,0.568463875555336,5071.67779511723,2.88393235149712
2025-04-07,0.004,5405,0.542864580660519,0.568123935976204,5071.67779511723,2.56073303528818
2025-04-07,0.004,5410,0.540622570864804,0.567355723491085,5071.67779511723,2.36184114853195
2025-04-07,0.004,5415,0.540063414686313,0.568106125014042,5071.67779511723,2.21267223505207
2025-04-07,0.004,5420,0.539023113109601,0.568533985664271,5071.67779511723,2.06350331869299
2025-04-07,0.004,5425,0.537438887862701,0.566426325698306,5071.67779511723,1.88947291941116
2025-04-07,0.004,5430,0.53523141907505,0.566006021857654,5071.67779511723,1.74030400496492
2025-04-07,0.004,5435,0.535362994727679,0.565146433385723,5071.67779511723,1.61599657557778
2025-04-07,0.004,5440,0.544367338610724,0.561179301606699,5071.67779511723,1.54141211905118
2025-04-07,0.004,5445,0.530905670770256,0.564625086720974,5071.67779511723,1.36738171772588
2025-04-07,0.004,5450,0.529421422710703,0.565146870379738,5071.67779511723,1.26793577459456
2025-04-07,0.004,5455,0.5273010388411,0.562309754626557,5071.67779511723,1.14362834516096
2025-04-07,0.004,5460,0.537006969265391,0.565144886517134,5071.67779511723,1.1436283455304
2025-04-07,0.004,5465,0.520646961544323,0.564544803222583,5071.67779511723,0.969597945187136
2025-04-07,0.004,5470,0.515733087981317,0.563480298609425,5071.67779511723,0.870152002575452
2025-04-07,0.004,5475,0.509354884438245,0.558026885431732,5071.67779511723,0.745844573782328
2025-04-07,0.004,5480,0.508081889587961,0.563707962741094,5071.67779511723,0.720983087223292
2025-04-07,0.004,5485,0.506152729234951,0.556771308496381,5071.67779511723,0.621537144868373
2025-04-07,0.004,5490,0.503427357493288,0.531428620328468,5071.67779511723,0.447506744034776
2025-04-07,0.004,5495,0.499707152798198,0.558478570186535,5071.67779511723,0.522091201399945
2025-04-07,0.004,5500,0.528937420771522,0.535716421167364,5071.67779511723,0.472368229741789
2025-04-07,0.004,5505,0.487913952115001,0.564298441917114,5071.67779511723,0.447506743986866
2025-04-07,0.004,5510,0.523716204065015,0.564309430359341,5071.67779511723,0.49722971580292
2025-04-07,0.004,5515,0.483203140051626,0.563934063414991,5071.67779511723,0.372922286980774
2025-04-07,0.004,5520,0.487885544011612,0.563120538448638,5071.67779511723,0.348060800908316
2025-04-07,0.004,5525,0.473751385456801,0.568364352096707,5071.67779511723,0.323199314981992
2025-04-07,0.004,5530,0.524053408757199,0.566989339007448,5071.67779511723,0.372922286900174
2025-04-07,0.004,5535,0.454076861228676,0.572164645149005,5071.67779511723,0.273476343781696
2025-04-07,0.004,5540,0.458352870796181,0.544415059579447,5071.67779511723,0.174030400605561
2025-04-07,0.004,5545,0.491772901754797,0.511168270190256,5071.67779511723,0.124307428792847
2025-04-07,0.004,5550,0.515799450681043,0.530913185670319,5071.67779511723,0.174030400570699
2025-04-07,0.004,5555,0.471137472363599,0.559146126346425,5071.67779511723,0.174030400645084
2025-04-07,0.004,5560,0.475384708865681,0.525036985076602,5071.67779511723,0.0994459431461752
2025-04-07,0.004,5565,0.479624883177783,0.568921044053874,5071.67779511723,0.174030400503711
2025-04-07,0.004,5570,0.483858045795051,0.573794986142859,5071.67779511723,0.174030400622708
2025-04-07,0.004,5575,0.488084246048479,0.578660011691308,5071.67779511723,0.174030400300345
2025-04-07,0.004,5580,0.492303532686982,0.57225110084224,5071.67779511723,0.149168914761155
2025-04-07,0.004,5585,0.496515953295322,0.577022786622917,5071.67779511723,0.149168914759135
2025-04-07,0.004,5590,0.50072155429411,0.55255548739649,5071.67779511723,0.0994459431209633
2025-04-07,0.004,5595,0.504920381958436,0.557114224378734,5071.67779511723,0.0994459430969212
2025-04-07,0.004,5600,0.509112481108198,0.54069128704578,5071.67779511723,0.0745844572799914
2025-04-07,0.004,5605,0.513297896126739,0.582519709299546,5071.67779511723,0.124307428939404
2025-04-07,0.004,5610,NA,0.54948868886996,5071.67779511723,NA
2025-04-07,0.004,5615,NA,0.591796847168957,5071.67779511723,NA
2025-04-07,0.004,5620,NA,0.525814467568279,5071.67779511723,NA
2025-04-07,0.004,5625,NA,0.601042563524372,5071.67779511723,NA
2025-04-07,0.004,5630,NA,0.588811172513922,5071.67779511723,NA
2025-04-07,0.004,5635,NA,0.610257284882429,5071.67779511723,NA
2025-04-07,0.004,5640,NA,0.614853151658454,5071.67779511723,NA
2025-04-07,0.004,5645,NA,0.619441423062326,5071.67779511723,NA
2025-04-07,0.004,5650,NA,0.584394236378581,5071.67779511723,NA
2025-04-07,0.004,5655,NA,0.611228940563916,5071.67779511723,NA
2025-04-07,0.004,5660,NA,0.633161153985375,5071.67779511723,NA
2025-04-07,0.004,5665,NA,0.652257460335731,5071.67779511723,NA
2025-04-07,0.004,5670,NA,0.65689291647025,5071.67779511723,NA
2025-04-07,0.004,5675,NA,0.571214936229508,5071.67779511723,NA
2025-04-07,0.004,5680,NA,0.651350695136707,5071.67779511723,NA
2025-04-07,0.004,5685,NA,0.655879913413391,5071.67779511723,NA
2025-04-07,0.004,5690,NA,0.618862141876113,5071.67779511723,NA
2025-04-07,0.004,5695,NA,0.664916855478296,5071.67779511723,NA
2025-04-07,0.004,5700,NA,0.591604506501832,5071.67779511723,NA
2025-04-07,0.004,5705,NA,0.673925419853314,5071.67779511723,NA
2025-04-07,0.004,5710,NA,0.678419163762093,5071.67779511723,NA
2025-04-07,0.004,5715,NA,0.603766742445544,5071.67779511723,NA
2025-04-07,0.004,5720,NA,0.687385775984142,5071.67779511723,NA
2025-04-07,0.004,5725,NA,0.691858723023274,5071.67779511723,NA
2025-04-07,0.004,5730,NA,0.696324815673775,5071.67779511723,NA
2025-04-07,0.004,5735,NA,0.700784091770625,5071.67779511723,NA
2025-04-07,0.004,5740,NA,0.705236588712248,5071.67779511723,NA
2025-04-07,0.004,5745,NA,0.690487459380492,5071.67779511723,NA
2025-04-07,0.004,5750,NA,0.714121392831748,5071.67779511723,NA
2025-04-07,0.004,5755,NA,0.718553772332644,5071.67779511723,NA
2025-04-07,0.004,5760,NA,0.722979517324349,5071.67779511723,NA
2025-04-07,0.004,5765,NA,0.727398663168018,5071.67779511723,NA
2025-04-07,0.004,5770,NA,0.73181124406065,5071.67779511723,NA
2025-04-07,0.004,5775,NA,0.736217294053728,5071.67779511723,NA
2025-04-07,0.004,5780,NA,0.740616846907695,5071.67779511723,NA
2025-04-07,0.004,5785,NA,0.745009935800917,5071.67779511723,NA
2025-04-07,0.004,5790,NA,0.703244689086404,5071.67779511723,NA
2025-04-07,0.004,5795,NA,0.753776852235809,5071.67779511723,NA
2025-04-07,0.004,5800,NA,0.711549791614859,5071.67779511723,NA
2025-04-07,0.004,5805,NA,0.742149715389852,5071.67779511723,NA
2025-04-07,0.004,5810,NA,0.746414666374898,5071.67779511723,NA
2025-04-07,0.004,5815,NA,0.750673567983265,5071.67779511723,NA
2025-04-07,0.004,5820,NA,0.754926449027744,5071.67779511723,NA
2025-04-07,0.004,5825,NA,0.691399127265276,5071.67779511723,NA
2025-04-07,0.004,5830,NA,0.736326405769301,5071.67779511723,NA
2025-04-07,0.004,5835,NA,0.740435896024619,5071.67779511723,NA
2025-04-07,0.004,5840,NA,0.744539756726012,5071.67779511723,NA
2025-04-07,0.004,5845,NA,0.707051127703541,5071.67779511723,NA
2025-04-07,0.004,5850,NA,0.710951154198605,5071.67779511723,NA
2025-04-07,0.004,5855,NA,0.75681781398237,5071.67779511723,NA
2025-04-07,0.004,5860,NA,0.71873579423668,5071.67779511723,NA
2025-04-07,0.004,5865,NA,0.764975494404589,5071.67779511723,NA
2025-04-07,0.004,5870,NA,0.76904609990515,5071.67779511723,NA
2025-04-07,0.004,5875,NA,0.730374545839296,5071.67779511723,NA
2025-04-07,0.004,5880,NA,0.777170959501206,5071.67779511723,NA
2025-04-07,0.004,5885,NA,0.781225260308348,5071.67779511723,NA
2025-04-07,0.004,5890,NA,0.785274172395763,5071.67779511723,NA
2025-04-07,0.004,5900,NA,0.749671974210022,5071.67779511723,NA
2025-04-07,0.004,5910,NA,0.757356248233577,5071.67779511723,NA
2025-04-07,0.004,5920,NA,0.765020931741256,5071.67779511723,NA
2025-04-07,0.004,5925,NA,0.768845975127531,5071.67779511723,NA
2025-04-07,0.004,5930,NA,0.772666178255764,5071.67779511723,NA
2025-04-07,0.004,5940,NA,0.780292138243905,5071.67779511723,NA
2025-04-07,0.004,5950,NA,0.787898959553138,5071.67779511723,NA
2025-04-07,0.004,5960,NA,0.795486786683982,5071.67779511723,NA
2025-04-07,0.004,5970,NA,0.803055761954167,5071.67779511723,NA
2025-04-07,0.004,5975,NA,0.853302299529395,5071.67779511723,NA
2025-04-07,0.004,5980,NA,0.810606025062078,5071.67779511723,NA
2025-04-07,0.004,5990,NA,0.81813771279572,5071.67779511723,NA
2025-04-07,0.004,6000,NA,0.825650960051346,5071.67779511723,NA
2025-04-07,0.004,6010,NA,0.880887108815174,5071.67779511723,NA
2025-04-07,0.004,6025,NA,0.892635540240132,5071.67779511723,NA
2025-04-07,0.004,6050,NA,0.86294513750587,5071.67779511723,NA
2025-04-07,0.004,6075,NA,0.88142550697763,5071.67779511723,NA
2025-04-07,0.004,6100,NA,0.899797216716304,5071.67779511723,NA
2025-04-07,0.004,6150,NA,0.936221687752238,5071.67779511723,NA
2025-04-07,0.004,6200,NA,0.972231970098857,5071.67779511723,NA
2025-04-07,0.004,6300,NA,1.04305907590832,5071.67779511723,NA
2025-04-07,0.004,6400,NA,1.11236904880363,5071.67779511723,NA
2025-04-07,0.004,6500,NA,1.1802418691668,5071.67779511723,NA
2025-04-07,0.004,6600,NA,1.24674900552804,5071.67779511723,NA
2025-04-07,0.004,6700,NA,1.31195491370411,5071.67779511723,NA
2025-04-07,0.004,6800,NA,1.37591817563118,5071.67779511723,NA
2025-04-07,0.004,7000,NA,1.50032683640662,5071.67779511723,NA
2025-04-07,0.004,7200,NA,1.62035549351652,5071.67779511723,NA
2025-04-07,0.004,7400,NA,1.7363316605141,5071.67779511723,NA
2025-04-07,0.004,7600,NA,1.84854121777755,5071.67779511723,NA
2025-04-08,0.008,2200,NA,2.68194645730588,5072.31268731301,NA
2025-04-08,0.008,2400,NA,2.61401640134974,5072.31268731301,NA
2025-04-08,0.008,2600,NA,2.40215477184714,5072.31268731301,NA
2025-04-08,0.008,2800,NA,2.25502760601117,5072.31268731301,NA
2025-04-08,0.008,3000,1.72193079052797,2.03342106703312,5072.31268731301,2072.53746253777
2025-04-08,0.008,3200,1.69263625824109,1.83811568976102,5072.31268731301,1872.66233766255
2025-04-08,0.008,3400,1.62852604438016,1.73294162931679,5072.31268731301,1673.08691308725
2025-04-08,0.008,3600,1.60198498183703,1.62938159207628,5072.31268731301,1474.13586413623
2025-04-08,0.008,3800,1.51957873765536,1.55441508556838,5072.31268731301,1276.20879121016
2025-04-08,0.008,4000,1.40798242778553,1.43645239223966,5072.31268731301,1079.20579420603
2025-04-08,0.008,4100,1.33424817993298,1.35771855029363,5072.31268731301,980.804195805571
2025-04-08,0.008,4200,1.25458295764125,1.27414187505196,5072.31268731301,882.602397602474
2025-04-08,0.008,4300,1.1752126221991,1.18944517658463,5072.31268731301,784.850149850953
2025-04-08,0.008,4400,1.08948807131853,1.10307240103595,5072.31268731301,687.49750249607
2025-04-08,0.008,4500,1.00683852769988,1.01808364257409,5072.31268731301,591.093906091649
2025-04-08,0.008,4550,0.963828966213763,0.974071692925683,5072.31268731301,543.19180818747
2025-04-08,0.008,4600,0.921485545277228,0.933101973659806,5072.31268731301,495.789210789564
2025-04-08,0.008,4650,0.880912583543491,0.892484535306847,5072.31268731301,448.936063937578
2025-04-08,0.008,4700,0.8415805193551,0.852055419255141,5072.31268731301,402.732267728089
2025-04-08,0.008,4750,0.802810100304782,0.812299532718516,5072.31268731301,357.32767233437
2025-04-08,0.008,4800,0.765386960576085,0.774777700154512,5072.31268731301,313.071928070854
2025-04-08,0.008,4850,0.730154612121553,0.739418676841361,5072.31268731301,270.314685314907
2025-04-08,0.008,4875,0.713508976061445,0.722372195470606,5072.31268731301,249.610389611347
2025-04-08,0.008,4900,0.697252716947591,0.706406049013989,5072.31268731301,229.455544453707
2025-04-08,0.008,4925,0.682301857470929,0.691105017633483,5072.31268731301,209.950049942066
2025-04-08,0.008,4950,0.668206480643315,0.676097668786058,5072.31268731301,191.093906094191
2025-04-08,0.008,4970,0.656307461197444,0.665187744036882,5072.31268731301,176.488511490682
2025-04-08,0.008,4975,0.653393499544806,0.662222890262155,5072.31268731301,172.887112883709
2025-04-08,0.008,4980,0.650907662805179,0.65968768382181,5072.31268731301,169.385614384613
2025-04-08,0.008,4990,0.6454438412246,0.654132270449517,5072.31268731301,162.382617379407
2025-04-08,0.008,5000,0.639897350068091,0.648502936403766,5072.31268731301,155.479520480196
2025-04-08,0.008,5010,0.634818591372979,0.643349836484847,5072.31268731301,148.776223770921
2025-04-08,0.008,5020,0.629611251663872,0.638077346105034,5072.31268731301,142.172827179536
2025-04-08,0.008,5025,0.62674311035431,0.635742553588863,5072.31268731301,138.921078910548
2025-04-08,0.008,5030,0.624258362825537,0.633229219986778,5072.31268731301,135.719280716666
2025-04-08,0.008,5040,0.61874256398655,0.627664020888051,5072.31268731301,129.315684318453
2025-04-08,0.008,5050,0.613601071257294,0.622483449135968,5072.31268731301,123.111888110078
2025-04-08,0.008,5060,0.608809744029038,0.61766380009718,5072.31268731301,117.10789210685
2025-04-08,0.008,5070,0.603242999516914,0.611527582535225,5072.31268731301,111.053946053509
2025-04-08,0.008,5075,0.600660989315063,0.60949361084863,5072.31268731301,108.191808195115
2025-04-08,0.008,5080,0.598513379539664,0.607344689072555,5072.31268731301,105.394605389984
2025-04-08,0.008,5085,0.596163286848783,0.60444423829113,5072.31268731301,102.547452539085
2025-04-08,0.008,5090,0.593608597431216,0.601894044396734,5072.31268731301,99.7502497478695
2025-04-08,0.008,5095,0.590846797298086,0.599692561539412,5072.31268731301,97.0029970101468
2025-04-08,0.008,5100,0.588428550857753,0.595624918372234,5072.31268731301,94.1558441496634
2025-04-08,0.008,5105,0.585798727136999,0.594670213052643,5072.31268731301,91.6083916071489
2025-04-08,0.008,5110,0.583509791343691,0.591843640016526,5072.31268731301,88.9610389533627
2025-04-08,0.008,5115,0.58100512762718,0.589359086901342,5072.31268731301,86.3636363712865
2025-04-08,0.008,5120,0.578281241636062,0.587217168671027,5072.31268731301,83.8161838164506
2025-04-08,0.008,5125,0.575894591914784,0.584299096393376,5072.31268731301,81.2687312649311
2025-04-08,0.008,5130,0.573846855280537,0.582281647824447,5072.31268731301,78.8711288591719
2025-04-08,0.008,5135,0.571010954757797,0.579480280306216,5072.31268731301,76.3736263723572
2025-04-08,0.008,5140,0.569077277344781,0.576450414249496,5072.31268731301,73.9760239784422
2025-04-08,0.008,5145,0.566346570288919,0.574895769553796,5072.31268731301,71.6783216716658
2025-04-08,0.008,5150,0.563951733223576,0.571401595974447,5072.31268731301,69.2807192874841
2025-04-08,0.008,5155,0.56189700977827,0.570541965010923,5072.31268731301,67.1828171825844
2025-04-08,0.008,5160,0.559607222843441,0.568306542576195,5072.31268731301,64.9850149828393
2025-04-08,0.008,5165,0.557661288934305,0.565835477485716,5072.31268731301,62.8371628315081
2025-04-08,0.008,5170,0.555477146284687,0.563710370646507,5072.31268731301,60.7392607435969
2025-04-08,0.008,5175,0.553048830210055,0.561938042541235,5072.31268731301,58.691308689747
2025-04-08,0.008,5180,0.550967970942923,0.559333192089799,5072.31268731301,56.6433566418441
2025-04-08,0.008,5185,0.549242999571936,0.557679833312995,5072.31268731301,54.7452547473335
2025-04-08,0.008,5190,0.547274459116974,0.555788427904045,5072.31268731301,52.8471528467951
2025-04-08,0.008,5195,0.545055525311871,0.553039582322408,5072.31268731301,50.8991008986922
2025-04-08,0.008,5200,0.543200149571911,0.551265210546162,5072.31268731301,49.1008990927104
2025-04-08,0.008,5205,0.541091841172603,0.549869681875776,5072.31268731301,47.3526473487326
2025-04-08,0.008,5210,0.539358058180388,0.548233553003159,5072.31268731301,45.6543456510267
2025-04-08,0.008,5215,0.538012549390292,0.546989368907759,5072.31268731301,44.0559440486082
2025-04-08,0.008,5220,0.536419746807999,0.544857784865563,5072.31268731301,42.4075924069608
2025-04-08,0.008,5225,0.534571679912982,0.543773042612859,5072.31268731301,40.8591408504307
2025-04-08,0.008,5230,0.533127684342698,0.54244901754281,5072.31268731301,39.3606393618413
2025-04-08,0.008,5235,0.53142847932041,0.540878188934588,5072.31268731301,37.8621378665626
2025-04-08,0.008,5240,0.530152209416085,0.539052077678229,5072.31268731301,36.4135864137886
2025-04-08,0.008,5245,0.528622072473935,0.538344789842115,5072.31268731301,35.0649350585501
2025-04-08,0.008,5250,0.527537001347947,0.536702297416969,5072.31268731301,33.7162837161416
2025-04-08,0.008,5255,0.52620098026106,0.535509550703922,5072.31268731301,32.4175824222895
2025-04-08,0.008,5260,0.525335777223677,0.534066243730266,5072.31268731301,31.1688311702461
2025-04-08,0.008,5265,0.523480691212349,0.533098597683502,5072.31268731301,29.920079920105
2025-04-08,0.008,5270,0.522857420750554,0.531136672383683,5072.31268731301,28.7212787152495
2025-04-08,0.008,5275,0.52122393159536,0.530416200366853,5072.31268731301,27.572427574395
2025-04-08,0.008,5280,0.520097250868487,0.529456116950432,5072.31268731301,26.4735264734782
2025-04-08,0.008,5285,0.518709780903235,0.528246952475586,5072.31268731301,25.3746253667987
2025-04-08,0.008,5290,0.517865867899906,0.526778028455882,5072.31268731301,24.3256743280194
2025-04-08,0.008,5295,0.516769787667971,0.525857977212735,5072.31268731301,23.3266733257751
2025-04-08,0.008,5300,0.515409977983185,0.524686829616423,5072.31268731301,22.3276723270197
2025-04-08,0.008,5305,0.514641895592188,0.524106904944518,5072.31268731301,21.4285714298011
2025-04-08,0.008,5310,0.513621704034725,0.523287977288599,5072.31268731301,20.5294705271074
2025-04-08,0.008,5315,0.512337112763196,0.522219320431949,5072.31268731301,19.6303696269923
2025-04-08,0.008,5320,0.510774163726033,0.521798034919096,5072.31268731301,18.7812187749365
2025-04-08,0.008,5325,0.509869071124144,0.52114289940093,5072.31268731301,17.9820179799017
2025-04-08,0.008,5330,0.508700863596785,0.519292487173735,5072.31268731301,17.1328671382879
2025-04-08,0.008,5335,0.508253687461877,0.519086245789589,5072.31268731301,16.4335664333526
2025-04-08,0.008,5340,0.506540686932914,0.517658548655399,5072.31268731301,15.6343656319141
2025-04-08,0.008,5345,0.505569519904741,0.516966691524674,5072.31268731301,14.9350649342256
2025-04-08,0.008,5350,0.504326706599755,0.516024896373235,5072.31268731301,14.2357642315245
2025-04-08,0.008,5355,0.503905493118883,0.514819300464561,5072.31268731301,13.5864135896236
2025-04-08,0.008,5360,0.502100410544181,0.513334105075325,5072.31268731301,12.8871128877701
2025-04-08,0.008,5365,0.501145353068242,0.512687667527929,5072.31268731301,12.2877122912984
2025-04-08,0.008,5370,0.499914008127648,0.511790025506638,5072.31268731301,11.6883116903404
2025-04-08,0.008,5375,0.498387707361391,0.510626105264543,5072.31268731301,11.0889110877234
2025-04-08,0.008,5380,0.497833253343267,0.507939241383034,5072.31268731301,10.4895104874024
2025-04-08,0.008,5385,0.497023239171982,0.50870226523726,5072.31268731301,10.0399600435246
2025-04-08,0.008,5390,0.49594080718134,0.506668969487128,5072.31268731301,9.49050949084915
2025-04-08,0.008,5395,0.494566528963799,0.5056469387131,5072.31268731301,8.99100899097292
2025-04-08,0.008,5400,0.492877852979775,0.504343672532201,5072.31268731301,8.49150849172545
2025-04-08,0.008,5405,0.487781006690591,0.507054129579388,5072.31268731301,8.04195804210519
2025-04-08,0.008,5410,0.486854132490951,0.505280852543724,5072.31268731301,7.59240758924449
2025-04-08,0.008,5415,0.485636374964644,0.504699390170937,5072.31268731301,7.19280718978575
2025-04-08,0.008,5420,0.484103585644906,0.503863323705819,5072.31268731301,6.79320679480264
2025-04-08,0.008,5425,0.482227318011291,0.502754379289784,5072.31268731301,6.39360639161097
2025-04-08,0.008,5430,0.48184515852395,0.50135139858361,5072.31268731301,6.04395604211649
2025-04-08,0.008,5435,0.481207710422186,0.501382873212095,5072.31268731301,5.74425574408812
2025-04-08,0.008,5440,0.480294731991917,0.499387489421188,5072.31268731301,5.3946053927659
2025-04-08,0.008,5445,0.479082554688542,0.498910337214025,5072.31268731301,5.09490509209074
2025-04-08,0.008,5450,0.488157486419899,0.498181184688723,5072.31268731301,5.04495504501594
2025-04-08,0.008,5455,0.475643472622979,0.497180318074683,5072.31268731301,4.49550449811879
2025-04-08,0.008,5460,0.475741096911152,0.497985030255655,5072.31268731301,4.29570429539183
2025-04-08,0.008,5465,0.475617427314066,0.496459626614972,5072.31268731301,4.04595404675912
2025-04-08,0.008,5470,0.472660788241005,0.494591227492959,5072.31268731301,3.74625374479902
2025-04-08,0.008,5475,0.471926773775306,0.494719247239583,5072.31268731301,3.54645354447003
2025-04-08,0.008,5480,0.472322415175548,0.494638192344166,5072.31268731301,3.37162837370758
2025-04-08,0.008,5485,0.47104076237226,0.494332783441237,5072.31268731301,3.17182817318377
2025-04-08,0.008,5490,0.470965418230456,0.493785389139268,5072.31268731301,2.99700299874081
2025-04-08,0.008,5495,0.469027264066239,0.492975505062105,5072.31268731301,2.79720279711577
2025-04-08,0.008,5500,0.470085737347092,0.491879076748358,5072.31268731301,2.64735264726141
2025-04-08,0.008,5505,0.467446924762782,0.491970757888832,5072.31268731301,2.47252747262513
2025-04-08,0.008,5510,0.468072691169077,0.491851812862063,5072.31268731301,2.34765234961212
2025-04-08,0.008,5515,0.466562049573278,0.491505369740978,5072.31268731301,2.1978021975853
2025-04-08,0.008,5520,0.466738502604875,0.490911802794065,5072.31268731301,2.07292707388649
2025-04-08,0.008,5525,0.466701259015117,0.491807861275942,5072.31268731301,1.97302697429559
2025-04-08,0.008,5530,0.464150939101135,0.490734508661767,5072.31268731301,1.8231768238053
2025-04-08,0.008,5535,0.465904770412479,0.491258347924076,5072.31268731301,1.7482517471009
2025-04-08,0.008,5540,0.467565742605812,0.491608326869524,5072.31268731301,1.67332667386104
2025-04-08,0.008,5545,0.463970084988295,0.491771566907613,5072.31268731301,1.54845154786855
2025-04-08,0.008,5550,0.462488408979758,0.491733252878971,5072.31268731301,1.44855144837977
2025-04-08,0.008,5555,0.46356274719515,0.493692414479049,5072.31268731301,1.39860139888862
2025-04-08,0.008,5560,0.461425034613856,0.493300456750628,5072.31268731301,1.29870129888747
2025-04-08,0.008,5565,0.462096617143171,0.492657853341856,5072.31268731301,1.22377622391554
2025-04-08,0.008,5570,0.45913413809549,0.494245154718116,5072.31268731301,1.14885114835566
2025-04-08,0.008,5575,0.46293026289719,0.493156833130823,5072.31268731301,1.09890109879145
2025-04-08,0.008,5580,0.459245712286158,0.494471533042556,5072.31268731301,1.02397602314798
2025-04-08,0.008,5585,0.458959051052175,0.495677342718865,5072.31268731301,0.974025973118312
2025-04-08,0.008,5590,0.458409682055309,0.49676819241039,5072.31268731301,0.924075924767411
2025-04-08,0.008,5595,0.457564815610495,0.494717436108214,5072.31268731301,0.849150849078509
2025-04-08,0.008,5600,0.456383912264694,0.49544528681918,5072.31268731301,0.799200799601508
2025-04-08,0.008,5605,0.454815931320764,0.496026016211997,5072.31268731301,0.7492507496119
2025-04-08,0.008,5610,0.452795207261236,0.499833201924462,5072.31268731301,0.724275725037778
2025-04-08,0.008,5615,0.45023502435015,0.500228785408082,5072.31268731301,0.674325674119068
2025-04-08,0.008,5620,0.447017124556656,0.500453007138684,5072.31268731301,0.624375624917942
2025-04-08,0.008,5625,0.450444262555719,0.479265965718406,5072.31268731301,0.474525474264462
2025-04-08,0.008,5630,0.446349004946609,0.482859808857613,5072.31268731301,0.449550449274868
2025-04-08,0.008,5635,0.449718690092601,0.486447204043182,5072.31268731301,0.449550449741109
2025-04-08,0.008,5640,0.444482480693354,0.484978101908035,5072.31268731301,0.399600399314439
2025-04-08,0.008,5645,0.43774672713438,0.488523695843996,5072.31268731301,0.37462537448144
2025-04-08,0.008,5650,0.440987308125025,0.492063066362371,5072.31268731301,0.374625374608387
2025-04-08,0.008,5655,0.431939523864641,0.490117216854344,5072.31268731301,0.324675324790529
2025-04-08,0.008,5660,0.435095972666356,0.509159821835376,5072.31268731301,0.399600399530805
2025-04-08,0.008,5665,0.422139188472383,0.512736371187487,5072.31268731301,0.374625374381512
2025-04-08,0.008,5670,0.425189339171335,0.511382193384933,5072.31268731301,0.349650349541702
2025-04-08,0.008,5675,0.403644258354246,0.514919596484369,5072.31268731301,0.324675324591829
2025-04-08,0.008,5680,0.406537447875491,0.518450938565594,5072.31268731301,0.324675324541079
2025-04-08,0.008,5685,0.409426341816879,0.521976259209816,5072.31268731301,0.324675324498267
2025-04-08,0.008,5690,0.453929906966514,0.520158973253485,5072.31268731301,0.349650349536839
2025-04-08,0.008,5695,0.415191338275132,0.523644175577095,5072.31268731301,0.299700299567895
2025-04-08,0.008,5700,0.418067487212606,0.527123552186963,5072.31268731301,0.299700299547911
2025-04-08,0.008,5705,0.42093943399352,0.524813352844085,5072.31268731301,0.274725274711724
2025-04-08,0.008,5710,0.423807200882303,0.52825119013882,5072.31268731301,0.274725274530105
2025-04-08,0.008,5715,NA,0.511151288541742,5072.31268731301,NA
2025-04-08,0.008,5720,0.429530283459124,0.535109995711598,5072.31268731301,0.274725274380369
2025-04-08,0.008,5725,NA,0.538531031656048,5072.31268731301,NA
2025-04-08,0.008,5730,0.435236908547418,0.541946533652656,5072.31268731301,0.274725274746996
2025-04-08,0.008,5735,NA,0.538949643691035,5072.31268731301,NA
2025-04-08,0.008,5740,NA,0.542322276909534,5072.31268731301,NA
2025-04-08,0.008,5745,NA,0.54568955822465,5072.31268731301,NA
2025-04-08,0.008,5750,0.446601456519639,0.534284109038778,5072.31268731301,0.199800199565578
2025-04-08,0.008,5755,NA,0.552408186507707,5072.31268731301,NA
2025-04-08,0.008,5760,NA,0.555759592992981,5072.31268731301,NA
2025-04-08,0.008,5765,NA,0.559105767046097,5072.31268731301,NA
2025-04-08,0.008,5770,NA,0.562446737334328,5072.31268731301,NA
2025-04-08,0.008,5775,NA,0.541866456209385,5072.31268731301,NA
2025-04-08,0.008,5780,NA,0.561860098263217,5072.31268731301,NA
2025-04-08,0.008,5785,0.466336490085108,0.565151635113341,5072.31268731301,0.224775224750615
2025-04-08,0.008,5790,NA,0.568438165959106,5072.31268731301,NA
2025-04-08,0.008,5795,NA,0.571719717139481,5072.31268731301,NA
2025-04-08,0.008,5800,NA,0.574996314556874,5072.31268731301,NA
2025-04-08,0.008,5805,NA,0.578267983822655,5072.31268731301,NA
2025-04-08,0.008,5810,NA,0.581534750402677,5072.31268731301,NA
2025-04-08,0.008,5815,NA,0.584796639180714,5072.31268731301,NA
2025-04-08,0.008,5820,NA,0.588053675040542,5072.31268731301,NA
2025-04-08,0.008,5825,NA,0.591305881992821,5072.31268731301,NA
2025-04-08,0.008,5830,NA,0.594553284484768,5072.31268731301,NA
2025-04-08,0.008,5835,NA,0.597795906090485,5072.31268731301,NA
2025-04-08,0.008,5840,NA,0.601033770384077,5072.31268731301,NA
2025-04-08,0.008,5845,NA,0.604266900648606,5072.31268731301,NA
2025-04-08,0.008,5850,NA,0.60749531973058,5072.31268731301,NA
2025-04-08,0.008,5855,NA,0.602218785519044,5072.31268731301,NA
2025-04-08,0.008,5860,NA,0.605401684318435,5072.31268731301,NA
2025-04-08,0.008,5865,NA,0.608580024002785,5072.31268731301,NA
2025-04-08,0.008,5870,NA,0.611753825672372,5072.31268731301,NA
2025-04-08,0.008,5875,NA,0.61492311057299,5072.31268731301,NA
2025-04-08,0.008,5880,NA,0.549329535591743,5072.31268731301,NA
2025-04-08,0.008,5885,NA,0.621248212867722,5072.31268731301,NA
2025-04-08,0.008,5890,NA,0.624404071298237,5072.31268731301,NA
2025-04-08,0.008,5900,NA,0.630702503715853,5072.31268731301,NA
2025-04-08,0.008,5910,NA,0.636983355382606,5072.31268731301,NA
2025-04-08,0.008,5920,NA,0.643246781276392,5072.31268731301,NA
2025-04-08,0.008,5925,NA,0.646372007343274,5072.31268731301,NA
2025-04-08,0.008,5930,NA,0.649492933755764,5072.31268731301,NA
2025-04-08,0.008,5940,NA,0.655721961541295,5072.31268731301,NA
2025-04-08,0.008,5950,NA,0.556919869435503,5072.31268731301,NA
2025-04-08,0.008,5975,NA,0.677390780494991,5072.31268731301,NA
2025-04-08,0.008,6000,NA,0.692744474238074,5072.31268731301,NA
2025-04-08,0.008,6050,NA,0.712186231123379,5072.31268731301,NA
2025-04-08,0.008,6100,NA,0.741834424135773,5072.31268731301,NA
2025-04-08,0.008,6200,NA,0.786362439704412,5072.31268731301,NA
2025-04-08,0.008,6300,NA,0.842401780847184,5072.31268731301,NA
2025-04-08,0.008,6400,NA,0.897176852177005,5072.31268731301,NA
2025-04-08,0.008,6500,NA,0.932106358831973,5072.31268731301,NA
2025-04-08,0.008,6600,NA,0.983712751057406,5072.31268731301,NA
2025-04-08,0.008,6800,NA,1.08382971827999,5072.31268731301,NA
2025-04-08,0.008,7000,NA,1.18012792621537,5072.31268731301,NA
2025-04-08,0.008,7200,NA,1.27292596474577,5072.31268731301,NA
2025-04-08,0.008,7400,NA,1.36249601303914,5072.31268731301,NA
2025-04-08,0.008,7600,NA,1.30714053158552,5072.31268731301,NA
2025-04-09,0.012,2200,NA,2.29956061172258,5073.00627495762,NA
2025-04-09,0.012,2400,NA,2.25837685299222,5073.00627495762,NA
2025-04-09,0.012,2600,NA,2.08114494075477,5073.00627495762,NA
2025-04-09,0.012,2800,1.58115922896519,1.8838069861606,5073.00627495762,2273.25584711965
2025-04-09,0.012,3000,1.52674456710262,1.73895247383446,5073.00627495762,2073.4055904169
2025-04-09,0.012,3200,1.51501527377449,1.60163407098693,5073.00627495762,1873.75499144354
2025-04-09,0.012,3400,1.42283034235725,1.4814991768923,5073.00627495762,1674.27909298377
2025-04-09,0.012,3600,1.35891989806169,1.39115199840913,5073.00627495762,1475.52695379386
2025-04-09,0.012,3800,1.26953784290526,1.29958801351282,5073.00627495762,1277.54848830676
2025-04-09,0.012,4000,1.16759357946386,1.18970797500594,5073.00627495762,1080.49343981661
2025-04-09,0.012,4100,1.1113141178955,1.13160235896204,5073.00627495762,982.440102679782
2025-04-09,0.012,4200,1.05042064418594,1.06903714289565,5073.00627495762,884.686252139395
2025-04-09,0.012,4300,0.989257810305457,1.00314514742324,5073.00627495762,787.431545920136
2025-04-09,0.012,4400,0.923830105620976,0.937935691053679,5073.00627495762,690.825727329986
2025-04-09,0.012,4500,0.860504785396633,0.871140743857152,5073.00627495762,595.268111813928
2025-04-09,0.012,4600,0.799785425352782,0.809431211692801,5073.00627495762,501.607244726999
2025-04-09,0.012,4650,0.76978999832271,0.777768074496089,5073.00627495762,455.550484884656
2025-04-09,0.012,4700,0.741305650319009,0.75072514229914,5073.00627495762,410.591842553744
2025-04-09,0.012,4750,0.713641332133288,0.722231695564924,5073.00627495762,366.481745569412
2025-04-09,0.012,4800,0.687322167961969,0.695186183458925,5073.00627495762,323.669423839618
2025-04-09,0.012,4850,0.662488982655002,0.670287701962099,5073.00627495762,282.504278385536
2025-04-09,0.012,4875,0.650637642559375,0.658145679792792,5073.00627495762,262.59555048129
2025-04-09,0.012,4900,0.639040302506078,0.646804467853908,5073.00627495762,243.235881343533
2025-04-09,0.012,4925,0.627985388148815,0.635502018724732,5073.00627495762,224.425270953328
2025-04-09,0.012,4950,0.617233925752921,0.625022403131042,5073.00627495762,206.263548206532
2025-04-09,0.012,4970,0.608363106751551,0.615994935818142,5073.00627495762,192.053622360262
2025-04-09,0.012,4975,0.606571870615227,0.614167691404144,5073.00627495762,188.650884208408
2025-04-09,0.012,4980,0.604186851290531,0.611748763061064,5073.00627495762,185.148317166743
2025-04-09,0.012,4990,0.600004351893725,0.607502289515898,5073.00627495762,178.34284084892
2025-04-09,0.012,5000,0.595803606869049,0.603243575627237,5073.00627495762,171.637193377527
2025-04-09,0.012,5010,0.591572892757037,0.599422617109085,5073.00627495762,165.081289213483
2025-04-09,0.012,5020,0.587300688660884,0.595101857782909,5073.00627495762,158.57529948247
2025-04-09,0.012,5025,0.585202672976736,0.592982035180677,5073.00627495762,155.372219056112
2025-04-09,0.012,5030,0.582975597957139,0.590734862510959,5073.00627495762,152.169138614421
2025-04-09,0.012,5040,0.579040654141486,0.586310408128615,5073.00627495762,145.912721042908
2025-04-09,0.012,5050,0.57502672296653,0.581817253863441,5073.00627495762,139.756132342538
2025-04-09,0.012,5060,0.570472079147002,0.577695518316977,5073.00627495762,133.699372510983
2025-04-09,0.012,5070,0.566270019793342,0.573931258280609,5073.00627495762,127.842270385209
2025-04-09,0.012,5075,0.564171532481621,0.57182877632264,5073.00627495762,124.93582430118
2025-04-09,0.012,5080,0.56198282096718,0.569638005275636,5073.00627495762,122.040787227443
2025-04-09,0.012,5085,0.560101353788735,0.567756450349142,5073.00627495762,119.245578998891
2025-04-09,0.012,5090,0.558075526372536,0.56573254087537,5073.00627495762,116.450370780304
2025-04-09,0.012,5095,0.555903948137565,0.563564933712546,5073.00627495762,113.655162576078
2025-04-09,0.012,5100,0.554036031557061,0.56035010350005,5073.00627495762,110.810039923376
2025-04-09,0.012,5105,0.552019897608153,0.559243648334634,5073.00627495762,108.214489446349
2025-04-09,0.012,5110,0.549853856813484,0.556183268075834,5073.00627495762,105.419281225114
2025-04-09,0.012,5115,0.547988868951439,0.555234229126514,5073.00627495762,102.923559622263
2025-04-09,0.012,5120,0.545971643172332,0.553231002144338,5073.00627495762,100.328009125129
2025-04-09,0.012,5125,0.543800151084699,0.551075764254976,5073.00627495762,97.7324586273239
2025-04-09,0.012,5130,0.541928081824147,0.549222091671174,5073.00627495762,95.2367370223794
2025-04-09,0.012,5135,0.539899520539634,0.547214299316633,5073.00627495762,92.7410154100787
2025-04-09,0.012,5140,0.537712053650502,0.542757459646949,5073.00627495762,89.9957216035432
2025-04-09,0.012,5145,0.535823375124946,0.543186901508287,5073.00627495762,87.8494010286448
2025-04-09,0.012,5150,0.533773640367219,0.539317989627326,5073.00627495762,85.2538505345457
2025-04-09,0.012,5155,0.531559997929532,0.53898252781803,5073.00627495762,83.0576155040001
2025-04-09,0.012,5160,0.529645534865383,0.537101316607773,5073.00627495762,80.7615516345367
2025-04-09,0.012,5165,0.527565057586026,0.535057026885686,5073.00627495762,78.4654877386689
2025-04-09,0.012,5170,0.525786253587439,0.533316812674536,5073.00627495762,76.2692527133723
2025-04-09,0.012,5175,0.523839708497864,0.53141197934029,5073.00627495762,74.0730176812062
2025-04-09,0.012,5180,0.522198422135452,0.529339215885676,5073.00627495762,71.9266970887168
2025-04-09,0.012,5185,0.519908557493395,0.527573415187499,5073.00627495762,69.7803764904472
2025-04-09,0.012,5190,0.518405053466496,0.525638234416121,5073.00627495762,67.7338847620845
2025-04-09,0.012,5195,0.516245246130234,0.524014846472882,5073.00627495762,65.6873930337201
2025-04-09,0.012,5200,0.514883916206863,0.522221095765607,5073.00627495762,63.7407301765306
2025-04-09,0.012,5205,0.512858249734847,0.520253002491,5073.00627495762,61.7441528789349
2025-04-09,0.012,5210,0.511147573583304,0.51860238616814,5073.00627495762,59.8474044447153
2025-04-09,0.012,5215,0.509257644029596,0.516776593453204,5073.00627495762,57.9506560176483
2025-04-09,0.012,5220,0.507690315739063,0.515275851525335,5073.00627495762,56.1537364504144
2025-04-09,0.012,5225,0.505943207267035,0.51359969309879,5073.00627495762,54.3568168781227
2025-04-09,0.012,5230,0.504527854377014,0.512257660324684,5073.00627495762,52.6597261852756
2025-04-09,0.012,5235,0.502932872645416,0.510740654739798,5073.00627495762,50.9626354676453
2025-04-09,0.012,5240,0.501153102254139,0.509043900260034,5073.00627495762,49.2655447804698
2025-04-09,0.012,5245,0.499716201324606,0.507692415143873,5073.00627495762,47.6682829467875
2025-04-09,0.012,5250,0.498634394047684,0.506162030964684,5073.00627495762,46.1209355326431
2025-04-09,0.012,5255,0.496829664939004,0.504447372536019,5073.00627495762,44.523673708034
2025-04-09,0.012,5260,0.495381458044453,0.503091465383859,5073.00627495762,43.0262407286075
2025-04-09,0.012,5265,0.494304129847038,0.502108224049544,5073.00627495762,41.6286366307288
2025-04-09,0.012,5270,0.493046450742013,0.500387748056209,5073.00627495762,40.1811180735588
2025-04-09,0.012,5275,0.491602570859455,0.49961231549283,5073.00627495762,38.8334284092468
2025-04-09,0.012,5280,0.489965975597956,0.498088369371976,5073.00627495762,37.4358243020179
2025-04-09,0.012,5285,0.488720807647567,0.496957591262332,5073.00627495762,36.1380490594045
2025-04-09,0.012,5290,0.487285897856594,0.495644214410733,5073.00627495762,34.8402738109377
2025-04-09,0.012,5295,0.486263451188829,0.494141746480198,5073.00627495762,33.5924130124943
2025-04-09,0.012,5300,0.484436775318158,0.493055231367662,5073.00627495762,32.3445521881021
2025-04-09,0.012,5305,0.483655897137063,0.49178415867986,5073.00627495762,31.1965202475106
2025-04-09,0.012,5310,0.482055989436641,0.490321506826658,5073.00627495762,29.9985738750972
2025-04-09,0.012,5315,0.480898450500411,0.489301939837397,5073.00627495762,28.9004563651863
2025-04-09,0.012,5320,0.479546508454112,0.48744336558647,5073.00627495762,27.7524244117163
2025-04-09,0.012,5325,0.477991736138115,0.486698655463078,5073.00627495762,26.7042213354353
2025-04-09,0.012,5330,0.476224685139382,0.485099091624413,5073.00627495762,25.6061038148167
2025-04-09,0.012,5335,0.474936864070268,0.483978808356032,5073.00627495762,24.6078151687425
2025-04-09,0.012,5340,0.473443904070105,0.482664769683328,5073.00627495762,23.6095265225526
2025-04-09,0.012,5345,0.471735647174468,0.481148128623918,5073.00627495762,22.611237873549
2025-04-09,0.012,5350,0.470547845202216,0.47941895873435,5073.00627495762,21.6628636563773
2025-04-09,0.012,5355,0.46915450674059,0.47821394388365,5073.00627495762,20.7644038776288
2025-04-09,0.012,5360,0.467544936131899,0.476806309474986,5073.00627495762,19.8659440978294
2025-04-09,0.012,5365,0.465707041898741,0.475185655254542,5073.00627495762,18.9674843155819
2025-04-09,0.012,5370,0.464446118298697,0.473340245102688,5073.00627495762,18.1189389593899
2025-04-09,0.012,5375,0.462969830427811,0.472075346646998,5073.00627495762,17.3203080404937
2025-04-09,0.012,5380,0.461265619255646,0.470598827109622,5073.00627495762,16.5216771248665
2025-04-09,0.012,5385,0.459319185924779,0.468898570711458,5073.00627495762,15.7230462062585
2025-04-09,0.012,5390,0.458021953841048,0.467841406811938,5073.00627495762,15.0242441525226
2025-04-09,0.012,5395,0.456500144668946,0.465675358013715,5073.00627495762,14.2755276595822
2025-04-09,0.012,5400,0.454739224974174,0.464170217914987,5073.00627495762,13.5767256124935
2025-04-09,0.012,5405,0.452722522045382,0.46243151200985,5073.00627495762,12.8779235638123
2025-04-09,0.012,5410,0.451448803382834,0.461425049602329,5073.00627495762,12.2789503769186
2025-04-09,0.012,5415,0.449943907174205,0.459200261270691,5073.00627495762,11.6300627470305
2025-04-09,0.012,5420,0.448191482450987,0.457732397940088,5073.00627495762,11.0310895615129
2025-04-09,0.012,5425,0.446172634860928,0.456024349573397,5073.00627495762,10.4321163728659
2025-04-09,0.012,5430,0.445020206266288,0.455164448089769,5073.00627495762,9.93297204344455
2025-04-09,0.012,5435,0.440037632529414,0.454097866045193,5073.00627495762,9.28408442099746
2025-04-09,0.012,5440,0.438277292582945,0.452810868468962,5073.00627495762,8.7849401008925
2025-04-09,0.012,5445,0.440101430745119,0.45128770815153,5073.00627495762,8.43553907128788
2025-04-09,0.012,5450,0.435233951307205,0.450760308617641,5073.00627495762,7.88648031935901
2025-04-09,0.012,5455,0.434002021525138,0.448753900586796,5073.00627495762,7.43725042835979
2025-04-09,0.012,5460,0.4325202186239,0.447791440406061,5073.00627495762,7.03793496858728
2025-04-09,0.012,5465,0.430766717495512,0.446608077932106,5073.00627495762,6.63861951044967
2025-04-09,0.012,5470,0.430279364104736,0.446612164255421,5073.00627495762,6.33913291362575
2025-04-09,0.012,5475,0.427972615603035,0.446456008235184,5073.00627495762,5.98973188774633
2025-04-09,0.012,5480,0.427009284490174,0.443088740889907,5073.00627495762,5.59041642651329
2025-04-09,0.012,5485,0.425807319575387,0.44248131149751,5073.00627495762,5.29092983139809
2025-04-09,0.012,5490,0.426168403669422,0.441672166948679,5073.00627495762,5.04135767211379
2025-04-09,0.012,5495,0.424503769050065,0.442340269241947,5073.00627495762,4.79178550858629
2025-04-09,0.012,5500,0.422533036058035,0.441145563550072,5073.00627495762,4.49229891684948
2025-04-09,0.012,5505,0.422295697813122,0.441514898580041,5073.00627495762,4.29264118625315
2025-04-09,0.012,5510,0.421872144384281,0.4398781388819,5073.00627495762,4.04306902347477
2025-04-09,0.012,5515,0.421247533109017,0.439904771069555,5073.00627495762,3.84341129348533
2025-04-09,0.012,5520,0.420404604979311,0.439772275153806,5073.00627495762,3.64375356391635
2025-04-09,0.012,5525,0.419323114206546,0.439469842699618,5073.00627495762,3.44409583687052
2025-04-09,0.012,5530,0.420495860912822,0.438985131791128,5073.00627495762,3.29435254063043
2025-04-09,0.012,5535,0.420291196810767,0.440525325416372,5073.00627495762,3.16956645880164
2025-04-09,0.012,5540,0.419902212329666,0.43972230416795,5073.00627495762,2.99486594269945
2025-04-09,0.012,5545,0.419313202606046,0.438696757796722,5073.00627495762,2.8201654288581
2025-04-09,0.012,5550,0.418505793518625,0.439902506937064,5073.00627495762,2.69537934811071
2025-04-09,0.012,5555,0.418989929189906,0.4384841540242,5073.00627495762,2.54563605322313
2025-04-09,0.012,5560,0.417756357369724,0.439448857382667,5073.00627495762,2.42084997095259
2025-04-09,0.012,5565,0.417910222190909,0.438954177102573,5073.00627495762,2.2960638892193
2025-04-09,0.012,5570,0.417909064731572,0.439682031742556,5073.00627495762,2.19623502533302
2025-04-09,0.012,5575,0.417740449652554,0.440301399817245,5073.00627495762,2.096406160752
2025-04-09,0.012,5580,0.417389964591495,0.440806181163775,5073.00627495762,1.99657729498551
2025-04-09,0.012,5585,0.418790655553809,0.441189553262211,5073.00627495762,1.92170564786341
2025-04-09,0.012,5590,0.418119912815522,0.441443849872573,5073.00627495762,1.82187678316811
2025-04-09,0.012,5595,0.41721878109944,0.44156041449705,5073.00627495762,1.72204791856982
2025-04-09,0.012,5600,0.418283270433087,0.441529417316903,5073.00627495762,1.64717626928287
2025-04-09,0.012,5605,0.416969691600904,0.443122581659808,5073.00627495762,1.5723046198763
2025-04-09,0.012,5610,0.417783370235482,0.442835295566585,5073.00627495762,1.49743297286594
2025-04-09,0.012,5615,0.415975548117219,0.444271018227543,5073.00627495762,1.42256132341434
2025-04-09,0.012,5620,0.416488802025353,0.445644653978026,5073.00627495762,1.37264689166143
2025-04-09,0.012,5625,0.416880421858302,0.444954652944088,5073.00627495762,1.29777524227889
2025-04-09,0.012,5630,0.41421368574938,0.446144647889965,5073.00627495762,1.22290359350798
2025-04-09,0.012,5635,0.414202579436639,0.447262124821494,5073.00627495762,1.17298916039039
2025-04-09,0.012,5640,0.414024502847859,0.44830382643797,5073.00627495762,1.123074728467
2025-04-09,0.012,5645,0.413662910455426,0.449266179807647,5073.00627495762,1.07316029615552
2025-04-09,0.012,5650,0.413098153390282,0.450145255040299,5073.00627495762,1.02324586470194
2025-04-09,0.012,5655,0.412306623643797,0.435306958120386,5073.00627495762,0.823588135264959
2025-04-09,0.012,5660,0.41125957332536,0.451635756494384,5073.00627495762,0.923416999664024
2025-04-09,0.012,5665,0.409921447886012,0.452237040467461,5073.00627495762,0.873502566462626
2025-04-09,0.012,5670,0.408247465116312,0.452734607265459,5073.00627495762,0.823588134553582
2025-04-09,0.012,5675,0.411087604902997,0.427803829830052,5073.00627495762,0.598973188513092
2025-04-09,0.012,5680,0.40898838053677,0.456180703936239,5073.00627495762,0.773673703015131
2025-04-09,0.012,5685,0.406417258077893,0.429783611639528,5073.00627495762,0.524101539874417
2025-04-09,0.012,5690,0.409187070350028,0.432678921956898,5073.00627495762,0.524101539928973
2025-04-09,0.012,5695,0.406002887635156,0.459566441154401,5073.00627495762,0.673844837035965
2025-04-09,0.012,5700,0.402090231678385,0.43430830878167,5073.00627495762,0.449229891694863
2025-04-09,0.012,5705,0.404778738471123,0.46251982059845,5073.00627495762,0.623930404528013
2025-04-09,0.012,5710,0.399868834670592,0.430835600441437,5073.00627495762,0.374358242706116
2025-04-09,0.012,5715,0.402508185821285,0.433638100389711,5073.00627495762,0.374358242866379
2025-04-09,0.012,5720,0.396226971666324,0.464890629541369,5073.00627495762,0.524101540019233
2025-04-09,0.012,5725,0.398810685751929,0.444044436612848,5073.00627495762,0.374358243267231
2025-04-09,0.012,5730,0.39048857232561,0.467239170998086,5073.00627495762,0.474187108065151
2025-04-09,0.012,5735,0.39300665145277,0.470147865730525,5073.00627495762,0.474187107893777
2025-04-09,0.012,5740,0.381225651822897,0.469341791053731,5073.00627495762,0.424272675037418
2025-04-09,0.012,5745,0.383660551475016,0.472223120327507,5073.00627495762,0.424272675259614
2025-04-09,0.012,5750,0.38609190045982,0.471174969011163,5073.00627495762,0.39931545945775
2025-04-09,0.012,5755,0.388519716967202,0.474028309713266,5073.00627495762,0.399315459434212
2025-04-09,0.012,5760,0.390944019332576,0.47271040052215,5073.00627495762,0.37435824299458
2025-04-09,0.012,5765,0.393364825163759,0.475535012396652,5073.00627495762,0.374358243266541
2025-04-09,0.012,5770,0.395782152214087,0.473913580521858,5073.00627495762,0.349401026436269
2025-04-09,0.012,5775,0.375785974489026,0.476708580849581,5073.00627495762,0.324443810615278
2025-04-09,0.012,5780,0.378081563563495,0.474741801030842,5073.00627495762,0.299486594061659
2025-04-09,0.012,5785,0.380373985850173,0.486788764705669,5073.00627495762,0.349401026485389
2025-04-09,0.012,5790,0.382663256046493,0.489591152604197,5073.00627495762,0.349401026866947
2025-04-09,0.012,5795,NA,0.492389168525312,5073.00627495762,NA
2025-04-09,0.012,5800,NA,0.49518283604312,5073.00627495762,NA
2025-04-09,0.012,5805,NA,0.497972178586202,5073.00627495762,NA
2025-04-09,0.012,5810,0.414997567300259,0.500757219001066,5073.00627495762,0.374358243198911
2025-04-09,0.012,5815,NA,0.503537979843181,5073.00627495762,NA
2025-04-09,0.012,5820,NA,0.506314483668015,5073.00627495762,NA
2025-04-09,0.012,5825,NA,0.504421003883549,5073.00627495762,NA
2025-04-09,0.012,5830,NA,0.507168988137323,5073.00627495762,NA
2025-04-09,0.012,5835,NA,0.509912830770504,5073.00627495762,NA
2025-04-09,0.012,5840,NA,0.51265255259233,5073.00627495762,NA
2025-04-09,0.012,5850,NA,0.518119716893356,5073.00627495762,NA
2025-04-09,0.012,5860,NA,0.518469209659316,5073.00627495762,NA
2025-04-09,0.012,5870,NA,0.523861998830572,5073.00627495762,NA
2025-04-09,0.012,5875,NA,0.526552487739683,5073.00627495762,NA
2025-04-09,0.012,5880,NA,0.529239064366386,5073.00627495762,NA
2025-04-09,0.012,5890,0.427808158151717,0.50936436937659,5073.00627495762,0.19965772968808
2025-04-09,0.012,5900,NA,0.539946614902887,5073.00627495762,NA
2025-04-09,0.012,5910,NA,0.539606399128405,5073.00627495762,NA
2025-04-09,0.012,5920,NA,0.544877905944268,5073.00627495762,NA
2025-04-09,0.012,5925,NA,0.547508096518806,5073.00627495762,NA
2025-04-09,0.012,5930,NA,0.55013460036562,5073.00627495762,NA
2025-04-09,0.012,5940,NA,0.555376612632103,5073.00627495762,NA
2025-04-09,0.012,5950,0.454336231509802,0.480621198825853,5073.00627495762,0.0748716485724761
2025-04-09,0.012,5960,NA,0.565817100163013,5073.00627495762,NA
2025-04-09,0.012,5970,NA,0.56463338029402,5073.00627495762,NA
2025-04-09,0.012,5975,NA,0.56720415219726,5073.00627495762,NA
2025-04-09,0.012,5980,NA,0.5697714427003,5073.00627495762,NA
2025-04-09,0.012,5990,NA,0.574895637131367,5073.00627495762,NA
2025-04-09,0.012,6000,NA,0.580006076510084,5073.00627495762,NA
2025-04-09,0.012,6010,NA,0.585102872158602,5073.00627495762,NA
2025-04-09,0.012,6025,NA,0.592722721360982,5073.00627495762,NA
2025-04-09,0.012,6050,NA,0.605355767205124,5073.00627495762,NA
2025-04-09,0.012,6100,NA,0.622808385399461,5073.00627495762,NA
2025-04-09,0.012,6150,NA,0.647275317481066,5073.00627495762,NA
2025-04-09,0.012,6200,NA,0.628607051206054,5073.00627495762,NA
2025-04-09,0.012,6300,NA,0.70957918391482,5073.00627495762,NA
2025-04-09,0.012,6400,NA,0.755473196497082,5073.00627495762,NA
2025-04-09,0.012,6500,NA,0.788883407095707,5073.00627495762,NA
2025-04-09,0.012,6600,NA,0.832296456229233,5073.00627495762,NA
2025-04-09,0.012,6800,NA,0.901740663703128,5073.00627495762,NA
2025-04-09,0.012,7000,NA,0.963132454216394,5073.00627495762,NA
2025-04-09,0.012,7200,NA,1.05857609176229,5073.00627495762,NA
2025-04-09,0.012,7400,NA,1.13284173335841,5073.00627495762,NA
2025-04-09,0.012,7600,NA,1.20461374158977,5073.00627495762,NA
2025-04-10,0.016,2200,NA,1.99162799298215,5072.86775202658,NA
2025-04-10,0.016,2400,1.70673323330555,1.89133758264612,5072.86775202658,2672.99271632288
2025-04-10,0.016,2600,1.60961646544115,1.82176109709864,5072.86775202658,2473.14267347833
2025-04-10,0.016,2800,1.4854997252529,1.67632601908874,5072.86775202658,2273.24264491527
2025-04-10,0.016,3000,1.42087275440129,1.54732843047253,5072.86775202658,2073.46758064867
2025-04-10,0.016,3200,1.35343154762729,1.40214332104236,5072.86775202658,1873.76749495932
2025-04-10,0.016,3400,1.28315445866596,1.32815834063453,5072.86775202658,1674.61725217363
2025-04-10,0.016,3600,1.20782757179465,1.24025974249554,5072.86775202658,1475.96686657316
2025-04-10,0.016,3800,1.1360693030451,1.13946222759971,5072.86775202658,1278.11625246953
2025-04-10,0.016,4000,1.02815390580749,1.04853032696921,5072.86775202658,1081.11539557995
2025-04-10,0.016,4100,0.978258788544913,0.996862596820384,5072.86775202658,983.164810039001
2025-04-10,0.016,4200,0.929123656114585,0.944428280945037,5072.86775202658,885.764067401384
2025-04-10,0.016,4300,0.875445948932179,0.890683374182261,5072.86775202658,788.863181944933
2025-04-10,0.016,4400,0.824330450724017,0.837974177721424,5072.86775202658,693.011996589207
2025-04-10,0.016,4500,0.77516555569803,0.783853504127667,5072.86775202658,598.460439905243
2025-04-10,0.016,4600,0.727010939173813,0.735631074514334,5072.86775202658,506.158240552113
2025-04-10,0.016,4650,0.704017070404198,0.711875200815597,5072.86775202658,461.05684096866
2025-04-10,0.016,4700,0.681577315719966,0.689356498062236,5072.86775202658,416.905170028159
2025-04-10,0.016,4750,0.659857921584895,0.666996490638319,5072.86775202658,373.803199180184
2025-04-10,0.016,4800,0.638836374294376,0.64592707933375,5072.86775202658,332.050842741198
2025-04-10,0.016,4850,0.618837307141027,0.625893369891009,5072.86775202658,291.898029276027
2025-04-10,0.016,4875,0.608839029758435,0.61611696585094,5072.86775202658,272.446444039323
2025-04-10,0.016,4900,0.599547086333913,0.606601730272161,5072.86775202658,253.544701696771
2025-04-10,0.016,4925,0.589906128319367,0.596336466136012,5072.86775202658,234.992859380332
2025-04-10,0.016,4950,0.580225445759035,0.586914283797794,5072.86775202658,217.040845690073
2025-04-10,0.016,4970,0.572524701586786,0.579507119131067,5072.86775202658,203.089117627781
2025-04-10,0.016,4975,0.570777756532767,0.577731795950603,5072.86775202658,199.688660631701
2025-04-10,0.016,4980,0.568935084469282,0.575861988785273,5072.86775202658,196.288203604097
2025-04-10,0.016,4990,0.564962541997137,0.571838833296773,5072.86775202658,189.487289601152
2025-04-10,0.016,5000,0.561008066018787,0.568240017040538,5072.86775202658,182.836332730932
2025-04-10,0.016,5010,0.55746143642302,0.564250222981852,5072.86775202658,176.285347314674
2025-04-10,0.016,5020,0.55390948912087,0.560661642833826,5072.86775202658,169.884319055653
2025-04-10,0.016,5025,0.551980313924907,0.558716025574366,5072.86775202658,166.683804925786
2025-04-10,0.016,5030,0.54994853826784,0.556669054225341,5072.86775202658,163.483290780458
2025-04-10,0.016,5040,0.546362715853269,0.5530565197331,5072.86775202658,157.2822053813
2025-04-10,0.016,5050,0.542746734012311,0.549418954782514,5072.86775202658,151.181091433928
2025-04-10,0.016,5060,0.538701091740248,0.545748501193839,5072.86775202658,145.129963191868
2025-04-10,0.016,5070,0.535001525444449,0.542037341678216,5072.86775202658,139.22879210689
2025-04-10,0.016,5075,0.533309038895902,0.539950573896944,5072.86775202658,136.311054370225
2025-04-10,0.016,5080,0.531381450149737,0.538411556794046,5072.86775202658,133.461868414147
2025-04-10,0.016,5085,0.529731179580383,0.536760696435567,5072.86775202658,130.662668183995
2025-04-10,0.016,5090,0.527966716057696,0.534997184462617,5072.86775202658,127.863467933689
2025-04-10,0.016,5095,0.526087086058548,0.533120079657319,5072.86775202658,125.064267698815
2025-04-10,0.016,5100,0.524482135828461,0.531128301976525,5072.86775202658,122.315053175399
2025-04-10,0.016,5105,0.522760285115695,0.529411877963985,5072.86775202658,119.615824378579
2025-04-10,0.016,5110,0.520920389557635,0.527578989880704,5072.86775202658,116.91659558672
2025-04-10,0.016,5115,0.518961147630985,0.5252362275716,5072.86775202658,114.167381067349
2025-04-10,0.016,5120,0.517273934405479,0.523951394738279,5072.86775202658,111.618109406388
2025-04-10,0.016,5125,0.515465700613534,0.52215508172977,5072.86775202658,109.018852064564
2025-04-10,0.016,5130,0.513929303146415,0.520632217398294,5072.86775202658,106.519566125761
2025-04-10,0.016,5135,0.511875245596751,0.518988740681602,5072.86775202658,103.970294491141
2025-04-10,0.016,5140,0.510487824234895,0.517223169321609,5072.86775202658,101.520994291278
2025-04-10,0.016,5145,0.508579457259074,0.515333842799268,5072.86775202658,99.0217083494324
2025-04-10,0.016,5150,0.506942179949308,0.513318910838559,5072.86775202658,96.5724081526118
2025-04-10,0.016,5155,0.505177897452447,0.511576061566599,5072.86775202658,94.1730936518436
2025-04-10,0.016,5160,0.503284617029219,0.510107349131742,5072.86775202658,91.8237648829476
2025-04-10,0.016,5165,0.50166325645881,0.508109903043409,5072.86775202658,89.4744361295019
2025-04-10,0.016,5170,0.49991171445477,0.506789883679065,5072.86775202658,87.2250788009442
2025-04-10,0.016,5175,0.498027712914768,0.504937020618308,5072.86775202658,84.9257357442041
2025-04-10,0.016,5180,0.496417426206329,0.503359705784912,5072.86775202658,82.7263641292454
2025-04-10,0.016,5185,0.494673655216058,0.501651352555596,5072.86775202658,80.5269925144986
2025-04-10,0.016,5190,0.49320685708565,0.499397178231866,5072.86775202658,78.3276209091083
2025-04-10,0.016,5195,0.491605938754716,0.498246104129496,5072.86775202658,76.2782064489462
2025-04-10,0.016,5200,0.489868246244955,0.495297024339839,5072.86775202658,74.0288490896141
2025-04-10,0.016,5205,0.487990846326816,0.49345453141043,5072.86775202658,71.929448924265
2025-04-10,0.016,5210,0.486394061467402,0.493161797080146,5072.86775202658,70.0799773423456
2025-04-10,0.016,5215,0.48465689617353,0.491472194430159,5072.86775202658,68.0805486016338
2025-04-10,0.016,5220,0.483205769873747,0.490070428808906,5072.86775202658,66.1810913133962
2025-04-10,0.016,5225,0.481614060722364,0.48853115035361,5072.86775202658,64.281633992444
2025-04-10,0.016,5230,0.479878389619148,0.486851195041343,5072.86775202658,62.3821766916017
2025-04-10,0.016,5235,0.478435336430894,0.485465679398306,5072.86775202658,60.5826908366635
2025-04-10,0.016,5240,0.476848390121366,0.48393975087004,5072.86775202658,58.7832049588737
2025-04-10,0.016,5245,0.475561979860433,0.482269885273716,5072.86775202658,57.0337048051016
2025-04-10,0.016,5250,0.47367988753171,0.48090259299412,5072.86775202658,55.2842046544869
2025-04-10,0.016,5255,0.472555684268405,0.479391981957342,5072.86775202658,53.6346759533592
2025-04-10,0.016,5260,0.47082778912661,0.47773414424655,5072.86775202658,51.9351615196782
2025-04-10,0.016,5265,0.469410654063531,0.476388753035929,5072.86775202658,50.3356185329056
2025-04-10,0.016,5270,0.467843091923721,0.47489718288919,5072.86775202658,48.7360755383968
2025-04-10,0.016,5275,0.466597549261515,0.473729122772731,5072.86775202658,47.2365039733691
2025-04-10,0.016,5280,0.465203191438228,0.472416724100874,5072.86775202658,45.7369324411735
2025-04-10,0.016,5285,0.463655377848093,0.47095572389005,5072.86775202658,44.2373608876546
2025-04-10,0.016,5290,0.462443671590214,0.469341419543335,5072.86775202658,42.7877750460589
2025-04-10,0.016,5295,0.461080778354591,0.46806570755944,5072.86775202658,41.3881749159236
2025-04-10,0.016,5300,0.459561640041009,0.466638947423071,5072.86775202658,39.9885747999353
2025-04-10,0.016,5305,0.457880658818719,0.465566070219968,5072.86775202658,38.6389604058019
2025-04-10,0.016,5310,0.456553981807639,0.463828547676577,5072.86775202658,37.2893459962808
2025-04-10,0.016,5315,0.455068245669234,0.462447997438054,5072.86775202658,35.9897173238545
2025-04-10,0.016,5320,0.453955237048794,0.461440815729363,5072.86775202658,34.7900600788537
2025-04-10,0.016,5325,0.45268729083998,0.459745162829582,5072.86775202658,33.5404171178586
2025-04-10,0.016,5330,0.451258524576578,0.458427020807822,5072.86775202658,32.3407598709699
2025-04-10,0.016,5335,0.449662408814226,0.457505297404096,5072.86775202658,31.1910883475477
2025-04-10,0.016,5340,0.448465307149509,0.455869215388647,5072.86775202658,30.041416810287
2025-04-10,0.016,5345,0.447106047381599,0.454635024529991,5072.86775202658,28.9417310156797
2025-04-10,0.016,5350,0.445577681553052,0.453239741204896,5072.86775202658,27.8420452068179
2025-04-10,0.016,5355,0.444477231089935,0.452271726412599,5072.86775202658,26.8423308347222
2025-04-10,0.016,5360,0.442598572576648,0.450544039217673,5072.86775202658,25.7426450312796
2025-04-10,0.016,5365,0.441154476307111,0.449250594560919,5072.86775202658,24.742930663289
2025-04-10,0.016,5370,0.440172818512211,0.448417685424848,5072.86775202658,23.8431877263258
2025-04-10,0.016,5375,0.438376501283648,0.446792533061888,5072.86775202658,22.8434733645539
2025-04-10,0.016,5380,0.437051551439386,0.445637069665328,5072.86775202658,21.9437304232706
2025-04-10,0.016,5385,0.436230259242761,0.444315268855522,5072.86775202658,21.0939732060925
2025-04-10,0.016,5390,0.434555492997946,0.442818978358521,5072.86775202658,20.1942302786219
2025-04-10,0.016,5395,0.433396225730745,0.441834696562267,5072.86775202658,19.3944587859888
2025-04-10,0.016,5400,0.432062373461304,0.440687837131105,5072.86775202658,18.5946872902978
2025-04-10,0.016,5405,0.430544402356843,0.439370288536448,5072.86775202658,17.7949157858991
2025-04-10,0.016,5410,0.428831552294683,0.437872958450622,5072.86775202658,16.9951442979066
2025-04-10,0.016,5415,0.427695521089162,0.436185610183343,5072.86775202658,16.2453585082174
2025-04-10,0.016,5420,0.426380431040582,0.43507670665819,5072.86775202658,15.545558463291
2025-04-10,0.016,5425,0.424875661579135,0.433793659053828,5072.86775202658,14.8457584017423
2025-04-10,0.016,5430,0.424014678451648,0.432326451723564,5072.86775202658,14.195944047919
2025-04-10,0.016,5435,0.422117583389363,0.431503357854314,5072.86775202658,13.5461297130615
2025-04-10,0.016,5440,0.420885773806116,0.429656242800072,5072.86775202658,12.896315373991
2025-04-10,0.016,5445,0.419462343584509,0.428474629466327,5072.86775202658,12.2964867488569
2025-04-10,0.016,5450,0.418778527987658,0.42710832438866,5072.86775202658,11.746643850421
2025-04-10,0.016,5455,0.416961210744709,0.426479583570892,5072.86775202658,11.196800946521
2025-04-10,0.016,5460,0.415912866469969,0.424734896392039,5072.86775202658,10.6469580442115
2025-04-10,0.016,5465,0.414677852118431,0.42375663385,5072.86775202658,10.1471008616332
2025-04-10,0.016,5470,0.410025156912018,0.424623692256575,5072.86775202658,9.59725795455208
2025-04-10,0.016,5475,0.409380602673491,0.42333858541069,5072.86775202658,9.14738649132164
2025-04-10,0.016,5480,0.407418095006025,0.421855147310737,5072.86775202658,8.64752930322754
2025-04-10,0.016,5485,0.406390518206065,0.421261856850214,5072.86775202658,8.24764355420146
2025-04-10,0.016,5490,0.405168347665946,0.420509842101935,5072.86775202658,7.8477578038104
2025-04-10,0.016,5495,0.403736366302394,0.418418628128484,5072.86775202658,7.39788633619432
2025-04-10,0.016,5500,0.403398439398657,0.418488172458956,5072.86775202658,7.09797202534918
2025-04-10,0.016,5505,0.401544866786513,0.417194114584494,5072.86775202658,6.69808627863461
2025-04-10,0.016,5510,0.400847156438926,0.415691930270787,5072.86775202658,6.34818624771489
2025-04-10,0.016,5515,0.399971765896729,0.415297555032689,5072.86775202658,6.04827194111274
2025-04-10,0.016,5520,0.398904891213138,0.414752775273329,5072.86775202658,5.7483576258435
2025-04-10,0.016,5525,0.397630535031184,0.412627704813908,5072.86775202658,5.39845759975552
2025-04-10,0.016,5530,0.396130001195703,0.411702219740095,5072.86775202658,5.09854328956752
2025-04-10,0.016,5535,0.394381229294245,0.412110391503502,5072.86775202658,4.84861469653855
2025-04-10,0.016,5540,0.394151069509114,0.410850446956314,5072.86775202658,4.59868610210675
2025-04-10,0.016,5545,0.393771797412793,0.409374186879586,5072.86775202658,4.34875750934634
2025-04-10,0.016,5550,0.391305103281092,0.409357479680193,5072.86775202658,4.09882891584007
2025-04-10,0.016,5555,0.390516453213111,0.409211982646822,5072.86775202658,3.89888604183352
2025-04-10,0.016,5560,0.389532794529867,0.407121332269048,5072.86775202658,3.64895745111257
2025-04-10,0.016,5565,0.390517923684145,0.406629676459015,5072.86775202658,3.49900029444058
2025-04-10,0.016,5570,0.390315677964881,0.405975827621194,5072.86775202658,3.32405028138527
2025-04-10,0.016,5575,0.389964915107761,0.405146921134925,5072.86775202658,3.1491002647052
2025-04-10,0.016,5580,0.389453907578781,0.40622526214564,5072.86775202658,3.02413597142653
2025-04-10,0.016,5585,0.387500833044842,0.405090104637108,5072.86775202658,2.82419309528407
2025-04-10,0.016,5590,0.385224382940319,0.40373736427274,5072.86775202658,2.62425022077055
2025-04-10,0.016,5595,0.384010369476281,0.403326478722662,5072.86775202658,2.47429306807238
2025-04-10,0.016,5600,0.384035785269342,0.402757115539792,5072.86775202658,2.34932877003124
2025-04-10,0.016,5605,0.385447781760116,0.403281017957413,5072.86775202658,2.27435019310875
2025-04-10,0.016,5610,0.382068377389942,0.402408153336661,5072.86775202658,2.09940017848506
2025-04-10,0.016,5615,0.381591732025987,0.401336279342594,5072.86775202658,1.97443588111223
2025-04-10,0.016,5620,0.380938172625759,0.401474152191019,5072.86775202658,1.87446444472669
2025-04-10,0.016,5625,0.380089805281179,0.401494259299886,5072.86775202658,1.77449300722566
2025-04-10,0.016,5630,0.379025283060204,0.401388342166263,5072.86775202658,1.6745215684923
2025-04-10,0.016,5635,0.377718822297355,0.40114699574182,5072.86775202658,1.5745501334775
2025-04-10,0.016,5640,0.376138830202595,0.400759439531198,5072.86775202658,1.47457869684965
2025-04-10,0.016,5645,0.374245945591462,0.400213227572341,5072.86775202658,1.37460725909832
2025-04-10,0.016,5650,0.371990152512682,0.401273236371289,5072.86775202658,1.29962868220937
2025-04-10,0.016,5655,0.372015962953684,0.400449099711794,5072.86775202658,1.22465010437109
2025-04-10,0.016,5660,0.369069853064405,0.401340846897745,5072.86775202658,1.14967152483734
2025-04-10,0.016,5665,0.368671815982359,0.40019581620577,5072.86775202658,1.07469294750635
2025-04-10,0.016,5670,0.3680948875498,0.400894001382352,5072.86775202658,1.02470722922549
2025-04-10,0.016,5675,0.367318185186298,0.401515509607213,5072.86775202658,0.974721511230744
2025-04-10,0.016,5680,0.362584593991382,0.399842750653583,5072.86775202658,0.874750073451299
2025-04-10,0.016,5685,0.361055377748909,0.400223150668854,5072.86775202658,0.824764355949839
2025-04-10,0.016,5690,0.359180453402589,0.400507046456867,5072.86775202658,0.774778636535759
2025-04-10,0.016,5695,0.356892774458199,0.400687822862479,5072.86775202658,0.724792919175899
2025-04-10,0.016,5700,0.359283878811767,0.403306266985525,5072.86775202658,0.724792918599327
2025-04-10,0.016,5705,0.356460372882822,0.403359153593116,5072.86775202658,0.674807199059979
2025-04-10,0.016,5710,0.352999450720808,0.403292497235741,5072.86775202658,0.624821481354337
2025-04-10,0.016,5715,0.348705120292031,0.40309645485242,5072.86775202658,0.574835763200303
2025-04-10,0.016,5720,0.350987510779389,0.405657510150823,5072.86775202658,0.574835762956393
2025-04-10,0.016,5725,0.345499293058449,0.380522191286006,5072.86775202658,0.349900029441121
2025-04-10,0.016,5730,0.338287410437471,0.404792322975027,5072.86775202658,0.474864325493622
2025-04-10,0.016,5735,0.340468333330325,0.407311616022955,5072.86775202658,0.474864325646001
2025-04-10,0.016,5740,0.330259613571179,0.406611931708067,5072.86775202658,0.424878606980842
2025-04-10,0.016,5745,0.332368485420645,0.409107520413684,5072.86775202658,0.424878607416701
2025-04-10,0.016,5750,0.315558107855833,0.408198099344611,5072.86775202658,0.374892888764713
2025-04-10,0.016,5755,0.317560222344091,0.410669443977382,5072.86775202658,0.37489288930784
2025-04-10,0.016,5760,0.319559527148556,0.413136805023358,5072.86775202658,0.374892888724961
2025-04-10,0.016,5765,0.321556036093548,0.411972761963099,5072.86775202658,0.349900029431288
2025-04-10,0.016,5770,0.323549762712349,0.414415328437276,5072.86775202658,0.349900029597856
2025-04-10,0.016,5775,0.325540720392721,0.394694975280446,5072.86775202658,0.224935733166316
2025-04-10,0.016,5780,0.327528922231386,0.419288870057554,5072.86775202658,0.349900029755815
2025-04-10,0.016,5785,0.329514381470588,0.393710494559511,5072.86775202658,0.199942873885337
2025-04-10,0.016,5790,0.331497110770493,0.424147098551919,5072.86775202658,0.349900029538783
2025-04-10,0.016,5795,0.333477122936787,0.426570522563689,5072.86775202658,0.349900029151731
2025-04-10,0.016,5800,0.335454430629636,0.425034880777528,5072.86775202658,0.324907170712326
2025-04-10,0.016,5805,NA,0.42743318381804,5072.86775202658,NA
2025-04-10,0.016,5810,NA,0.429827805660557,5072.86775202658,NA
2025-04-10,0.016,5815,NA,0.432218765659126,5072.86775202658,NA
2025-04-10,0.016,5820,0.343336861284275,0.434606082876756,5072.86775202658,0.324907170169697
2025-04-10,0.016,5825,0.379182006023058,0.417850414546917,5072.86775202658,0.274921452038537
2025-04-10,0.016,5830,0.381303597265067,0.420146974961728,5072.86775202658,0.274921452011826
2025-04-10,0.016,5840,NA,0.444119296030356,5072.86775202658,NA
2025-04-10,0.016,5850,0.389760376006657,0.434757289499586,5072.86775202658,0.299914311222529
2025-04-10,0.016,5860,NA,0.449155321862247,5072.86775202658,NA
2025-04-10,0.016,5870,NA,0.453826125763009,5072.86775202658,NA
2025-04-10,0.016,5875,NA,0.456156412569667,5072.86775202658,NA
2025-04-10,0.016,5880,0.366733233264239,0.458483310962865,5072.86775202658,0.299914310905377
2025-04-10,0.016,5890,NA,0.458290161791331,5072.86775202658,NA
2025-04-10,0.016,5900,NA,0.462881922307917,5072.86775202658,NA
2025-04-10,0.016,5910,NA,0.467460619861241,5072.86775202658,NA
2025-04-10,0.016,5920,NA,0.466700160491036,5072.86775202658,NA
2025-04-10,0.016,5925,NA,0.421064079442041,5072.86775202658,NA
2025-04-10,0.016,5950,NA,0.480197968886088,5072.86775202658,NA
2025-04-10,0.016,6000,NA,0.502449303189157,5072.86775202658,NA
2025-04-10,0.016,6050,NA,0.518057847970572,5072.86775202658,NA
2025-04-10,0.016,6100,NA,0.475016802397229,5072.86775202658,NA
2025-04-10,0.016,6200,NA,0.581640826152175,5072.86775202658,NA
2025-04-10,0.016,6300,NA,0.622756158284668,5072.86775202658,NA
2025-04-10,0.016,6400,NA,0.66292699035572,5072.86775202658,NA
2025-04-10,0.016,6500,NA,0.589825611699294,5072.86775202658,NA
2025-04-10,0.016,6600,NA,0.740646855867279,5072.86775202658,NA
2025-04-10,0.016,6800,NA,0.687700933069564,5072.86775202658,NA
2025-04-10,0.016,7000,NA,0.863972749230426,5072.86775202658,NA
2025-04-10,0.016,7200,NA,0.931499643065499,5072.86775202658,NA
2025-04-10,0.016,7400,NA,0.996653577766659,5072.86775202658,NA
2025-04-10,0.016,7600,NA,1.05961020673776,5072.86775202658,NA
2025-04-11,0.02,1400,NA,2.70691975718381,5075.08566529458,NA
2025-04-11,0.02,1600,NA,2.64844527671888,5075.08566529458,NA
2025-04-11,0.02,1800,NA,2.38726305513747,5075.08566529458,NA
2025-04-11,0.02,2000,NA,2.15396438405721,5075.08566529458,NA
2025-04-11,0.02,2200,NA,1.87933315261879,5075.08566529458,NA
2025-04-11,0.02,2400,1.60431374724095,1.65438373981648,5075.08566529458,2675.21059390714
2025-04-11,0.02,2600,1.48586351207415,1.52041755690628,5075.08566529458,2475.2605653521
2025-04-11,0.02,2800,1.36075710282511,1.47457559230473,5075.08566529458,2275.43546540973
2025-04-11,0.02,3000,1.30137650384826,1.39312804779787,5075.08566529458,2075.76027980202
2025-04-11,0.02,3200,1.23465211423206,1.29036489671831,5075.08566529458,1876.21002280739
2025-04-11,0.02,3400,1.16583070588343,1.18900634393583,5075.08566529458,1676.93460876049
2025-04-11,0.02,3600,1.09641886346971,1.12796122660943,5075.08566529458,1478.53369499935
2025-04-11,0.02,3800,1.02338749917062,1.0407016113627,5075.08566529458,1280.78241002405
2025-04-11,0.02,4000,0.939160016586925,0.954469378938899,5075.08566529458,1084.18046828555
2025-04-11,0.02,4100,0.893004933041204,0.908818619518532,5075.08566529458,986.379211865758
2025-04-11,0.02,4200,0.847511770280682,0.861917006714497,5075.08566529458,889.127641340059
2025-04-11,0.02,4300,0.80261348996021,0.815623500112436,5075.08566529458,792.675613932746
2025-04-11,0.02,4350,0.780041740237152,0.792870998722022,5075.08566529458,744.824386075339
2025-04-11,0.02,4400,0.758464967822521,0.771022401187542,5075.08566529458,697.372929769694
2025-04-11,0.02,4450,0.738044560441118,0.746221708561049,5075.08566529458,650.171330690801
2025-04-11,0.02,4500,0.717270441984569,0.725450421616165,5075.08566529458,603.619360389921
2025-04-11,0.02,4550,0.69710213372881,0.704553038978888,5075.08566529458,557.617075995166
2025-04-11,0.02,4600,0.677472012778255,0.684884451932176,5075.08566529458,512.364363267291
2025-04-11,0.02,4650,0.658799336690852,0.665575910118271,5075.08566529458,467.961165112807
2025-04-11,0.02,4675,0.649341781266059,0.655832077921096,5075.08566529458,446.059394691411
2025-04-11,0.02,4700,0.640221617234521,0.646442375312148,5075.08566529458,424.457452969724
2025-04-11,0.02,4725,0.630808129520133,0.636779982035432,5075.08566529458,403.0553969963
2025-04-11,0.02,4750,0.622001407630807,0.627738885689768,5075.08566529458,382.053112595388
2025-04-11,0.02,4775,0.61271415326993,0.618696473850967,5075.08566529458,361.300685427475
2025-04-11,0.02,4800,0.603789590844201,0.609556479779029,5075.08566529458,340.898058367215
2025-04-11,0.02,4825,0.595089184228899,0.601085457186256,5075.08566529458,320.945174321592
2025-04-11,0.02,4850,0.586488307911625,0.59229010281655,5075.08566529458,301.342090365473
2025-04-11,0.02,4860,0.582755098460933,0.588893864063244,5075.08566529458,293.590805402881
2025-04-11,0.02,4870,0.579570558059985,0.585230385207539,5075.08566529458,285.939463310225
2025-04-11,0.02,4875,0.57787385698575,0.583499964871895,5075.08566529458,282.138777995485
2025-04-11,0.02,4880,0.576108050175769,0.582100385239347,5075.08566529458,278.388064120624
2025-04-11,0.02,4890,0.57237038391,0.578689736015429,5075.08566529458,270.836664924412
2025-04-11,0.02,4900,0.569141723557271,0.575001040000306,5075.08566529458,263.385208606879
2025-04-11,0.02,4910,0.565624825416064,0.571808502157787,5075.08566529458,256.033695195327
2025-04-11,0.02,4920,0.5622045780399,0.568325522784746,5075.08566529458,248.732153245988
2025-04-11,0.02,4925,0.560575180446711,0.566665884565483,5075.08566529458,245.131353693467
2025-04-11,0.02,4930,0.558491875293667,0.564932418950538,5075.08566529458,241.480582716276
2025-04-11,0.02,4940,0.555239036788267,0.56161976363344,5075.08566529458,234.378926507245
2025-04-11,0.02,4950,0.55168189634413,0.558006759841933,5075.08566529458,227.277270331873
2025-04-11,0.02,4960,0.548190369176085,0.5544628194401,5075.08566529458,220.275557045816
2025-04-11,0.02,4970,0.544755645118095,0.550979195999292,5075.08566529458,213.3737866247
2025-04-11,0.02,4975,0.543102542746037,0.549302946768795,5075.08566529458,209.972872852528
2025-04-11,0.02,4980,0.541369289589055,0.547547514601257,5075.08566529458,206.571959087604
2025-04-11,0.02,4990,0.538023216235193,0.544159746663325,5075.08566529458,199.870074461303
2025-04-11,0.02,5000,0.534350842230266,0.540808183599442,5075.08566529458,193.218161270373
2025-04-11,0.02,5010,0.531064363480356,0.537485410772244,5075.08566529458,186.716162426267
2025-04-11,0.02,5020,0.527795490947163,0.533829386862709,5075.08566529458,180.264135046117
2025-04-11,0.02,5025,0.526032658694173,0.532406879523567,5075.08566529458,177.113078500274
2025-04-11,0.02,5030,0.524183847614211,0.530544539236978,5075.08566529458,173.91205051067
2025-04-11,0.02,5040,0.520930799415713,0.527267497404095,5075.08566529458,167.709880341356
2025-04-11,0.02,5050,0.517674764582134,0.52399174137844,5075.08566529458,161.607653032075
2025-04-11,0.02,5060,0.514059191213436,0.520360816030215,5075.08566529458,155.505425762913
2025-04-11,0.02,5070,0.510778519259779,0.517069259680526,5075.08566529458,149.603084254833
2025-04-11,0.02,5075,0.509173860650074,0.515460877526751,5075.08566529458,146.701884944436
2025-04-11,0.02,5080,0.507535372911999,0.513819832726132,5075.08566529458,143.817818716269
2025-04-11,0.02,5090,0.504572799422388,0.51050666649129,5075.08566529458,138.171045433552
2025-04-11,0.02,5100,0.501226652726873,0.507512913194997,5075.08566529458,132.624215045974
2025-04-11,0.02,5110,0.498189595695725,0.504134547395013,5075.08566529458,127.177327533363
2025-04-11,0.02,5120,0.495107193878091,0.501064997101313,5075.08566529458,121.88035437443
2025-04-11,0.02,5125,0.493591165017755,0.499557293682718,5075.08566529458,119.281839227263
2025-04-11,0.02,5130,0.491974005876311,0.497598315873329,5075.08566529458,116.633352643965
2025-04-11,0.02,5140,0.488784493959044,0.494430784187457,5075.08566529458,111.536265258192
2025-04-11,0.02,5150,0.485532984043505,0.491206540486519,5075.08566529458,106.539120758509
2025-04-11,0.02,5160,0.482570383196294,0.487920009058677,5075.08566529458,101.69189058372
2025-04-11,0.02,5170,0.47917953432687,0.485283215116047,5075.08566529458,96.9945747604007
2025-04-11,0.02,5175,0.477679909549533,0.483806327415215,5075.08566529458,94.6958882766365
2025-04-11,0.02,5180,0.476432830787155,0.481498456087736,5075.08566529458,92.3472303647669
2025-04-11,0.02,5185,0.474714010656254,0.479074912459222,5075.08566529458,89.9486010142094
2025-04-11,0.02,5190,0.47324724454006,0.47835745850961,5075.08566529458,87.8498003326242
2025-04-11,0.02,5195,0.471668665727307,0.477536338607661,5075.08566529458,85.7509996323456
2025-04-11,0.02,5200,0.469976237386421,0.475505429080588,5075.08566529458,83.502284607226
2025-04-11,0.02,5205,0.468538621521293,0.472986137924409,5075.08566529458,81.2535695917566
2025-04-11,0.02,5210,0.466986732667298,0.471831666240872,5075.08566529458,79.2047403279134
2025-04-11,0.02,5215,0.465693509199655,0.471689944410868,5075.08566529458,77.3557968772767
2025-04-11,0.02,5220,0.46390843434424,0.468435216048238,5075.08566529458,75.0571103934583
2025-04-11,0.02,5225,0.462761835246841,0.466937945916304,5075.08566529458,73.1082240444625
2025-04-11,0.02,5230,0.461118589614563,0.467231783863839,5075.08566529458,71.3592234609297
2025-04-11,0.02,5235,0.459738834492688,0.465894660323855,5075.08566529458,69.4603085539998
2025-04-11,0.02,5240,0.458240028988178,0.462892607051673,5075.08566529458,67.3615078715917
2025-04-11,0.02,5245,0.456619398050798,0.462868147610481,5075.08566529458,65.6624787373263
2025-04-11,0.02,5250,0.455268306563944,0.45999394644686,5075.08566529458,63.663620922372
2025-04-11,0.02,5255,0.453795740636416,0.459749513415678,5075.08566529458,62.0145632568485
2025-04-11,0.02,5260,0.452198642765306,0.458603521278664,5075.08566529458,60.2655626714358
2025-04-11,0.02,5265,0.450878489959899,0.456936743307712,5075.08566529458,58.5165620920868
2025-04-11,0.02,5270,0.449434501374535,0.455548595950806,5075.08566529458,56.8175329796451
2025-04-11,0.02,5275,0.447863323665867,0.453215141774279,5075.08566529458,55.0185609393279
2025-04-11,0.02,5280,0.446578032592734,0.452811397722119,5075.08566529458,53.519417594679
2025-04-11,0.02,5285,0.445166663143988,0.451463619851881,5075.08566529458,51.9203313611069
2025-04-11,0.02,5290,0.443625556386063,0.449989719513727,5075.08566529458,50.3212451232037
2025-04-11,0.02,5295,0.442381032357923,0.447530352271343,5075.08566529458,48.6721874251112
2025-04-11,0.02,5300,0.441008386719752,0.446648284873882,5075.08566529458,47.2230155298264
2025-04-11,0.02,5305,0.43950365072771,0.446084432646827,5075.08566529458,45.8238150706945
2025-04-11,0.02,5310,0.438308212492422,0.444523895735132,5075.08566529458,44.3746431532027
2025-04-11,0.02,5315,0.43653159288183,0.443274728336362,5075.08566529458,42.9254712646333
2025-04-11,0.02,5320,0.43552350473434,0.441895788558297,5075.08566529458,41.5762422430286
2025-04-11,0.02,5325,0.433925258862637,0.440382757683537,5075.08566529458,40.1770417819281
2025-04-11,0.02,5330,0.432652783370208,0.439196234533594,5075.08566529458,38.8777842106533
2025-04-11,0.02,5335,0.431244266242365,0.437878626567123,5075.08566529458,37.5785266355183
2025-04-11,0.02,5340,0.429694650979606,0.436425332759566,5075.08566529458,36.2792690735405
2025-04-11,0.02,5345,0.428489027713331,0.435316404350638,5075.08566529458,35.0799543847254
2025-04-11,0.02,5350,0.427146057504846,0.4340757560796,5075.08566529458,33.8806397229641
2025-04-11,0.02,5355,0.425660364585629,0.432698545214583,5075.08566529458,32.6813250382115
2025-04-11,0.02,5360,0.424540227855035,0.431179428437836,5075.08566529458,31.5319818016479
2025-04-11,0.02,5365,0.423282332217511,0.430028237629106,5075.08566529458,30.4326100113391
2025-04-11,0.02,5370,0.421881045645307,0.428740148950271,5075.08566529458,29.3332382187442
2025-04-11,0.02,5375,0.420330123911599,0.427842158701648,5075.08566529458,28.283837869035
2025-04-11,0.02,5380,0.41917347235116,0.426272423524337,5075.08566529458,27.2344375287869
2025-04-11,0.02,5385,0.417873528663546,0.425099311856026,5075.08566529458,26.2350086189264
2025-04-11,0.02,5390,0.41699477357303,0.423784515756135,5075.08566529458,25.2855511632894
2025-04-11,0.02,5395,0.415399523795153,0.422893128148009,5075.08566529458,24.3360937265587
2025-04-11,0.02,5400,0.414233778306331,0.421868446306064,5075.08566529458,23.4366077132843
2025-04-11,0.02,5405,0.413524802157012,0.420704757002864,5075.08566529458,22.5870931419121
2025-04-11,0.02,5410,0.41206849130087,0.419395724043479,5075.08566529458,21.6876071278636
2025-04-11,0.02,5415,0.410449556825768,0.418550692870985,5075.08566529458,20.8380925718907
2025-04-11,0.02,5420,0.409303703950582,0.416942434262971,5075.08566529458,19.9885780014345
2025-04-11,0.02,5425,0.408663813600886,0.415809038845854,5075.08566529458,19.2390063247479
2025-04-11,0.02,5430,0.407221551309225,0.415182773745424,5075.08566529458,18.4894346503751
2025-04-11,0.02,5435,0.406299210904293,0.413759567041236,5075.08566529458,17.739862977018
2025-04-11,0.02,5440,0.405232179787614,0.412857401848134,5075.08566529458,17.0402627431237
2025-04-11,0.02,5445,0.404012788954341,0.411814150452686,5075.08566529458,16.3406625156368
2025-04-11,0.02,5450,0.403368930297362,0.410622541262852,5075.08566529458,15.691033728809
2025-04-11,0.02,5455,0.40183727282559,0.409274435392446,5075.08566529458,14.9914334979889
2025-04-11,0.02,5460,0.400899848923967,0.408511505689111,5075.08566529458,14.3917761600929
2025-04-11,0.02,5465,0.399812326818897,0.407610601856022,5075.08566529458,13.7921188240255
2025-04-11,0.02,5470,0.39937834767039,0.406564381724348,5075.08566529458,13.242432921765
2025-04-11,0.02,5475,0.397985777840927,0.405364617059144,5075.08566529458,12.6427755861392
2025-04-11,0.02,5480,0.397271239076493,0.40482913844744,5075.08566529458,12.1430611308372
2025-04-11,0.02,5485,0.395535944867881,0.404164129163753,5075.08566529458,11.5933752369745
2025-04-11,0.02,5490,0.394505092140765,0.403362741804373,5075.08566529458,11.0936607883727
2025-04-11,0.02,5495,0.392378709535148,0.404190125578232,5075.08566529458,10.6439177888768
2025-04-11,0.02,5500,0.391948103375072,0.403140941512464,5075.08566529458,10.1941747775438
2025-04-11,0.02,5505,0.391387618024644,0.401933238777503,5075.08566529458,9.74443177577314
2025-04-11,0.02,5510,0.388649861730008,0.401514981518209,5075.08566529458,9.24471732241122
2025-04-11,0.02,5515,0.389846244239075,0.399987565929726,5075.08566529458,8.89491720759432
2025-04-11,0.02,5520,0.388847473100828,0.399284306500304,5075.08566529458,8.49514565238897
2025-04-11,0.02,5525,0.386567643605031,0.398438699071967,5075.08566529458,8.04540265035394
2025-04-11,0.02,5530,0.386339536076506,0.397441694827268,5075.08566529458,7.69560253184187
2025-04-11,0.02,5535,0.383607850549864,0.397387231083105,5075.08566529458,7.29583097058517
2025-04-11,0.02,5540,0.383058889588701,0.396091866010098,5075.08566529458,6.94603085317524
2025-04-11,0.02,5545,0.383639317611354,0.395785163150867,5075.08566529458,6.69617363588193
2025-04-11,0.02,5550,0.381525727448894,0.395356473478027,5075.08566529458,6.34637351997418
2025-04-11,0.02,5555,0.380520505446627,0.394798572838782,5075.08566529458,6.0465448452924
2025-04-11,0.02,5560,0.380749541387345,0.394103332242246,5075.08566529458,5.79668761818061
2025-04-11,0.02,5565,0.379433335497906,0.393261557933899,5075.08566529458,5.49685895125954
2025-04-11,0.02,5570,0.377914899168714,0.392262791743304,5075.08566529458,5.19703028403607
2025-04-11,0.02,5575,0.377748818160215,0.39249768322919,5075.08566529458,4.99714450311291
2025-04-11,0.02,5580,0.377462705096878,0.391200153122236,5075.08566529458,4.74728727898621
2025-04-11,0.02,5585,0.377048643300264,0.391205619985749,5075.08566529458,4.54740149326585
2025-04-11,0.02,5590,0.374757242994593,0.391106040647765,5075.08566529458,4.29754427069882
2025-04-11,0.02,5595,0.373993666604146,0.390895367623355,5075.08566529458,4.09765849138502
2025-04-11,0.02,5600,0.374942323274653,0.383880654577052,5075.08566529458,3.74785837419427
2025-04-11,0.02,5605,0.373912559030796,0.39011279676348,5075.08566529458,3.74785837677203
2025-04-11,0.02,5610,0.372694245330288,0.38952465055051,5075.08566529458,3.54797259814148
2025-04-11,0.02,5615,0.373365716246413,0.3887925742544,5075.08566529458,3.39805825947964
2025-04-11,0.02,5620,0.372896787617584,0.389758291735839,5075.08566529458,3.27312964870852
2025-04-11,0.02,5625,0.372283987404315,0.388776378991385,5075.08566529458,3.09822958896603
2025-04-11,0.02,5630,0.371515219472591,0.387618778646074,5075.08566529458,2.92332953259893
2025-04-11,0.02,5635,0.370576413721098,0.388325438130488,5075.08566529458,2.79840091859104
2025-04-11,0.02,5640,0.370716057683126,0.386859607556924,5075.08566529458,2.64848658474673
2025-04-11,0.02,5645,0.369447359431332,0.387379756744569,5075.08566529458,2.52355797572285
2025-04-11,0.02,5650,0.37333808463322,0.386698025273017,5075.08566529458,2.47358652735822
2025-04-11,0.02,5655,0.369101281126762,0.387035584158817,5075.08566529458,2.29868647027111
2025-04-11,0.02,5660,0.368741693697208,0.386081241327434,5075.08566529458,2.17375785545178
2025-04-11,0.02,5665,0.372728600219355,0.386210449237937,5075.08566529458,2.14877213404567
2025-04-11,0.02,5670,0.367596352903919,0.386243962880785,5075.08566529458,1.9738720772197
2025-04-11,0.02,5675,0.366784067469706,0.386175690242185,5075.08566529458,1.87392918864843
2025-04-11,0.02,5680,0.365790394885998,0.385998771258262,5075.08566529458,1.77398629827364
2025-04-11,0.02,5685,0.364595197484907,0.385705439862896,5075.08566529458,1.67404340793833
2025-04-11,0.02,5690,0.363174146792479,0.386766548059039,5075.08566529458,1.59908624026727
2025-04-11,0.02,5695,0.363558846316622,0.386272119090521,5075.08566529458,1.52412907271404
2025-04-11,0.02,5700,0.361728345766072,0.387211352813841,5075.08566529458,1.44917190457745
2025-04-11,0.02,5705,0.36186664047452,0.386490563274221,5075.08566529458,1.37421473714262
2025-04-11,0.02,5710,0.361905561463547,0.387293342524293,5075.08566529458,1.32424329354878
2025-04-11,0.02,5715,0.359361932374668,0.386314515367943,5075.08566529458,1.22430040132188
2025-04-11,0.02,5720,0.359068399726314,0.386962404323364,5075.08566529458,1.17432895719764
2025-04-11,0.02,5725,0.358637397172068,0.387549439206568,5075.08566529458,1.12435751264899
2025-04-11,0.02,5730,0.358055025304579,0.388072638475646,5075.08566529458,1.07438606780446
2025-04-11,0.02,5735,0.357304773375311,0.388528723729614,5075.08566529458,1.02441462317662
2025-04-11,0.02,5740,0.356366797082985,0.388914078235462,5075.08566529458,0.974443177255708
2025-04-11,0.02,5745,0.355216923513622,0.389224697742676,5075.08566529458,0.92447173312198
2025-04-11,0.02,5750,0.353825243097218,0.389456131693504,5075.08566529458,0.874500288476995
2025-04-11,0.02,5755,0.352154066955408,0.389603412791682,5075.08566529458,0.824528841877903
2025-04-11,0.02,5760,0.350154861395005,0.389660972310291,5075.08566529458,0.774557398277587
2025-04-11,0.02,5765,0.347763467312804,0.391963292809707,5075.08566529458,0.749571675661866
2025-04-11,0.02,5770,0.344892287272304,0.391910479543769,5075.08566529458,0.699600230864108
2025-04-11,0.02,5775,0.346957415919075,0.391754250181879,5075.08566529458,0.674614507765613
2025-04-11,0.02,5780,0.343452069088175,0.391486468457194,5075.08566529458,0.624643061719043
2025-04-11,0.02,5785,0.339151891990898,0.393741054018048,5075.08566529458,0.599657340623819
2025-04-11,0.02,5790,0.341150816117261,0.393337025184907,5075.08566529458,0.574671618163745
2025-04-11,0.02,5795,0.335714584822435,0.395572678849568,5075.08566529458,0.549685894616294
2025-04-11,0.02,5800,0.351562895108223,0.389089249825404,5075.08566529458,0.524700172976473
2025-04-11,0.02,5805,0.330542070611333,0.397237230523009,5075.08566529458,0.499714450317724
2025-04-11,0.02,5810,0.332450880110897,0.396523996628813,5075.08566529458,0.474728727765951
2025-04-11,0.02,5815,0.334356976405866,0.398720823018782,5075.08566529458,0.474728727300655
2025-04-11,0.02,5820,0.32429117027858,0.39783028786185,5075.08566529458,0.424757282921909
2025-04-11,0.02,5825,0.326135393576228,0.400007104640784,5075.08566529458,0.424757282027714
2025-04-11,0.02,5830,0.327977069270078,0.402180580008944,5075.08566529458,0.424757283097883
2025-04-11,0.02,5840,0.331652824412508,0.40322967152453,5075.08566529458,0.39977155978325
2025-04-11,0.02,5850,0.316684507730742,0.407526009244494,5075.08566529458,0.374785837391732
2025-04-11,0.02,5860,0.320168178901832,0.396420614293304,5075.08566529458,0.274842947619707
2025-04-11,0.02,5870,0.323642702011414,0.379578891466533,5075.08566529458,0.174900057363027
2025-04-11,0.02,5875,0.32537655703561,0.414650711923416,5075.08566529458,0.349800115029882
2025-04-11,0.02,5880,0.358895020204732,0.416763856360711,5075.08566529458,0.399771559774553
2025-04-11,0.02,5890,0.330564608326601,0.408815813594134,5075.08566529458,0.274842947932044
2025-04-11,0.02,5900,0.353499329963656,0.425185625813607,5075.08566529458,0.374785837109711
2025-04-11,0.02,5910,0.337450820103405,0.429378227441002,5075.08566529458,0.349800114800914
2025-04-11,0.02,5920,NA,0.429662107512947,5075.08566529458,NA
2025-04-11,0.02,5925,NA,0.413194122398098,5075.08566529458,NA
2025-04-11,0.02,5930,NA,0.40949165648767,5075.08566529458,NA
2025-04-11,0.02,5940,0.347714450787069,0.437928285414397,5075.08566529458,0.324814392175629
2025-04-11,0.02,5950,NA,0.410925796918885,5075.08566529458,NA
2025-04-11,0.02,5960,NA,0.44614812827153,5075.08566529458,NA
2025-04-11,0.02,5970,NA,0.450240925442814,5075.08566529458,NA
2025-04-11,0.02,5975,0.380326063919501,0.452283085783145,5075.08566529458,0.349800115384827
2025-04-11,0.02,5980,NA,0.454322436439685,5075.08566529458,NA
2025-04-11,0.02,5990,NA,0.454035929601522,5075.08566529458,NA
2025-04-11,0.02,6000,NA,0.458064419822144,5075.08566529458,NA
2025-04-11,0.02,6010,0.371365650522301,0.462082035542035,5075.08566529458,0.299828670116783
2025-04-11,0.02,6020,NA,0.466088864945802,5075.08566529458,NA
2025-04-11,0.02,6025,NA,0.46808826186389,5075.08566529458,NA
2025-04-11,0.02,6030,0.378048927546656,0.441603106905946,5075.08566529458,0.17490005730082
2025-04-11,0.02,6040,NA,0.474070509248794,5075.08566529458,NA
2025-04-11,0.02,6050,NA,0.478045492513679,5075.08566529458,NA
2025-04-11,0.02,6060,NA,0.477127181388555,5075.08566529458,NA
2025-04-11,0.02,6070,NA,0.481049289396344,5075.08566529458,NA
2025-04-11,0.02,6075,NA,0.483006528542901,5075.08566529458,NA
2025-04-11,0.02,6080,NA,0.48496123725692,5075.08566529458,NA
2025-04-11,0.02,6090,NA,0.48886310122232,5075.08566529458,NA
2025-04-11,0.02,6100,0.40119025232847,0.467929282044503,5075.08566529458,0.174900057359726
2025-04-11,0.02,6120,NA,0.500508931749617,5075.08566529458,NA
2025-04-11,0.02,6130,NA,0.504371196170182,5075.08566529458,NA
2025-04-11,0.02,6140,NA,0.508223738747222,5075.08566529458,NA
2025-04-11,0.02,6150,NA,0.512066628456815,5075.08566529458,NA
2025-04-11,0.02,6160,NA,0.515899932965366,5075.08566529458,NA
2025-04-11,0.02,6170,NA,0.519723719211685,5075.08566529458,NA
2025-04-11,0.02,6175,NA,0.521632063486518,5075.08566529458,NA
2025-04-11,0.02,6180,NA,0.523538052679391,5075.08566529458,NA
2025-04-11,0.02,6190,NA,0.527342998270026,5075.08566529458,NA
2025-04-11,0.02,6200,NA,0.53113861957546,5075.08566529458,NA
2025-04-11,0.02,6210,NA,0.534924979314446,5075.08566529458,NA
2025-04-11,0.02,6220,0.43999647942211,0.538702139478144,5075.08566529458,0.274842947896517
2025-04-11,0.02,6225,NA,0.540587288582181,5075.08566529458,NA
2025-04-11,0.02,6230,NA,0.542470160748041,5075.08566529458,NA
2025-04-11,0.02,6240,NA,0.546229103369065,5075.08566529458,NA
2025-04-11,0.02,6250,NA,0.544087673355506,5075.08566529458,NA
2025-04-11,0.02,6260,NA,0.547796372142264,5075.08566529458,NA
2025-04-11,0.02,6270,NA,0.551496283172935,5075.08566529458,NA
2025-04-11,0.02,6275,NA,0.553342960651086,5075.08566529458,NA
2025-04-11,0.02,6280,NA,0.555187462035835,5075.08566529458,NA
2025-04-11,0.02,6290,NA,0.558869963591684,5075.08566529458,NA
2025-04-11,0.02,6300,NA,0.562543841973608,5075.08566529458,NA
2025-04-11,0.02,6310,NA,0.566209150587134,5075.08566529458,NA
2025-04-11,0.02,6320,NA,0.569865942110196,5075.08566529458,NA
2025-04-11,0.02,6325,NA,0.571691160169999,5075.08566529458,NA
2025-04-11,0.02,6330,NA,0.573514268493132,5075.08566529458,NA
2025-04-11,0.02,6340,NA,0.577154180958683,5075.08566529458,NA
2025-04-11,0.02,6350,NA,0.580785730147514,5075.08566529458,NA
2025-04-11,0.02,6375,NA,0.589828340765476,5075.08566529458,NA
2025-04-11,0.02,6400,NA,0.598819755562879,5075.08566529458,NA
2025-04-11,0.02,6425,NA,0.50395683183925,5075.08566529458,NA
2025-04-11,0.02,6450,NA,0.616651936455283,5075.08566529458,NA
2025-04-11,0.02,6475,NA,0.625494117141965,5075.08566529458,NA
2025-04-11,0.02,6500,NA,0.634287933228713,5075.08566529458,NA
2025-04-11,0.02,6550,NA,0.651733083234635,5075.08566529458,NA
2025-04-11,0.02,6600,NA,0.668992431913098,5075.08566529458,NA
2025-04-11,0.02,6650,NA,0.571089743628974,5075.08566529458,NA
2025-04-11,0.02,6700,NA,0.585605881954973,5075.08566529458,NA
2025-04-11,0.02,6800,NA,0.728087927875045,5075.08566529458,NA
2025-04-11,0.02,7000,NA,0.669885755362507,5075.08566529458,NA
2025-04-11,0.02,7200,NA,0.85384276639212,5075.08566529458,NA
2025-04-11,0.02,7400,NA,0.913348277408576,5075.08566529458,NA
2025-04-11,0.02,7600,NA,0.959466309886376,5075.08566529458,NA
2025-04-11,0.02,7800,NA,1.01454445919334,5075.08566529458,NA
2025-04-14,0.024,2200,1.55051294497107,1.81986509983284,5075.67105587911,2875.89794162741
2025-04-14,0.024,2400,1.54636231936179,1.67312811639163,5075.67105587911,2676.02398926526
2025-04-14,0.024,2600,1.31607237680826,1.53014972588892,5075.67105587911,2476.02398926536
2025-04-14,0.024,2800,1.286740159281,1.41030142070526,5075.67105587911,2276.22566548575
2025-04-14,0.024,3000,1.24101503404409,1.30664159297847,5075.67105587911,2076.60380839977
2025-04-14,0.024,3200,1.16925232710591,1.21519016088913,5075.67105587911,1877.1836275343
2025-04-14,0.024,3400,1.1177656530505,1.14967578266925,5075.67105587911,1678.49452296825
2025-04-14,0.024,3600,1.05335923320888,1.07677396301198,5075.67105587911,1480.46086611942
2025-04-14,0.024,3800,0.980700202070846,0.998420901031726,5075.67105587911,1283.33475226322
2025-04-14,0.024,4000,0.899240490707656,0.914513612096831,5075.67105587911,1087.368276674
2025-04-14,0.024,4200,0.816929184967165,0.830769370387149,5075.67105587911,893.569820460893
2025-04-14,0.024,4300,0.776599706461104,0.789077289974807,5075.67105587911,797.956278255999
2025-04-14,0.024,4400,0.73570086171627,0.749900217507917,5075.67105587911,703.653631496625
2025-04-14,0.024,4500,0.697861576211179,0.709188088823933,5075.67105587911,611.065232611154
2025-04-14,0.024,4600,0.661117159636599,0.671238442757904,5075.67105587911,520.99778647674
2025-04-14,0.024,4700,0.62584186833471,0.637229187289399,5075.67105587911,434.510093241985
2025-04-14,0.024,4750,0.608242146430042,0.616312571531284,5075.67105587911,392.274627759331
2025-04-14,0.024,4800,0.590846590224332,0.60196879263761,5075.67105587911,352.005505385437
2025-04-14,0.024,4850,0.57338582601337,0.58424235862142,5075.67105587911,312.643926031761
2025-04-14,0.024,4900,0.556297169990862,0.565895524654233,5075.67105587911,274.744499290766
2025-04-14,0.024,4950,0.538858258390998,0.549074422909975,5075.67105587911,238.71057756583
2025-04-14,0.024,4975,0.530302097780914,0.54067417253828,5075.67105587911,221.424692985317
2025-04-14,0.024,5000,0.520736714847067,0.53326449519235,5075.67105587911,204.642998984198
2025-04-14,0.024,5025,0.513365016399172,0.524769989155339,5075.67105587911,188.567171746925
2025-04-14,0.024,5050,0.50415147025379,0.516432447206419,5075.67105587911,172.793858853134
2025-04-14,0.024,5075,0.497224390441701,0.507519327388191,5075.67105587911,157.877669894342
2025-04-14,0.024,5080,0.495707637769102,0.505998066386735,5075.67105587911,154.988175576071
2025-04-14,0.024,5090,0.492210583347095,0.501532695656749,5075.67105587911,148.98830802668
2025-04-14,0.024,5100,0.487422232276542,0.499319469403837,5075.67105587911,143.240535714902
2025-04-14,0.024,5110,0.485195429232241,0.496138827315459,5075.67105587911,137.845696836132
2025-04-14,0.024,5120,0.482310615938921,0.491016011823879,5075.67105587911,132.148343581197
2025-04-14,0.024,5125,0.479610258939536,0.49090782633771,5075.67105587911,129.52655270837
2025-04-14,0.024,5130,0.478759998390785,0.489425958680449,5075.67105587911,127.005599975882
2025-04-14,0.024,5140,0.475181498354438,0.48588217893176,5075.67105587911,121.661180106782
2025-04-14,0.024,5150,0.47222061186836,0.480686105315422,5075.67105587911,116.266341217039
2025-04-14,0.024,5160,0.468899073189091,0.479695159906148,5075.67105587911,111.57736908995
2025-04-14,0.024,5170,0.465535959688016,0.476394037272906,5075.67105587911,106.636301663361
2025-04-14,0.024,5175,0.464539097761047,0.474441375140245,5075.67105587911,104.266606079137
2025-04-14,0.024,5180,0.462788868194241,0.473056093492005,5075.67105587911,101.896910493463
2025-04-14,0.024,5185,0.460609431488489,0.471247227128306,5075.67105587911,99.426376779074
2025-04-14,0.024,5190,0.459665419352766,0.469676363013411,5075.67105587911,97.2079383674886
2025-04-14,0.024,5195,0.457623301795065,0.468011079087596,5075.67105587911,94.8382427741712
2025-04-14,0.024,5200,0.45649016525652,0.465913596585622,5075.67105587911,92.5693852872456
2025-04-14,0.024,5205,0.454923911624928,0.464728253159448,5075.67105587911,90.4013659240892
2025-04-14,0.024,5210,0.453258230140789,0.463110240839214,5075.67105587911,88.1829274897386
2025-04-14,0.024,5215,0.451833174906809,0.461734851146388,5075.67105587911,86.0653271615085
2025-04-14,0.024,5220,0.45030840733034,0.459920099551613,5075.67105587911,83.8973077918939
2025-04-14,0.024,5225,0.448681969742227,0.458003098924487,5075.67105587911,81.7292884227977
2025-04-14,0.024,5230,0.446951725339238,0.45667480781497,5075.67105587911,79.6621071463641
2025-04-14,0.024,5235,0.445465492835004,0.455247930826723,5075.67105587911,77.6453449468462
2025-04-14,0.024,5240,0.444227665307214,0.45372051349201,5075.67105587911,75.6790018120707
2025-04-14,0.024,5245,0.442178689140828,0.452090425410443,5075.67105587911,73.6118205501787
2025-04-14,0.024,5250,0.441088006505289,0.447864778711871,5075.67105587911,71.3429630628661
2025-04-14,0.024,5255,0.439536331418929,0.449228895909084,5075.67105587911,69.8303914032231
2025-04-14,0.024,5260,0.438238705269335,0.447642164822382,5075.67105587911,67.9648863535034
2025-04-14,0.024,5265,0.436469784495014,0.44631156563359,5075.67105587911,66.0993813186656
2025-04-14,0.024,5270,0.434586474170986,0.444510487309402,5075.67105587911,64.18345722462
2025-04-14,0.024,5275,0.433701470197032,0.442596552770815,5075.67105587911,62.4187902940979
2025-04-14,0.024,5280,0.430838704364955,0.441684252314276,5075.67105587911,60.5532852429722
2025-04-14,0.024,5285,0.430111083719769,0.440296576002866,5075.67105587911,58.9398754879712
2025-04-14,0.024,5290,0.428901246946439,0.436523334960977,5075.67105587911,56.9735323392231
2025-04-14,0.024,5295,0.427581970602887,0.434893401566269,5075.67105587911,55.3097035204155
2025-04-14,0.024,5300,0.426150243170255,0.435469211975181,5075.67105587911,53.948389022359
2025-04-14,0.024,5305,0.424602770677013,0.434798955852939,5075.67105587911,52.4358173662717
2025-04-14,0.024,5310,0.422935946576491,0.433242385356778,5075.67105587911,50.8224076096125
2025-04-14,0.024,5315,0.421549025800519,0.431967318022727,5075.67105587911,49.3098359544008
2025-04-14,0.024,5320,0.420044125226316,0.430580423585722,5075.67105587911,47.7972643004355
2025-04-14,0.024,5325,0.418830060394017,0.428670868009465,5075.67105587911,46.2846926425848
2025-04-14,0.024,5330,0.417500151839122,0.427869334839894,5075.67105587911,44.9233781456004
2025-04-14,0.024,5335,0.41520414265086,0.426964155945149,5075.67105587911,43.4612255673001
2025-04-14,0.024,5340,0.414477215695473,0.42553079214965,5075.67105587911,42.1503301216321
2025-04-14,0.024,5345,0.413209843996272,0.424404301616309,5075.67105587911,40.8394346923723
2025-04-14,0.024,5350,0.411821334296677,0.421865905687185,5075.67105587911,39.3772820782337
2025-04-14,0.024,5355,0.410307236184453,0.421807572734281,5075.67105587911,38.2176438134427
2025-04-14,0.024,5360,0.409115825046186,0.420329447538579,5075.67105587911,36.9571674378865
2025-04-14,0.024,5365,0.407802407885781,0.418725575896449,5075.67105587911,35.6966910571142
2025-04-14,0.024,5370,0.406828945875057,0.416533227421834,5075.67105587911,34.4362146767074
2025-04-14,0.024,5375,0.405738276336242,0.416512733959618,5075.67105587911,33.4278335712685
2025-04-14,0.024,5380,0.40452601957941,0.414993647741893,5075.67105587911,32.2681953103393
2025-04-14,0.024,5385,0.403187350626029,0.413821037969138,5075.67105587911,31.1589760891108
2025-04-14,0.024,5390,0.402214049268449,0.412526657042159,5075.67105587911,30.1001759369371
2025-04-14,0.024,5395,0.401120410120294,0.411598935921052,5075.67105587911,29.0917948366401
2025-04-14,0.024,5400,0.399901533551705,0.410054318513578,5075.67105587911,28.0329946784553
2025-04-14,0.024,5405,0.398028307995969,0.408882479555774,5075.67105587911,26.9741945139657
2025-04-14,0.024,5410,0.397598764562262,0.407585108501253,5075.67105587911,26.0666515208505
2025-04-14,0.024,5415,0.394346673443229,0.406684760405805,5075.67105587911,24.9574323008181
2025-04-14,0.024,5420,0.393100187816916,0.40566667043594,5075.67105587911,24.0498893037412
2025-04-14,0.024,5425,0.391716649051563,0.404525927029229,5075.67105587911,23.1423463188885
2025-04-14,0.024,5430,0.390768341627022,0.403257104795118,5075.67105587911,22.2852223775552
2025-04-14,0.024,5435,0.389692980557508,0.402422051725377,5075.67105587911,21.4785174904955
2025-04-14,0.024,5440,0.388484439923268,0.400890196056519,5075.67105587911,20.6213935606348
2025-04-14,0.024,5445,0.387135894293983,0.399802162742667,5075.67105587911,19.8146886743122
2025-04-14,0.024,5450,0.388151413959061,0.397980764560612,5075.67105587911,19.1592409628238
2025-04-14,0.024,5455,0.385276691982394,0.397845254361143,5075.67105587911,18.352536086312
2025-04-14,0.024,5460,0.38415013334609,0.396989063179341,5075.67105587911,17.6466693048583
2025-04-14,0.024,5465,0.382882915897191,0.396010273857971,5075.67105587911,16.9408025324425
2025-04-14,0.024,5470,0.38215639988789,0.394902891735555,5075.67105587911,16.2853548154952
2025-04-14,0.024,5475,0.382710565778091,0.393660244613441,5075.67105587911,15.7307452068789
2025-04-14,0.024,5480,0.381045823620081,0.392274877399939,5075.67105587911,15.0248784344944
2025-04-14,0.024,5485,0.379946024064132,0.391440376866419,5075.67105587911,14.4198497796895
2025-04-14,0.024,5490,0.377944338857374,0.39119649258796,5075.67105587911,13.8148211175306
2025-04-14,0.024,5495,0.376526234491222,0.390121627447717,5075.67105587911,13.2097924504363
2025-04-14,0.024,5500,0.377337693813208,0.3889083313931,5075.67105587911,12.7560209634705
2025-04-14,0.024,5505,0.374831753602693,0.388317601196542,5075.67105587911,12.1509922942186
2025-04-14,0.024,5510,0.37378019306365,0.387610514758935,5075.67105587911,11.6468017443218
2025-04-14,0.024,5515,0.373446755134723,0.385973894468141,5075.67105587911,11.1426111872989
2025-04-14,0.024,5520,0.372116229287585,0.384994257934266,5075.67105587911,10.6384206349738
2025-04-14,0.024,5525,0.371534534375193,0.383876288856964,5075.67105587911,10.1846491349866
2025-04-14,0.024,5530,0.372695056308524,0.383486016094807,5075.67105587911,9.88213480979101
2025-04-14,0.024,5535,0.369993197405968,0.382090235094211,5075.67105587911,9.32752520242107
2025-04-14,0.024,5540,0.36901776375625,0.381453003815984,5075.67105587911,8.92417276374491
2025-04-14,0.024,5545,0.367893539683706,0.380693006905645,5075.67105587911,8.52082032405332
2025-04-14,0.024,5550,0.368714227393773,0.379802904959229,5075.67105587911,8.21830599170465
2025-04-14,0.024,5555,0.366246802028331,0.379774198687096,5075.67105587911,7.81495355181394
2025-04-14,0.024,5560,0.365769697988007,0.37862904284865,5075.67105587911,7.46202016426855
2025-04-14,0.024,5565,0.36401297462903,0.378385320387489,5075.67105587911,7.10908677791716
2025-04-14,0.024,5570,0.363249149691871,0.3769529778454,5075.67105587911,6.75615339074071
2025-04-14,0.024,5575,0.363579294085824,0.376466769108276,5075.67105587911,6.50405811719897
2025-04-14,0.024,5580,0.362566432619101,0.375863013492397,5075.67105587911,6.20154378393822
2025-04-14,0.024,5585,0.361394117959187,0.375134362571613,5075.67105587911,5.89902945658517
2025-04-14,0.024,5590,0.361410710780526,0.37549185001428,5075.67105587911,5.69735322945314
2025-04-14,0.024,5595,0.359932835732246,0.374527894478736,5075.67105587911,5.39483889955069
2025-04-14,0.024,5600,0.359714802349114,0.373414169176472,5075.67105587911,5.14274362453993
2025-04-14,0.024,5605,0.35938865085518,0.373476606060508,5075.67105587911,4.94106740540755
2025-04-14,0.024,5610,0.357390929153573,0.373451224173409,5075.67105587911,4.68897212866358
2025-04-14,0.024,5615,0.356772571272839,0.371921344218082,5075.67105587911,4.43687685468879
2025-04-14,0.024,5620,0.356017378240755,0.371665017470027,5075.67105587911,4.23520063695726
2025-04-14,0.024,5625,0.356847854442119,0.371302505833108,5075.67105587911,4.08394346586982
2025-04-14,0.024,5630,0.355854742543705,0.37082706085664,5075.67105587911,3.88226724757114
2025-04-14,0.024,5635,0.354693463037667,0.370231068396497,5075.67105587911,3.68059102764281
2025-04-14,0.024,5640,0.355277224467541,0.371156526549267,5075.67105587911,3.57975291857652
2025-04-14,0.024,5645,0.353820107871853,0.37035249496137,5075.67105587911,3.37807669580408
2025-04-14,0.024,5650,0.35422512783594,0.369403719838273,5075.67105587911,3.22681953339962
2025-04-14,0.024,5655,0.353497703496091,0.370114295970672,5075.67105587911,3.10077189122381
2025-04-14,0.024,5660,0.352620634244953,0.370771529147418,5075.67105587911,2.97472425665384
2025-04-14,0.024,5665,0.352735400689264,0.369471834152035,5075.67105587911,2.82346708862777
2025-04-14,0.024,5670,0.351569468208332,0.369970197521873,5075.67105587911,2.69741945133898
2025-04-14,0.024,5675,0.351462961722142,0.368368669465691,5075.67105587911,2.54616228655177
2025-04-14,0.024,5680,0.351253805298337,0.368685485760486,5075.67105587911,2.44532417343343
2025-04-14,0.024,5685,0.35093444532876,0.367837780819088,5075.67105587911,2.3192765365006
2025-04-14,0.024,5690,0.350496252091123,0.367975963332269,5075.67105587911,2.21843842670356
2025-04-14,0.024,5695,0.349929299141971,0.368032542779387,5075.67105587911,2.11760031678423
2025-04-14,0.024,5700,0.349222080572973,0.368002675700977,5075.67105587911,2.01676220474685
2025-04-14,0.024,5705,0.348361145903365,0.367880947474902,5075.67105587911,1.91592409624147
2025-04-14,0.024,5710,0.348974290997025,0.367661276128191,5075.67105587911,1.84029551531627
2025-04-14,0.024,5715,0.347842164506916,0.368657594832164,5075.67105587911,1.7646669307934
2025-04-14,0.024,5720,0.346510235418592,0.368269656779286,5075.67105587911,1.66382882017272
2025-04-14,0.024,5725,0.346841274027736,0.369163969467893,5075.67105587911,1.61340976613662
2025-04-14,0.024,5730,0.347100668901598,0.36858844398548,5075.67105587911,1.53778118281236
2025-04-14,0.024,5735,0.345264654048292,0.369369689456917,5075.67105587911,1.46215259986517
2025-04-14,0.024,5740,0.345293467277001,0.370106798678427,5075.67105587911,1.41173354349202
2025-04-14,0.024,5745,0.345229420078026,0.370798075769812,5075.67105587911,1.36131448869925
2025-04-14,0.024,5750,0.345065261377528,0.369842097157639,5075.67105587911,1.28568590667966
2025-04-14,0.024,5755,0.344792672282129,0.370395261439515,5075.67105587911,1.23526685130071
2025-04-14,0.024,5760,0.34184273611226,0.370894354733421,5075.67105587911,1.1596382694897
2025-04-14,0.024,5765,0.343882162584278,0.373065698828076,5075.67105587911,1.15963827021586
2025-04-14,0.024,5770,0.343219871598355,0.37349687353148,5075.67105587911,1.10921921342152
2025-04-14,0.024,5775,0.342399521056165,0.373868455813718,5075.67105587911,1.05880015799634
2025-04-14,0.024,5780,0.341402303625907,0.374177337094659,5075.67105587911,1.00838110359928
2025-04-14,0.024,5785,0.340205306298422,0.374420087633402,5075.67105587911,0.957962048287378
2025-04-14,0.024,5790,0.338780173211695,0.374592911126304,5075.67105587911,0.907542992326107
2025-04-14,0.024,5795,0.337091167335752,0.376702933013629,5075.67105587911,0.882333464899645
2025-04-14,0.024,5800,0.339022716094608,0.376789561874656,5075.67105587911,0.857123937493808
2025-04-14,0.024,5805,0.337002995971712,0.376797123777404,5075.67105587911,0.806704883327981
2025-04-14,0.024,5810,0.334610990854591,0.378879493824375,5075.67105587911,0.781495355221422
2025-04-14,0.024,5815,0.336496570986357,0.378790239652323,5075.67105587911,0.756285827211309
2025-04-14,0.024,5820,0.333624624205443,0.38085687776926,5075.67105587911,0.731076300147999
2025-04-14,0.024,5825,0.33548329639076,0.378333152498991,5075.67105587911,0.68065724550641
2025-04-14,0.024,5830,0.332007831626743,0.382715120382039,5075.67105587911,0.680657245342493
2025-04-14,0.024,5840,0.329572891520299,0.384446728008447,5075.67105587911,0.630238189270589
2025-04-14,0.024,5850,0.326017538924467,0.383487667446147,5075.67105587911,0.554609606287978
2025-04-14,0.024,5860,0.32080120089306,0.38749449917822,5075.67105587911,0.529400079713929
2025-04-14,0.024,5870,0.312780021801256,0.388789412705297,5075.67105587911,0.478981023662803
2025-04-14,0.024,5875,0.314441933466236,0.363456399960301,5075.67105587911,0.277304803034138
2025-04-14,0.024,5880,0.298599398399045,0.389914572174952,5075.67105587911,0.428561968599948
2025-04-14,0.024,5890,0.301756739378682,0.393841717764754,5075.67105587911,0.428561968613442
2025-04-14,0.024,5900,0.322718270205226,0.377053534926568,5075.67105587911,0.302514331303707
2025-04-14,0.024,5910,0.308047019667869,0.398627493291832,5075.67105587911,0.403352441414856
2025-04-14,0.024,5920,0.311180089217059,0.402497164782768,5075.67105587911,0.403352441746428
2025-04-14,0.024,5925,0.312743634155151,0.40442781641605,5075.67105587911,0.403352441231024
2025-04-14,0.024,5950,0.32053177029086,0.410762141132577,5075.67105587911,0.378142914028792
2025-04-14,0.024,6000,0.377804415207535,0.404394276288717,5075.67105587911,0.302514330846364
2025-04-14,0.024,6050,NA,0.444615447072522,5075.67105587911,NA
2025-04-14,0.024,6100,0.366269636893707,0.458859644299906,5075.67105587911,0.32772385833271
2025-04-14,0.024,6200,0.395875509298638,0.474127975926183,5075.67105587911,0.22688574819463
2025-04-14,0.024,6300,NA,0.524415960993961,5075.67105587911,NA
2025-04-14,0.024,6400,NA,0.552702786539043,5075.67105587911,NA
2025-04-14,0.024,6500,NA,0.585381043805241,5075.67105587911,NA
2025-04-14,0.024,6600,NA,0.617352623688169,5075.67105587911,NA
2025-04-14,0.024,6800,NA,0.672444189860978,5075.67105587911,NA
2025-04-14,0.024,7000,NA,0.731495996462316,5075.67105587911,NA
2025-04-14,0.024,7200,NA,0.660747058157254,5075.67105587911,NA
2025-04-14,0.024,7400,NA,0.834202730930682,5075.67105587911,NA
2025-04-15,0.028,2200,NA,1.73410840886471,5075.69977639863,NA
2025-04-15,0.028,2400,1.35714199584529,1.59900289582981,5075.69977639863,2676.10376321037
2025-04-15,0.028,2600,1.33074045299083,1.46588627221157,5075.69977639863,2476.28050744066
2025-04-15,0.028,2800,1.27934502453707,1.35587700003729,5075.69977639863,2276.60874672492
2025-04-15,0.028,3000,1.20993167338079,1.25956067351226,5075.69977639863,2077.11373024059
2025-04-15,0.028,3200,1.15012549287467,1.1838957631125,5075.69977639863,1878.09844809399
2025-04-15,0.028,3400,1.08642491077081,1.11377832481385,5075.69977639863,1679.68914616586
2025-04-15,0.028,3600,1.01971738129463,1.04042638546026,5075.69977639863,1482.06256868283
2025-04-15,0.028,3800,0.945658320433316,0.961772418394845,5075.69977639863,1285.34496153442
2025-04-15,0.028,4000,0.867009927479029,0.88095819040997,5075.69977639863,1089.99080986749
2025-04-15,0.028,4200,0.789235079738567,0.801882580727701,5075.69977639863,897.111077426652
2025-04-15,0.028,4300,0.750707967546711,0.762947210916139,5075.69977639863,802.059915866345
2025-04-15,0.028,4400,0.712020659577431,0.725014885412729,5075.69977639863,708.321711443204
2025-04-15,0.028,4450,0.694095173550813,0.706670093515805,5075.69977639863,662.210084512093
2025-04-15,0.028,4500,0.676788224975562,0.688392939211901,5075.69977639863,616.653939441328
2025-04-15,0.028,4550,0.659602687103596,0.670840385012139,5075.69977639863,571.754272942016
2025-04-15,0.028,4600,0.643081106411847,0.652550575489637,5075.69977639863,527.51108501119
2025-04-15,0.028,4650,0.626231185763632,0.635033879537304,5075.69977639863,484.075870720959
2025-04-15,0.028,4700,0.610333620882775,0.617721427864271,5075.69977639863,441.650623435132
2025-04-15,0.028,4750,0.592819418110078,0.601279623973223,5075.69977639863,400.134346473736
2025-04-15,0.028,4800,0.575307142447514,0.583638727424417,5075.69977639863,359.577538215848
2025-04-15,0.028,4850,0.558654500367819,0.566202444191482,5075.69977639863,320.434683761843
2025-04-15,0.028,4900,0.539242048711478,0.549387543891417,5075.69977639863,282.402793063611
2025-04-15,0.028,4950,0.521861588226068,0.532243127258061,5075.69977639863,246.239341383198
2025-04-15,0.028,4975,0.513895953794691,0.523799760143622,5075.69977639863,228.96558916015
2025-04-15,0.028,5000,0.509332051610137,0.516352600556523,5075.69977639863,212.903797367523
2025-04-15,0.028,5025,0.497411322307455,0.507678710732188,5075.69977639863,195.933035248631
2025-04-15,0.028,5050,0.492942194272956,0.499534434079086,5075.69977639863,180.830712143791
2025-04-15,0.028,5075,0.481688657768841,0.492130597435371,5075.69977639863,165.273903860526
2025-04-15,0.028,5080,0.479882148960928,0.493301583796462,5075.69977639863,162.756186816221
2025-04-15,0.028,5090,0.479292523254736,0.487042536428449,5075.69977639863,156.84787968533
2025-04-15,0.028,5100,0.473347128013071,0.483781679526721,5075.69977639863,150.636582466956
2025-04-15,0.028,5110,0.469790698138955,0.48023381112641,5075.69977639863,144.879770393533
2025-04-15,0.028,5120,0.469520435458243,0.476990608317198,5075.69977639863,139.829935242376
2025-04-15,0.028,5125,0.464938413519885,0.47540742134945,5075.69977639863,136.598040751054
2025-04-15,0.028,5130,0.464166672049803,0.474048810887997,5075.69977639863,134.073123162893
2025-04-15,0.028,5140,0.460294629324281,0.470805951212946,5075.69977639863,128.619301217187
2025-04-15,0.028,5150,0.457610093167131,0.467556370881366,5075.69977639863,123.468469383803
2025-04-15,0.028,5160,0.454305871849061,0.464295650767641,5075.69977639863,118.31763751061
2025-04-15,0.028,5170,0.451282430317396,0.461323465301465,5075.69977639863,113.368799058485
2025-04-15,0.028,5175,0.449189076921368,0.459564608486197,5075.69977639863,110.793383148502
2025-04-15,0.028,5180,0.448234152304415,0.458334817108072,5075.69977639863,108.52095732382
2025-04-15,0.028,5185,0.446891503111181,0.456718108639443,5075.69977639863,106.14753480913
2025-04-15,0.028,5190,0.445156902010291,0.455018148372754,5075.69977639863,103.723613939836
2025-04-15,0.028,5195,0.443644808278871,0.453233553730541,5075.69977639863,101.350191421835
2025-04-15,0.028,5200,0.442357356246327,0.451362824119304,5075.69977639863,99.0272672532097
2025-04-15,0.028,5205,0.44223329025507,0.450027295178191,5075.69977639863,97.0073332013776
2025-04-15,0.028,5210,0.4392122253422,0.448607644525526,5075.69977639863,94.5329139561484
2025-04-15,0.028,5215,0.437663757643476,0.447102487546577,5075.69977639863,92.3109865072267
2025-04-15,0.028,5220,0.437608421075438,0.445510318409154,5075.69977639863,90.3415507770051
2025-04-15,0.028,5225,0.43429593223225,0.443512225924746,5075.69977639863,87.8166332230642
2025-04-15,0.028,5230,0.433112977648479,0.442377184831537,5075.69977639863,85.796699157493
2025-04-15,0.028,5235,0.431841855775204,0.440836039074478,5075.69977639863,83.7262667437699
2025-04-15,0.028,5240,0.430157197283935,0.439204290328346,5075.69977639863,81.6053359898153
2025-04-15,0.028,5245,0.42870268955561,0.437480011483004,5075.69977639863,79.5349035778797
2025-04-15,0.028,5250,0.427482409745836,0.435661111137198,5075.69977639863,77.5149695307985
2025-04-15,0.028,5255,0.425840770790518,0.434731049486046,5075.69977639863,75.5960321600586
2025-04-15,0.028,5260,0.424433621251669,0.43305356086893,5075.69977639863,73.6265964498867
2025-04-15,0.028,5265,0.422931002272254,0.431612291891002,5075.69977639863,71.7076590978887
2025-04-15,0.028,5270,0.421667942305535,0.430076641810249,5075.69977639863,69.8392201118224
2025-04-15,0.028,5275,0.419970024400148,0.42844434998664,5075.69977639863,67.9202827460476
2025-04-15,0.028,5280,0.418512093188246,0.427394167368449,5075.69977639863,66.1528404343924
2025-04-15,0.028,5285,0.416608647815674,0.425909996579565,5075.69977639863,64.2844014431643
2025-04-15,0.028,5290,0.415642805478802,0.424327361129404,5075.69977639863,62.5674574843038
2025-04-15,0.028,5295,0.414232201169759,0.422992776316551,5075.69977639863,60.8505135410436
2025-04-15,0.028,5300,0.41236473351584,0.421912688202894,5075.69977639863,59.1335695977227
2025-04-15,0.028,5305,0.411461413482745,0.420738743000879,5075.69977639863,57.5681206685073
2025-04-15,0.028,5310,0.409015805512767,0.419468606583304,5075.69977639863,55.8006783818068
2025-04-15,0.028,5315,0.408639870025089,0.418461698014062,5075.69977639863,54.3867245498659
2025-04-15,0.028,5320,0.407440364238456,0.416994992433835,5075.69977639863,52.8212756476217
2025-04-15,0.028,5325,0.405765451310335,0.415793293091501,5075.69977639863,51.2558267512803
2025-04-15,0.028,5330,0.404354985972082,0.414865002408432,5075.69977639863,49.7913745571428
2025-04-15,0.028,5335,0.402836047747334,0.413465214537978,5075.69977639863,48.2764240153203
2025-04-15,0.028,5340,0.401204968825859,0.412341163051149,5075.69977639863,46.8119718154803
2025-04-15,0.028,5345,0.40063255497948,0.41111701650646,5075.69977639863,45.4990146833321
2025-04-15,0.028,5350,0.399176839442191,0.40978973020669,5075.69977639863,44.0850608538565
2025-04-15,0.028,5355,0.397205839713555,0.40875067456496,5075.69977639863,42.6711069902607
2025-04-15,0.028,5360,0.396327126678073,0.407211886945764,5075.69977639863,41.3581498706602
2025-04-15,0.028,5365,0.395347910985587,0.405964146362283,5075.69977639863,40.0956910739178
2025-04-15,0.028,5370,0.393847141991155,0.404609287093538,5075.69977639863,38.7827339326298
2025-04-15,0.028,5375,0.392651017050988,0.403559042484189,5075.69977639863,37.570773493876
2025-04-15,0.028,5380,0.39134339402667,0.402405310037945,5075.69977639863,36.3588130703326
2025-04-15,0.028,5385,0.389919978211459,0.401144510856776,5075.69977639863,35.1468526337624
2025-04-15,0.028,5390,0.388819535751896,0.399772725673352,5075.69977639863,33.9853905425541
2025-04-15,0.028,5395,0.387157284445215,0.39872527444965,5075.69977639863,32.8239284749194
2025-04-15,0.028,5400,0.386280160769915,0.397571399831195,5075.69977639863,31.7634630754096
2025-04-15,0.028,5405,0.38483190992858,0.396307101059932,5075.69977639863,30.6524993350731
2025-04-15,0.028,5410,0.383730996423521,0.395387999765811,5075.69977639863,29.6425323152129
2025-04-15,0.028,5415,0.382515068946073,0.394364250701633,5075.69977639863,28.6325652956097
2025-04-15,0.028,5420,0.381179139827291,0.393231859366667,5075.69977639863,27.6225982517273
2025-04-15,0.028,5425,0.380216595390967,0.391986438067435,5075.69977639863,26.6631295845069
2025-04-15,0.028,5430,0.379141322797097,0.391114075051201,5075.69977639863,25.7541592627592
2025-04-15,0.028,5435,0.37794836493576,0.390135962830447,5075.69977639863,24.8451889140425
2025-04-15,0.028,5440,0.376632235443876,0.38904780844466,5075.69977639863,23.936218604397
2025-04-15,0.028,5445,0.375724686478698,0.387844884704179,5075.69977639863,23.0777466301874
2025-04-15,0.028,5450,0.374703300354514,0.387048636353662,5075.69977639863,22.2697729927162
2025-04-15,0.028,5455,0.373562760820136,0.386146822589313,5075.69977639863,21.4617993702402
2025-04-15,0.028,5460,0.372867685533357,0.385134947887961,5075.69977639863,20.7043241059994
2025-04-15,0.028,5465,0.371483214717834,0.384008053684492,5075.69977639863,19.8963504919798
2025-04-15,0.028,5470,0.37055623123331,0.383328388730421,5075.69977639863,19.1893735556067
2025-04-15,0.028,5475,0.369510706101108,0.381966609734947,5075.69977639863,18.4318982965836
2025-04-15,0.028,5480,0.36896148160476,0.381654348335137,5075.69977639863,17.8259180730118
2025-04-15,0.028,5485,0.367674599716255,0.380650446191581,5075.69977639863,17.118941148813
2025-04-15,0.028,5490,0.366899464739542,0.379528088111127,5075.69977639863,16.4624625825466
2025-04-15,0.028,5495,0.366009691084334,0.378909450688102,5075.69977639863,15.8564823632706
2025-04-15,0.028,5500,0.364999254694283,0.378187434276509,5075.69977639863,15.2505021398858
2025-04-15,0.028,5505,0.364556940208734,0.377357219427542,5075.69977639863,14.6950202785419
2025-04-15,0.028,5510,0.36330237303078,0.376413471554599,5075.69977639863,14.089040061026
2025-04-15,0.028,5515,0.362636340456414,0.375350264535722,5075.69977639863,13.5335581927534
2025-04-15,0.028,5520,0.361857790436236,0.37486188741771,5075.69977639863,13.0285746860733
2025-04-15,0.028,5525,0.36475221265022,0.374273643415869,5075.69977639863,12.7760829291264
2025-04-15,0.028,5530,0.359937701456141,0.372112141654597,5075.69977639863,11.9176109514104
2025-04-15,0.028,5535,0.359588346496819,0.371273885853833,5075.69977639863,11.4631257830349
2025-04-15,0.028,5540,0.359140145907079,0.371089827700299,5075.69977639863,11.0591389769489
2025-04-15,0.028,5545,0.357740633795418,0.370028505445482,5075.69977639863,10.554155458977
2025-04-15,0.028,5550,0.357056616072464,0.369646938366611,5075.69977639863,10.150168641589
2025-04-15,0.028,5555,0.356255136453941,0.368337760615669,5075.69977639863,9.69568347915333
2025-04-15,0.028,5560,0.355328927131308,0.367736361100386,5075.69977639863,9.2916966693312
2025-04-15,0.028,5565,0.35521712127415,0.36702605054044,5075.69977639863,8.93820821232299
2025-04-15,0.028,5570,0.354045901645857,0.367097115837091,5075.69977639863,8.58471974982891
2025-04-15,0.028,5575,0.353727579373355,0.366174811229871,5075.69977639863,8.23123129030466
2025-04-15,0.028,5580,0.352279282547968,0.365124490950563,5075.69977639863,7.82724448120939
2025-04-15,0.028,5585,0.351726951799796,0.36490956803931,5075.69977639863,7.5242543723619
2025-04-15,0.028,5590,0.351060887502255,0.364604029624336,5075.69977639863,7.22126425633127
2025-04-15,0.028,5595,0.3502736645406,0.3642031995932,5075.69977639863,6.91827414847754
2025-04-15,0.028,5600,0.350518714718507,0.363701885822549,5075.69977639863,6.66578239360454
2025-04-15,0.028,5605,0.349502689665413,0.363094301306736,5075.69977639863,6.36279228084929
2025-04-15,0.028,5610,0.348340190272321,0.362373967387582,5075.69977639863,6.05980217572335
2025-04-15,0.028,5615,0.348297942133396,0.361533596611458,5075.69977639863,5.80731041969682
2025-04-15,0.028,5620,0.348169892555346,0.361738230154491,5075.69977639863,5.60531701469728
2025-04-15,0.028,5625,0.346598621423382,0.36067154420924,5075.69977639863,5.30232690019849
2025-04-15,0.028,5630,0.346243264235585,0.360703269858264,5075.69977639863,5.10033350112512
2025-04-15,0.028,5635,0.345783013786922,0.360656529397589,5075.69977639863,4.89834009462021
2025-04-15,0.028,5640,0.345210784167789,0.359217820247069,5075.69977639863,4.64584833570865
2025-04-15,0.028,5645,0.344518536609178,0.358965380024533,5075.69977639863,4.44385493306679
2025-04-15,0.028,5650,0.343697094818865,0.358618733613192,5075.69977639863,4.24186152608056
2025-04-15,0.028,5655,0.344389645348351,0.358172152215059,5075.69977639863,4.09036646654998
2025-04-15,0.028,5660,0.343343855371291,0.357619205629834,5075.69977639863,3.88837306450912
2025-04-15,0.028,5665,0.342138993897778,0.35847290028506,5075.69977639863,3.73687800966401
2025-04-15,0.028,5670,0.342599790916378,0.357737103355264,5075.69977639863,3.58538295468172
2025-04-15,0.028,5675,0.342064023740195,0.356874725426703,5075.69977639863,3.40863872522362
2025-04-15,0.028,5680,0.341408023547226,0.357540248392997,5075.69977639863,3.28239284877255
2025-04-15,0.028,5685,0.340621947713049,0.356458709598912,5075.69977639863,3.10564861795396
2025-04-15,0.028,5690,0.340749148914442,0.356991871400192,5075.69977639863,3.00465191470702
2025-04-15,0.028,5695,0.339713675081126,0.357473245263482,5075.69977639863,2.8784060335375
2025-04-15,0.028,5700,0.339650550328057,0.356046069524415,5075.69977639863,2.72691097908203
2025-04-15,0.028,5705,0.339499735297266,0.356371535041065,5075.69977639863,2.62591427778446
2025-04-15,0.028,5710,0.339255262102798,0.356635817466695,5075.69977639863,2.52491757624168
2025-04-15,0.028,5715,0.338910374872489,0.355819011334496,5075.69977639863,2.39867169572407
2025-04-15,0.028,5720,0.338457380154277,0.355923428165659,5075.69977639863,2.29767499389468
2025-04-15,0.028,5725,0.337887458759938,0.355955072032918,5075.69977639863,2.19667828818099
2025-04-15,0.028,5730,0.338589351036924,0.355909790256226,5075.69977639863,2.12093076266525
2025-04-15,0.028,5735,0.337816157722261,0.355782960274191,5075.69977639863,2.01993405927926
2025-04-15,0.028,5740,0.336897079856723,0.356748779910075,5075.69977639863,1.94418653021192
2025-04-15,0.028,5745,0.337389959773865,0.356482644880117,5075.69977639863,1.86843900214514
2025-04-15,0.028,5750,0.336213748402092,0.357363838871626,5075.69977639863,1.79269147576277
2025-04-15,0.028,5755,0.33655317007856,0.356944100809439,5075.69977639863,1.71694395139409
2025-04-15,0.028,5760,0.335073797929242,0.357732557191428,5075.69977639863,1.6411964215371
2025-04-15,0.028,5765,0.335232395178778,0.357141928858277,5075.69977639863,1.56544889609699
2025-04-15,0.028,5770,0.335319134052283,0.357827781141183,5075.69977639863,1.51495054519259
2025-04-15,0.028,5775,0.335329241085005,0.358473700058321,5075.69977639863,1.46445219308394
2025-04-15,0.028,5780,0.333180155890921,0.359078184725152,5075.69977639863,1.38870466432225
2025-04-15,0.028,5785,0.332937745575955,0.359639614058321,5075.69977639863,1.33820631361949
2025-04-15,0.028,5790,0.332592640212437,0.360156233824447,5075.69977639863,1.28770796284424
2025-04-15,0.028,5795,0.332135668892351,0.360626140924056,5075.69977639863,1.23720961203313
2025-04-15,0.028,5800,0.331556144834672,0.361047266802399,5075.69977639863,1.18671125982705
2025-04-15,0.028,5805,0.333420626872144,0.361417356931249,5075.69977639863,1.16146208372017
2025-04-15,0.028,5810,0.332691786776462,0.361733947234801,5075.69977639863,1.1109637320241
2025-04-15,0.028,5815,0.331812375831126,0.361994337459665,5075.69977639863,1.06046538147796
2025-04-15,0.028,5820,0.330764368724262,0.363954784284896,5075.69977639863,1.03521620538519
2025-04-15,0.028,5825,0.329525800649506,0.364145642984975,5075.69977639863,0.984717853390102
2025-04-15,0.028,5830,0.331327316840823,0.364273908222409,5075.69977639863,0.959468679254197
2025-04-15,0.028,5840,0.32812820851754,0.366261797776973,5075.69977639863,0.883721150139113
2025-04-15,0.028,5850,0.327850514610278,0.368154788617088,5075.69977639863,0.833222800522375
2025-04-15,0.028,5860,0.327174031432472,0.358806441096027,5075.69977639863,0.65647856913853
2025-04-15,0.028,5870,0.326013656473484,0.371635550714805,5075.69977639863,0.732226096898826
2025-04-15,0.028,5875,0.322576127679353,0.371341484593239,5075.69977639863,0.681727744950525
2025-04-15,0.028,5880,0.324248459970828,0.373211397114435,5075.69977639863,0.68172774433592
2025-04-15,0.028,5890,0.327586079971615,0.374668257596415,5075.69977639863,0.656478568948122
2025-04-15,0.028,5900,0.318068090879437,0.375997921970172,5075.69977639863,0.580731042280354
2025-04-15,0.028,5910,0.31283871171264,0.379671741853396,5075.69977639863,0.555481865972504
2025-04-15,0.028,5920,0.315973735875084,0.38083532929319,5075.69977639863,0.530232690652551
2025-04-15,0.028,5925,0.30642179498189,0.382653534785044,5075.69977639863,0.504983515499621
2025-04-15,0.028,5950,0.296781176026969,0.370191499847243,5075.69977639863,0.302990109338243
2025-04-15,0.028,6000,0.374445775692797,0.394541440496699,5075.69977639863,0.530232690272257
2025-04-15,0.028,6050,NA,0.415117861144051,5075.69977639863,NA
2025-04-15,0.028,6100,NA,0.428619864565224,5075.69977639863,NA
2025-04-15,0.028,6200,NA,0.461826132982308,5075.69977639863,NA
2025-04-15,0.028,6300,NA,0.470127961329838,5075.69977639863,NA
2025-04-15,0.028,6400,NA,0.516777300385246,5075.69977639863,NA
2025-04-15,0.028,6600,NA,0.571635270047105,5075.69977639863,NA
2025-04-15,0.028,6800,NA,0.629011798030692,5075.69977639863,NA
2025-04-15,0.028,7000,NA,0.669908653674234,5075.69977639863,NA
2025-04-15,0.028,7200,NA,0.679814160996535,5075.69977639863,NA
2025-04-15,0.028,7400,NA,0.727733306577602,5075.69977639863,NA
2025-04-16,0.032,2200,1.41069309903691,1.64827188987313,5076.11671079602,2876.4968241404
2025-04-16,0.032,2400,1.38576985338178,1.52508140586468,5076.11671079602,2676.69955125759
2025-04-16,0.032,2600,1.32595590695507,1.41513791998877,5076.11671079602,2477.00364193301
2025-04-16,0.032,2800,1.25039509964718,1.31100861808185,5076.11671079602,2277.40909616744
2025-04-16,0.032,3000,1.18291883847355,1.22280999524856,5076.11671079602,2078.11864107635
2025-04-16,0.032,3200,1.12347872347309,1.15344763254804,5076.11671079602,1879.43636733815
2025-04-16,0.032,3400,1.05598180076262,1.07778280451212,5076.11671079602,1681.23557050247
2025-04-16,0.032,3600,0.985384554095723,1.0026488674511,5076.11671079602,1483.82034124545
2025-04-16,0.032,3800,0.910077284079257,0.925445648772234,5076.11671079602,1287.36806579356
2025-04-16,0.032,4000,0.835205787607963,0.848465947656789,5076.11671079602,1092.53760728227
2025-04-16,0.032,4200,0.760865945650572,0.772869947851589,5076.11671079602,900.291919509385
2025-04-16,0.032,4300,0.723711915363305,0.736683801534902,5076.11671079602,805.664188110127
2025-04-16,0.032,4400,0.688715276939891,0.700965808520999,5076.11671079602,712.556910098695
2025-04-16,0.032,4500,0.654163045712956,0.666184842577992,5076.11671079602,621.324857899238
2025-04-16,0.032,4600,0.620765004735518,0.63073685685869,5076.11671079602,532.424167572789
2025-04-16,0.032,4700,0.590914169027614,0.598104336407573,5076.11671079602,447.324610652417
2025-04-16,0.032,4750,0.572379077951753,0.582705953441786,5076.11671079602,405.839149576142
2025-04-16,0.032,4800,0.556146181064683,0.566240720967221,5076.11671079602,365.620732989973
2025-04-16,0.032,4850,0.540119085802883,0.550028931924229,5076.11671079602,326.720042645615
2025-04-16,0.032,4900,0.524096544126395,0.53448865352409,5076.11671079602,289.339805694717
2025-04-16,0.032,4950,0.508164303777779,0.517883286251396,5076.11671079602,253.378658536563
2025-04-16,0.032,4975,0.500498978821677,0.510359790518432,5076.11671079602,236.234334331418
2025-04-16,0.032,5000,0.492646186343822,0.502380686106724,5076.11671079602,219.444782573792
2025-04-16,0.032,5025,0.487661728133925,0.495312833103985,5076.11671079602,203.820911731817
2025-04-16,0.032,5050,0.477535706617983,0.48794369419246,5076.11671079602,187.740904899606
2025-04-16,0.032,5075,0.471814533543478,0.479937334771125,5076.11671079602,172.877260746129
2025-04-16,0.032,5080,0.468105904460394,0.479024607361393,5076.11671079602,169.631915211985
2025-04-16,0.032,5090,0.464149071071777,0.475062203063069,5076.11671079602,163.44873814223
2025-04-16,0.032,5100,0.461613051615928,0.475045340303703,5076.11671079602,158.329878428608
2025-04-16,0.032,5110,0.458534655940557,0.468615435988612,5076.11671079602,152.045337800575
2025-04-16,0.032,5120,0.455188928049162,0.465562744525261,5076.11671079602,146.419660317138
2025-04-16,0.032,5125,0.454256012476395,0.463796871940623,5076.11671079602,143.733526017741
2025-04-16,0.032,5130,0.451851065613467,0.462244505347252,5076.11671079602,140.844664571801
2025-04-16,0.032,5140,0.449361525993491,0.459217954362341,5076.11671079602,135.573759542252
2025-04-16,0.032,5150,0.445745810016024,0.455916614177966,5076.11671079602,130.150809139791
2025-04-16,0.032,5160,0.443541321315092,0.45290062802903,5076.11671079602,125.133313013868
2025-04-16,0.032,5170,0.440482343715401,0.449884867580299,5076.11671079602,120.065135097129
2025-04-16,0.032,5175,0.438841962191078,0.448268908098746,5076.11671079602,117.531046118008
2025-04-16,0.032,5180,0.437412848427941,0.44657953711525,5076.11671079602,115.047638941713
2025-04-16,0.032,5185,0.435621360252445,0.448833917203061,5076.11671079602,113.223094895029
2025-04-16,0.032,5190,0.434040505374632,0.443551961966545,5076.11671079602,110.131506349109
2025-04-16,0.032,5195,0.432671881740311,0.442215030366323,5076.11671079602,107.800144500628
2025-04-16,0.032,5200,0.431226832756884,0.440513885864773,5076.11671079602,105.41810088695
2025-04-16,0.032,5205,0.429704148869156,0.439026200788361,5076.11671079602,103.086739033465
2025-04-16,0.032,5210,0.428102518076452,0.437753959436248,5076.11671079602,100.806058957817
2025-04-16,0.032,5215,0.426714615337241,0.436112818447469,5076.11671079602,98.5253788971461
2025-04-16,0.032,5220,0.425247483094859,0.434686930116342,5076.11671079602,96.2953806233177
2025-04-16,0.032,5225,0.42429327530525,0.430814836168078,5076.11671079602,93.7612916420786
2025-04-16,0.032,5230,0.422069732326518,0.431599247408672,5076.11671079602,91.8353840434997
2025-04-16,0.032,5235,0.420655777584512,0.430233296233583,5076.11671079602,89.7067493193867
2025-04-16,0.032,5240,0.419159469188655,0.428787717996999,5076.11671079602,87.5781145698413
2025-04-16,0.032,5245,0.417882333008817,0.427260999881813,5076.11671079602,85.5001616384229
2025-04-16,0.032,5250,0.416218005143833,0.425955120904535,5076.11671079602,83.4222086937534
2025-04-16,0.032,5255,0.414772896352034,0.424262887704832,5076.11671079602,81.3442557175705
2025-04-16,0.032,5260,0.413242017553246,0.423098827618832,5076.11671079602,79.3676663469168
2025-04-16,0.032,5265,0.411934335157113,0.421545036829517,5076.11671079602,77.391076944794
2025-04-16,0.032,5270,0.410228108253651,0.420216216903401,5076.11671079602,75.4144875609178
2025-04-16,0.032,5275,0.409060588013248,0.418803387169961,5076.11671079602,73.539261712137
2025-04-16,0.032,5280,0.407490489329094,0.417304666939674,5076.11671079602,71.6133541062145
2025-04-16,0.032,5285,0.406148738716625,0.415718018798889,5076.11671079602,69.7381282668683
2025-04-16,0.032,5290,0.404717932565747,0.414361547468975,5076.11671079602,67.9135842187964
2025-04-16,0.032,5295,0.403195811400581,0.412917672970626,5076.11671079602,66.0890401655755
2025-04-16,0.032,5300,0.401908086519627,0.411709614586857,5076.11671079602,64.3658596792455
2025-04-16,0.032,5305,0.400529820495237,0.410415087995206,5076.11671079602,62.6426791658482
2025-04-16,0.032,5310,0.399058592470795,0.412995341344331,5076.11671079602,61.5276800418338
2025-04-16,0.032,5315,0.397491769131721,0.407557899330159,5076.11671079602,59.196318190822
2025-04-16,0.032,5320,0.395144904346677,0.405990401073256,5076.11671079602,57.3717741415468
2025-04-16,0.032,5325,0.39474782187027,0.404666960262604,5076.11671079602,55.9020025175022
2025-04-16,0.032,5330,0.393231169896924,0.40325119598994,5076.11671079602,54.2801855970474
2025-04-16,0.032,5335,0.391965377662601,0.402087390999013,5076.11671079602,52.759732216742
2025-04-16,0.032,5340,0.390603652218175,0.400832919718181,5076.11671079602,51.2392788416532
2025-04-16,0.032,5345,0.389142988447632,0.399485184630574,5076.11671079602,49.7188254605007
2025-04-16,0.032,5350,0.387943472474659,0.398041360336333,5076.11671079602,48.2490538548255
2025-04-16,0.032,5355,0.38664700392992,0.396860516944423,5076.11671079602,46.8299640588216
2025-04-16,0.032,5360,0.385250407876552,0.395585677929923,5076.11671079602,45.4108742256268
2025-04-16,0.032,5365,0.384127033490338,0.394213880231852,5076.11671079602,44.0424661860291
2025-04-16,0.032,5370,0.382524517795669,0.393116980290532,5076.11671079602,42.6740581471647
2025-04-16,0.032,5375,0.381197732081782,0.391925846657288,5076.11671079602,41.3563318750114
2025-04-16,0.032,5380,0.380158289068069,0.390637405676585,5076.11671079602,40.089287417019
2025-04-16,0.032,5385,0.378623689199038,0.389248302404368,5076.11671079602,38.7715611410205
2025-04-16,0.032,5390,0.377379728184498,0.388149693631643,5076.11671079602,37.5551984375732
2025-04-16,0.032,5395,0.376439615671017,0.386953842267482,5076.11671079602,36.3895175135003
2025-04-16,0.032,5400,0.374987314886155,0.385657292814095,5076.11671079602,35.1731548071591
2025-04-16,0.032,5405,0.373843119328595,0.384667811473011,5076.11671079602,34.0581556683305
2025-04-16,0.032,5410,0.372594037640606,0.383581980591529,5076.11671079602,32.9431565133917
2025-04-16,0.032,5415,0.371235791850149,0.382396302907861,5076.11671079602,31.8281573791585
2025-04-16,0.032,5420,0.370206119283358,0.38110694835792,5076.11671079602,30.7638400151461
2025-04-16,0.032,5425,0.369072680064977,0.380146629491511,5076.11671079602,29.7502044309647
2025-04-16,0.032,5430,0.367831150093395,0.379088098585074,5076.11671079602,28.7365688441241
2025-04-16,0.032,5435,0.366476760997031,0.377927535178784,5076.11671079602,27.7229332598607
2025-04-16,0.032,5440,0.36547835118284,0.377118946804153,5076.11671079602,26.8106612290812
2025-04-16,0.032,5445,0.364373972575727,0.376215146994413,5076.11671079602,25.8983892025228
2025-04-16,0.032,5450,0.363650013046893,0.375212434469927,5076.11671079602,25.0367989480387
2025-04-16,0.032,5455,0.362328686338485,0.374106747791155,5076.11671079602,24.1245269270365
2025-04-16,0.032,5460,0.361396500689787,0.372893618792524,5076.11671079602,23.2629366839925
2025-04-16,0.032,5465,0.360357797932001,0.372067621525148,5076.11671079602,22.4520282192544
2025-04-16,0.032,5470,0.359737404965923,0.371142890095025,5076.11671079602,21.6918015366437
2025-04-16,0.032,5475,0.358481344324909,0.370632487052604,5076.11671079602,20.9315748411416
2025-04-16,0.032,5480,0.357654696877961,0.369507292512834,5076.11671079602,20.1713481495913
2025-04-16,0.032,5485,0.356723006139899,0.368807123473649,5076.11671079602,19.4618032401157
2025-04-16,0.032,5490,0.355681163078807,0.368010848056569,5076.11671079602,18.7522583291934
2025-04-16,0.032,5495,0.355110647675289,0.367114259302902,5076.11671079602,18.0933951942478
2025-04-16,0.032,5500,0.35741694637729,0.366112719371745,5076.11671079602,17.6879409688692
2025-04-16,0.032,5505,0.353676874679934,0.365581924293958,5076.11671079602,16.8263507188795
2025-04-16,0.032,5510,0.352804263553546,0.364959875756484,5076.11671079602,16.2181693709512
2025-04-16,0.032,5515,0.351820744568688,0.364242595411221,5076.11671079602,15.6099880197209
2025-04-16,0.032,5520,0.350720239972447,0.36342570211305,5076.11671079602,15.001806670579
2025-04-16,0.032,5525,0.350167086458988,0.362504355603929,5076.11671079602,14.4443070877834
2025-04-16,0.032,5530,0.349515954027182,0.361473190592712,5076.11671079602,13.8868075257648
2025-04-16,0.032,5535,0.348761875235247,0.360985488974604,5076.11671079602,13.3799897305578
2025-04-16,0.032,5540,0.347899327631354,0.36040620269522,5076.11671079602,12.8731719281932
2025-04-16,0.032,5545,0.347658455599347,0.359042356309149,5076.11671079602,12.3663541399969
2025-04-16,0.032,5550,0.346579717466866,0.358250405721276,5076.11671079602,11.85953635297
2025-04-16,0.032,5555,0.346147347905703,0.357351440348813,5076.11671079602,11.4034003271399
2025-04-16,0.032,5560,0.345620558679139,0.357079817937142,5076.11671079602,10.9979461054905
2025-04-16,0.032,5565,0.344994381181239,0.355967830570114,5076.11671079602,10.5418100920572
2025-04-16,0.032,5570,0.344263283937986,0.35550775008782,5076.11671079602,10.1363558458136
2025-04-16,0.032,5575,0.343421082385408,0.35495487640769,5076.11671079602,9.73090161483015
2025-04-16,0.032,5580,0.342460830021251,0.35430440725218,5076.11671079602,9.32544738674608
2025-04-16,0.032,5585,0.34227917628067,0.353551007598129,5076.11671079602,8.97067493082471
2025-04-16,0.032,5590,0.341087037255603,0.353544225532518,5076.11671079602,8.61590247493447
2025-04-16,0.032,5595,0.340710182232401,0.352590490680154,5076.11671079602,8.26113002460403
2025-04-16,0.032,5600,0.340239260427743,0.352415495313904,5076.11671079602,7.95703934879282
2025-04-16,0.032,5605,0.339668855473261,0.352160186908876,5076.11671079602,7.65294866647451
2025-04-16,0.032,5610,0.338992904167957,0.350876346661692,5076.11671079602,7.2981762179848
2025-04-16,0.032,5615,0.338204585883643,0.350423933001455,5076.11671079602,6.99408553810531
2025-04-16,0.032,5620,0.337296188687326,0.349876544083694,5076.11671079602,6.68999486566275
2025-04-16,0.032,5625,0.337394764961793,0.350251064979693,5076.11671079602,6.48726774208359
2025-04-16,0.032,5630,0.336259063066112,0.349526344531212,5076.11671079602,6.18317706767712
2025-04-16,0.032,5635,0.33618400181354,0.348690300330524,5076.11671079602,5.92976817316787
2025-04-16,0.032,5640,0.336029866326732,0.34884432987939,5076.11671079602,5.72704106003415
2025-04-16,0.032,5645,0.334516973840685,0.348933560186301,5076.11671079602,5.47363215686281
2025-04-16,0.032,5650,0.334153586760546,0.347792958224206,5076.11671079602,5.22022326439365
2025-04-16,0.032,5655,0.333693862509137,0.347714785917677,5076.11671079602,5.01749614769514
2025-04-16,0.032,5660,0.333131428366222,0.347560606629604,5076.11671079602,4.81476903479881
2025-04-16,0.032,5665,0.333903377201095,0.347326438228385,5076.11671079602,4.66272369174267
2025-04-16,0.032,5670,0.333164142672365,0.347007867991247,5076.11671079602,4.45999657231259
2025-04-16,0.032,5675,0.332302059711126,0.346599987120626,5076.11671079602,4.25726946041148
2025-04-16,0.032,5680,0.331307025068152,0.346097310854153,5076.11671079602,4.05454234396811
2025-04-16,0.032,5685,0.331816837157296,0.345493683731686,5076.11671079602,3.9024970032862
2025-04-16,0.032,5690,0.330590166582912,0.346238111402403,5076.11671079602,3.75045166685
2025-04-16,0.032,5695,0.330960637680903,0.345461139828469,5076.11671079602,3.59840632965239
2025-04-16,0.032,5700,0.330376979715146,0.346100318443992,5076.11671079602,3.471701883534
2025-04-16,0.032,5705,0.329679013108331,0.345130492374807,5076.11671079602,3.29431565305994
2025-04-16,0.032,5710,0.32982727253177,0.345653268765228,5076.11671079602,3.19295209263623
2025-04-16,0.032,5715,0.328911438142618,0.344466572884052,5076.11671079602,3.01556586688925
2025-04-16,0.032,5720,0.328893916181491,0.34485911647258,5076.11671079602,2.91420230647479
2025-04-16,0.032,5725,0.328800460580475,0.345200775942572,5076.11671079602,2.81283875263177
2025-04-16,0.032,5730,0.328626275610384,0.345489384804889,5076.11671079602,2.71147519177124
2025-04-16,0.032,5735,0.328365975607395,0.343857304420608,5076.11671079602,2.5594298509569
2025-04-16,0.032,5740,0.328013480053728,0.343983596854895,5076.11671079602,2.45806629431804
2025-04-16,0.032,5745,0.32756188537528,0.344046111737196,5076.11671079602,2.3567027335992
2025-04-16,0.032,5750,0.328265787708316,0.344041438971697,5076.11671079602,2.28068006543639
2025-04-16,0.032,5755,0.327643095248594,0.34501227145134,5076.11671079602,2.20465739813556
2025-04-16,0.032,5760,0.326899089146861,0.344893372263104,5076.11671079602,2.1032938396562
2025-04-16,0.032,5765,0.327427958715226,0.344696948037528,5076.11671079602,2.02727117022339
2025-04-16,0.032,5770,0.326472213515773,0.34555101740457,5076.11671079602,1.95124850079185
2025-04-16,0.032,5775,0.326874870394347,0.34522232994837,5076.11671079602,1.87522583183281
2025-04-16,0.032,5780,0.325673708599761,0.345996430865986,5076.11671079602,1.79920316217863
2025-04-16,0.032,5790,0.326129599585661,0.346208138822607,5076.11671079602,1.67249871413287
2025-04-16,0.032,5800,0.324540172756663,0.347477493656816,5076.11671079602,1.54579426832878
2025-04-16,0.032,5810,0.32434841707653,0.348600863240898,5076.11671079602,1.44443071017138
2025-04-16,0.032,5820,0.323820131622043,0.349567105464401,5076.11671079602,1.34306714950752
2025-04-16,0.032,5825,0.323412470194303,0.349987326068097,5076.11671079602,1.29238537155697
2025-04-16,0.032,5830,0.32289775367317,0.350363223720796,5076.11671079602,1.24170359192012
2025-04-16,0.032,5840,0.323991622887105,0.352534808940686,5076.11671079602,1.19102181423313
2025-04-16,0.032,5850,0.322298295092339,0.353027858533159,5076.11671079602,1.08965825332696
2025-04-16,0.032,5860,0.322900694760757,0.355006833875493,5076.11671079602,1.03897647592445
2025-04-16,0.032,5870,0.320135086245892,0.35690772407727,5076.11671079602,0.962953806073914
2025-04-16,0.032,5875,0.321785532602383,0.356940114312262,5076.11671079602,0.937612915107863
2025-04-16,0.032,5880,0.32003875285812,0.358727061999168,5076.11671079602,0.912272026417625
2025-04-16,0.032,5890,0.319619980461027,0.360460991820208,5076.11671079602,0.861590247230634
2025-04-16,0.032,5900,0.318818586407766,0.362105211266653,5076.11671079602,0.810908467238738
2025-04-16,0.032,5950,0.312432896049828,0.371093566378359,5076.11671079602,0.608181351029681
2025-04-16,0.032,6000,0.334179251827915,0.365771631064426,5076.11671079602,0.43079512383837
2025-04-16,0.032,6100,0.370066364581255,0.407387773325783,5076.11671079602,0.532158682367151
2025-04-16,0.032,6200,NA,0.435519263433128,5076.11671079602,NA
2025-04-16,0.032,6300,NA,0.46232130118812,5076.11671079602,NA
2025-04-16,0.032,6400,NA,0.491922387177094,5076.11671079602,NA
2025-04-16,0.032,6600,NA,0.539873867259316,5076.11671079602,NA
2025-04-16,0.032,6800,NA,0.593970187204305,5076.11671079602,NA
2025-04-16,0.032,7000,NA,0.640023220060279,5076.11671079602,NA
2025-04-16,0.032,7200,NA,0.689678575165424,5076.11671079602,NA
2025-04-16,0.032,7400,NA,0.730411032874981,5076.11671079602,NA
2025-04-17,0.036,200,NA,4.87446886805297,5078.24764909384,NA
2025-04-17,0.036,400,NA,4.10131214912768,5078.24764909384,NA
2025-04-17,0.036,600,NA,3.43436202324682,5078.24764909384,NA
2025-04-17,0.036,800,NA,2.9693383800598,5078.24764909384,NA
2025-04-17,0.036,1000,NA,2.643276981108,5078.24764909384,NA
2025-04-17,0.036,1200,NA,2.37501941359718,5078.24764909384,NA
2025-04-17,0.036,1400,NA,2.19677456189474,5078.24764909384,NA
2025-04-17,0.036,1600,NA,2.00109476922803,5078.24764909384,NA
2025-04-17,0.036,1800,NA,1.83442499387618,5078.24764909384,NA
2025-04-17,0.036,2000,1.47468405529593,1.68711771287362,5078.24764909384,3078.560909869
2025-04-17,0.036,2100,1.46096357320301,1.61629652241771,5078.24764909384,2978.62356202391
2025-04-17,0.036,2200,1.43900538068386,1.55860369109434,5078.24764909384,2878.72380547209
2025-04-17,0.036,2300,1.40289935968624,1.49999438582514,5078.24764909384,2778.82404892024
2025-04-17,0.036,2400,1.35979791318732,1.42397345452472,5078.24764909384,2678.87417064409
2025-04-17,0.036,2500,1.32322158898696,1.38594081073708,5078.24764909384,2579.06212710934
2025-04-17,0.036,2600,1.28487316543744,1.33936202023981,5078.24764909384,2479.25008357409
2025-04-17,0.036,2700,1.24498301056179,1.27994428754016,5078.24764909384,2379.40044874657
2025-04-17,0.036,2800,1.20641386705455,1.24180751577687,5078.24764909384,2279.68864865998
2025-04-17,0.036,2900,1.17010072326328,1.19918216152361,5078.24764909384,2180.01443986598
2025-04-17,0.036,3000,1.13764282797769,1.16266645550892,5078.24764909384,2080.47806581244
2025-04-17,0.036,3050,1.12059237131473,1.14458009849601,5078.24764909384,2030.74120486413
2025-04-17,0.036,3100,1.10616357154667,1.12764640610981,5078.24764909384,1981.0669960707
2025-04-17,0.036,3150,1.09102732547213,1.1114384789996,5078.24764909384,1931.43037856932
2025-04-17,0.036,3200,1.07414948770214,1.09464918235782,5078.24764909384,1881.80629149908
2025-04-17,0.036,3250,1.05781897220215,1.07641689480999,5078.24764909384,1832.20726529237
2025-04-17,0.036,3300,1.04350409544939,1.0602486932642,5078.24764909384,1782.70848253228
2025-04-17,0.036,3350,1.02733774869071,1.04255131462058,5078.24764909384,1733.20969977223
2025-04-17,0.036,3400,1.00966608269923,1.02493723244941,5078.24764909384,1683.73597787414
2025-04-17,0.036,3450,0.994664471380943,1.00727915736468,5078.24764909384,1634.36249942532
2025-04-17,0.036,3500,0.976776770711887,0.990602852270112,5078.24764909384,1585.0140818394
2025-04-17,0.036,3525,0.969624922017183,0.981712639785798,5078.24764909384,1560.38999476734
2025-04-17,0.036,3550,0.960919733642537,0.973521607974587,5078.24764909384,1535.76590769701
2025-04-17,0.036,3575,0.951874448091517,0.963960961252589,5078.24764909384,1511.1167597684
2025-04-17,0.036,3600,0.942516147205959,0.955068234779401,5078.24764909384,1486.49267269902
2025-04-17,0.036,3625,0.934762234118965,0.945844984543829,5078.24764909384,1461.91870735037
2025-04-17,0.036,3650,0.925680087693557,0.93631610552589,5078.24764909384,1437.31968114445
2025-04-17,0.036,3675,0.917149892502372,0.928170215356427,5078.24764909384,1412.79583752399
2025-04-17,0.036,3700,0.908258075087328,0.918830907921664,5078.24764909384,1388.24693303868
2025-04-17,0.036,3725,0.899826840050134,0.909189099056634,5078.24764909384,1363.72308941263
2025-04-17,0.036,3750,0.890259964380823,0.900738811924427,5078.24764909384,1339.22430665626
2025-04-17,0.036,3775,0.881139347348165,0.89120545731944,5078.24764909384,1314.72552389721
2025-04-17,0.036,3800,0.872397581715958,0.882055865677333,5078.24764909384,1290.27686285893
2025-04-17,0.036,3825,0.863299298962792,0.873230496818314,5078.24764909384,1265.85326269185
2025-04-17,0.036,3850,0.853869335133425,0.863423007995568,5078.24764909384,1241.40460164853
2025-04-17,0.036,3875,0.84537268065165,0.853933618364465,5078.24764909384,1217.0311232049
2025-04-17,0.036,3900,0.836489714148005,0.845290947345945,5078.24764909384,1192.70776647447
2025-04-17,0.036,3925,0.827247003927237,0.835711115815468,5078.24764909384,1168.35934888607
2025-04-17,0.036,3950,0.818217711367611,0.826888002066752,5078.24764909384,1144.08611389179
2025-04-17,0.036,3975,0.809358987918178,0.817689351116279,5078.24764909384,1119.83793974739
2025-04-17,0.036,4000,0.800124910475601,0.808633172729115,5078.24764909384,1095.61482646584
2025-04-17,0.036,4025,0.791513341847575,0.799684337999823,5078.24764909384,1071.46689578197
2025-04-17,0.036,4050,0.782963782859354,0.790810695344823,5078.24764909384,1047.36908680993
2025-04-17,0.036,4075,0.774446652668699,0.781982895151808,5078.24764909384,1023.32139956955
2025-04-17,0.036,4100,0.76550474232275,0.773174187799168,5078.24764909384,999.298773189231
2025-04-17,0.036,4125,0.756578079764615,0.764360209742833,5078.24764909384,975.326268529582
2025-04-17,0.036,4150,0.747642416264835,0.755128821639708,5078.24764909384,951.378824731268
2025-04-17,0.036,4175,0.739058137862071,0.746629599035934,5078.24764909384,927.556685248864
2025-04-17,0.036,4200,0.730760278403901,0.737674199646645,5078.24764909384,903.784667481482
2025-04-17,0.036,4225,0.721983728310091,0.729329524930956,5078.24764909384,880.087832309603
2025-04-17,0.036,4250,0.713434967785458,0.720500166373339,5078.24764909384,856.441118866259
2025-04-17,0.036,4275,0.704734929770168,0.712176117978852,5078.24764909384,832.894648858924
2025-04-17,0.036,4300,0.696500337819355,0.703655788695154,5078.24764909384,809.448422290899
2025-04-17,0.036,4325,0.688045980661979,0.695228980350573,5078.24764909384,786.077378331653
2025-04-17,0.036,4330,0.679233066496165,0.685873019558503,5078.24764909384,780.175187299538
2025-04-17,0.036,4340,0.67613094814307,0.682664923826856,5078.24764909384,770.876891435414
2025-04-17,0.036,4350,0.679656188169682,0.686855652040685,5078.24764909384,762.806577818265
2025-04-17,0.036,4360,0.668485641529152,0.675978111705734,5078.24764909384,752.180056269967
2025-04-17,0.036,4370,0.665125190009929,0.672503343250861,5078.24764909384,742.881760394791
2025-04-17,0.036,4375,0.670174578574536,0.679873248029686,5078.24764909384,739.661081594309
2025-04-17,0.036,4380,0.659983448151883,0.672261601305363,5078.24764909384,733.733829704032
2025-04-17,0.036,4390,0.656473262518132,0.669113021160769,5078.24764909384,724.485655567194
2025-04-17,0.036,4400,0.661844078151875,0.671713697977398,5078.24764909384,716.61582883352
2025-04-17,0.036,4410,0.650276803810631,0.662528245322998,5078.24764909384,706.089550726667
2025-04-17,0.036,4420,0.647029701815733,0.659096084730394,5078.24764909384,696.89149832432
2025-04-17,0.036,4425,0.653729670614451,0.663234989645078,5078.24764909384,693.670819532641
2025-04-17,0.036,4430,0.643686253190821,0.655573208225854,5078.24764909384,687.693445910084
2025-04-17,0.036,4440,0.639733325245213,0.652464900215616,5078.24764909384,678.495393476966
2025-04-17,0.036,4450,0.645523375590395,0.655173891739421,5078.24764909384,670.876175381241
2025-04-17,0.036,4460,0.63309705003393,0.645944173032011,5078.24764909384,660.249653835773
2025-04-17,0.036,4470,0.62987927495035,0.642535827085236,5078.24764909384,651.151844869329
2025-04-17,0.036,4475,0.637439702716567,0.646741396360849,5078.24764909384,648.181774686031
2025-04-17,0.036,4480,0.627044168234585,0.639031302728586,5078.24764909384,642.104157620522
2025-04-17,0.036,4490,0.632382781207523,0.641949541189108,5078.24764909384,634.635304688815
2025-04-17,0.036,4500,0.629660055586126,0.638625343729408,5078.24764909384,625.687860890075
2025-04-17,0.036,4510,0.625676695947797,0.635424702216337,5078.24764909384,616.640173643317
2025-04-17,0.036,4520,0.622509581028777,0.63189618771776,5078.24764909384,607.667668993936
2025-04-17,0.036,4525,0.621443688599464,0.630535733383129,5078.24764909384,603.294190525037
2025-04-17,0.036,4530,0.619455858416714,0.628926060474474,5078.24764909384,598.795407788349
2025-04-17,0.036,4540,0.616070688723246,0.62562567475022,5078.24764909384,589.873024840039
2025-04-17,0.036,4550,0.613012125998658,0.622218778028682,5078.24764909384,581.000763629214
2025-04-17,0.036,4560,0.609200986239787,0.619126716213162,5078.24764909384,572.103441561785
2025-04-17,0.036,4570,0.606552371048821,0.61592013882835,5078.24764909384,563.356484666437
2025-04-17,0.036,4575,0.605179533616408,0.614274523125639,5078.24764909384,558.983006210638
2025-04-17,0.036,4580,0.603568304671458,0.612600997140558,5078.24764909384,554.584466900476
2025-04-17,0.036,4590,0.600260059312269,0.609573742570545,5078.24764909384,545.837509995868
2025-04-17,0.036,4600,0.59724074004715,0.606426673787867,5078.24764909384,537.140674822744
2025-04-17,0.036,4610,0.593703124053194,0.603161766215016,5078.24764909384,528.393717931428
2025-04-17,0.036,4620,0.590251590932404,0.599974198288105,5078.24764909384,519.696882754902
2025-04-17,0.036,4625,0.589357163138148,0.598431580459302,5078.24764909384,515.473769486025
2025-04-17,0.036,4630,0.587458664980197,0.596858088559555,5078.24764909384,511.125351901052
2025-04-17,0.036,4640,0.584533667591608,0.593996044793512,5078.24764909384,502.603942759684
2025-04-17,0.036,4650,0.581666556848682,0.590445911678634,5078.24764909384,494.03241187359
2025-04-17,0.036,4660,0.578296288461927,0.58733212181641,5078.24764909384,485.485941885777
2025-04-17,0.036,4670,0.574987800085754,0.584272797153542,5078.24764909384,476.989593609333
2025-04-17,0.036,4675,0.573922811039339,0.582604385148029,5078.24764909384,472.816602046309
2025-04-17,0.036,4680,0.572096774725343,0.580904912661539,5078.24764909384,468.543367037197
2025-04-17,0.036,4690,0.568891168826391,0.577943932461127,5078.24764909384,460.147262224532
2025-04-17,0.036,4700,0.565731645787065,0.574673388058393,5078.24764909384,451.751157371949
2025-04-17,0.036,4710,0.562613281966847,0.571446373236238,5078.24764909384,443.405174290467
2025-04-17,0.036,4720,0.559531313650767,0.568258182923913,5078.24764909384,435.109312896257
2025-04-17,0.036,4725,0.558450518750588,0.566783151465388,5078.24764909384,431.061625647451
2025-04-17,0.036,4730,0.556481132247275,0.565272758270781,5078.24764909384,426.888634109514
2025-04-17,0.036,4740,0.552116463244493,0.561980180667681,5078.24764909384,418.467468400873
2025-04-17,0.036,4750,0.550127055343093,0.558881665368796,5078.24764909384,410.472337358204
2025-04-17,0.036,4760,0.545675021297894,0.555641733830127,5078.24764909384,402.126354253311
2025-04-17,0.036,4770,0.543863492370266,0.552422760250808,5078.24764909384,394.231466657242
2025-04-17,0.036,4775,0.542247417055468,0.551080115277629,5078.24764909384,390.233901129677
2025-04-17,0.036,4780,0.540595040532942,0.549379979805881,5078.24764909384,386.186213909196
2025-04-17,0.036,4790,0.537023500095571,0.54618914177258,5078.24764909384,378.115900279668
2025-04-17,0.036,4800,0.535035728557039,0.54316338022907,5078.24764909384,370.371377857418
2025-04-17,0.036,4810,0.531476811906129,0.540139773969724,5078.24764909384,362.426368536209
2025-04-17,0.036,4820,0.527772983208841,0.536809178469456,5078.24764909384,354.456298385079
2025-04-17,0.036,4825,0.527012177066496,0.535087510819783,5078.24764909384,350.659219765335
2025-04-17,0.036,4830,0.523924704342963,0.533782357546517,5078.24764909384,346.561410778861
2025-04-17,0.036,4840,0.521437378214812,0.530447470104372,5078.24764909384,338.892070941149
2025-04-17,0.036,4850,0.517883067827149,0.527551925937724,5078.24764909384,331.172609382637
2025-04-17,0.036,4860,0.515650425244786,0.524785716137722,5078.24764909384,323.753878175343
2025-04-17,0.036,4865,0.513951720662863,0.52304620260129,5078.24764909384,319.906677822162
2025-04-17,0.036,4870,0.512212533671408,0.521704466249698,5078.24764909384,316.134660068203
2025-04-17,0.036,4875,0.510287260280475,0.519738677998463,5078.24764909384,312.237337984528
2025-04-17,0.036,4880,0.509627672603845,0.518023667558969,5078.24764909384,308.615685403144
2025-04-17,0.036,4885,0.507185435876067,0.516267859952017,5078.24764909384,304.693302463577
2025-04-17,0.036,4890,0.506432593851407,0.515044730586204,5078.24764909384,301.171893310522
2025-04-17,0.036,4895,0.504341510990713,0.513490586912944,5078.24764909384,297.374814688529
2025-04-17,0.036,4900,0.5037791004219,0.512035597079668,5078.24764909384,293.878466445308
2025-04-17,0.036,4905,0.501035359070049,0.510536471433022,5078.24764909384,290.006205240046
2025-04-17,0.036,4910,0.499246545682092,0.508852164079468,5078.24764909384,286.28430917431
2025-04-17,0.036,4915,0.498260114713478,0.506843711359014,5078.24764909384,282.662656601876
2025-04-17,0.036,4920,0.49610175034513,0.505214462486398,5078.24764909384,278.915699689782
2025-04-17,0.036,4925,0.495859737879527,0.503541092497848,5078.24764909384,275.519594840909
2025-04-17,0.036,4930,0.494308941728847,0.501962624279651,5078.24764909384,271.923003142407
2025-04-17,0.036,4935,0.490630314329389,0.500754687404374,5078.24764909384,268.025681079018
2025-04-17,0.036,4940,0.490378024428136,0.498808229771809,5078.24764909384,264.629576255784
2025-04-17,0.036,4945,0.488415954336761,0.497231290814383,5078.24764909384,261.007923641264
2025-04-17,0.036,4950,0.487783252924226,0.496019707811226,5078.24764909384,257.712062258783
2025-04-17,0.036,4955,0.486138676664819,0.494759223096945,5078.24764909384,254.240774837829
2025-04-17,0.036,4960,0.483764459954393,0.493313541250725,5078.24764909384,250.619122247505
2025-04-17,0.036,4965,0.48229966765998,0.49154796159614,5078.24764909384,247.122773974027
2025-04-17,0.036,4970,0.4822780590845,0.49000692599708,5078.24764909384,243.952216900937
2025-04-17,0.036,4975,0.479628537454735,0.488012194131975,5078.24764909384,240.230320860388
2025-04-17,0.036,4980,0.477880148559686,0.487319278494936,5078.24764909384,236.934459464915
2025-04-17,0.036,4985,0.476352190766842,0.485497413778478,5078.24764909384,233.488232947505
2025-04-17,0.036,4990,0.475176553904681,0.483895859965406,5078.24764909384,230.167310689088
2025-04-17,0.036,4995,0.472743821760335,0.482244888284776,5078.24764909384,226.620840669661
2025-04-17,0.036,5000,0.472267437021181,0.480410853656093,5078.24764909384,223.425222724886
2025-04-17,0.036,5005,0.470002763781652,0.479326625231516,5078.24764909384,220.054178749171
2025-04-17,0.036,5010,0.469417661101752,0.477259315980249,5078.24764909384,216.83349997602
2025-04-17,0.036,5015,0.467051768959951,0.476071151374269,5078.24764909384,213.462455985002
2025-04-17,0.036,5020,0.465166129892929,0.474432780488073,5078.24764909384,210.116472907251
2025-04-17,0.036,5025,0.464682343467614,0.47247837125247,5078.24764909384,206.996037535649
2025-04-17,0.036,5030,0.462030557123281,0.471000382262694,5078.24764909384,203.574871868635
2025-04-17,0.036,5035,0.460777247085284,0.470259254529793,5078.24764909384,200.579740806181
2025-04-17,0.036,5040,0.459863086602941,0.468410355410743,5078.24764909384,197.459305470426
2025-04-17,0.036,5045,0.456791146739241,0.466639781102295,5078.24764909384,193.962957206743
2025-04-17,0.036,5050,0.455897406959537,0.464946620945592,5078.24764909384,190.917704438228
2025-04-17,0.036,5055,0.454160215908776,0.463592010805636,5078.24764909384,187.797269097747
2025-04-17,0.036,5060,0.452759665517963,0.462181761563324,5078.24764909384,184.752016298388
2025-04-17,0.036,5065,0.451824968208696,0.460584831766834,5078.24764909384,181.781946140753
2025-04-17,0.036,5070,0.450440063164022,0.459323767595289,5078.24764909384,178.811875955452
2025-04-17,0.036,5075,0.448997199005148,0.457483463856007,5078.24764909384,175.741562359429
2025-04-17,0.036,5080,0.447099559264675,0.456233877798636,5078.24764909384,172.719461024032
2025-04-17,0.036,5085,0.445247186457942,0.455551957297705,5078.24764909384,169.837461883374
2025-04-17,0.036,5090,0.444509317771975,0.453246621350415,5078.24764909384,166.880280138403
2025-04-17,0.036,5095,0.443450625484798,0.452708521356702,5078.24764909384,164.223828793817
2025-04-17,0.036,5100,0.441810089273616,0.450025061022646,5078.24764909384,161.06616016843
2025-04-17,0.036,5105,0.439587072055581,0.449498869734279,5078.24764909384,158.234282771086
2025-04-17,0.036,5110,0.438867856596631,0.448130429890647,5078.24764909384,155.55277052879
2025-04-17,0.036,5115,0.437173766718065,0.445918563950771,5078.24764909384,152.545467089086
2025-04-17,0.036,5120,0.435547678812475,0.443383700644587,5078.24764909384,149.513102794673
2025-04-17,0.036,5125,0.434512011147648,0.442092572943775,5078.24764909384,146.856651405661
2025-04-17,0.036,5130,0.432890360557568,0.441524340881275,5078.24764909384,144.250321752719
2025-04-17,0.036,5135,0.431466389004715,0.440371488971422,5078.24764909384,141.593870377258
2025-04-17,0.036,5140,0.429978006309487,0.438894076237489,5078.24764909384,138.887297285639
2025-04-17,0.036,5145,0.428687150438452,0.43709047635743,5078.24764909384,136.180724162873
2025-04-17,0.036,5150,0.427199661376339,0.435616101335801,5078.24764909384,133.524272838109
2025-04-17,0.036,5155,0.425514116382394,0.434472003276073,5078.24764909384,130.917943161672
2025-04-17,0.036,5160,0.424553118960178,0.432867959339266,5078.24764909384,128.386796105178
2025-04-17,0.036,5165,0.422865278838164,0.431197507155239,5078.24764909384,125.73034473883
2025-04-17,0.036,5170,0.420975841721267,0.429857187432594,5078.24764909384,123.124015094169
2025-04-17,0.036,5175,0.420212244521582,0.427786340465216,5078.24764909384,120.617928876963
2025-04-17,0.036,5180,0.418849887815073,0.427508817979515,5078.24764909384,118.362451300411
2025-04-17,0.036,5185,0.417552004824174,0.425433853838761,5078.24764909384,115.806243380165
2025-04-17,0.036,5190,0.416184733353816,0.424759391921981,5078.24764909384,113.525704907094
2025-04-17,0.036,5195,0.414747075724691,0.422677330957689,5078.24764909384,110.994557874942
2025-04-17,0.036,5200,0.41337292643712,0.420386397914016,5078.24764909384,108.463410773887
2025-04-17,0.036,5205,0.412062589189573,0.419777037482468,5078.24764909384,106.28311579495
2025-04-17,0.036,5210,0.41054448624476,0.416930652886883,5078.24764909384,103.67678613444
2025-04-17,0.036,5215,0.408952324383294,0.417544398392565,5078.24764909384,101.722038913637
2025-04-17,0.036,5220,0.407558997417682,0.415913203492326,5078.24764909384,99.4164396052864
2025-04-17,0.036,5225,0.406366730335761,0.414619510725417,5078.24764909384,97.2361446114813
2025-04-17,0.036,5230,0.404962889902434,0.413253465253917,5078.24764909384,95.0307887736229
2025-04-17,0.036,5235,0.403761342482096,0.411813808337159,5078.24764909384,92.87555462692
2025-04-17,0.036,5240,0.402345603093206,0.410577793541449,5078.24764909384,90.7453813641542
2025-04-17,0.036,5245,0.400993085664179,0.409128191409266,5078.24764909384,88.6152080673975
2025-04-17,0.036,5250,0.399280650186084,0.406757361802628,5078.24764909384,86.2845479067319
2025-04-17,0.036,5255,0.398338800173925,0.406281247001502,5078.24764909384,84.4551049887278
2025-04-17,0.036,5260,0.396751227695485,0.404171934811081,5078.24764909384,82.2497491419279
2025-04-17,0.036,5265,0.395656843780308,0.402835614973375,5078.24764909384,80.2950018917218
2025-04-17,0.036,5270,0.394340876396759,0.401565400120977,5078.24764909384,78.3402546775702
2025-04-17,0.036,5275,0.392944604560062,0.399927024432649,5078.24764909384,76.3353857006142
2025-04-17,0.036,5280,0.391172477125702,0.399227839976049,5078.24764909384,74.4558210316229
2025-04-17,0.036,5285,0.390347332018481,0.397427583398513,5078.24764909384,72.5762564001765
2025-04-17,0.036,5290,0.388999939628478,0.396132543997369,5078.24764909384,70.7217526183516
2025-04-17,0.036,5295,0.387719024316255,0.394756533374321,5078.24764909384,68.8923096771402
2025-04-17,0.036,5300,0.386354723910429,0.393147086602429,5078.24764909384,67.0378058908582
2025-04-17,0.036,5305,0.385057560075181,0.392208662693191,5078.24764909384,65.3336672854888
2025-04-17,0.036,5310,0.383675239014094,0.39088706881162,5078.24764909384,63.5794069287348
2025-04-17,0.036,5315,0.382516155537583,0.389481190382566,5078.24764909384,61.8752683111207
2025-04-17,0.036,5320,0.381272895925357,0.388299980573431,5078.24764909384,60.2212514294984
2025-04-17,0.036,5325,0.379943203611923,0.386878489249009,5078.24764909384,58.5421736645559
2025-04-17,0.036,5330,0.37868441346817,0.385685521928927,5078.24764909384,56.9382785094208
2025-04-17,0.036,5335,0.377337346458992,0.384887534915578,5078.24764909384,55.4095659157921
2025-04-17,0.036,5340,0.376062444289179,0.383204109553606,5078.24764909384,53.7806098862729
2025-04-17,0.036,5345,0.374697314715223,0.382729767030235,5078.24764909384,52.3521407430266
2025-04-17,0.036,5350,0.373572389822442,0.380864762433488,5078.24764909384,50.7733064368348
2025-04-17,0.036,5355,0.372190469084543,0.379897432308802,5078.24764909384,49.3197764316839
2025-04-17,0.036,5360,0.37122465265008,0.37867817360692,5078.24764909384,47.9163681672436
2025-04-17,0.036,5365,0.370000184799103,0.377539557399177,5078.24764909384,46.5129599144491
2025-04-17,0.036,5370,0.368682611175152,0.376484639733291,5078.24764909384,45.1346124946828
2025-04-17,0.036,5375,0.36744547064328,0.374819298909488,5078.24764909384,43.7061433588655
2025-04-17,0.036,5380,0.366471125913378,0.374110136641173,5078.24764909384,42.47816112346
2025-04-17,0.036,5385,0.365226452728107,0.37224845453771,5078.24764909384,41.0747528346054
2025-04-17,0.036,5390,0.364068529766835,0.371363080071995,5078.24764909384,39.84677059611
2025-04-17,0.036,5395,0.362815164286041,0.370208457921654,5078.24764909384,38.5937274966151
2025-04-17,0.036,5400,0.361651722656438,0.36988915237624,5078.24764909384,37.4910495782162
2025-04-17,0.036,5405,0.360582632443753,0.36855719680343,5078.24764909384,36.2881281863132
2025-04-17,0.036,5410,0.359418247122448,0.366934268409674,5078.24764909384,35.0601459526109
2025-04-17,0.036,5415,0.358352280914924,0.365977062052414,5078.24764909384,33.9574680304377
2025-04-17,0.036,5420,0.357189577795019,0.365125574922728,5078.24764909384,32.8798509665048
2025-04-17,0.036,5425,0.356129860616452,0.364185799286085,5078.24764909384,31.8272947601031
2025-04-17,0.036,5430,0.354972037190281,0.363559065905023,5078.24764909384,30.8248602759177
2025-04-17,0.036,5435,0.353922334930812,0.362644539587531,5078.24764909384,29.8224257986974
2025-04-17,0.036,5440,0.352987024694876,0.361846616020532,5078.24764909384,28.8701130244111
2025-04-17,0.036,5445,0.351955509564579,0.360748395783944,5078.24764909384,27.8927394159044
2025-04-17,0.036,5450,0.351044856821401,0.359766365605533,5078.24764909384,26.9654875170897
2025-04-17,0.036,5455,0.350037507038089,0.358907221112536,5078.24764909384,26.0632964911356
2025-04-17,0.036,5460,0.349158289924264,0.358178038755807,5078.24764909384,25.2112271745578
2025-04-17,0.036,5465,0.348182190669943,0.357134358806456,5078.24764909384,24.3340970184621
2025-04-17,0.036,5470,0.347342395567586,0.356220809650071,5078.24764909384,23.507088581712
2025-04-17,0.036,5475,0.346647693100876,0.355445406336042,5078.24764909384,22.7302018506144
2025-04-17,0.036,5480,0.345614929125214,0.35505455426214,5078.24764909384,21.9783759846293
2025-04-17,0.036,5485,0.344727936777564,0.35385853962549,5078.24764909384,21.1764283985446
2025-04-17,0.036,5490,0.343740524718825,0.353048115235715,5078.24764909384,20.42460253396
2025-04-17,0.036,5495,0.34317079846567,0.352394860989149,5078.24764909384,19.7479592612265
2025-04-17,0.036,5500,0.342245712259854,0.351652649138564,5078.24764909384,19.0462551337602
2025-04-17,0.036,5505,0.341760816833078,0.351078760019019,5078.24764909384,18.419733570791
2025-04-17,0.036,5510,0.340912317648147,0.350152046763561,5078.24764909384,17.743090304439
2025-04-17,0.036,5515,0.340245408466408,0.349395737017503,5078.24764909384,17.1165687645683
2025-04-17,0.036,5520,0.340925840742968,0.34798943265389,5078.24764909384,16.565229793352
2025-04-17,0.036,5525,0.340097294998679,0.34731062073309,5078.24764909384,15.9637691098939
2025-04-17,0.036,5530,0.339766526182043,0.346538993058985,5078.24764909384,15.4124301494921
2025-04-17,0.036,5535,0.339048837801077,0.345965810871482,5078.24764909384,14.8610911709076
2025-04-17,0.036,5540,0.338546045119282,0.34530345643921,5078.24764909384,14.334813067881
2025-04-17,0.036,5545,0.337634489720803,0.344238951680533,5078.24764909384,13.7584132507516
2025-04-17,0.036,5550,0.336942358723032,0.343693835626411,5078.24764909384,13.2571960083299
2025-04-17,0.036,5555,0.336487049813742,0.343059578905176,5078.24764909384,12.7810396220791
2025-04-17,0.036,5560,0.335944062559299,0.342661542987283,5078.24764909384,12.3299441168554
2025-04-17,0.036,5565,0.335309013631799,0.341843296797554,5078.24764909384,11.8537877276651
2025-04-17,0.036,5570,0.33493616300463,0.341611899226514,5078.24764909384,11.4528139453702
2025-04-17,0.036,5575,0.33411116036066,0.340952029242728,5078.24764909384,11.0017184185265
2025-04-17,0.036,5580,0.333555901039548,0.340556648758326,5078.24764909384,10.6007446305665
2025-04-17,0.036,5585,0.332906510180956,0.339708131674539,5078.24764909384,10.1747099855623
2025-04-17,0.036,5590,0.332553981157884,0.33950975792888,5078.24764909384,9.82385790914702
2025-04-17,0.036,5595,0.331710789347475,0.338849443238564,5078.24764909384,9.42288411390396
2025-04-17,0.036,5600,0.331590708252684,0.338487825380279,5078.24764909384,9.09709290336247
2025-04-17,0.036,5605,0.330970605888353,0.338042957179127,5078.24764909384,8.74624084373619
2025-04-17,0.036,5610,0.330689156859367,0.337510545674595,5078.24764909384,8.42044964518942
2025-04-17,0.036,5615,0.330325942947019,0.337311938079658,5078.24764909384,8.11971929449598
2025-04-17,0.036,5620,0.329415519687545,0.33660121599155,5078.24764909384,7.76886722084208
2025-04-17,0.036,5625,0.328862569755379,0.3362364231964,5078.24764909384,7.46813688013677
2025-04-17,0.036,5630,0.328212371847569,0.336245857057524,5078.24764909384,7.19246739799863
2025-04-17,0.036,5635,0.328460673505415,0.335719985765772,5078.24764909384,6.94185877871395
2025-04-17,0.036,5640,0.327628126712033,0.335582912690608,5078.24764909384,6.66618929209122
2025-04-17,0.036,5645,0.327209861740224,0.335372727882953,5078.24764909384,6.41558067698917
2025-04-17,0.036,5650,0.327243574162233,0.335085767025036,5078.24764909384,6.19003292072368
2025-04-17,0.036,5655,0.326654733240829,0.33419785717913,5078.24764909384,5.91436344043346
2025-04-17,0.036,5660,0.325964537938823,0.334264878498539,5078.24764909384,5.68881568126115
2025-04-17,0.036,5665,0.325758233544884,0.334268694738308,5078.24764909384,5.488328780649
2025-04-17,0.036,5670,0.32547271565488,0.333645692031753,5078.24764909384,5.26278102114469
2025-04-17,0.036,5675,0.325103380042835,0.33349979540279,5078.24764909384,5.06229412372137
2025-04-17,0.036,5680,0.32464508318879,0.333280159126195,5078.24764909384,4.86180723157956
2025-04-17,0.036,5685,0.32409205162038,0.333589092357473,5078.24764909384,4.68638119668741
2025-04-17,0.036,5690,0.324121937907318,0.33322682693896,5078.24764909384,4.51095516282844
2025-04-17,0.036,5695,0.324085478083714,0.332778692996992,5078.24764909384,4.3355291280987
2025-04-17,0.036,5700,0.323256875441436,0.330910955987122,5078.24764909384,4.08492050948932
2025-04-17,0.036,5705,0.323055823415779,0.332281224715459,5078.24764909384,3.98467706357441
2025-04-17,0.036,5710,0.322775215778531,0.332259433950001,5078.24764909384,3.83431189153156
2025-04-17,0.036,5715,0.322410043614951,0.33217070146411,5078.24764909384,3.68394671544399
2025-04-17,0.036,5720,0.322770544177185,0.332740658801679,5078.24764909384,3.58370326703944
2025-04-17,0.036,5725,0.321825821034884,0.331777739071461,5078.24764909384,3.39574680311728
2025-04-17,0.036,5730,0.322055376624494,0.331465153600499,5078.24764909384,3.27044249357657
2025-04-17,0.036,5735,0.322229993495428,0.331865170907169,5078.24764909384,3.1701990450105
2025-04-17,0.036,5740,0.321889800567453,0.332219820580848,5078.24764909384,3.05742516357849
2025-04-17,0.036,5745,0.321933382389408,0.331273886719199,5078.24764909384,2.91959042420429
2025-04-17,0.036,5750,0.321912244713905,0.331501875504097,5078.24764909384,2.81934697466605
2025-04-17,0.036,5755,0.321321281977742,0.331676856900507,5078.24764909384,2.70657309743368
2025-04-17,0.036,5760,0.321143276547828,0.331796318520267,5078.24764909384,2.60632965156526
2025-04-17,0.036,5765,0.320886864816587,0.3313905328344,5078.24764909384,2.49355577237264
2025-04-17,0.036,5770,0.321099325107226,0.331857388397386,5078.24764909384,2.41837318593122
2025-04-17,0.036,5775,0.321257240890572,0.331792623788991,5078.24764909384,2.33066016576952
2025-04-17,0.036,5780,0.321357743402057,0.332667139470044,5078.24764909384,2.26800801305438
2025-04-17,0.036,5785,0.320795892499904,0.33249254311731,5078.24764909384,2.16776456265229
2025-04-17,0.036,5790,0.321373496868926,0.332773513970362,5078.24764909384,2.10511241177203
2025-04-17,0.036,5795,0.320640970918635,0.333005743910953,5078.24764909384,2.01739939122599
2025-04-17,0.036,5800,0.321116811561679,0.33318693664686,5078.24764909384,1.95474723718227
2025-04-17,0.036,5805,0.320875034400545,0.333883478621174,5078.24764909384,1.89209508275201
2025-04-17,0.036,5810,0.321252928867051,0.333970571979334,5078.24764909384,1.82944292798351
2025-04-17,0.036,5815,0.320865862182858,0.334595837508707,5078.24764909384,1.7667907730094
2025-04-17,0.036,5820,0.320384987886817,0.334580492077541,5078.24764909384,1.69160818566782
2025-04-17,0.036,5825,0.320582271402988,0.334501131607133,5078.24764909384,1.62895602885153
2025-04-17,0.036,5830,0.320725962107121,0.335000679793909,5078.24764909384,1.57883430800225
2025-04-17,0.036,5835,0.32163002632516,0.336119143636329,5078.24764909384,1.55377344477783
2025-04-17,0.036,5840,0.321682836389677,0.336559462472224,5078.24764909384,1.50365172131785
2025-04-17,0.036,5845,0.321673731547357,0.336961108429247,5078.24764909384,1.4535299966492
2025-04-17,0.036,5850,0.321598732576981,0.337322471337977,5078.24764909384,1.40340827267889
2025-04-17,0.036,5855,0.321453377715822,0.337641804968588,5078.24764909384,1.35328654688442
2025-04-17,0.036,5860,0.321232639277168,0.337917211605814,5078.24764909384,1.30316482519592
2025-04-17,0.036,5865,0.320930820622764,0.338146622403868,5078.24764909384,1.25304310000764
2025-04-17,0.036,5870,0.321568064561157,0.339098135906372,5078.24764909384,1.22798224016461
2025-04-17,0.036,5875,0.321126810910228,0.340032340051232,5078.24764909384,1.19039094722605
2025-04-17,0.036,5880,0.320586238255079,0.340154113533764,5078.24764909384,1.14026922199089
2025-04-17,0.036,5885,0.322203844140321,0.341039888613706,5078.24764909384,1.12773879148903
2025-04-17,0.036,5890,0.321543351043525,0.341075778293271,5078.24764909384,1.07761706756988
2025-04-17,0.036,5895,0.321968279628355,0.342754644249164,5078.24764909384,1.06508663533984
2025-04-17,0.036,5900,0.322355270351551,0.342723319359887,5078.24764909384,1.02749534236561
2025-04-17,0.036,5905,0.322702499567097,0.344390737760627,5078.24764909384,1.01496491210069
2025-04-17,0.036,5910,0.321698869980914,0.344288405200283,5078.24764909384,0.964843186349004
2025-04-17,0.036,5915,0.323269505339701,0.345944295137222,5078.24764909384,0.964843186590823
2025-04-17,0.036,5920,0.322095211619316,0.345766721171594,5078.24764909384,0.914721462725801
2025-04-17,0.036,5925,0.323650878441542,0.346471850376603,5078.24764909384,0.902191033072455
2025-04-17,0.036,5930,0.322283976298793,0.347153425851624,5078.24764909384,0.864599738897816
2025-04-17,0.036,5935,0.323824168032289,0.34878595850943,5078.24764909384,0.864599740120038
2025-04-17,0.036,5940,0.3222374689598,0.348443063436316,5078.24764909384,0.814478015219011
2025-04-17,0.036,5945,0.323761584173909,0.350063734391462,5078.24764909384,0.814478015500196
2025-04-17,0.036,5950,0.323631245434074,0.350664269231943,5078.24764909384,0.789417153558711
2025-04-17,0.036,5955,0.323428099242296,0.351238117751645,5078.24764909384,0.764356292185559
2025-04-17,0.036,5960,0.323146171164261,0.351784370019307,5078.24764909384,0.739295429943864
2025-04-17,0.036,5965,0.324642714864587,0.353384673386304,5078.24764909384,0.739295429119254
2025-04-17,0.036,5970,0.324266209087351,0.353896263137413,5078.24764909384,0.714234567565558
2025-04-17,0.036,5975,0.323795851460446,0.354378190992115,5078.24764909384,0.689173705936922
2025-04-17,0.036,5980,0.325272255746654,0.355964016076575,5078.24764909384,0.68917370574826
2025-04-17,0.036,5985,0.324689271098015,0.355248480651467,5078.24764909384,0.651582412664149
2025-04-17,0.036,5990,0.323991857027421,0.356821901246829,5078.24764909384,0.639051981193228
2025-04-17,0.036,5995,0.325447016681549,0.358393124211953,5078.24764909384,0.639051981138124
2025-04-17,0.036,6000,0.324611926940981,0.359962159005584,5078.24764909384,0.626521549646856
2025-04-17,0.036,6005,0.323633167887595,0.359104871773527,5078.24764909384,0.588930257699435
2025-04-17,0.036,6010,0.325065645616975,0.360661336913823,5078.24764909384,0.588930256485316
2025-04-17,0.036,6015,0.326496244985139,0.362215659575639,5078.24764909384,0.588930256700936
2025-04-17,0.036,6020,0.322572629544451,0.362505002291041,5078.24764909384,0.551338964578428
2025-04-17,0.036,6025,0.323980501440373,0.362756173877608,5078.24764909384,0.538808532588783
2025-04-17,0.036,6030,0.325386555511044,0.364295591449214,5078.24764909384,0.538808532690046
2025-04-17,0.036,6035,0.326790798595865,0.365832919947869,5078.24764909384,0.538808533111998
2025-04-17,0.036,6040,0.321962887270648,0.367368167813685,5078.24764909384,0.513747671110028
2025-04-17,0.036,6045,0.323341714125851,0.366187180357815,5078.24764909384,0.488686809283971
2025-04-17,0.036,6050,0.324718793587072,0.367709412699613,5078.24764909384,0.488686809653958
2025-04-17,0.036,6055,0.326094132057156,0.369229608064317,5078.24764909384,0.488686808998136
2025-04-17,0.036,6060,0.323900108948137,0.370747774601,5078.24764909384,0.476156378010338
2025-04-17,0.036,6065,0.325259672851075,0.370839649718504,5078.24764909384,0.46362594771684
2025-04-17,0.036,6070,0.326617538691025,0.370884526660914,5078.24764909384,0.451095515678313
2025-04-17,0.036,6075,0.327973712725311,0.37385676887956,5078.24764909384,0.463625946946313
2025-04-17,0.036,6080,0.325348005304817,0.375362342770881,5078.24764909384,0.45109551581443
2025-04-17,0.036,6085,0.322228523024394,0.376865936437578,5078.24764909384,0.4385650848781
2025-04-17,0.036,6090,0.323551007774216,0.378367557446646,5078.24764909384,0.438565085734807
2025-04-17,0.036,6095,0.32487187857112,0.379867213074044,5078.24764909384,0.438565085167324
2025-04-17,0.036,6100,0.326191140799314,0.379872232902721,5078.24764909384,0.426034653637842
2025-04-17,0.036,6105,0.327508800279566,0.381363347720033,5078.24764909384,0.426034654670739
2025-04-17,0.036,6110,0.328824862396082,0.381311399565455,5078.24764909384,0.413504222981022
2025-04-17,0.036,6115,0.330139332678592,0.382793909107697,5078.24764909384,0.413504222957529
2025-04-17,0.036,6120,0.331452216511304,0.384274509002104,5078.24764909384,0.413504223870867
2025-04-17,0.036,6125,0.332763519278426,0.384155639645294,5078.24764909384,0.400973792770308
2025-04-17,0.036,6130,0.334073246218648,0.387230007205011,5078.24764909384,0.41350422260731
2025-04-17,0.036,6135,0.335381402861698,0.388704919774388,5078.24764909384,0.413504223726943
2025-04-17,0.036,6140,0.336687994300745,0.390177950199051,5078.24764909384,0.413504223516753
2025-04-17,0.036,6145,0.337993025628962,0.391649105463916,5078.24764909384,0.413504223106815
2025-04-17,0.036,6150,0.339296502376074,0.393118392262867,5078.24764909384,0.413504222974685
2025-04-17,0.036,6155,0.335283013724861,0.394585817435302,5078.24764909384,0.400973792431498
2025-04-17,0.036,6160,0.330326148420062,0.396051387384065,5078.24764909384,0.388443361280034
2025-04-17,0.036,6165,0.331588156865387,0.397515108803037,5078.24764909384,0.388443360802609
2025-04-17,0.036,6170,0.332848695712793,0.398976988386098,5078.24764909384,0.388443361373731
2025-04-17,0.036,6175,0.334107769764412,0.400437032390572,5078.24764909384,0.388443361464206
2025-04-17,0.036,6180,0.335365383676857,0.401895247219302,5078.24764909384,0.388443360871633
2025-04-17,0.036,6185,0.336621541815703,0.401696432405092,5078.24764909384,0.375912929820876
2025-04-17,0.036,6190,0.3378762491286,0.40314626533065,5078.24764909384,0.37591292993879
2025-04-17,0.036,6195,0.339129509835604,0.40459429731118,5078.24764909384,0.375912930144152
2025-04-17,0.036,6200,0.340381328593329,0.378170144563949,5078.24764909384,0.213017326932009
2025-04-17,0.036,6205,0.341631709912867,0.405763344775087,5078.24764909384,0.363382498911053
2025-04-17,0.036,6210,0.342880658159794,0.407201159128339,5078.24764909384,0.363382498837004
2025-04-17,0.036,6215,0.344128177845203,0.408637206151487,5078.24764909384,0.363382498968775
2025-04-17,0.036,6220,0.345374273334668,0.410071491810816,5078.24764909384,0.363382499297388
2025-04-17,0.036,6225,0.346618948993764,0.411504021927091,5078.24764909384,0.363382499150154
2025-04-17,0.036,6230,0.347862209042547,0.412934802466599,5078.24764909384,0.363382498998367
2025-04-17,0.036,6235,0.349104057992111,0.414363839250105,5078.24764909384,0.363382499149033
2025-04-17,0.036,6240,0.350344499916991,0.415791138098375,5078.24764909384,0.363382499494274
2025-04-17,0.036,6245,0.343556545291152,0.417216704686656,5078.24764909384,0.350852068621283
2025-04-17,0.036,6250,0.344770333782581,0.418640544690196,5078.24764909384,0.350852068555083
2025-04-17,0.036,6255,0.354057426326161,0.42006266378424,5078.24764909384,0.363382499157856
2025-04-17,0.036,6260,0.347193849907975,0.421483067644037,5078.24764909384,0.350852067897337
2025-04-17,0.036,6265,0.337742148864197,0.422901761944833,5078.24764909384,0.338321637295731
2025-04-17,0.036,6270,0.338919080555774,0.424318752070836,5078.24764909384,0.338321637529102
2025-04-17,0.036,6275,0.340094723675258,0.425734043551775,5078.24764909384,0.338321637616073
2025-04-17,0.036,6280,0.341269081860627,0.427147641771857,5078.24764909384,0.338321636972889
2025-04-17,0.036,6290,0.343613958271974,0.429969780548366,5078.24764909384,0.338321636884461
2025-04-17,0.036,6300,0.345953738748128,0.41832234654553,5078.24764909384,0.250608620542154
2025-04-17,0.036,6310,0.348288451810842,0.431784095876723,5078.24764909384,0.313260774919088
2025-04-17,0.036,6320,0.35061812583635,0.434566659701134,5078.24764909384,0.313260775048403
2025-04-17,0.036,6325,0.351781081868542,0.435955496527784,5078.24764909384,0.313260774938586
2025-04-17,0.036,6330,0.352942788618812,0.43734271008829,5078.24764909384,0.31326077530292
2025-04-17,0.036,6340,0.355262467806865,0.440112287055956,5078.24764909384,0.313260775450606
2025-04-17,0.036,6350,0.3403749787196,0.442875430039823,5078.24764909384,0.300730343828401
2025-04-17,0.036,6360,0.34258914255241,0.445632178330062,5078.24764909384,0.300730344109615
2025-04-17,0.036,6370,0.34479869037219,0.44838257034373,5078.24764909384,0.300730344607774
2025-04-17,0.036,6375,NA,0.449755394533901,5078.24764909384,NA
2025-04-17,0.036,6380,NA,0.440012784552085,5078.24764909384,NA
2025-04-17,0.036,6390,NA,0.453864436881268,5078.24764909384,NA
2025-04-17,0.036,6400,0.351399877859956,0.424812290462142,5078.24764909384,0.150365171823891
2025-04-17,0.036,6410,NA,0.455052935308184,5078.24764909384,NA
2025-04-17,0.036,6420,NA,0.457751841045063,5078.24764909384,NA
2025-04-17,0.036,6425,NA,0.45909901646601,5078.24764909384,NA
2025-04-17,0.036,6430,NA,0.460444679506407,5078.24764909384,NA
2025-04-17,0.036,6440,NA,0.463131485180255,5078.24764909384,NA
2025-04-17,0.036,6450,NA,0.45339941515064,5078.24764909384,NA
2025-04-17,0.036,6460,NA,0.468487135244504,5078.24764909384,NA
2025-04-17,0.036,6470,NA,0.471156047301311,5078.24764909384,NA
2025-04-17,0.036,6475,NA,0.472488289546851,5078.24764909384,NA
2025-04-17,0.036,6480,NA,0.473819061321357,5078.24764909384,NA
2025-04-17,0.036,6490,NA,0.476476210483008,5078.24764909384,NA
2025-04-17,0.036,6500,NA,0.437616766016744,5078.24764909384,NA
2025-04-17,0.036,6510,0.375260723545421,0.4817730424335,5078.24764909384,0.275669482403314
2025-04-17,0.036,6520,NA,0.48441278895973,5078.24764909384,NA
2025-04-17,0.036,6525,NA,0.485730508539391,5078.24764909384,NA
2025-04-17,0.036,6530,NA,0.487046797665786,5078.24764909384,NA
2025-04-17,0.036,6540,NA,0.489675099401727,5078.24764909384,NA
2025-04-17,0.036,6550,NA,0.48990278507023,5078.24764909384,NA
2025-04-17,0.036,6560,NA,0.492509525233378,5078.24764909384,NA
2025-04-17,0.036,6570,NA,0.495110681244575,5078.24764909384,NA
2025-04-17,0.036,6575,0.420926333195278,0.496409174397279,5078.24764909384,0.288199912881352
2025-04-17,0.036,6580,NA,0.49518836693506,5078.24764909384,NA
2025-04-17,0.036,6600,0.41390809843997,0.482525913998548,5078.24764909384,0.187956464848032
2025-04-17,0.036,6625,NA,0.506753348622059,5078.24764909384,NA
2025-04-17,0.036,6650,0.40488317174595,0.49836637352607,5078.24764909384,0.187956465269518
2025-04-17,0.036,6700,0.435660721873465,0.525787993559943,5078.24764909384,0.263139051209204
2025-04-17,0.036,6750,0.459884064789453,0.522964289433913,5078.24764909384,0.213017327398854
2025-04-17,0.036,6800,0.45699834724012,0.544886617448319,5078.24764909384,0.238078188918434
2025-04-17,0.036,6850,NA,0.557059832229994,5078.24764909384,NA
2025-04-17,0.036,6900,NA,0.569114126868675,5078.24764909384,NA
2025-04-17,0.036,6950,NA,0.58105215898064,5078.24764909384,NA
2025-04-17,0.036,7000,NA,0.574365027008422,5078.24764909384,NA
2025-04-17,0.036,7100,NA,0.61275532078363,5078.24764909384,NA
2025-04-17,0.036,7200,NA,0.631827358904961,5078.24764909384,NA
2025-04-17,0.036,7300,NA,0.654101348939329,5078.24764909384,NA
2025-04-17,0.036,7400,NA,0.675986425360423,5078.24764909384,NA
2025-04-17,0.036,7500,NA,0.69325918857642,5078.24764909384,NA
2025-04-17,0.036,7600,NA,0.681440974751657,5078.24764909384,NA
2025-04-17,0.036,7700,NA,0.735004815380189,5078.24764909384,NA
2025-04-17,0.036,7800,NA,0.750567803790271,5078.24764909384,NA
2025-04-17,0.036,7900,NA,0.770507807193535,5078.24764909384,NA
2025-04-17,0.036,8000,NA,0.766450579123124,5078.24764909384,NA
2025-04-17,0.036,8100,NA,0.809468258831704,5078.24764909384,NA
2025-04-17,0.036,8200,NA,0.796388961626867,5078.24764909384,NA
2025-04-17,0.036,8300,NA,0.841636235437088,5078.24764909384,NA
2025-04-17,0.036,8400,NA,0.823866000156061,5078.24764909384,NA
2025-04-17,0.036,8500,NA,0.878143480240666,5078.24764909384,NA
2025-04-17,0.036,8600,NA,0.896010045853563,5078.24764909384,NA
2025-04-17,0.036,8700,NA,0.913628395228357,5078.24764909384,NA
2025-04-17,0.036,8800,NA,0.901574992913118,5078.24764909384,NA
2025-04-17,0.036,8900,NA,0.948147936159809,5078.24764909384,NA
2025-04-17,0.036,9000,NA,0.847527938913692,5078.24764909384,NA
2025-04-17,0.036,9200,NA,0.998229780833731,5078.24764909384,NA
2025-04-17,0.036,9600,NA,1.05480975414899,5078.24764909384,NA
2025-04-17,0.036,10000,NA,1.08855357904575,5078.24764909384,NA
2025-04-17,0.036,10400,NA,1.14513264199319,5078.24764909384,NA
2025-04-17,0.036,10800,NA,1.19925657317869,5078.24764909384,NA
2025-04-17,0.036,10900,NA,1.2124282786832,5078.24764909384,NA
2025-04-17,0.036,11000,NA,1.22546224507139,5078.24764909384,NA
2025-04-21,0.04,2200,1.3548307174779,1.51239774438484,5078.58491991056,2879.13786347714
2025-04-21,0.04,2400,1.29651143959172,1.40621796862842,5078.58491991056,2679.41433526051
2025-04-21,0.04,2600,1.23386621083808,1.30207056646726,5078.58491991056,2479.79134223793
2025-04-21,0.04,2800,1.16806653402555,1.21392360817172,5078.58491991056,2280.39455340252
2025-04-21,0.04,3000,1.1076574392953,1.14271760977989,5078.58491991056,2081.45017293823
2025-04-21,0.04,3200,1.04631487543743,1.07332013447208,5078.58491991056,1883.00846844513
2025-04-21,0.04,3400,0.984117557399377,1.00284748450479,5078.58491991056,1685.22024271081
2025-04-21,0.04,3600,0.918026966119085,0.934633964806994,5078.58491991056,1488.33683372355
2025-04-21,0.04,3800,0.849395337300495,0.863872522623254,5078.58491991056,1292.55931187411
2025-04-21,0.04,4000,0.78111899742122,0.793510400272886,5078.58491991056,1098.59142350591
2025-04-21,0.04,4200,0.713658289334584,0.724778627210965,5078.58491991056,907.4887881769
2025-04-21,0.04,4300,0.679852679334068,0.692259463996688,5078.58491991056,813.571167400459
2025-04-21,0.04,4400,0.647963546237249,0.659663436693061,5078.58491991056,721.211842154371
2025-04-21,0.04,4500,0.616575922488821,0.628430031959435,5078.58491991056,630.86322076944
2025-04-21,0.04,4600,0.587067204781757,0.597802639116142,5078.58491991056,543.178782020566
2025-04-21,0.04,4700,0.557715251219469,0.566558623853527,5078.58491991056,458.460131513205
2025-04-21,0.04,4800,0.527603975810189,0.537601626296273,5078.58491991056,377.813156326553
2025-04-21,0.04,4900,0.498600003797464,0.507222144246384,5078.58491991056,301.941602889933
2025-04-21,0.04,4950,0.482447885901499,0.493126419336958,5078.58491991056,266.066797638269
2025-04-21,0.04,5000,0.469502964719858,0.477622779457942,5078.58491991056,232.202696239581
2025-04-21,0.04,5050,0.452639515156056,0.462870687501765,5078.58491991056,199.545017222131
2025-04-21,0.04,5075,0.445348131638688,0.455534666712031,5078.58491991056,184.19639584721
2025-04-21,0.04,5100,0.438478313321985,0.44790634800395,5078.58491991056,169.401801795323
2025-04-21,0.04,5125,0.430644934408716,0.440587536309164,5078.58491991056,155.025269046936
2025-04-21,0.04,5130,0.429604126279835,0.439056949276277,5078.58491991056,152.310818810425
2025-04-21,0.04,5140,0.426852108817236,0.436323741037226,5078.58491991056,146.881918343883
2025-04-21,0.04,5150,0.423615189816058,0.433361330383547,5078.58491991056,141.402750278173
2025-04-21,0.04,5160,0.421139356353997,0.430665783374221,5078.58491991056,136.225187797554
2025-04-21,0.04,5170,0.417918869084457,0.427733628480608,5078.58491991056,130.947090130341
2025-04-21,0.04,5175,0.416845597378931,0.426429071108271,5078.58491991056,128.483977871648
2025-04-21,0.04,5180,0.415711486589662,0.424811575235508,5078.58491991056,125.970598013085
2025-04-21,0.04,5190,0.412240864703034,0.422150463296302,5078.58491991056,120.893570728945
2025-04-21,0.04,5200,0.409528886253109,0.419496269337595,5078.58491991056,116.067881413434
2025-04-21,0.04,5210,0.407329037139309,0.416589626279684,5078.58491991056,111.392994910391
2025-04-21,0.04,5220,0.404352889186617,0.413940307503617,5078.58491991056,106.718108371237
2025-04-21,0.04,5225,0.403153514803779,0.412518263788493,5078.58491991056,104.456066507629
2025-04-21,0.04,5230,0.401887754147112,0.411290700017552,5078.58491991056,102.244292233312
2025-04-21,0.04,5240,0.399152643681703,0.408638594258681,5078.58491991056,97.820743721752
2025-04-21,0.04,5250,0.396404391527169,0.405981841345681,5078.58491991056,93.4977303732466
2025-04-21,0.04,5260,0.394179255259239,0.402513561153251,5078.58491991056,89.224984639849
2025-04-21,0.04,5270,0.391130638623191,0.400646086368894,5078.58491991056,85.2035768707507
2025-04-21,0.04,5275,0.389493437274422,0.399340136960346,5078.58491991056,83.1426053990883
2025-04-21,0.04,5280,0.38860677467317,0.397963068267541,5078.58491991056,81.2324366915835
2025-04-21,0.04,5290,0.386067096574794,0.395545260567453,5078.58491991056,77.4120993432989
2025-04-21,0.04,5295,0.384685181366623,0.394508606282774,5078.58491991056,75.5521982582761
2025-04-21,0.04,5300,0.383509965200332,0.393120480171664,5078.58491991056,73.6922971669137
2025-04-21,0.04,5305,0.382260093925423,0.391940653231033,5078.58491991056,71.882663682445
2025-04-21,0.04,5310,0.380933807196709,0.390687867207503,5078.58491991056,70.0730301866563
2025-04-21,0.04,5315,0.379819626419498,0.389360442227981,5078.58491991056,68.3136642857885
2025-04-21,0.04,5320,0.378337118623487,0.388246706593857,5078.58491991056,66.5542984010692
2025-04-21,0.04,5325,0.377067548129894,0.385596125439144,5078.58491991056,64.593862110704
2025-04-21,0.04,5330,0.376016434480168,0.385796442738601,5078.58491991056,63.1863693765672
2025-04-21,0.04,5335,0.374588437722043,0.38445624597964,5078.58491991056,61.4772711004447
2025-04-21,0.04,5340,0.373380065598982,0.383336698165055,5078.58491991056,59.8687080006134
2025-04-21,0.04,5345,0.372091227059955,0.38214104659869,5078.58491991056,58.260144903709
2025-04-21,0.04,5350,0.371029080148102,0.37964416393677,5078.58491991056,56.5007790023596
2025-04-21,0.04,5355,0.369575445389171,0.37951328532088,5078.58491991056,55.093286277924
2025-04-21,0.04,5360,0.368349989899708,0.378388284030544,5078.58491991056,53.5852583635416
2025-04-21,0.04,5365,0.367360125115658,0.377184598497301,5078.58491991056,52.1274980631265
2025-04-21,0.04,5370,0.365968234424079,0.376217901817485,5078.58491991056,50.669737750626
2025-04-21,0.04,5375,0.36481389341674,0.374853365525114,5078.58491991056,49.2119774572016
2025-04-21,0.04,5380,0.36357527106334,0.373727859574357,5078.58491991056,47.8044847346747
2025-04-21,0.04,5385,0.362583854026493,0.372849492292382,5078.58491991056,46.4975272029216
2025-04-21,0.04,5390,0.361510674289071,0.371562831738507,5078.58491991056,45.1403020758005
2025-04-21,0.04,5395,0.360353127494808,0.370525899075689,5078.58491991056,43.8333445557569
2025-04-21,0.04,5400,0.35910837834854,0.369407944404783,5078.58491991056,42.5263870347495
2025-04-21,0.04,5405,0.358124726941254,0.36820638228701,5078.58491991056,41.2696971286765
2025-04-21,0.04,5410,0.35670095809658,0.367266893032059,5078.58491991056,40.0130072021544
2025-04-21,0.04,5415,0.355541378108721,0.366247008665527,5078.58491991056,38.8065848541868
2025-04-21,0.04,5420,0.354657572776024,0.365144113044095,5078.58491991056,37.6504301424477
2025-04-21,0.04,5425,0.353319216397782,0.36431748393256,5078.58491991056,36.4942754084908
2025-04-21,0.04,5430,0.352260568202908,0.363044894353115,5078.58491991056,35.3381206672514
2025-04-21,0.04,5435,0.351494663942582,0.362052560982166,5078.58491991056,34.2825011342005
2025-04-21,0.04,5440,0.350259172142705,0.361352810165025,5078.58491991056,33.2268815911137
2025-04-21,0.04,5445,0.349321356649043,0.360193547554437,5078.58491991056,32.1712620633173
2025-04-21,0.04,5450,0.34829561208073,0.359331789682983,5078.58491991056,31.1659101133534
2025-04-21,0.04,5460,0.345966044866279,0.357357545750367,5078.58491991056,29.1552062513328
2025-04-21,0.04,5470,0.344095605129194,0.355440378794849,5078.58491991056,27.2953051482694
2025-04-21,0.04,5475,0.343023144110866,0.35455930674839,5078.58491991056,26.390488409999
2025-04-21,0.04,5480,0.342297280318405,0.354018286185291,5078.58491991056,25.5862068582881
2025-04-21,0.04,5490,0.340587055421753,0.352267789445321,5078.58491991056,23.9273761586194
2025-04-21,0.04,5500,0.338506936701587,0.350617698883158,5078.58491991056,22.3188130568273
2025-04-21,0.04,5505,0.337803698663481,0.349662367976731,5078.58491991056,21.5647990948377
2025-04-21,0.04,5510,0.337013777631224,0.348615165445261,5078.58491991056,20.8107851430235
2025-04-21,0.04,5515,0.336133294646293,0.347952864272998,5078.58491991056,20.1070387971329
2025-04-21,0.04,5520,0.335157972464245,0.347208434856051,5078.58491991056,19.4032924350825
2025-04-21,0.04,5525,0.334609446023271,0.346378418640727,5078.58491991056,18.7498136689293
2025-04-21,0.04,5530,0.333978533623193,0.345966914779772,5078.58491991056,18.1466025112519
2025-04-21,0.04,5535,0.333261562069571,0.344964349811706,5078.58491991056,17.4931237554846
2025-04-21,0.04,5540,0.332454485347894,0.344392316061353,5078.58491991056,16.8899125886331
2025-04-21,0.04,5545,0.331552832382209,0.343739706901189,5078.58491991056,16.2867014298168
2025-04-21,0.04,5550,0.331135600887419,0.343003002950518,5078.58491991056,15.7337578592364
2025-04-21,0.04,5555,0.33004355881196,0.342178336455789,5078.58491991056,15.1305466875279
2025-04-21,0.04,5560,0.329452550091745,0.341832815489572,5078.58491991056,14.6278707141876
2025-04-21,0.04,5565,0.328774629184714,0.340831917443396,5078.58491991056,14.0749271584366
2025-04-21,0.04,5570,0.328005384968805,0.34032589598265,5078.58491991056,13.5722511827313
2025-04-21,0.04,5575,0.327139922761811,0.339740014920804,5078.58491991056,13.0695752176257
2025-04-21,0.04,5580,0.326842467208151,0.338448537246431,5078.58491991056,12.5668992449988
2025-04-21,0.04,5585,0.326469954621972,0.33767734336492,5078.58491991056,12.1144908786211
2025-04-21,0.04,5590,0.325318686542573,0.336813105992631,5078.58491991056,11.6118149016416
2025-04-21,0.04,5595,0.324768545275565,0.336518013233445,5078.58491991056,11.2096741345733
2025-04-21,0.04,5600,0.324130672403396,0.336150551617043,5078.58491991056,10.8075333488007
2025-04-21,0.04,5605,0.323400226067311,0.335010870500144,5078.58491991056,10.3551249801913
2025-04-21,0.04,5610,0.323345772509489,0.33447265205384,5078.58491991056,10.0032517948388
2025-04-21,0.04,5615,0.322435162257903,0.333850344637795,5078.58491991056,9.60111102295951
2025-04-21,0.04,5620,0.321415420791179,0.333887150505943,5078.58491991056,9.24923783926229
2025-04-21,0.04,5625,0.321118257439976,0.333102151804532,5078.58491991056,8.89736467053223
2025-04-21,0.04,5630,0.320744208608107,0.333002726862369,5078.58491991056,8.59575909059984
2025-04-21,0.04,5635,0.320289225807237,0.332038374496097,5078.58491991056,8.24388590556421
2025-04-21,0.04,5640,0.319748815551462,0.331788753561617,5078.58491991056,7.94228032505302
2025-04-21,0.04,5645,0.319117969799156,0.331467502134098,5078.58491991056,7.64067474452409
2025-04-21,0.04,5650,0.318391083298093,0.33107111509372,5078.58491991056,7.33906916173711
2025-04-21,0.04,5655,0.31756185157652,0.330595725996606,5078.58491991056,7.03746358111221
2025-04-21,0.04,5660,0.316623146233242,0.330037054396891,5078.58491991056,6.73585799258288
2025-04-21,0.04,5665,0.316613793280767,0.329390343564527,5078.58491991056,6.48452001037946
2025-04-21,0.04,5670,0.315467964416241,0.328650285397396,5078.58491991056,6.18291442307039
2025-04-21,0.04,5675,0.315300899698272,0.328792128444853,5078.58491991056,5.98184403729309
2025-04-21,0.04,5680,0.3150620748297,0.327877254627625,5078.58491991056,5.73050605536373
2025-04-21,0.04,5685,0.314747509279633,0.327886173933026,5078.58491991056,5.52943567027994
2025-04-21,0.04,5690,0.314352775191305,0.327835158119657,5078.58491991056,5.32836527830251
2025-04-21,0.04,5695,0.313872926077693,0.326636242558706,5078.58491991056,5.07702729874387
2025-04-21,0.04,5700,0.313302409510021,0.326429353032256,5078.58491991056,4.87595690634943
2025-04-21,0.04,5705,0.312634962343976,0.326151672076198,5078.58491991056,4.67488651586964
2025-04-21,0.04,5710,0.311863479024871,0.326972171630001,5078.58491991056,4.5240837306188
2025-04-21,0.04,5715,0.310979848606195,0.325368030777439,5078.58491991056,4.2727457426144
2025-04-21,0.04,5720,0.311435212812764,0.326094518992582,5078.58491991056,4.17221054375422
2025-04-21,0.04,5725,0.310357290315131,0.325528537383772,5078.58491991056,3.97114016281375
2025-04-21,0.04,5730,0.310696104449139,0.324870398059265,5078.58491991056,3.8203373712029
2025-04-21,0.04,5740,0.309603476077015,0.324643043155794,5078.58491991056,3.5187317896215
2025-04-21,0.04,5750,0.308985712933057,0.324144448410504,5078.58491991056,3.24226000734332
2025-04-21,0.04,5760,0.308027435118278,0.323342114449038,5078.58491991056,2.96578822250675
2025-04-21,0.04,5770,0.307683323359532,0.323835294135634,5078.58491991056,2.76471783297946
2025-04-21,0.04,5775,0.307399618783685,0.324010735809123,5078.58491991056,2.66418264096848
2025-04-21,0.04,5780,0.307034646854459,0.323279204918796,5078.58491991056,2.53851364680406
2025-04-21,0.04,5790,0.306036191783811,0.323323235376298,5078.58491991056,2.33744326066331
2025-04-21,0.04,5800,0.305867595040207,0.32312855898126,5078.58491991056,2.16150666700107
2025-04-21,0.04,5810,0.305417292135274,0.323680069729009,5078.58491991056,2.01070387834612
2025-04-21,0.04,5820,0.304643751902951,0.324050099030854,5078.58491991056,1.85990108999637
2025-04-21,0.04,5825,0.304850779381558,0.324702258245799,5078.58491991056,1.80963349166505
2025-04-21,0.04,5830,0.303493192210785,0.32532718762593,5078.58491991056,1.73423209650619
2025-04-21,0.04,5840,0.30355183206358,0.325341530139098,5078.58491991056,1.60856310375513
2025-04-21,0.04,5850,0.303360502172487,0.326338619366982,5078.58491991056,1.50802790836696
2025-04-21,0.04,5860,0.3028831377984,0.327203476359822,5078.58491991056,1.4074927149037
2025-04-21,0.04,5870,0.302073364897869,0.329234910046881,5078.58491991056,1.33209131837247
2025-04-21,0.04,5875,0.301525454876024,0.329570011550757,5078.58491991056,1.28182372455292
2025-04-21,0.04,5880,0.30086999106665,0.329866446142045,5078.58491991056,1.2315561255943
2025-04-21,0.04,5890,0.301606739109625,0.331748877821432,5078.58491991056,1.18128853043699
2025-04-21,0.04,5900,0.2996225060148,0.332116830419454,5078.58491991056,1.08075333550245
2025-04-21,0.04,5950,0.298223518354164,0.33999134963434,5078.58491991056,0.829415349854166
2025-04-21,0.04,6000,0.312172350701547,0.349851861998199,5078.58491991056,0.754013953750269
2025-04-21,0.04,6100,0.282821812313015,0.368396149156889,5078.58491991056,0.452408373420317
2025-04-21,0.04,6200,NA,0.394135745178226,5078.58491991056,NA
2025-04-21,0.04,6300,NA,0.39686042817774,5078.58491991056,NA
2025-04-21,0.04,6400,NA,0.442239112912911,5078.58491991056,NA
2025-04-21,0.04,6600,NA,0.48993429331364,5078.58491991056,NA
2025-04-21,0.04,6800,NA,0.534626957254725,5078.58491991056,NA
2025-04-21,0.04,7000,NA,0.576480666662622,5078.58491991056,NA
2025-04-21,0.04,7200,NA,0.62119800454013,5078.58491991056,NA
2025-04-21,0.04,7400,NA,0.658406492023198,5078.58491991056,NA
2025-04-22,0.044,2200,1.31164133753876,1.4580121383314,5079.28480574614,2879.91237692711
2025-04-22,0.044,2400,1.26687911602496,1.35817896372375,5079.28480574614,2680.26381678793
2025-04-22,0.044,2600,1.20100194153269,1.26298641743785,5079.28480574614,2480.71566803796
2025-04-22,0.044,2800,1.13693982626269,1.17899028149349,5079.28480574614,2281.41854776057
2025-04-22,0.044,3000,1.07830641661903,1.1105075698449,5079.28480574614,2082.62348442869
2025-04-22,0.044,3200,1.01729136660539,1.04094623691572,5079.28480574614,1884.30537519262
2025-04-22,0.044,3400,0.954100140679166,0.972871477442145,5079.28480574614,1686.6650428342
2025-04-22,0.044,3600,0.88968918718835,0.904703986034295,5079.28480574614,1489.92841297555
2025-04-22,0.044,3800,0.822647644546038,0.836950401590683,5079.28480574614,1294.3967197831
2025-04-22,0.044,4000,0.756698863425873,0.768907815237523,5079.28480574614,1100.72263727956
2025-04-22,0.044,4200,0.691796663615919,0.703305383087553,5079.28480574614,910.060896461039
2025-04-22,0.044,4300,0.659654105277421,0.671711631168878,5079.28480574614,816.386813961471
2025-04-22,0.044,4400,0.62865578091354,0.640488186930187,5079.28480574614,724.269107998578
2025-04-22,0.044,4500,0.598546034910551,0.610056417520576,5079.28480574614,634.159629807364
2025-04-22,0.044,4600,0.569103576584616,0.579915722795317,5079.28480574614,546.510230637801
2025-04-22,0.044,4700,0.540379794132614,0.550905053263608,5079.28480574614,462.124201615673
2025-04-22,0.044,4800,0.511387242026402,0.521149640721179,5079.28480574614,381.35298258433
2025-04-22,0.044,4900,0.482555151415586,0.492034035873568,5079.28480574614,305.451715952545
2025-04-22,0.044,4950,0.468423397564766,0.47833581733784,5079.28480574614,269.860750251944
2025-04-22,0.044,5000,0.454186543088287,0.46360823881046,5079.28480574614,235.67554400553
2025-04-22,0.044,5050,0.440394404017851,0.450137329776227,5079.28480574614,203.649182657422
2025-04-22,0.044,5075,0.431991736864076,0.443348235007831,5079.28480574614,188.037647528727
2025-04-22,0.044,5100,0.426688185566727,0.436137582314728,5079.28480574614,173.510880112576
2025-04-22,0.044,5125,0.419314999331019,0.429252539784312,5079.28480574614,159.152051482809
2025-04-22,0.044,5130,0.418581294239037,0.427815495372895,5079.28480574614,156.49114963668
2025-04-22,0.044,5140,0.416006319451642,0.425257344491252,5079.28480574614,151.068934661091
2025-04-22,0.044,5150,0.413213136367092,0.422486289776594,5079.28480574614,145.646719666872
2025-04-22,0.044,5160,0.410196912876419,0.419974614074211,5079.28480574614,140.324916043243
2025-04-22,0.044,5170,0.40790979330765,0.417243579600257,5079.28480574614,135.203935205757
2025-04-22,0.044,5175,0.406681466725313,0.416033908427723,5079.28480574614,132.693650485931
2025-04-22,0.044,5180,0.405395771108937,0.414768409268973,5079.28480574614,130.183365759223
2025-04-22,0.044,5190,0.402407708630132,0.412067247694195,5079.28480574614,125.112590639825
2025-04-22,0.044,5200,0.40015024571908,0.409619390725718,5079.28480574614,120.343049630282
2025-04-22,0.044,5210,0.397655688744252,0.407182693038953,5079.28480574614,115.623714363805
2025-04-22,0.044,5220,0.395163537637569,0.4045096518762,5079.28480574614,110.954584773524
2025-04-22,0.044,5225,0.393825012893668,0.403205568459742,5079.28480574614,108.645122826627
2025-04-22,0.044,5230,0.392671698669468,0.401840555592146,5079.28480574614,106.385866581405
2025-04-22,0.044,5240,0.390178144030561,0.399422628129796,5079.28480574614,101.967765458866
2025-04-22,0.044,5250,0.387680910230928,0.397008625901059,5079.28480574614,97.6500757290911
2025-04-22,0.044,5260,0.385178095189727,0.394597065483697,5079.28480574614,93.4327973925817
2025-04-22,0.044,5270,0.382667857216569,0.392186564009206,5079.28480574614,89.3159304380197
2025-04-22,0.044,5275,0.381441820669131,0.390755528083587,5079.28480574614,87.2574969886109
2025-04-22,0.044,5280,0.380148414283914,0.389775842946315,5079.28480574614,85.2994749073372
2025-04-22,0.044,5290,0.376825026492777,0.387363733048635,5079.28480574614,81.2328136799841
2025-04-22,0.044,5295,0.377179322845954,0.386189846927396,5079.28480574614,79.6262314308888
2025-04-22,0.044,5300,0.375342918292358,0.384949180175425,5079.28480574614,77.618003663122
2025-04-22,0.044,5305,0.373966975917792,0.383640309324376,5079.28480574614,75.7101872757032
2025-04-22,0.044,5310,0.372789668059206,0.382531254313786,5079.28480574614,73.9027822449412
2025-04-22,0.044,5315,0.371815321874113,0.381354702281677,5079.28480574614,72.1455829522445
2025-04-22,0.044,5320,0.370496923593125,0.380109158891875,5079.28480574614,70.3381779663769
2025-04-22,0.044,5325,0.369382418453724,0.379068523348709,5079.28480574614,68.631184330225
2025-04-22,0.044,5330,0.368196416262347,0.377959880884915,5079.28480574614,66.9241907218188
2025-04-22,0.044,5335,0.366937132663149,0.376781672990372,5079.28480574614,65.2171971084396
2025-04-22,0.044,5340,0.365887892426989,0.375532218918872,5079.28480574614,63.5604091982868
2025-04-22,0.044,5345,0.364766569569784,0.37449426383849,5079.28480574614,61.953826972649
2025-04-22,0.044,5350,0.363571297808406,0.373386322049415,5079.28480574614,60.347244744465
2025-04-22,0.044,5355,0.362300058064618,0.372206646448702,5079.28480574614,58.7406625393756
2025-04-22,0.044,5360,0.361246804555757,0.370953350526063,5079.28480574614,57.1842859994047
2025-04-22,0.044,5365,0.360119101265801,0.369919438986366,5079.28480574614,55.6781151658722
2025-04-22,0.044,5370,0.358007724740687,0.368813494447655,5079.28480574614,54.0213272441456
2025-04-22,0.044,5375,0.357631746324859,0.367934318079193,5079.28480574614,52.7159791978814
2025-04-22,0.044,5380,0.356576138170595,0.366681416658975,5079.28480574614,51.2600140554728
2025-04-22,0.044,5385,0.355443599715766,0.365657305834184,5079.28480574614,49.8542546106986
2025-04-22,0.044,5390,0.354547465854969,0.364559229370518,5079.28480574614,48.4987008524008
2025-04-22,0.044,5395,0.353257557895692,0.363698604802223,5079.28480574614,47.1431471244522
2025-04-22,0.044,5400,0.352206494013516,0.362449528643962,5079.28480574614,45.7875933661504
2025-04-22,0.044,5405,0.351076136745261,0.361440409493277,5079.28480574614,44.4822452996355
2025-04-22,0.044,5410,0.35019513352936,0.360355462640645,5079.28480574614,43.2271029449378
2025-04-22,0.044,5415,0.348902439023836,0.359520623629576,5079.28480574614,41.9719605943228
2025-04-22,0.044,5420,0.347862138756797,0.358613062731827,5079.28480574614,40.7670239165844
2025-04-22,0.044,5425,0.347084706905785,0.357630576205355,5079.28480574614,39.6122929473421
2025-04-22,0.044,5430,0.34588315351916,0.356570774771199,5079.28480574614,38.4073562590764
2025-04-22,0.044,5435,0.344948270964013,0.355431064695989,5079.28480574614,37.2526253049566
2025-04-22,0.044,5440,0.343932911806559,0.354558343993679,5079.28480574614,36.1481000070189
2025-04-22,0.044,5445,0.342834145145554,0.35360955024413,5079.28480574614,35.0435747557988
2025-04-22,0.044,5450,0.342018527322753,0.352582105430042,5079.28480574614,33.9892551524337
2025-04-22,0.044,5460,0.339767295687321,0.351018820680194,5079.28480574614,31.9308216744183
2025-04-22,0.044,5470,0.337939082988883,0.349149507988943,5079.28480574614,29.9727995901993
2025-04-22,0.044,5475,0.337098423939319,0.348478904512485,5079.28480574614,29.0690970980277
2025-04-22,0.044,5480,0.336175575818065,0.347343390190992,5079.28480574614,28.1151889088928
2025-04-22,0.044,5490,0.334069634869846,0.345612287807081,5079.28480574614,26.3077838994329
2025-04-22,0.044,5500,0.332463068213015,0.343969889241788,5079.28480574614,24.6509959795779
2025-04-22,0.044,5510,0.330967218639045,0.34243198958046,5079.28480574614,23.0946194538456
2025-04-22,0.044,5520,0.329134598893081,0.34101674291942,5079.28480574614,21.5884486256593
2025-04-22,0.044,5525,0.32832134139093,0.339964196924678,5079.28480574614,20.8353632129608
2025-04-22,0.044,5530,0.327421332791665,0.339282944065618,5079.28480574614,20.1324834804926
2025-04-22,0.044,5535,0.326927410957393,0.338523531123637,5079.28480574614,19.4798094548669
2025-04-22,0.044,5540,0.326358337357636,0.338161899149994,5079.28480574614,18.8773411189509
2025-04-22,0.044,5545,0.325194354251267,0.337245315046169,5079.28480574614,18.174461400986
2025-04-22,0.044,5550,0.324454436510117,0.336737652565943,5079.28480574614,17.5719930594421
2025-04-22,0.044,5555,0.324166693777795,0.336156896397601,5079.28480574614,17.0197304225142
2025-04-22,0.044,5560,0.3232617705602,0.335500025418025,5079.28480574614,16.417262085381
2025-04-22,0.044,5565,0.322262170690381,0.33476373226792,5079.28480574614,15.8147937545077
2025-04-22,0.044,5570,0.321737808723277,0.333944386680995,5079.28480574614,15.2625311261133
2025-04-22,0.044,5575,0.321134690917843,0.333585767681401,5079.28480574614,14.7604741791536
2025-04-22,0.044,5580,0.320449030720217,0.332600154239384,5079.28480574614,14.2082115277185
2025-04-22,0.044,5585,0.319676644600291,0.332090244943447,5079.28480574614,13.7061545933466
2025-04-22,0.044,5590,0.319440381450876,0.330336938665204,5079.28480574614,13.1538919551214
2025-04-22,0.044,5595,0.318495995039893,0.32964789820319,5079.28480574614,12.6518350012883
2025-04-22,0.044,5600,0.318107955269128,0.329486102879244,5079.28480574614,12.2501894498357
2025-04-22,0.044,5605,0.31697303917687,0.328639049718129,5079.28480574614,11.7481325142118
2025-04-22,0.044,5610,0.316416617594288,0.32833808162317,5079.28480574614,11.346486952558
2025-04-22,0.044,5615,0.315777091187992,0.327317504876512,5079.28480574614,10.8946357006773
2025-04-22,0.044,5620,0.315773129283552,0.326863566612117,5079.28480574614,10.5431958380849
2025-04-22,0.044,5625,0.314972485090482,0.326334601437668,5079.28480574614,10.1415502831467
2025-04-22,0.044,5630,0.314074827644161,0.325726908073529,5079.28480574614,9.73990473338961
2025-04-22,0.044,5635,0.313854608563361,0.325750093349024,5079.28480574614,9.43867056406086
2025-04-22,0.044,5640,0.312767166639344,0.324990292598502,5079.28480574614,9.03702499846025
2025-04-22,0.044,5645,0.312387827313174,0.324139358587115,5079.28480574614,8.68558513782091
2025-04-22,0.044,5650,0.311932140636164,0.323959073745199,5079.28480574614,8.38435097203615
2025-04-22,0.044,5655,0.311395911145634,0.323715034197805,5079.28480574614,8.08311680909071
2025-04-22,0.044,5660,0.310774470005103,0.323404337710959,5079.28480574614,7.78188264254548
2025-04-22,0.044,5665,0.310062599334326,0.322202178964661,5079.28480574614,7.43044278138667
2025-04-22,0.044,5670,0.309254440823271,0.32172793612191,5079.28480574614,7.12920861986221
2025-04-22,0.044,5675,0.309311427287457,0.322038816253926,5079.28480574614,6.92838583746595
2025-04-22,0.044,5680,0.308322105289845,0.321426210163206,5079.28480574614,6.62715166758686
2025-04-22,0.044,5685,0.308241328044971,0.320727324893982,5079.28480574614,6.37612319796449
2025-04-22,0.044,5690,0.307047603879778,0.320867229480812,5079.28480574614,6.12509472908413
2025-04-22,0.044,5695,0.306811388460644,0.320007138822286,5079.28480574614,5.87406625716636
2025-04-22,0.044,5700,0.306504378264964,0.319044939557392,5079.28480574614,5.62303778613466
2025-04-22,0.044,5705,0.306122515927732,0.318984918291284,5079.28480574614,5.42221500459821
2025-04-22,0.044,5710,0.305661278713697,0.318866105832463,5079.28480574614,5.22139222818899
2025-04-22,0.044,5715,0.305115602556358,0.318685702683476,5079.28480574614,5.02056945046196
2025-04-22,0.044,5720,0.30447978936227,0.318440633879118,5079.28480574614,4.81974666747715
2025-04-22,0.044,5725,0.30374739379714,0.318127510714888,5079.28480574614,4.61892388814586
2025-04-22,0.044,5730,0.302911081550174,0.317742585781578,5079.28480574614,4.41810111375274
2025-04-22,0.044,5740,0.302331607842122,0.31674021333535,5079.28480574614,4.06666125235559
2025-04-22,0.044,5750,0.301440759964532,0.31667274425351,5079.28480574614,3.76542708202135
2025-04-22,0.044,5760,0.301005036477947,0.316370074457584,5079.28480574614,3.48929576368084
2025-04-22,0.044,5770,0.300274435163965,0.3158065844277,5079.28480574614,3.21316444611853
2025-04-22,0.044,5775,0.299339313811888,0.314686360385614,5079.28480574614,3.03744451721775
2025-04-22,0.044,5780,0.299206934311461,0.314950823982588,5079.28480574614,2.93703312856647
2025-04-22,0.044,5790,0.298738453736102,0.315350571060193,5079.28480574614,2.73621035016785
2025-04-22,0.044,5800,0.297967150278669,0.314736399765471,5079.28480574614,2.5102847224942
2025-04-22,0.044,5810,0.297971961287362,0.31470451928407,5079.28480574614,2.33456479568322
2025-04-22,0.044,5820,0.296538304707329,0.314443135745472,5079.28480574614,2.13374201366061
2025-04-22,0.044,5825,0.296903625154925,0.315168700932632,5079.28480574614,2.08353632174732
2025-04-22,0.044,5830,0.29594704947767,0.314905119763797,5079.28480574614,1.98312492937605
2025-04-22,0.044,5840,0.295029183350114,0.316208343598623,5079.28480574614,1.85761069765076
2025-04-22,0.044,5850,0.295233111561816,0.31635917987521,5079.28480574614,1.73209645796909
2025-04-22,0.044,5860,0.295224100142791,0.31741801418908,5079.28480574614,1.63168507113147
2025-04-22,0.044,5870,0.294974449958961,0.318362325075623,5079.28480574614,1.53127368339443
2025-04-22,0.044,5875,0.294748837792859,0.318789070321551,5079.28480574614,1.48106798712965
2025-04-22,0.044,5880,0.294449295349035,0.319184083661132,5079.28480574614,1.43086229155879
2025-04-22,0.044,5890,0.293603801862194,0.319874034199924,5079.28480574614,1.33045090404087
2025-04-22,0.044,5900,0.29237880315735,0.321721784590785,5079.28480574614,1.25514236183646
2025-04-22,0.044,5950,0.290902983421577,0.328612391337027,5079.28480574614,0.953908195946317
2025-04-22,0.044,6000,0.288853949775125,0.336883266014635,5079.28480574614,0.753085417280127
2025-04-22,0.044,6100,NA,0.355536349403375,5079.28480574614,NA
2025-04-22,0.044,6200,NA,0.35692542226209,5079.28480574614,NA
2025-04-22,0.044,6300,NA,0.401815004611793,5079.28480574614,NA
2025-04-22,0.044,6400,0.351911752537564,0.424511105980204,5079.28480574614,0.426748403599257
2025-04-22,0.044,6600,NA,0.470458025688257,5079.28480574614,NA
2025-04-22,0.044,6800,NA,0.513584814347545,5079.28480574614,NA
2025-04-22,0.044,7000,NA,0.554061206370406,5079.28480574614,NA
2025-04-22,0.044,7200,NA,0.592003825316571,5079.28480574614,NA
2025-04-22,0.044,7400,NA,0.633113063689043,5079.28480574614,NA
2025-04-23,0.048,2200,1.30113928420146,1.41712874044458,5079.77562289563,2880.55501353224
2025-04-23,0.048,2400,1.2378584258989,1.3159946799128,5079.77562289563,2680.90699640072
2025-04-23,0.048,2600,1.17546457551455,1.22812122471846,5079.77562289563,2481.46011233589
2025-04-23,0.048,2800,1.11165004420193,1.15031631315769,5079.77562289563,2282.28978623985
2025-04-23,0.048,3000,1.05183432316916,1.08187991530763,5079.77562289563,2083.59715117782
2025-04-23,0.048,3200,0.991577987023492,1.01262176352868,5079.77562289563,1885.40734878538
2025-04-23,0.048,3400,0.927986484766505,0.944979796931476,5079.77562289563,1687.87122886406
2025-04-23,0.048,3600,0.86380612514445,0.87892935569497,5079.77562289563,1491.29049101327
2025-04-23,0.048,3800,0.797626022705282,0.810900112865998,5079.77562289563,1295.81598503279
2025-04-23,0.048,4000,0.734348906718767,0.745731284279602,5079.77562289563,1102.45337626156
2025-04-23,0.048,4200,0.671011589458952,0.683506749357945,5079.77562289563,912.158046773584
2025-04-23,0.048,4400,0.611635181870248,0.623211498771615,5079.77562289563,726.991610501203
2025-04-23,0.048,4500,0.582809741193653,0.594435933038235,5079.77562289563,637.24939693081
2025-04-23,0.048,4600,0.554889938815768,0.565470215245781,5079.77562289563,549.971063471594
2025-04-23,0.048,4700,0.52817124293519,0.537297765280567,5079.77562289563,466.011425605207
2025-04-23,0.048,4800,0.500024439119855,0.509072577573855,5079.77562289563,385.571616431542
2025-04-23,0.048,4900,0.471736653148368,0.48154080376176,5079.77562289563,309.908717607026
2025-04-23,0.048,4950,0.457981483218569,0.467713096463566,5079.77562289563,274.239448676571
2025-04-23,0.048,5000,0.445600199041157,0.45416753304831,5079.77562289563,240.531227096134
2025-04-23,0.048,5050,0.430959796963373,0.440530028886412,5079.77562289563,208.080087247731
2025-04-23,0.048,5075,0.424290146061399,0.433591958449309,5079.77562289563,192.684191254671
2025-04-23,0.048,5100,0.417174221097743,0.42691400014997,5079.77562289563,177.751348413381
2025-04-23,0.048,5125,0.411237129906503,0.420536279148407,5079.77562289563,163.672033711389
2025-04-23,0.048,5130,0.410764548164875,0.419161769700934,5079.77562289563,161.057303822063
2025-04-23,0.048,5140,0.407398944249027,0.416492311510748,5079.77562289563,155.375294670312
2025-04-23,0.048,5150,0.404965525981878,0.414078903873268,5079.77562289563,150.045268410433
2025-04-23,0.048,5160,0.402325481868982,0.411464024823933,5079.77562289563,144.715242105426
2025-04-23,0.048,5170,0.399703525059118,0.408872508583459,5079.77562289563,139.485782343057
2025-04-23,0.048,5175,0.398542125499779,0.407728234882114,5079.77562289563,136.971619015224
2025-04-23,0.048,5180,0.39732732594128,0.406301991484255,5079.77562289563,134.407172397186
2025-04-23,0.048,5190,0.394272322760677,0.403981211152777,5079.77562289563,129.32856241086
2025-04-23,0.048,5200,0.391920808784236,0.401447134959687,5079.77562289563,124.45108553556
2025-04-23,0.048,5210,0.389814054092917,0.40219501725508,5079.77562289563,120.42842418716
2025-04-23,0.048,5220,0.387483963300557,0.396655776299294,5079.77562289563,115.098397886573
2025-04-23,0.048,5225,0.386233230552266,0.395436761487511,5079.77562289563,112.785367631849
2025-04-23,0.048,5230,0.384924217820043,0.394161317986452,5079.77562289563,110.472337330127
2025-04-23,0.048,5240,0.382605659420501,0.391675956075819,5079.77562289563,105.997126576568
2025-04-23,0.048,5250,0.380050155968795,0.389438269072042,5079.77562289563,101.622482398835
2025-04-23,0.048,5260,0.377736323012685,0.386968209227868,5079.77562289563,97.3484046767016
2025-04-23,0.048,5270,0.375423750106914,0.384502568072752,5079.77562289563,93.1748935276996
2025-04-23,0.048,5275,0.374298456032043,0.383424744382624,5079.77562289563,91.1635628505011
2025-04-23,0.048,5280,0.372862521204162,0.382287288253563,5079.77562289563,89.1019489306838
2025-04-23,0.048,5290,0.370545918582026,0.380079219053889,5079.77562289563,85.1798541164595
2025-04-23,0.048,5295,0.36941844201091,0.378757563908754,5079.77562289563,83.2188067048979
2025-04-23,0.048,5300,0.368226946471534,0.377624695562007,5079.77562289563,81.3080425525504
2025-04-23,0.048,5305,0.367226625408797,0.376429262710928,5079.77562289563,79.4475616981986
2025-04-23,0.048,5310,0.365904690575852,0.375426363339851,5079.77562289563,77.5870807907128
2025-04-23,0.048,5315,0.365034743468584,0.373328897863618,5079.77562289563,75.6260333901067
2025-04-23,0.048,5320,0.363578363490845,0.372973977815355,5079.77562289563,73.9164023238637
2025-04-23,0.048,5325,0.362314428808502,0.372041650576521,5079.77562289563,72.1564879741936
2025-04-23,0.048,5330,0.36098112951184,0.370783537387865,5079.77562289563,70.3462903714362
2025-04-23,0.048,5335,0.359845070075603,0.369723646313911,5079.77562289563,68.6366593017752
2025-04-23,0.048,5340,0.358911053213892,0.368598805240161,5079.77562289563,66.9773115049921
2025-04-23,0.048,5345,0.357911370398156,0.367407490726611,5079.77562289563,65.3179636831816
2025-04-23,0.048,5350,0.356844458752701,0.366420177329858,5079.77562289563,63.7088991474664
2025-04-23,0.048,5355,0.355430937657769,0.365093240130533,5079.77562289563,61.9992680634941
2025-04-23,0.048,5360,0.354502068972627,0.363971514912873,5079.77562289563,60.4404868098572
2025-04-23,0.048,5365,0.353222801373765,0.363060476543941,5079.77562289563,58.8817055161334
2025-04-23,0.048,5370,0.352154484595375,0.361802320718173,5079.77562289563,57.3229242419969
2025-04-23,0.048,5375,0.351014923386257,0.360756418400328,5079.77562289563,55.8144262397208
2025-04-23,0.048,5380,0.349802067090518,0.359641720157012,5079.77562289563,54.3059282122821
2025-04-23,0.048,5385,0.348808427685177,0.358746414009153,5079.77562289563,52.897996759132
2025-04-23,0.048,5390,0.3477433804311,0.357491317141485,5079.77562289563,51.4397820181081
2025-04-23,0.048,5395,0.346604809916371,0.356457561743838,5079.77562289563,50.0318505621874
2025-04-23,0.048,5400,0.34539042275915,0.355652288586535,5079.77562289563,48.6742023306645
2025-04-23,0.048,5405,0.344405992969918,0.354478402319777,5079.77562289563,47.3165541257226
2025-04-23,0.048,5410,0.343348100164963,0.353535432537741,5079.77562289563,46.009189209317
2025-04-23,0.048,5415,0.342214393191342,0.352522261260742,5079.77562289563,44.7018242533102
2025-04-23,0.048,5420,0.341321955225975,0.351436771767191,5079.77562289563,43.4447426009935
2025-04-23,0.048,5425,0.340032997652281,0.350593174540423,5079.77562289563,42.1876609311787
2025-04-23,0.048,5430,0.338988242461914,0.349359974230638,5079.77562289563,40.9305792588622
2025-04-23,0.048,5435,0.338197794068249,0.348371656751734,5079.77562289563,39.7740641069449
2025-04-23,0.048,5440,0.336998834414995,0.347637803375736,5079.77562289563,38.6175489715342
2025-04-23,0.048,5445,0.336057848641081,0.346503496572169,5079.77562289563,37.4610338214005
2025-04-23,0.048,5450,0.335039906955233,0.345627335215023,5079.77562289563,36.3548019607815
2025-04-23,0.048,5460,0.333118325239674,0.344001006620755,5079.77562289563,34.2429047295425
2025-04-23,0.048,5470,0.331242168491653,0.342083855090268,5079.77562289563,32.1812907976999
2025-04-23,0.048,5475,0.33018407617994,0.341190208006264,5079.77562289563,31.1756254766021
2025-04-23,0.048,5480,0.329420913354924,0.340587096312635,5079.77562289563,30.2705266707471
2025-04-23,0.048,5490,0.32766564169501,0.338799766783473,5079.77562289563,28.410045807126
2025-04-23,0.048,5500,0.32558436333272,0.337088830152647,5079.77562289563,26.5998481822101
2025-04-23,0.048,5510,0.323987845791988,0.335467523424325,5079.77562289563,24.9405003848411
2025-04-23,0.048,5520,0.322501771321554,0.33395109089386,5079.77562289563,23.3817191066767
2025-04-23,0.048,5525,0.321419181879189,0.333079501020883,5079.77562289563,22.5771868416199
2025-04-23,0.048,5530,0.320695677388744,0.332557016250844,5079.77562289563,21.8732211006127
2025-04-23,0.048,5540,0.319476864120987,0.330861694698172,5079.77562289563,20.4652896183558
2025-04-23,0.048,5550,0.31795124307469,0.329759514739931,5079.77562289563,19.1579246821891
2025-04-23,0.048,5560,0.316596476647165,0.328371245001418,5079.77562289563,17.900843001199
2025-04-23,0.048,5565,0.315799162805414,0.327805020230105,5079.77562289563,17.2974438078678
2025-04-23,0.048,5570,0.31491669945034,0.327167109813994,5079.77562289563,16.6940445990389
2025-04-23,0.048,5575,0.314483751887104,0.326454449556297,5079.77562289563,16.1409286664924
2025-04-23,0.048,5580,0.313980206725772,0.325663681166016,5079.77562289563,15.5878127298637
2025-04-23,0.048,5585,0.312841131405104,0.325315548713092,5079.77562289563,15.0346967975993
2025-04-23,0.048,5590,0.312174247980255,0.324368601601586,5079.77562289563,14.4815808631573
2025-04-23,0.048,5595,0.312012853561574,0.323878476361997,5079.77562289563,14.0290314516369
2025-04-23,0.048,5600,0.311192045361649,0.323317852040779,5079.77562289563,13.5261987936762
2025-04-23,0.048,5605,0.310895005119649,0.321543021297126,5079.77562289563,12.9730828542079
2025-04-23,0.048,5610,0.309904883639814,0.321390416526281,5079.77562289563,12.5205334595026
2025-04-23,0.048,5615,0.309458487051005,0.3205848305028,5079.77562289563,12.0679840471922
2025-04-23,0.048,5620,0.308938741824526,0.320302255301094,5079.77562289563,11.6657179167724
2025-04-23,0.048,5625,0.30834195177391,0.31933485620033,5079.77562289563,11.2131685120121
2025-04-23,0.048,5630,0.307664027083382,0.318909775839024,5079.77562289563,10.8109023845956
2025-04-23,0.048,5635,0.306900424790526,0.318414929667097,5079.77562289563,10.4086362395813
2025-04-23,0.048,5640,0.306770476769614,0.317846979620714,5079.77562289563,10.0566533753878
2025-04-23,0.048,5645,0.305840154784699,0.3178811766215,5079.77562289563,9.70467051202994
2025-04-23,0.048,5650,0.305570645456638,0.31717225387771,5079.77562289563,9.35268763940772
2025-04-23,0.048,5655,0.304454305902803,0.316379098391255,5079.77562289563,8.95042151075921
2025-04-23,0.048,5660,0.304028921697507,0.316225071316216,5079.77562289563,8.64872190473417
2025-04-23,0.048,5665,0.303528680548528,0.316012231075071,5079.77562289563,8.34702230720231
2025-04-23,0.048,5670,0.302949372004714,0.3149774945873,5079.77562289563,7.99503943758879
2025-04-23,0.048,5675,0.302286304528595,0.314621548483494,5079.77562289563,7.69333983757888
2025-04-23,0.048,5680,0.302425170981793,0.314197262656759,5079.77562289563,7.44192349863367
2025-04-23,0.048,5685,0.301605419687471,0.313701130241045,5079.77562289563,7.14022389433391
2025-04-23,0.048,5690,0.300686302531763,0.313966594282191,5079.77562289563,6.88880755891125
2025-04-23,0.048,5695,0.300630585431141,0.313337138383309,5079.77562289563,6.63739123071366
2025-04-23,0.048,5700,0.29952381361605,0.312624450185935,5079.77562289563,6.33569162794049
2025-04-23,0.048,5705,0.299325566326534,0.312725324935411,5079.77562289563,6.13455856002615
2025-04-23,0.048,5710,0.299062593136717,0.311857164948853,5079.77562289563,5.88314222571144
2025-04-23,0.048,5715,0.297644724366072,0.310890424322254,5079.77562289563,5.58144262888277
2025-04-23,0.048,5720,0.29720992739993,0.310798644083237,5079.77562289563,5.38030955195919
2025-04-23,0.048,5725,0.296696261381557,0.310650234629552,5079.77562289563,5.17917648498472
2025-04-23,0.048,5730,0.296098532586889,0.310442482902124,5079.77562289563,4.97804341919299
2025-04-23,0.048,5740,0.295895966434453,0.30983672843517,5079.77562289563,4.62606055125629
2025-04-23,0.048,5750,0.295445963444493,0.308953623777192,5079.77562289563,4.27407768203983
2025-04-23,0.048,5760,0.293291431468539,0.308959609416483,5079.77562289563,3.92209481373273
2025-04-23,0.048,5770,0.293677751639482,0.307490680740166,5079.77562289563,3.62039521850662
2025-04-23,0.048,5775,0.293025189627523,0.307917632332251,5079.77562289563,3.49468704728883
2025-04-23,0.048,5780,0.293082566665115,0.308311565919722,5079.77562289563,3.39412051476
2025-04-23,0.048,5790,0.292187540059548,0.307609131729413,5079.77562289563,3.11756254615603
2025-04-23,0.048,5800,0.290947698837728,0.308086663305006,5079.77562289563,2.89128784275161
2025-04-23,0.048,5810,0.290297245398287,0.306856637786566,5079.77562289563,2.63987150864991
2025-04-23,0.048,5820,0.290383228299796,0.306914238778133,5079.77562289563,2.46388007768233
2025-04-23,0.048,5825,0.289809170086996,0.306867489731828,5079.77562289563,2.36331354488551
2025-04-23,0.048,5830,0.289140265255603,0.306766880409285,5079.77562289563,2.26274700883871
2025-04-23,0.048,5850,0.287966596248939,0.307680590655371,5079.77562289563,1.96104740722858
2025-04-23,0.048,5875,0.28689807676237,0.309453928227002,5079.77562289563,1.65934780731231
2025-04-23,0.048,5900,0.285664914724121,0.311510249763638,5079.77562289563,1.40793147265804
2025-04-23,0.048,5950,0.284047439224039,0.31736176128694,5079.77562289563,1.05594860524041
2025-04-23,0.048,6000,0.280753637222792,0.325697753602408,5079.77562289563,0.829673903197127
2025-04-23,0.048,6100,0.257878477738919,0.342367893050493,5079.77562289563,0.527974302345629
2025-04-23,0.048,6200,NA,0.354137955897438,5079.77562289563,NA
2025-04-23,0.048,6300,NA,0.387221582373689,5079.77562289563,NA
2025-04-23,0.048,6400,NA,0.406352536106609,5079.77562289563,NA
2025-04-23,0.048,6600,NA,0.390092462353698,5079.77562289563,NA
2025-04-23,0.048,6800,NA,0.491648097108323,5079.77562289563,NA
2025-04-23,0.048,7000,NA,0.53040712011727,5079.77562289563,NA
2025-04-23,0.048,7200,NA,0.5715090048249,5079.77562289563,NA
2025-04-23,0.048,7400,NA,0.606104184137882,5079.77562289563,NA
2025-04-24,0.052,2200,1.2626452058758,1.37451709889759,5080.8104230808,2881.66795829533
2025-04-24,0.052,2400,1.21048093076446,1.27872218437541,5080.8104230808,2682.09672590281
2025-04-24,0.052,2600,1.14720298255392,1.19698987125666,5080.8104230808,2482.72726650206
2025-04-24,0.052,2800,1.08559537913426,1.12217803283567,5080.8104230808,2283.66046658835
2025-04-24,0.052,3000,1.02628226379117,1.05329418411054,5080.8104230808,2085.04765590414
2025-04-24,0.052,3200,0.963818602776295,0.985487599699914,5080.8104230808,1886.91405607809
2025-04-24,0.052,3400,0.903425619053467,0.920744730410504,5080.8104230808,1689.58754821756
2025-04-24,0.052,3600,0.840133312468164,0.855433574197874,5080.8104230808,1493.11857557524
2025-04-24,0.052,3800,0.77711518812194,0.790404443561111,5080.8104230808,1297.96112736623
2025-04-24,0.052,4000,0.715296130385547,0.727373141145976,5080.8104230808,1104.87185233876
2025-04-24,0.052,4200,0.654509939943414,0.666815213937861,5080.8104230808,914.960501907727
2025-04-24,0.052,4300,0.62567244169538,0.637769058833273,5080.8104230808,821.871226877646
2025-04-24,0.052,4400,0.597891866803709,0.609259702344618,5080.8104230808,730.446579035631
2025-04-24,0.052,4500,0.569857557005603,0.581265544773087,5080.8104230808,640.938774585483
2025-04-24,0.052,4600,0.543366570367631,0.554081396716227,5080.8104230808,554.154905530914
2025-04-24,0.052,4700,0.516837880881456,0.526977879220937,5080.8104230808,470.397631378762
2025-04-24,0.052,4800,0.4899526573941,0.499911318497156,5080.8104230808,390.322714282918
2025-04-24,0.052,4900,0.463527523702264,0.472958271734343,5080.8104230808,314.98946253461
2025-04-24,0.052,4950,0.450169529672168,0.460453384462097,5080.8104230808,279.567561171001
2025-04-24,0.052,5000,0.43822560490765,0.446703529473816,5080.8104230808,245.759843769727
2025-04-24,0.052,5050,0.425524620536883,0.433870090078181,5080.8104230808,213.717640004446
2025-04-24,0.052,5075,0.41546225564651,0.427488548034717,5080.8104230808,197.545208401815
2025-04-24,0.052,5100,0.41093474125358,0.420320500730058,5080.8104230808,182.957660170114
2025-04-24,0.052,5125,0.404540480690687,0.41765008866183,5080.8104230808,169.48931297973
2025-04-24,0.052,5130,0.403429319144848,0.41261146531307,5080.8104230808,165.857399124635
2025-04-24,0.052,5140,0.400409471499687,0.411356831632864,5080.8104230808,160.510414853472
2025-04-24,0.052,5150,0.398513327259543,0.407727601291725,5080.8104230808,154.961657568723
2025-04-24,0.052,5160,0.395546153181933,0.40522373472913,5080.8104230808,149.513786789084
2025-04-24,0.052,5170,0.393703306495465,0.402748466900014,5080.8104230808,144.419018766564
2025-04-24,0.052,5175,0.392377122066716,0.401658959040592,5080.8104230808,141.846413123933
2025-04-24,0.052,5180,0.391221835912483,0.400299700582354,5080.8104230808,139.27380746118
2025-04-24,0.052,5190,0.388759589573671,0.397875447256935,5080.8104230808,134.229482706936
2025-04-24,0.052,5200,0.386314472585312,0.395473825070078,5080.8104230808,129.286044416639
2025-04-24,0.052,5210,0.383884480421084,0.393093059561242,5080.8104230808,124.443492585173
2025-04-24,0.052,5220,0.381693890690944,0.390731483808536,5080.8104230808,119.752270550911
2025-04-24,0.052,5225,0.379384139401536,0.389585701219101,5080.8104230808,117.179664908959
2025-04-24,0.052,5230,0.379290034348542,0.38861468305702,5080.8104230808,115.161934969398
2025-04-24,0.052,5240,0.376895984105256,0.38628852317352,5080.8104230808,110.62204265752
2025-04-24,0.052,5250,0.37451009443051,0.38397736631462,5080.8104230808,106.18303684494
2025-04-24,0.052,5260,0.371663983847488,0.381679996085727,5080.8104230808,101.744031021662
2025-04-24,0.052,5270,0.36999229242236,0.379395315708989,5080.8104230808,97.6581279586538
2025-04-24,0.052,5275,0.368719105050238,0.378169046185388,5080.8104230808,95.5395115392982
2025-04-24,0.052,5280,0.367624365340734,0.377122352243354,5080.8104230808,93.5217816266345
2025-04-24,0.052,5290,0.365259136475229,0.374860263569489,5080.8104230808,89.4863217828031
2025-04-24,0.052,5295,0.36422851090351,0.373642824148049,5080.8104230808,87.5190351333799
2025-04-24,0.052,5300,0.363139061979344,0.372608345811254,5080.8104230808,85.6021917236038
2025-04-24,0.052,5305,0.36198963137028,0.371516452601887,5080.8104230808,83.6853482736508
2025-04-24,0.052,5310,0.360778974014451,0.37036604250341,5080.8104230808,81.7685048395074
2025-04-24,0.052,5315,0.359754139522916,0.369155932590631,5080.8104230808,79.9021046786902
2025-04-24,0.052,5320,0.358668765426053,0.368132956669709,5080.8104230808,78.0861477643989
2025-04-24,0.052,5325,0.356513674219997,0.367051009694401,5080.8104230808,76.0684178520258
2025-04-24,0.052,5330,0.356311098754335,0.365908863046505,5080.8104230808,74.4542339237881
2025-04-24,0.052,5335,0.355035900889604,0.364705196867309,5080.8104230808,72.6382770156749
2025-04-24,0.052,5340,0.353952034371159,0.36369372510849,5080.8104230808,70.9232065451924
2025-04-24,0.052,5345,0.352804284799342,0.362621686095703,5080.8104230808,69.2081361222259
2025-04-24,0.052,5350,0.351852951595067,0.361487712967552,5080.8104230808,67.5435089408319
2025-04-24,0.052,5355,0.350574863865492,0.360290336126117,5080.8104230808,65.8284385285585
2025-04-24,0.052,5360,0.349494351126949,0.359291225928246,5080.8104230808,64.2142546053739
2025-04-24,0.052,5365,0.34834790147772,0.358229925064745,5080.8104230808,62.6000706350738
2025-04-24,0.052,5370,0.347405031230784,0.357104917662605,5080.8104230808,61.0363299846254
2025-04-24,0.052,5375,0.34639772481218,0.356184649159363,5080.8104230808,59.5230325356507
2025-04-24,0.052,5380,0.345047834585928,0.355202223023339,5080.8104230808,57.9592918404275
2025-04-24,0.052,5385,0.344182931172479,0.3541560897666,5080.8104230808,56.4964376349303
2025-04-24,0.052,5390,0.342971660598942,0.353044580721025,5080.8104230808,54.9831402277634
2025-04-24,0.052,5395,0.341973430646422,0.351865896542297,5080.8104230808,53.5202860438127
2025-04-24,0.052,5400,0.340330724453642,0.350901303050789,5080.8104230808,52.006988587385
2025-04-24,0.052,5405,0.339770739107021,0.349871430540683,5080.8104230808,50.6954641472888
2025-04-24,0.052,5410,0.338856599142878,0.349063432973811,5080.8104230808,49.3839397211618
2025-04-24,0.052,5415,0.337874682323887,0.347900518560096,5080.8104230808,48.0219720066829
2025-04-24,0.052,5420,0.336822933337542,0.34696183868267,5080.8104230808,46.7104475627102
2025-04-24,0.052,5425,0.335699125158735,0.345956555125801,5080.8104230808,45.3989231170893
2025-04-24,0.052,5430,0.334500841441944,0.344882671366721,5080.8104230808,44.0873986842627
2025-04-24,0.052,5435,0.33353827459567,0.344043551036674,5080.8104230808,42.8767607041986
2025-04-24,0.052,5440,0.332504082931605,0.343138728518332,5080.8104230808,41.6661227745656
2025-04-24,0.052,5445,0.331716676615819,0.342166215438,5080.8104230808,40.5059280621174
2025-04-24,0.052,5450,0.330536136049265,0.341123860877088,5080.8104230808,39.2952901238106
2025-04-24,0.052,5460,0.328602766845814,0.339469949564062,5080.8104230808,37.0757872146978
2025-04-24,0.052,5470,0.326710764080743,0.337542264629737,5080.8104230808,34.9067275512479
2025-04-24,0.052,5475,0.325826326758369,0.336807834124782,5080.8104230808,33.8978625926929
2025-04-24,0.052,5480,0.324868091580701,0.336007067550105,5080.8104230808,32.8889976298601
2025-04-24,0.052,5490,0.323084060097607,0.334197526559616,5080.8104230808,30.9217109599847
2025-04-24,0.052,5500,0.320992395451341,0.3324565581227,5080.8104230808,29.0048675446999
2025-04-24,0.052,5510,0.319347471401161,0.3307953468414,5080.8104230808,27.2393538800055
2025-04-24,0.052,5520,0.317798469938186,0.329226768832388,5080.8104230808,25.5747267022152
2025-04-24,0.052,5525,0.316911270225743,0.328530710418216,5080.8104230808,24.7676347316313
2025-04-24,0.052,5530,0.315944638592989,0.327367291489601,5080.8104230808,23.9100995010612
2025-04-24,0.052,5540,0.314192340034876,0.326017280627972,5080.8104230808,22.3968020689119
2025-04-24,0.052,5550,0.312561127817857,0.324384165893557,5080.8104230808,20.9339478768106
2025-04-24,0.052,5560,0.311073687213621,0.322885859083181,5080.8104230808,19.5719801872186
2025-04-24,0.052,5570,0.309756167722794,0.321544818167618,5080.8104230808,18.3108989974999
2025-04-24,0.052,5575,0.308984212921636,0.320999374549885,5080.8104230808,17.7055800105295
2025-04-24,0.052,5580,0.308131982189082,0.320386584668475,5080.8104230808,17.1002610381994
2025-04-24,0.052,5590,0.306699798990466,0.318947460060776,5080.8104230808,15.9400663467991
2025-04-24,0.052,5600,0.305495555536793,0.317714916333405,5080.8104230808,14.8807581402405
2025-04-24,0.052,5610,0.303983947839341,0.316723161837643,5080.8104230808,13.8718931756637
2025-04-24,0.052,5620,0.302736654436214,0.314342625230433,5080.8104230808,12.8125849628733
2025-04-24,0.052,5625,0.302304490493613,0.313573460031424,5080.8104230808,12.3585957406849
2025-04-24,0.052,5630,0.301803140197656,0.31330709595432,5080.8104230808,11.9550497519738
2025-04-24,0.052,5640,0.300578846242066,0.311986689363512,5080.8104230808,11.0975145381596
2025-04-24,0.052,5650,0.299031806522783,0.310988771840613,5080.8104230808,10.2904225727473
2025-04-24,0.052,5660,0.297856382118585,0.309704456473397,5080.8104230808,9.53377385511743
2025-04-24,0.052,5670,0.297125613748616,0.308800660156117,5080.8104230808,8.87801163117695
2025-04-24,0.052,5675,0.295867912233642,0.308600607992556,5080.8104230808,8.52490889885803
2025-04-24,0.052,5680,0.295304880734606,0.30761484510237,5080.8104230808,8.17180616253299
2025-04-24,0.052,5690,0.294792043884363,0.306882499013752,5080.8104230808,7.61693043100428
2025-04-24,0.052,5700,0.293116576528271,0.306680993695935,5080.8104230808,7.06205471213015
2025-04-24,0.052,5710,0.292000321957622,0.305424156273687,5080.8104230808,6.50717898247899
2025-04-24,0.052,5720,0.291561704240617,0.304723054165698,5080.8104230808,6.05318975239759
2025-04-24,0.052,5725,0.291247687734311,0.303820256982918,5080.8104230808,5.80097351151147
2025-04-24,0.052,5730,0.2897957353223,0.3037521179309,5080.8104230808,5.54875726579917
2025-04-24,0.052,5740,0.288746542088826,0.302479706175859,5080.8104230808,5.09476804106993
2025-04-24,0.052,5750,0.288571717416542,0.302930926870086,5080.8104230808,4.79210854971872
2025-04-24,0.052,5760,0.286886198907084,0.301068195282497,5080.8104230808,4.33811931563592
2025-04-24,0.052,5770,0.28614447949331,0.302220159088964,5080.8104230808,4.08590308086382
2025-04-24,0.052,5775,0.286366512761381,0.300437594147886,5080.8104230808,3.88413008950182
2025-04-24,0.052,5780,0.285099366034789,0.300907203806348,5080.8104230808,3.73280034365986
2025-04-24,0.052,5790,0.285260357656457,0.300507842354497,5080.8104230808,3.48058410835667
2025-04-24,0.052,5800,0.284411007475523,0.299865151779753,5080.8104230808,3.20314624626707
2025-04-24,0.052,5810,0.284113469266983,0.300350974454567,5080.8104230808,3.00137325047042
2025-04-24,0.052,5820,0.283567095927386,0.299218839233309,5080.8104230808,2.74915701025802
2025-04-24,0.052,5825,0.283190212673469,0.29928992010051,5080.8104230808,2.64827051783255
2025-04-24,0.052,5830,0.282737597032649,0.299316034531021,5080.8104230808,2.54738401573277
2025-04-24,0.052,5850,0.281192558929306,0.299782659009593,5080.8104230808,2.19428128607693
2025-04-24,0.052,5875,0.279653822096294,0.301010481950144,5080.8104230808,1.84117855001035
2025-04-24,0.052,5900,0.279257412791486,0.303391962540095,5080.8104230808,1.58896230926185
2025-04-24,0.052,6000,0.27662611801762,0.315678340145023,5080.8104230808,0.933200086200118
2025-04-24,0.052,6100,0.261622805434922,0.320306821110016,5080.8104230808,0.453989231214936
2025-04-24,0.052,6200,NA,0.342652411514958,5080.8104230808,NA
2025-04-24,0.052,6300,NA,0.374243061838421,5080.8104230808,NA
2025-04-24,0.052,6400,NA,0.395608645945323,5080.8104230808,NA
2025-04-24,0.052,6600,NA,0.435669663006739,5080.8104230808,NA
2025-04-24,0.052,6800,NA,0.475792270176243,5080.8104230808,NA
2025-04-24,0.052,7000,NA,0.513516366212848,5080.8104230808,NA
2025-04-24,0.052,7200,NA,0.548962086926545,5080.8104230808,NA
2025-04-24,0.052,7400,NA,0.587046852764157,5080.8104230808,NA
2025-04-25,0.056,1200,NA,2.03801253723899,5082.37691387258,NA
2025-04-25,0.056,1400,NA,1.84222109616685,5082.37691387258,NA
2025-04-25,0.056,1600,NA,1.68452472412485,5082.37691387258,NA
2025-04-25,0.056,1800,NA,1.55112144814929,5082.37691387258,NA
2025-04-25,0.056,2000,1.27088807888502,1.43313526104447,5082.37691387258,3082.9835747618
2025-04-25,0.056,2200,1.22800620914536,1.33087904252108,5082.37691387258,2883.28690520636
2025-04-25,0.056,2400,1.1732045817344,1.24121248781767,5082.37691387258,2683.74190087292
2025-04-25,0.056,2600,1.11761035995884,1.16305128905621,5082.37691387258,2484.4496719095
2025-04-25,0.056,2800,1.05934957888012,1.09464070048299,5082.37691387258,2285.51132846613
2025-04-25,0.056,3000,0.999891835689557,1.02768534694283,5082.37691387258,2086.97742561365
2025-04-25,0.056,3200,0.941429499379956,0.961293789604844,5082.37691387258,1888.99962857503
2025-04-25,0.056,3400,0.88158213287921,0.899171969376825,5082.37691387258,1691.83071272732
2025-04-25,0.056,3600,0.820404878050732,0.835788930435921,5082.37691387258,1495.57178821244
2025-04-25,0.056,3800,0.759919885769337,0.773185046147273,5082.37691387258,1300.72840577258
2025-04-25,0.056,4000,0.700596822445958,0.711909470139402,5082.37691387258,1108.00833642843
2025-04-25,0.056,4100,0.670509087815461,0.680379468560632,5082.37691387258,1012.55829310045
2025-04-25,0.056,4200,0.640614107126482,0.652244311807207,5082.37691387258,918.321571556196
2025-04-25,0.056,4300,0.612184084041673,0.623664322504823,5082.37691387258,825.348726849836
2025-04-25,0.056,4350,0.598328451472637,0.609891014922364,5082.37691387258,779.494242913573
2025-04-25,0.056,4400,0.585617484196985,0.596049346807738,5082.37691387258,734.195864811519
2025-04-25,0.056,4450,0.570738105619672,0.582345001479142,5082.37691387258,689.099706987189
2025-04-25,0.056,4500,0.55733601652157,0.567902376081936,5082.37691387258,644.610210067602
2025-04-25,0.056,4550,0.544316221661544,0.554893391257656,5082.37691387258,600.980149404763
2025-04-25,0.056,4600,0.532926417676291,0.541079960261415,5082.37691387258,558.158969940538
2025-04-25,0.056,4650,0.518376379645134,0.528088599843745,5082.37691387258,515.691675980813
2025-04-25,0.056,4700,0.506371364776336,0.514763474079056,5082.37691387258,474.43770379095
2025-04-25,0.056,4750,0.493191753507316,0.501690691912186,5082.37691387258,433.942057729248
2025-04-25,0.056,4775,0.485535305365022,0.495097634724977,5082.37691387258,413.845899908788
2025-04-25,0.056,4800,0.479734965069544,0.488099436647266,5082.37691387258,394.305847898431
2025-04-25,0.056,4825,0.472979956125301,0.481889379757061,5082.37691387258,375.018571278105
2025-04-25,0.056,4850,0.466239612164668,0.475442808551382,5082.37691387258,355.984069992965
2025-04-25,0.056,4875,0.459475734555689,0.469663119460881,5082.37691387258,337.404564404609
2025-04-25,0.056,4900,0.453106801746771,0.462434920504954,5082.37691387258,318.926168987295
2025-04-25,0.056,4925,0.446850035973546,0.456252489407174,5082.37691387258,301.054434413359
2025-04-25,0.056,4950,0.440440857951315,0.449707913380741,5082.37691387258,283.435475220949
2025-04-25,0.056,4970,0.435496118029881,0.445103871484259,5082.37691387258,269.805414569231
2025-04-25,0.056,4975,0.434281967486801,0.443431038315862,5082.37691387258,266.322066800461
2025-04-25,0.056,4980,0.433032385067408,0.442377301683416,5082.37691387258,262.990384255573
2025-04-25,0.056,4990,0.430426622501926,0.439730076491393,5082.37691387258,256.225908974267
2025-04-25,0.056,5000,0.42810909816148,0.437589391099336,5082.37691387258,249.714209106307
2025-04-25,0.056,5010,0.425644399679432,0.434873923682216,5082.37691387258,243.101399072815
2025-04-25,0.056,5020,0.423031658306445,0.432442896440258,5082.37691387258,236.589699158386
2025-04-25,0.056,5025,0.421882990363258,0.431492495140635,5082.37691387258,233.460236937943
2025-04-25,0.056,5030,0.420696188689658,0.430290964600518,5082.37691387258,230.280219588727
2025-04-25,0.056,5040,0.41820762797702,0.427562947757224,5082.37691387258,223.869629826315
2025-04-25,0.056,5050,0.415776768809683,0.425321359821532,5082.37691387258,217.661260400593
2025-04-25,0.056,5060,0.413400633865791,0.422290486044683,5082.37691387258,211.35178081351
2025-04-25,0.056,5070,0.411076394253024,0.420162553369056,5082.37691387258,205.345631687637
2025-04-25,0.056,5075,0.409748131956299,0.418827949784232,5082.37691387258,202.266724482678
2025-04-25,0.056,5080,0.408379313908391,0.417875774024066,5082.37691387258,199.288927464444
2025-04-25,0.056,5090,0.406023542187074,0.416144110518304,5082.37691387258,193.52482360993
2025-04-25,0.056,5100,0.403397595096536,0.412459630338541,5082.37691387258,187.306549512435
2025-04-25,0.056,5110,0.400813452165989,0.409875121718364,5082.37691387258,181.4421609124
2025-04-25,0.056,5120,0.397846730216385,0.407544547656899,5082.37691387258,175.628327380656
2025-04-25,0.056,5125,0.396614236402084,0.406104793242308,5082.37691387258,172.746688188571
2025-04-25,0.056,5130,0.395337765972367,0.405043976229988,5082.37691387258,169.966159083533
2025-04-25,0.056,5140,0.393073900655171,0.402581785333973,5082.37691387258,164.455655993692
2025-04-25,0.056,5150,0.391053940571193,0.399944108526646,5082.37691387258,159.046263061078
2025-04-25,0.056,5160,0.388640787592229,0.39755160486091,5082.37691387258,153.687425209037
2025-04-25,0.056,5170,0.386254909850053,0.395191008306579,5082.37691387258,148.429697507901
2025-04-25,0.056,5175,0.384991602500775,0.393942195829022,5082.37691387258,145.800833669754
2025-04-25,0.056,5180,0.382826276205144,0.392860424495331,5082.37691387258,143.020304594284
2025-04-25,0.056,5190,0.381342403439483,0.390343881177304,5082.37691387258,138.116462395176
2025-04-25,0.056,5200,0.379025425523454,0.388067171466614,5082.37691387258,133.162065166115
2025-04-25,0.056,5210,0.376727975113507,0.385599175520576,5082.37691387258,128.258222957972
2025-04-25,0.056,5220,0.374012743728453,0.383369641081787,5082.37691387258,123.404935835156
2025-04-25,0.056,5225,0.373123634368175,0.38054599298063,5082.37691387258,120.725516930057
2025-04-25,0.056,5230,0.371965922264154,0.379193403374103,5082.37691387258,118.349428421032
2025-04-25,0.056,5240,0.369715993461692,0.376993477862749,5082.37691387258,113.799471776166
2025-04-25,0.056,5250,0.367479441361784,0.37414616689224,5082.37691387258,109.198960055276
2025-04-25,0.056,5260,0.365030640847124,0.372424149414525,5082.37691387258,104.901778749018
2025-04-25,0.056,5270,0.362815175345497,0.370048949140148,5082.37691387258,100.604597430402
2025-04-25,0.056,5275,0.361625849496682,0.369120727724196,5082.37691387258,98.5318393944965
2025-04-25,0.056,5280,0.360609514051235,0.367912902462109,5082.37691387258,96.4590813755694
2025-04-25,0.056,5290,0.35841275067106,0.365791675454538,5082.37691387258,92.4146754212272
2025-04-25,0.056,5295,0.357230306859513,0.364649724529901,5082.37691387258,90.392472475991
2025-04-25,0.056,5300,0.356224106531985,0.363219584274664,5082.37691387258,88.3702694969591
2025-04-25,0.056,5305,0.355162013171181,0.362431974086545,5082.37691387258,86.4997317647901
2025-04-25,0.056,5310,0.354042937566245,0.361356692761527,5082.37691387258,84.5786389650473
2025-04-25,0.056,5315,0.352865710034231,0.36069867683726,5082.37691387258,82.7586562743884
2025-04-25,0.056,5320,0.351149586082183,0.3592748746687,5082.37691387258,80.6858982554519
2025-04-25,0.056,5325,0.35057302057439,0.358269071026381,5082.37691387258,78.9670257108897
2025-04-25,0.056,5330,0.349701187102352,0.357206793874887,5082.37691387258,77.1975981410317
2025-04-25,0.056,5335,0.348283313966132,0.356329800002671,5082.37691387258,75.37761548315
2025-04-25,0.056,5340,0.347293546825433,0.355152691359805,5082.37691387258,73.6081878835143
2025-04-25,0.056,5345,0.346244598064135,0.354161817400433,5082.37691387258,71.8893153714761
2025-04-25,0.056,5350,0.345135104022262,0.353361227922565,5082.37691387258,70.2209979075296
2025-04-25,0.056,5355,0.344216036052027,0.352255135681915,5082.37691387258,68.5526804502308
2025-04-25,0.056,5360,0.342983089091085,0.351340553485068,5082.37691387258,66.8843630009696
2025-04-25,0.056,5365,0.341941711545761,0.350368043024081,5082.37691387258,65.2666006412173
2025-04-25,0.056,5370,0.340837946738433,0.349336273235267,5082.37691387258,63.6488382625261
2025-04-25,0.056,5375,0.339931470249406,0.348243813083284,5082.37691387258,62.0816309669935
2025-04-25,0.056,5380,0.338964077114928,0.347610139166253,5082.37691387258,60.6155338156777
2025-04-25,0.056,5385,0.337401724851808,0.346396358096301,5082.37691387258,58.947216393441
2025-04-25,0.056,5390,0.336840193364194,0.345382394467518,5082.37691387258,57.5316743044206
2025-04-25,0.056,5395,0.335680213635224,0.344573879871098,5082.37691387258,56.065577152816
2025-04-25,0.056,5400,0.334726588940858,0.343166137632741,5082.37691387258,54.5489249356657
2025-04-25,0.056,5405,0.333708802523945,0.343051723635817,5082.37691387258,53.2850480911369
2025-04-25,0.056,5410,0.332624998869773,0.341789709660764,5082.37691387258,51.8189509414416
2025-04-25,0.056,5415,0.331756311667326,0.341015071777476,5082.37691387258,50.5045190133856
2025-04-25,0.056,5420,0.330823863065519,0.339899815613729,5082.37691387258,49.139532007321
2025-04-25,0.056,5425,0.32982577732248,0.339285610995121,5082.37691387258,47.8756551530987
2025-04-25,0.056,5430,0.328760025610187,0.338614496455401,5082.37691387258,46.611778325185
2025-04-25,0.056,5435,0.327624409716326,0.337304763839932,5082.37691387258,45.2467913067667
2025-04-25,0.056,5440,0.326716744917902,0.336509006471034,5082.37691387258,44.0334695392651
2025-04-25,0.056,5445,0.325741992006778,0.335948183516173,5082.37691387258,42.8707028322311
2025-04-25,0.056,5450,0.324697937200091,0.335030422016887,5082.37691387258,41.6573810384945
2025-04-25,0.056,5455,0.323893989867784,0.333743241232043,5082.37691387258,40.4440592823304
2025-04-25,0.056,5460,0.32302416921666,0.332996410749083,5082.37691387258,39.3318476388821
2025-04-25,0.056,5465,0.322086288530418,0.332498732483414,5082.37691387258,38.2701910779754
2025-04-25,0.056,5470,0.321402364376279,0.331314212113565,5082.37691387258,37.1579794572418
2025-04-25,0.056,5475,0.320325760864243,0.330694325408617,5082.37691387258,36.0963228983189
2025-04-25,0.056,5480,0.31950733845082,0.329690886598042,5082.37691387258,35.0346663430418
2025-04-25,0.056,5485,0.318620403728753,0.328944886156327,5082.37691387258,34.0235648826139
2025-04-25,0.056,5490,0.317318703479452,0.328134871548485,5082.37691387258,32.9619083024933
2025-04-25,0.056,5495,0.316630757758021,0.327258696658057,5082.37691387258,32.0013619072851
2025-04-25,0.056,5500,0.315522340266836,0.326655822451684,5082.37691387258,31.040815491434
2025-04-25,0.056,5505,0.314694346913248,0.325645295403202,5082.37691387258,30.0802690858009
2025-04-25,0.056,5510,0.313795000717165,0.324913222308513,5082.37691387258,29.170277739939
2025-04-25,0.056,5515,0.312821434951285,0.324115629361029,5082.37691387258,28.2602864139895
2025-04-25,0.056,5520,0.312148891413489,0.323250144889605,5082.37691387258,27.4008501548931
2025-04-25,0.056,5525,0.311408678705017,0.322682217689729,5082.37691387258,26.5919689684218
2025-04-25,0.056,5530,0.310598144011725,0.321679074137514,5082.37691387258,25.7325327006081
2025-04-25,0.056,5535,0.309714390192808,0.320979903796271,5082.37691387258,24.9236515325879
2025-04-25,0.056,5540,0.308754244785229,0.320214321569829,5082.37691387258,24.1147703425393
2025-04-25,0.056,5545,0.308126777551082,0.319379763556244,5082.37691387258,23.3564442309744
2025-04-25,0.056,5550,0.307431207790224,0.318872220256203,5082.37691387258,22.6486731765758
2025-04-25,0.056,5555,0.306664702099242,0.317898242962161,5082.37691387258,21.8903470758094
2025-04-25,0.056,5560,0.306259169762219,0.317259297031763,5082.37691387258,21.233131119001
2025-04-25,0.056,5565,0.304906167608896,0.316554136394616,5082.37691387258,20.4748050009006
2025-04-25,0.056,5570,0.304359856405976,0.315780080587937,5082.37691387258,19.8175890335221
2025-04-25,0.056,5575,0.303746616142791,0.315368794860191,5082.37691387258,19.2109281463526
2025-04-25,0.056,5580,0.304001083592637,0.314456274669732,5082.37691387258,18.6548223435958
2025-04-25,0.056,5585,0.30278645036253,0.313916525652985,5082.37691387258,17.9976063861436
2025-04-25,0.056,5590,0.301475010370847,0.313312516979301,5082.37691387258,17.3403904195345
2025-04-25,0.056,5595,0.300562194339951,0.31264159117792,5082.37691387258,16.7337295205593
2025-04-25,0.056,5600,0.301093971963056,0.31190084441416,5082.37691387258,16.2787338682575
2025-04-25,0.056,5605,0.299523611198909,0.311087094329678,5082.37691387258,15.6215178813626
2025-04-25,0.056,5610,0.299432697380925,0.310692397203216,5082.37691387258,15.1665222210445
2025-04-25,0.056,5615,0.29929033541217,0.310237538239144,5082.37691387258,14.7115265577359
2025-04-25,0.056,5620,0.29743510213546,0.309205336986044,5082.37691387258,14.054310598284
2025-04-25,0.056,5625,0.296582959441994,0.307556776412247,5082.37691387258,13.4476497092598
2025-04-25,0.056,5630,0.296228288085962,0.307412245771567,5082.37691387258,13.0432091163613
2025-04-25,0.056,5635,0.295811066049918,0.306666350103641,5082.37691387258,12.5882134457531
2025-04-25,0.056,5640,0.294719974505561,0.305843974225889,5082.37691387258,12.0826627101204
2025-04-25,0.056,5645,0.294154641621132,0.305516490213078,5082.37691387258,11.6782221096706
2025-04-25,0.056,5650,0.29351631269194,0.305129881623176,5082.37691387258,11.2737815246108
2025-04-25,0.056,5655,0.292801021156931,0.304681577423799,5082.37691387258,10.8693409195892
2025-04-25,0.056,5660,0.292674793769705,0.303556048189979,5082.37691387258,10.464900336498
2025-04-25,0.056,5665,0.291810108198427,0.30358835780736,5082.37691387258,10.1110148213491
2025-04-25,0.056,5670,0.291559017520508,0.30293695994862,5082.37691387258,9.75712930315837
2025-04-25,0.056,5675,0.290528253414556,0.302210820542885,5082.37691387258,9.35268870264019
2025-04-25,0.056,5680,0.290138246079333,0.302076020767918,5082.37691387258,9.0493582591256
2025-04-25,0.056,5685,0.289681726014138,0.301205134480041,5082.37691387258,8.69547274781047
2025-04-25,0.056,5690,0.289155107772578,0.300949549734143,5082.37691387258,8.39214230006317
2025-04-25,0.056,5695,0.288554412569991,0.300636597700437,5082.37691387258,8.08881185664995
2025-04-25,0.056,5700,0.287875207165403,0.300263618725375,5082.37691387258,7.78548140341823
2025-04-25,0.056,5705,0.287112530083318,0.299827695586514,5082.37691387258,7.48215095903055
2025-04-25,0.056,5710,0.287128408114581,0.299325617985833,5082.37691387258,7.22937559363663
2025-04-25,0.056,5715,0.286209140783107,0.298753841222302,5082.37691387258,6.9260451500032
2025-04-25,0.056,5720,0.286106271111571,0.298108437151926,5082.37691387258,6.67326977705625
2025-04-25,0.056,5725,0.285010941903981,0.29821293096272,5082.37691387258,6.4204944086575
2025-04-25,0.056,5730,0.284774574417334,0.29743043140723,5082.37691387258,6.16771903971899
2025-04-25,0.056,5740,0.28411671085162,0.296496524121441,5082.37691387258,5.71272337056116
2025-04-25,0.056,5750,0.283187812480571,0.296215860022761,5082.37691387258,5.30828278321262
2025-04-25,0.056,5760,0.281952635147583,0.295717947907815,5082.37691387258,4.90384218609411
2025-04-25,0.056,5770,0.28158904608686,0.294980151253829,5082.37691387258,4.5499566707966
2025-04-25,0.056,5775,0.280692554539987,0.294512904244323,5082.37691387258,4.34773637101868
2025-04-25,0.056,5780,0.280984897569271,0.295060413651942,5082.37691387258,4.24662622643784
2025-04-25,0.056,5790,0.28011011369642,0.293821083929943,5082.37691387258,3.89274070208666
2025-04-25,0.056,5800,0.278926921770912,0.293461789721482,5082.37691387258,3.58941026009195
2025-04-25,0.056,5810,0.278943160107596,0.294136211911534,5082.37691387258,3.38718996491736
2025-04-25,0.056,5820,0.277943230636897,0.293369912857748,5082.37691387258,3.10913705874462
2025-04-25,0.056,5825,0.277746514936459,0.293564877671746,5082.37691387258,3.00802690607427
2025-04-25,0.056,5830,0.277489534370852,0.293723029778195,5082.37691387258,2.90691676006835
2025-04-25,0.056,5840,0.277705032664833,0.29392274142694,5082.37691387258,2.72997400096663
2025-04-25,0.056,5850,0.276767401689456,0.293192224514066,5082.37691387258,2.50247616796643
2025-04-25,0.056,5860,0.276555124025354,0.293001098786344,5082.37691387258,2.32553340818239
2025-04-25,0.056,5870,0.276116702177128,0.293451294298142,5082.37691387258,2.17386818375208
2025-04-25,0.056,5875,0.275223253581248,0.294054638531377,5082.37691387258,2.09803557353387
2025-04-25,0.056,5880,0.275420752611283,0.294638537622369,5082.37691387258,2.04748049952301
2025-04-25,0.056,5890,0.274427254941596,0.294837965508768,5082.37691387258,1.89581527905073
2025-04-25,0.056,5900,0.279675879016282,0.295828968543627,5082.37691387258,1.89581528025727
2025-04-25,0.056,5910,0.274319125334782,0.296728805284773,5082.37691387258,1.69359498198204
2025-04-25,0.056,5920,0.273949716381084,0.297531800921824,5082.37691387258,1.59248483231056
2025-04-25,0.056,5925,0.273673324433677,0.297894999554661,5082.37691387258,1.54192975920623
2025-04-25,0.056,5930,0.273329625221728,0.298231496732726,5082.37691387258,1.4913746855424
2025-04-25,0.056,5940,0.274200984592368,0.299919728010221,5082.37691387258,1.4408196125615
2025-04-25,0.056,5950,0.273106823321494,0.299290282734237,5082.37691387258,1.31443192515628
2025-04-25,0.056,5975,0.273205610016655,0.303673266777525,5082.37691387258,1.18804423976702
2025-04-25,0.056,6000,0.271975543752852,0.306508140080569,5082.37691387258,1.03637901871548
2025-04-25,0.056,6025,0.27207803696634,0.308890584880423,5082.37691387258,0.909991333191144
2025-04-25,0.056,6050,0.270859031758821,0.312330778421271,5082.37691387258,0.808881185419724
2025-04-25,0.056,6100,0.277965095617123,0.310420009651842,5082.37691387258,0.581383352498817
2025-04-25,0.056,6150,0.261977214128884,0.328671048797639,5082.37691387258,0.556105815275179
2025-04-25,0.056,6200,0.300004298066281,0.338775016158457,5082.37691387258,0.631938425649779
2025-04-25,0.056,6250,NA,0.348535515973816,5082.37691387258,NA
2025-04-25,0.056,6300,NA,0.357945737947389,5082.37691387258,NA
2025-04-25,0.056,6350,NA,0.364411700744262,5082.37691387258,NA
2025-04-25,0.056,6400,NA,0.369966955646199,5082.37691387258,NA
2025-04-25,0.056,6500,NA,0.397816032078096,5082.37691387258,NA
2025-04-25,0.056,6600,0.360662486951683,0.419470653746738,5082.37691387258,0.454995667003547
2025-04-25,0.056,6800,0.365680974524303,0.45814637780942,5082.37691387258,0.379163055929807
2025-04-25,0.056,7000,NA,0.494509569566175,5082.37691387258,NA
2025-04-25,0.056,7200,NA,0.528676207781371,5082.37691387258,NA
2025-04-25,0.056,7400,0.462139292235288,0.565384440582179,5082.37691387258,0.328607981183849
2025-04-28,0.06,2200,1.19515361076702,1.29003103678385,5082.86550478697,2883.81801928614
2025-04-28,0.06,2400,1.14368481592226,1.20578445073688,5082.86550478697,2684.31934270693
2025-04-28,0.06,2600,1.08917191146063,1.13079332675399,5082.86550478697,2485.07132783672
2025-04-28,0.06,2800,1.02937170946337,1.06416739947076,5082.86550478697,2286.14917319072
2025-04-28,0.06,3000,0.971302169072507,0.997322018828514,5082.86550478697,2087.62807728176
2025-04-28,0.06,3200,0.915088919154996,0.93368344345407,5082.86550478697,1889.7336356468
2025-04-28,0.06,3400,0.856972456986594,0.873485577049312,5082.86550478697,1692.64131148755
2025-04-28,0.06,3600,0.798478431407759,0.812912139245794,5082.86550478697,1496.55163416273
2025-04-28,0.06,3800,0.740791672016536,0.753232810695107,5082.86550478697,1301.96592710786
2025-04-28,0.06,4000,0.682782073438324,0.694675946162818,5082.86550478697,1109.48577841353
2025-04-28,0.06,4200,0.625011635295849,0.637411570226452,5082.86550478697,920.163967265862
2025-04-28,0.06,4400,0.570392344546853,0.582126996472244,5082.86550478697,736.106052046344
2025-04-28,0.06,4500,0.544249302787618,0.555255087405245,5082.86550478697,646.93463794132
2025-04-28,0.06,4600,0.519134883965528,0.528916918869196,5082.86550478697,560.37010560867
2025-04-28,0.06,4700,0.49325907270443,0.502821286085621,5082.86550478697,476.663116776976
2025-04-28,0.06,4800,0.469179551168775,0.477406887243616,5082.86550478697,397.117112329497
2025-04-28,0.06,4900,0.443516758555301,0.452225339272426,5082.86550478697,321.832356960053
2025-04-28,0.06,5000,0.418187829077718,0.427268758380936,5082.86550478697,252.212556233528
2025-04-28,0.06,5050,0.406139127322136,0.416095705755084,5082.86550478697,220.310331710713
2025-04-28,0.06,5150,0.382591943221764,0.39151071442179,5082.86550478697,161.726935466404
2025-04-28,0.06,5175,0.376811398624166,0.385788027948101,5082.86550478697,148.491997180744
2025-04-28,0.06,5190,0.373458893905849,0.382484277384488,5082.86550478697,140.871881163106
2025-04-28,0.06,5200,0.371131338784717,0.380195604107731,5082.86550478697,135.858646981415
2025-04-28,0.06,5210,0.367994039866885,0.377931273565806,5082.86550478697,130.745148081871
2025-04-28,0.06,5220,0.366740123159542,0.375689787202482,5082.86550478697,126.183104953834
2025-04-28,0.06,5225,0.365522843518131,0.374707492470253,5082.86550478697,123.826884891556
2025-04-28,0.06,5230,0.364046766795535,0.373469752253954,5082.86550478697,121.370400138579
2025-04-28,0.06,5240,0.361995292210823,0.371269883204031,5082.86550478697,116.808356989576
2025-04-28,0.06,5250,0.359746929922035,0.369300970220038,5082.86550478697,112.346578557802
2025-04-28,0.06,5260,0.357938782568468,0.366926056181834,5082.86550478697,107.985064791444
2025-04-28,0.06,5270,0.355715800857106,0.364995453442987,5082.86550478697,103.723815707786
2025-04-28,0.06,5275,0.354635041609119,0.363740256021585,5082.86550478697,101.568125002639
2025-04-28,0.06,5280,0.353502162784993,0.362867578683983,5082.86550478697,99.5126989679094
2025-04-28,0.06,5290,0.351517395634879,0.360535953828719,5082.86550478697,95.401846916768
2025-04-28,0.06,5300,0.349098864559085,0.358436527336389,5082.86550478697,91.3411272016866
2025-04-28,0.06,5310,0.347133079072714,0.356351594842666,5082.86550478697,87.4809368936451
2025-04-28,0.06,5320,0.345178782905492,0.354280895431708,5082.86550478697,83.7210112096567
2025-04-28,0.06,5325,0.344004804816149,0.353393414721782,5082.86550478697,81.8661145789922
2025-04-28,0.06,5330,0.342541628220883,0.352224334952624,5082.86550478697,79.9109532462774
2025-04-28,0.06,5340,0.340835821140175,0.350181999116195,5082.86550478697,76.401689312329
2025-04-28,0.06,5350,0.338195419341203,0.348154170229576,5082.86550478697,72.7921606757361
2025-04-28,0.06,5360,0.336513430398783,0.346141346259306,5082.86550478697,69.4834260661022
2025-04-28,0.06,5370,0.33460605237112,0.3441442628047,5082.86550478697,66.2248238573713
2025-04-28,0.06,5375,0.333564516646478,0.342937460978811,5082.86550478697,64.570456559793
2025-04-28,0.06,5380,0.332462438842682,0.342163917836105,5082.86550478697,63.0163539601832
2025-04-28,0.06,5390,0.32955925652125,0.34020160225392,5082.86550478697,59.757751750962
2025-04-28,0.06,5400,0.328455539589722,0.338002933591483,5082.86550478697,56.9002082219763
2025-04-28,0.06,5410,0.326339587651421,0.33607700783819,5082.86550478697,53.992532392953
2025-04-28,0.06,5420,0.324505322665921,0.334174772602889,5082.86550478697,51.2352535793734
2025-04-28,0.06,5425,0.323357331241274,0.333401433914592,5082.86550478697,49.8816803547622
2025-04-28,0.06,5430,0.322418508755078,0.33257070159952,5082.86550478697,48.5782394682556
2025-04-28,0.06,5440,0.32063094857806,0.330730775482438,5082.86550478697,46.0214899935823
2025-04-28,0.06,5450,0.318585053925243,0.32892503487013,5082.86550478697,43.514872900079
2025-04-28,0.06,5460,0.316561777168745,0.327158089081744,5082.86550478697,41.1085204943244
2025-04-28,0.06,5470,0.314871968027082,0.325435289438586,5082.86550478697,38.8525651063135
2025-04-28,0.06,5475,0.31392868683406,0.32463000114729,5082.86550478697,37.749653554334
2025-04-28,0.06,5480,0.312916733406847,0.323762823851568,5082.86550478697,36.6467420238936
2025-04-28,0.06,5490,0.311324668024579,0.32214782130396,5082.86550478697,34.5913160206756
2025-04-28,0.06,5500,0.309464982589405,0.320276709995987,5082.86550478697,32.5358900110641
2025-04-28,0.06,5510,0.307661142311707,0.318793391949335,5082.86550478697,30.6308609913643
2025-04-28,0.06,5520,0.305923288566726,0.317395278567766,5082.86550478697,28.8260966670923
2025-04-28,0.06,5525,0.30530837454225,0.316602372501138,5082.86550478697,27.9738468785468
2025-04-28,0.06,5530,0.304263224703942,0.315743881825692,5082.86550478697,27.0714647031552
2025-04-28,0.06,5540,0.302694638254819,0.314182048774907,5082.86550478697,25.4170974119517
2025-04-28,0.06,5550,0.301233337255907,0.312723664270846,5082.86550478697,23.8629948009792
2025-04-28,0.06,5560,0.29989749137408,0.311384574767114,5082.86550478697,22.4091569070902
2025-04-28,0.06,5570,0.29828550194604,0.309783781873689,5082.86550478697,20.9553189799241
2025-04-28,0.06,5575,0.297798961861806,0.309081673355243,5082.86550478697,20.3035985387177
2025-04-28,0.06,5580,0.296811504110053,0.308726189129226,5082.86550478697,19.651878080647
2025-04-28,0.06,5590,0.295500061353507,0.307421319763826,5082.86550478697,18.3985695346943
2025-04-28,0.06,5600,0.294379230496556,0.305848389713527,5082.86550478697,17.1953933252077
2025-04-28,0.06,5610,0.292986739392954,0.3049054253157,5082.86550478697,16.0924818012323
2025-04-28,0.06,5620,0.291812163219895,0.303716925433593,5082.86550478697,15.0397026107965
2025-04-28,0.06,5625,0.291120757053023,0.303267621954198,5082.86550478697,14.5383791950359
2025-04-28,0.06,5630,0.29035527101474,0.30275826024683,5082.86550478697,14.0370557702014
2025-04-28,0.06,5640,0.289150591440168,0.300511718548157,5082.86550478697,12.9842765929666
2025-04-28,0.06,5650,0.288244036370799,0.299524385506318,5082.86550478697,12.1320267681967
2025-04-28,0.06,5660,0.287071670197106,0.298278354772876,5082.86550478697,11.2797769622383
2025-04-28,0.06,5670,0.28560475667001,0.297338675033354,5082.86550478697,10.4776594918062
2025-04-28,0.06,5675,0.285414025008152,0.296773335600563,5082.86550478697,10.1267330946821
2025-04-28,0.06,5680,0.284490523214866,0.296140127926897,5082.86550478697,9.72567435050408
2025-04-28,0.06,5690,0.283796146711057,0.295301731409112,5082.86550478697,9.07395390710116
2025-04-28,0.06,5700,0.282848152152693,0.294209852606142,5082.86550478697,8.42223345702178
2025-04-28,0.06,5710,0.28161799828636,0.293545186020059,5082.86550478697,7.82064535819904
2025-04-28,0.06,5720,0.280070314499309,0.293377583317784,5082.86550478697,7.26918959774127
2025-04-28,0.06,5725,0.280024334376205,0.292845851242174,5082.86550478697,7.01852788284523
2025-04-28,0.06,5730,0.279929862614948,0.292245329643936,5082.86550478697,6.76786617923382
2025-04-28,0.06,5740,0.278662494844764,0.291633935145678,5082.86550478697,6.26654275701068
2025-04-28,0.06,5750,0.277062323609157,0.290784416162527,5082.86550478697,5.76521933331166
2025-04-28,0.06,5760,0.276133384347227,0.289670294611611,5082.86550478697,5.31402826199312
2025-04-28,0.06,5770,0.276015929582096,0.289204626775946,5082.86550478697,4.96310185846738
2025-04-28,0.06,5775,0.275316118665545,0.288888329839005,5082.86550478697,4.76257249481375
2025-04-28,0.06,5780,0.274528217584641,0.288512458525273,5082.86550478697,4.56204312610123
2025-04-28,0.06,5790,0.273915745371541,0.288607973658853,5082.86550478697,4.26124907926322
2025-04-28,0.06,5800,0.273041170464193,0.287443688745762,5082.86550478697,3.91032267829429
2025-04-28,0.06,5810,0.273271003849865,0.287126252102821,5082.86550478697,3.65966096704776
2025-04-28,0.06,5820,0.272600758787079,0.287799891836391,5082.86550478697,3.43406543429046
2025-04-28,0.06,5825,0.272545607464922,0.286864776741638,5082.86550478697,3.28366840545595
2025-04-28,0.06,5830,0.271657417203609,0.287101775344849,5082.86550478697,3.15833755173227
2025-04-28,0.06,5850,0.270585087589076,0.286316636217455,5082.86550478697,2.70714646894059
2025-04-28,0.06,5875,0.269749808819129,0.286790651468253,5082.86550478697,2.28102156124313
2025-04-28,0.06,5900,0.268529787742408,0.288841072494302,5082.86550478697,1.95516134244347
2025-04-28,0.06,6000,0.27367010031134,0.29936117951971,5082.86550478697,1.22824238131462
2025-04-28,0.06,6100,0.263533541171504,0.30520624207074,5082.86550478697,0.626654274833293
2025-04-28,0.06,6200,NA,0.310542014364307,5082.86550478697,NA
2025-04-28,0.06,6300,NA,0.335361020576114,5082.86550478697,NA
2025-04-28,0.06,6400,NA,0.369794578751576,5082.86550478697,NA
2025-04-28,0.06,6600,NA,0.407536093867266,5082.86550478697,NA
2025-04-28,0.06,6800,NA,0.44525113832156,5082.86550478697,NA
2025-04-28,0.06,7000,NA,0.480766112763981,5082.86550478697,NA
2025-04-28,0.06,7200,NA,0.514202156650115,5082.86550478697,NA
2025-04-28,0.06,7400,NA,0.549863988729981,5082.86550478697,NA
2025-04-29,0.064,2200,1.17450831837872,1.25931146265075,5083.31918744857,2884.37452455122
2025-04-29,0.064,2400,1.12261763790012,1.17850498618008,5083.31918744857,2684.92732017633
2025-04-29,0.064,2600,1.06749121930826,1.10781948112869,5083.31918744857,2485.75651361335
2025-04-29,0.064,2800,1.00767475423606,1.04145446182747,5083.31918744857,2286.88723193801
2025-04-29,0.064,3000,0.95250468993934,0.976402898394749,5083.31918744857,2088.49536466534
2025-04-29,0.064,3200,0.894691577723383,0.913924955839232,5083.31918744857,1890.65629301871
2025-04-29,0.064,3400,0.837655369414953,0.853183810850688,5083.31918744857,1693.62128773337
2025-04-29,0.064,3600,0.780181729807166,0.793833800145169,5083.31918744857,1497.64161955395
2025-04-29,0.064,3800,0.723492325070762,0.736097174832919,5083.31918744857,1303.21982996062
2025-04-29,0.064,4000,0.667177763846317,0.678525919231552,5083.31918744857,1110.9087145609
2025-04-29,0.064,4200,0.610902194478726,0.622779372518474,5083.31918744857,921.813864613793
2025-04-29,0.064,4400,0.557957764125437,0.569236813192849,5083.31918744857,738.096208487595
2025-04-29,0.064,4500,0.532724175740526,0.543629673069494,5083.31918744857,649.202375136573
2025-04-29,0.064,4600,0.509011225098543,0.518440523468827,5083.31918744857,563.022265756039
2025-04-29,0.064,4700,0.48470484939082,0.493438135039947,5083.31918744857,479.756896978712
2025-04-29,0.064,4800,0.459995883743335,0.46909565312016,5083.31918744857,400.21033510107
2025-04-29,0.064,4900,0.43553907091806,0.444191645824564,5083.31918744857,325.086138227624
2025-04-29,0.064,5000,0.411303404130585,0.421116168459158,5083.31918744857,255.942184942808
2025-04-29,0.064,5050,0.398670461168483,0.409714717120957,5083.31918744857,223.68189910543
2025-04-29,0.064,5100,0.387395429884866,0.39738817433825,5083.31918744857,193.327706332708
2025-04-29,0.064,5150,0.377281979040893,0.386131075234248,5083.31918744857,165.486908501239
2025-04-29,0.064,5175,0.371685538580882,0.380588625726674,5083.31918744857,152.219813516597
2025-04-29,0.064,5190,0.368451945856486,0.377400759485501,5083.31918744857,144.581183054171
2025-04-29,0.064,5200,0.366011908796215,0.375197058916297,5083.31918744857,139.505514115968
2025-04-29,0.064,5210,0.363994370878526,0.373021191649832,5083.31918744857,134.63086182139
2025-04-29,0.064,5220,0.360990954237406,0.370871830260397,5083.31918744857,129.605447009779
2025-04-29,0.064,5225,0.360834430926828,0.369730962143773,5083.31918744857,127.444518681394
2025-04-29,0.064,5230,0.359825315414123,0.368747760681705,5083.31918744857,125.13282788646
2025-04-29,0.064,5240,0.357669174578422,0.366647883953119,5083.31918744857,120.509446291072
2025-04-29,0.064,5250,0.355118949979484,0.364571219712109,5083.31918744857,115.886064695648
2025-04-29,0.064,5260,0.353408382239709,0.362516910268792,5083.31918744857,111.56420798194
2025-04-29,0.064,5270,0.351301633514675,0.360275941080535,5083.31918744857,107.192097128631
2025-04-29,0.064,5275,0.350280024018593,0.359292793897112,5083.31918744857,105.081422927697
2025-04-29,0.064,5280,0.349209438596619,0.358262513642341,5083.31918744857,102.970748727419
2025-04-29,0.064,5290,0.347131037293488,0.356269508361978,5083.31918744857,98.8499086056785
2025-04-29,0.064,5300,0.345065795141779,0.354082541331134,5083.31918744857,94.7793226346823
2025-04-29,0.064,5310,0.343013212137684,0.352127354004624,5083.31918744857,90.8594991408344
2025-04-29,0.064,5320,0.340972931031685,0.350191952917249,5083.31918744857,87.0401838787377
2025-04-29,0.064,5325,0.339874204825004,0.349149220879655,5083.31918744857,85.1305262603171
2025-04-29,0.064,5330,0.338498478837418,0.3480551904305,5083.31918744857,83.1706145180677
2025-04-29,0.064,5340,0.336928633502108,0.346157326736052,5083.31918744857,79.6528241708355
2025-04-29,0.064,5350,0.334007037478185,0.344053077302459,5083.31918744857,75.8837630760593
2025-04-29,0.064,5360,0.332467737340535,0.341963952547477,5083.31918744857,72.5167351944092
2025-04-29,0.064,5370,0.330718684441595,0.340124162636322,5083.31918744857,69.2502155735388
2025-04-29,0.064,5375,0.329524096765752,0.339006822492796,5083.31918744857,67.5415745686653
2025-04-29,0.064,5380,0.328509915440317,0.33807039132283,5083.31918744857,65.9334418539839
2025-04-29,0.064,5390,0.326552202046842,0.336033876980088,5083.31918744857,62.7674305244981
2025-04-29,0.064,5400,0.324610338162876,0.334261432313975,5083.31918744857,59.7521816739552
2025-04-29,0.064,5410,0.322686030145999,0.332267762302124,5083.31918744857,56.7871869409706
2025-04-29,0.064,5420,0.320781370416102,0.330551005341764,5083.31918744857,53.972954668285
2025-04-29,0.064,5425,0.319738841668764,0.329608832568126,5083.31918744857,52.5658385348861
2025-04-29,0.064,5430,0.31889888649534,0.32860879788708,5083.31918744857,51.2089765474883
2025-04-29,0.064,5440,0.316770551750295,0.326693915291216,5083.31918744857,48.49525258112
2025-04-29,0.064,5450,0.314935702505398,0.325080710632735,5083.31918744857,45.9825451842527
2025-04-29,0.064,5460,0.313133423066127,0.323236888240351,5083.31918744857,43.5200919617414
2025-04-29,0.064,5470,0.311368623685237,0.321715917113046,5083.31918744857,41.2084011349301
2025-04-29,0.064,5475,0.310538936779755,0.320725640800833,5083.31918744857,40.0525557537084
2025-04-29,0.064,5480,0.309647031705523,0.31996255466441,5083.31918744857,38.9469645031502
2025-04-29,0.064,5490,0.307667849871512,0.318259949878167,5083.31918744857,36.7357819910398
2025-04-29,0.064,5500,0.30604499118143,0.316615034704655,5083.31918744857,34.6753619476071
2025-04-29,0.064,5510,0.304488055577716,0.315349653852976,5083.31918744857,32.7657043319991
2025-04-29,0.064,5520,0.302671703999861,0.313853897556783,5083.31918744857,30.8560467118718
2025-04-29,0.064,5525,0.301830469713088,0.312851186487488,5083.31918744857,29.9012179133455
2025-04-29,0.064,5530,0.300921981858339,0.312111961271984,5083.31918744857,28.9966432475925
2025-04-29,0.064,5540,0.299608316442261,0.310789637320826,5083.31918744857,27.3382563742999
2025-04-29,0.064,5550,0.29804045904409,0.309225527622904,5083.31918744857,25.6798694969739
2025-04-29,0.064,5560,0.296580209857612,0.307764993364405,5083.31918744857,24.1219909077667
2025-04-29,0.064,5570,0.295245257317861,0.306423461176184,5083.31918744857,22.6646206334532
2025-04-29,0.064,5575,0.294479721803067,0.305850397441271,5083.31918744857,21.9610625717568
2025-04-29,0.064,5580,0.293645008520546,0.30521842304242,5083.31918744857,21.2575045062372
2025-04-29,0.064,5590,0.292609100458079,0.304169591860597,5083.31918744857,20.001150796927
2025-04-29,0.064,5600,0.291324788437803,0.302884595318229,5083.31918744857,18.7447970945496
2025-04-29,0.064,5610,0.289769630350534,0.301343860943814,5083.31918744857,17.4884434170016
2025-04-29,0.064,5620,0.288397561841321,0.300418242865497,5083.31918744857,16.3828521552127
2025-04-29,0.064,5625,0.287851428171767,0.299641763146298,5083.31918744857,15.8300565346428
2025-04-29,0.064,5630,0.28724104284883,0.299259002664858,5083.31918744857,15.3275150601075
2025-04-29,0.064,5640,0.286336741434573,0.298326813232662,5083.31918744857,14.3726862582736
2025-04-29,0.064,5650,0.285182798567635,0.296154213016684,5083.31918744857,13.3173491596192
2025-04-29,0.064,5660,0.283754104772771,0.295204811288118,5083.31918744857,12.4127744945165
2025-04-29,0.064,5670,0.283212405362826,0.294011043903737,5083.31918744857,11.6087081378974
2025-04-29,0.064,5675,0.282555755135804,0.29359385140808,5083.31918744857,11.2066749376198
2025-04-29,0.064,5680,0.281826442684953,0.293118553988032,5083.31918744857,10.8046417554598
2025-04-29,0.064,5690,0.280787410180768,0.292575229420194,5083.31918744857,10.1010836959539
2025-04-29,0.064,5700,0.279473740544634,0.29119971414434,5083.31918744857,9.34727148912566
2025-04-29,0.064,5710,0.278575994622668,0.290179704776857,5083.31918744857,8.69396755451911
2025-04-29,0.064,5720,0.27741317363225,0.289576529927915,5083.31918744857,8.09091779090966
2025-04-29,0.064,5725,0.277500476974546,0.289192557854014,5083.31918744857,7.8396470427203
2025-04-29,0.064,5730,0.276753682871375,0.288750146598228,5083.31918744857,7.5381221617595
2025-04-29,0.064,5740,0.275850522472791,0.288418432052622,5083.31918744857,7.03558068320977
2025-04-29,0.064,5750,0.274675040734047,0.287886929751754,5083.31918744857,6.53303920483845
2025-04-29,0.064,5760,0.274130771455873,0.287136498688409,5083.31918744857,6.08075187671696
2025-04-29,0.064,5770,0.273350937374694,0.286144071312087,5083.31918744857,5.62846454574328
2025-04-29,0.064,5775,0.272864031455311,0.285984864482822,5083.31918744857,5.42744795542654
2025-04-29,0.064,5780,0.272307047295687,0.285776743718824,5083.31918744857,5.22643136771943
2025-04-29,0.064,5790,0.27096350767076,0.285204178969084,5083.31918744857,4.82439818542508
2025-04-29,0.064,5800,0.270460997878197,0.284404767759792,5083.31918744857,4.47261915069946
2025-04-29,0.064,5810,0.269722263789832,0.284387390153665,5083.31918744857,4.17109426527018
2025-04-29,0.064,5820,0.268716466841394,0.284198127071092,5083.31918744857,3.86956938057738
2025-04-29,0.064,5825,0.268785622053652,0.283480216627899,5083.31918744857,3.71880693247021
2025-04-29,0.064,5830,0.268814344187372,0.28382055114601,5083.31918744857,3.61829863457651
2025-04-29,0.064,5850,0.267702663138159,0.283669310762736,5083.31918744857,3.14088423343335
2025-04-29,0.064,5875,0.266857611447465,0.282770193759317,5083.31918744857,2.6132156826777
2025-04-29,0.064,5900,0.265555983666701,0.283672527609117,5083.31918744857,2.21118250146537
2025-04-29,0.064,6000,0.260895587295711,0.29209199378487,5083.31918744857,1.23122662020318
2025-04-29,0.064,6100,0.259620635358348,0.300472181867596,5083.31918744857,0.728685141183144
2025-04-29,0.064,6200,0.240662758176136,0.321893053357064,5083.31918744857,0.577922698510511
2025-04-29,0.064,6300,NA,0.34056387160145,5083.31918744857,NA
2025-04-29,0.064,6400,NA,0.360197871801566,5083.31918744857,NA
2025-04-29,0.064,6600,NA,0.397151037637363,5083.31918744857,NA
2025-04-29,0.064,6800,NA,0.431100415030606,5083.31918744857,NA
2025-04-29,0.064,7000,NA,0.46549472276168,5083.31918744857,NA
2025-04-29,0.064,7200,NA,0.497875322784673,5083.31918744857,NA
2025-04-29,0.064,7400,NA,0.532411973567011,5083.31918744857,NA
2025-04-30,0.068,1200,1.56512281800382,1.82885543866163,5083.70454761225,3883.92884268486
2025-04-30,0.068,1400,NA,1.59881054090181,5083.70454761225,NA
2025-04-30,0.068,1600,NA,1.47317293799802,5083.70454761225,NA
2025-04-30,0.068,1800,1.19039505678016,1.42295706436408,5083.70454761225,3284.17805943229
2025-04-30,0.068,2000,1.19886672256759,1.32418478476701,5083.70454761225,3084.47711952939
2025-04-30,0.068,2200,1.16674394028189,1.23410107642156,5083.70454761225,2884.9257096743
2025-04-30,0.068,2400,1.10558176109207,1.1551577184739,5083.70454761225,2685.4989081931
2025-04-30,0.068,2600,1.04872510304487,1.0873185190012,5083.70454761225,2486.39608848362
2025-04-30,0.068,2800,0.99191502771559,1.01913918306195,5083.70454761225,2287.59232887179
2025-04-30,0.068,2900,0.964652456768221,0.987549011496497,5083.70454761225,2188.3898224615
2025-04-30,0.068,3000,0.933729713305806,0.955738011707074,5083.70454761225,2089.23715940358
2025-04-30,0.068,3100,0.90689317077702,0.925545306836079,5083.70454761225,1990.33371309131
2025-04-30,0.068,3200,0.876511167316779,0.894352292980436,5083.70454761225,1891.48011013043
2025-04-30,0.068,3300,0.848405770685188,0.863732677699276,5083.70454761225,1792.87572391771
2025-04-30,0.068,3400,0.819953817718611,0.834465307871848,5083.70454761225,1694.52055444807
2025-04-30,0.068,3500,0.790879351426388,0.804590052886037,5083.70454761225,1596.36475837829
2025-04-30,0.068,3600,0.762028986229391,0.774922268048095,5083.70454761225,1498.50802240931
2025-04-30,0.068,3700,0.733780349420961,0.746682281625673,5083.70454761225,1401.09987657411
2025-04-30,0.068,3800,0.706208001522269,0.718169176272617,5083.70454761225,1304.14032089407
2025-04-30,0.068,3900,0.678533845223219,0.689612380831358,5083.70454761225,1207.6791987076
2025-04-30,0.068,3950,0.664867769248886,0.675220441210083,5083.70454761225,1159.672932684
2025-04-30,0.068,4000,0.651367087287135,0.661042151207478,5083.70454761225,1111.8660400709
2025-04-30,0.068,4050,0.637907763323653,0.647479028723712,5083.70454761225,1064.30836418859
2025-04-30,0.068,4100,0.624887816541632,0.633341636587818,5083.70454761225,1016.9500617116
2025-04-30,0.068,4150,0.610706904429422,0.62093881688554,5083.70454761225,969.890819324062
2025-04-30,0.068,4200,0.597238982903386,0.607689353076484,5083.70454761225,923.080793691331
2025-04-30,0.068,4250,0.584242412463507,0.594840955330629,5083.70454761225,876.669514844127
2025-04-30,0.068,4275,0.577854415918043,0.588505572689865,5083.70454761225,853.613405501962
2025-04-30,0.068,4300,0.571508320448327,0.581066089820126,5083.70454761225,830.50745277317
2025-04-30,0.068,4325,0.565182572194078,0.574806217795077,5083.70454761225,807.650716804255
2025-04-30,0.068,4350,0.558857173767871,0.56818097933838,5083.70454761225,784.84382418058
2025-04-30,0.068,4375,0.552513532915215,0.562238736187073,5083.70454761225,762.236304946782
2025-04-30,0.068,4400,0.546134309864962,0.555897716716426,5083.70454761225,739.678629068783
2025-04-30,0.068,4425,0.540032488810551,0.549497986088599,5083.70454761225,717.270483259664
2025-04-30,0.068,4450,0.533843569595848,0.543653385269839,5083.70454761225,695.06171081651
2025-04-30,0.068,4475,0.527863904302783,0.536465918870865,5083.70454761225,672.803095030909
2025-04-30,0.068,4500,0.521753297820591,0.530399756120568,5083.70454761225,650.84353935584
2025-04-30,0.068,4525,0.515792432292328,0.524475846490699,5083.70454761225,629.083357068995
2025-04-30,0.068,4550,0.509662943972532,0.518660176189085,5083.70454761225,607.47270484166
2025-04-30,0.068,4560,0.507307324027691,0.516478640369562,5083.70454761225,598.918161953235
2025-04-30,0.068,4570,0.504875187347716,0.513670712556908,5083.70454761225,590.263932418529
2025-04-30,0.068,4575,0.503630748157242,0.512105648253346,5083.70454761225,585.911895951852
2025-04-30,0.068,4580,0.502367556786728,0.51079587751186,5083.70454761225,581.609702822598
2025-04-30,0.068,4590,0.50005561339681,0.509459440385717,5083.70454761225,573.304376717128
2025-04-30,0.068,4600,0.497931170124936,0.50617167728377,5083.70454761225,564.699990513687
2025-04-30,0.068,4610,0.495458037789379,0.50334806920038,5083.70454761225,556.145447633656
2025-04-30,0.068,4620,0.492907298198162,0.500972892354587,5083.70454761225,547.69059147901
2025-04-30,0.068,4625,0.491992922784031,0.500270508804943,5083.70454761225,543.637615100928
2025-04-30,0.068,4630,0.490538327016618,0.498774111351365,5083.70454761225,539.335422014466
2025-04-30,0.068,4640,0.488087903381333,0.497504690160423,5083.70454761225,531.179625938544
2025-04-30,0.068,4650,0.485556929074494,0.493873503314281,5083.70454761225,522.57523973666
2025-04-30,0.068,4660,0.483196645240822,0.492172206163141,5083.70454761225,514.41944367059
2025-04-30,0.068,4670,0.481000010063019,0.49012824313155,5083.70454761225,506.263647592863
2025-04-30,0.068,4675,0.480114929109434,0.488461014342266,5083.70454761225,502.110984535752
2025-04-30,0.068,4680,0.478469797403423,0.487263974668707,5083.70454761225,497.908478110939
2025-04-30,0.068,4690,0.476342642818703,0.485288240911009,5083.70454761225,489.85236874017
2025-04-30,0.068,4700,0.473883765102747,0.482026186386657,5083.70454761225,481.497199270396
2025-04-30,0.068,4710,0.471577083830895,0.480112659447216,5083.70454761225,473.490933257382
2025-04-30,0.068,4720,0.46918075708599,0.477634742732971,5083.70454761225,465.384980552507
2025-04-30,0.068,4725,0.468066449852636,0.476479835074053,5083.70454761225,461.381847528704
2025-04-30,0.068,4730,0.46669556455965,0.475302319850676,5083.70454761225,457.328871148827
2025-04-30,0.068,4740,0.46435333383201,0.472879835019514,5083.70454761225,449.322605166892
2025-04-30,0.068,4750,0.462148198152927,0.470140228594375,5083.70454761225,441.316339110199
2025-04-30,0.068,4760,0.459620801288927,0.468218625050943,5083.70454761225,433.459603168764
2025-04-30,0.068,4770,0.457227659376189,0.465749396557685,5083.70454761225,425.553023806568
2025-04-30,0.068,4775,0.455883850395311,0.46459174367996,5083.70454761225,421.599734184985
2025-04-30,0.068,4780,0.454740438021828,0.463410286051709,5083.70454761225,417.696287855897
2025-04-30,0.068,4790,0.449948844348004,0.460976244380511,5083.70454761225,409.341118393459
2025-04-30,0.068,4800,0.450142889044402,0.458229671808033,5083.70454761225,402.082502620862
2025-04-30,0.068,4810,0.44780513565004,0.456041605525513,5083.70454761225,394.425140036356
2025-04-30,0.068,4820,0.445367869274427,0.453538278838973,5083.70454761225,386.717934108109
2025-04-30,0.068,4825,0.444219324731482,0.452357181370623,5083.70454761225,382.914174480664
2025-04-30,0.068,4830,0.443045194574624,0.451151088950601,5083.70454761225,379.110414894506
2025-04-30,0.068,4840,0.440620386675716,0.44887542304879,5083.70454761225,371.55273899431
2025-04-30,0.068,4850,0.438304183503653,0.446497094258158,5083.70454761225,364.044906472861
2025-04-30,0.068,4860,0.435883274353872,0.44422465684426,5083.70454761225,356.586917313063
2025-04-30,0.068,4870,0.433565227745188,0.441847126226178,5083.70454761225,349.178771501263
2025-04-30,0.068,4875,0.432572549930405,0.440825086138924,5083.70454761225,345.574385240501
2025-04-30,0.068,4880,0.431345780402997,0.439980786927766,5083.70454761225,341.969999047171
2025-04-30,0.068,4890,0.429016401926887,0.437389520980234,5083.70454761225,334.611696566201
2025-04-30,0.068,4900,0.42678035099494,0.434896233951049,5083.70454761225,327.353080770911
2025-04-30,0.068,4910,0.424431944579996,0.432496977469051,5083.70454761225,320.144308388765
2025-04-30,0.068,4920,0.421971196360857,0.430187963234149,5083.70454761225,312.985379297951
2025-04-30,0.068,4925,0.420898627076279,0.429290778725072,5083.70454761225,309.530523118757
2025-04-30,0.068,4930,0.418600304570053,0.428164660575242,5083.70454761225,305.726763514115
2025-04-30,0.068,4940,0.41631531962173,0.426024317589751,5083.70454761225,298.767207839912
2025-04-30,0.068,4950,0.415095748781266,0.423569962172491,5083.70454761225,292.056868868279
2025-04-30,0.068,4960,0.412764927046203,0.420804331393196,5083.70454761225,285.04746986873
2025-04-30,0.068,4970,0.410509124945236,0.418509922624571,5083.70454761225,278.237444209772
2025-04-30,0.068,4975,0.409335307072479,0.417706963512827,5083.70454761225,274.932118128334
2025-04-30,0.068,4980,0.408130797609796,0.416483830072477,5083.70454761225,271.527105318871
2025-04-30,0.068,4990,0.405822873895421,0.414333844405879,5083.70454761225,264.866609700394
2025-04-30,0.068,5000,0.402425963862267,0.411866923409819,5083.70454761225,257.907054025038
2025-04-30,0.068,5010,0.40121400149068,0.409276450832705,5083.70454761225,251.545618535347
2025-04-30,0.068,5020,0.399099943193108,0.407326593727223,5083.70454761225,245.184183031163
2025-04-30,0.068,5025,0.397993494576053,0.406016301154056,5083.70454761225,241.928700256535
2025-04-30,0.068,5030,0.396663206070652,0.403720539057315,5083.70454761225,238.374157398251
2025-04-30,0.068,5040,0.392572809092266,0.402654486847972,5083.70454761225,231.863191879683
2025-04-30,0.068,5050,0.39215192579435,0.400311828876101,5083.70454761225,226.050033219894
2025-04-30,0.068,5060,0.389881797332841,0.398025055060839,5083.70454761225,219.838127808619
2025-04-30,0.068,5070,0.387662190938216,0.396169840992657,5083.70454761225,213.825595761323
2025-04-30,0.068,5075,0.386594195320595,0.394906898750932,5083.70454761225,210.769486392404
2025-04-30,0.068,5080,0.383225082937986,0.393987115117506,5083.70454761225,207.214943499067
2025-04-30,0.068,5085,0.384161937568685,0.392276465887006,5083.70454761225,204.606949605915
2025-04-30,0.068,5090,0.383582457748829,0.391127647185977,5083.70454761225,201.765878702136
2025-04-30,0.068,5095,0.382589297974614,0.390131998888739,5083.70454761225,198.874964378768
2025-04-30,0.068,5100,0.381182632432465,0.389100620691964,5083.70454761225,195.884363405267
2025-04-30,0.068,5105,0.380493370781339,0.387844807724547,5083.70454761225,193.043292519245
2025-04-30,0.068,5110,0.379390152107389,0.386741342832192,5083.70454761225,190.152378243061
2025-04-30,0.068,5115,0.378438267385527,0.385789957095503,5083.70454761225,187.361150667422
2025-04-30,0.068,5120,0.377260456467232,0.384613408555854,5083.70454761225,184.470236380655
2025-04-30,0.068,5125,0.376233505836185,0.383211318717929,5083.70454761225,181.579322119627
2025-04-30,0.068,5130,0.375357313920016,0.38252642482416,5083.70454761225,178.937624626685
2025-04-30,0.068,5135,0.374254343065182,0.381426961126415,5083.70454761225,176.146397031482
2025-04-30,0.068,5140,0.373112876864842,0.380289794725986,5083.70454761225,173.355169467491
2025-04-30,0.068,5145,0.37193257640489,0.379303582618177,5083.70454761225,170.613785224734
2025-04-30,0.068,5150,0.371091443836004,0.377901046473013,5083.70454761225,167.872401016626
2025-04-30,0.068,5155,0.369453984627297,0.37702735122894,5083.70454761225,165.081173451893
2025-04-30,0.068,5160,0.368913170701394,0.376115292916271,5083.70454761225,162.589006003025
2025-04-30,0.068,5165,0.368143912224608,0.374974874308308,5083.70454761225,159.997151801075
2025-04-30,0.068,5170,0.366385083640055,0.373984955100095,5083.70454761225,157.205924236605
2025-04-30,0.068,5175,0.365916131728161,0.372765497764569,5083.70454761225,154.713756771723
2025-04-30,0.068,5180,0.364836438553484,0.372077224625046,5083.70454761225,152.221589313102
2025-04-30,0.068,5185,0.363715724548412,0.370777682424772,5083.70454761225,149.579891795548
2025-04-30,0.068,5190,0.362744820473347,0.369628094800543,5083.70454761225,147.037880963569
2025-04-30,0.068,5195,0.361732700717743,0.368629000173221,5083.70454761225,144.545713491285
2025-04-30,0.068,5200,0.360678924940644,0.367589193943704,5083.70454761225,142.053545986424
2025-04-30,0.068,5205,0.359775495186109,0.366508233733768,5083.70454761225,139.611221880014
2025-04-30,0.068,5210,0.357865650754335,0.365385645296495,5083.70454761225,136.919680976069
2025-04-30,0.068,5215,0.357649575185877,0.364414067904313,5083.70454761225,134.72657362294
2025-04-30,0.068,5220,0.356812932610435,0.363400781521664,5083.70454761225,132.383936211743
2025-04-30,0.068,5225,0.354767401609979,0.362345294002777,5083.70454761225,129.742238653431
2025-04-30,0.068,5230,0.354622658511336,0.360663012275823,5083.70454761225,127.449444598416
2025-04-30,0.068,5235,0.353656849643869,0.359519788058604,5083.70454761225,125.106807181559
2025-04-30,0.068,5240,0.352254826017159,0.358528448437945,5083.70454761225,122.714326385059
2025-04-30,0.068,5245,0.351593331166519,0.357493735378758,5083.70454761225,120.521219028369
2025-04-30,0.068,5250,0.35029684210358,0.356612211786369,5083.70454761225,118.228424961201
2025-04-30,0.068,5255,0.349548088876061,0.35548963644582,5083.70454761225,116.035317550527
2025-04-30,0.068,5260,0.348556903214666,0.354520392453245,5083.70454761225,113.84221018191
2025-04-30,0.068,5265,0.347320383613016,0.353506716806864,5083.70454761225,111.599259455445
2025-04-30,0.068,5270,0.346637870267059,0.352447956562242,5083.70454761225,109.505838771429
2025-04-30,0.068,5275,0.345710282150458,0.351544324536086,5083.70454761225,107.412418113315
2025-04-30,0.068,5280,0.344332036789788,0.350595875957966,5083.70454761225,105.21931074429
2025-04-30,0.068,5285,0.343716546654989,0.349601935764538,5083.70454761225,103.22557675415
2025-04-30,0.068,5290,0.342648896645354,0.348561782326323,5083.70454761225,101.132156089183
2025-04-30,0.068,5295,0.340711769118757,0.347679161374006,5083.70454761225,98.8892053754608
2025-04-30,0.068,5300,0.340574170573933,0.346750733611897,5083.70454761225,97.0948447583002
2025-04-30,0.068,5305,0.339567453216857,0.345775755291606,5083.70454761225,95.1011108169507
2025-04-30,0.068,5310,0.338720440801105,0.344753430423371,5083.70454761225,93.1572201632511
2025-04-30,0.068,5315,0.337616415951051,0.343891623366444,5083.70454761225,91.2133295515896
2025-04-30,0.068,5320,0.33667262660515,0.342983030592386,5083.70454761225,89.3192822636829
2025-04-30,0.068,5325,0.335679690493871,0.34202683442908,5083.70454761225,87.4252349698346
2025-04-30,0.068,5330,0.334850064997472,0.341022160015383,5083.70454761225,85.5810310480701
2025-04-30,0.068,5335,0.333757271024553,0.340181632224094,5083.70454761225,83.7368271198774
2025-04-30,0.068,5340,0.332828490232979,0.339293360908615,5083.70454761225,81.9424665456933
2025-04-30,0.068,5345,0.331849323871486,0.338356450253042,5083.70454761225,80.1481059604959
2025-04-30,0.068,5350,0.330818716344141,0.337369941868239,5083.70454761225,78.3537453850488
2025-04-30,0.068,5355,0.329735535948499,0.33655192719948,5083.70454761225,76.6092281281698
2025-04-30,0.068,5360,0.328598569345866,0.335685247870297,5083.70454761225,74.8647109254254
2025-04-30,0.068,5365,0.327854548546699,0.334768926574061,5083.70454761225,73.2198803800084
2025-04-30,0.068,5370,0.326609620266354,0.333801917610145,5083.70454761225,71.4753631464795
2025-04-30,0.068,5375,0.325762035669295,0.332783101063153,5083.70454761225,69.8305326125515
2025-04-30,0.068,5380,0.324862645089869,0.3321656699939,5083.70454761225,68.2853887615861
2025-04-30,0.068,5385,0.323910251924089,0.331272196659764,5083.70454761225,66.6904016154855
2025-04-30,0.068,5390,0.322903571383359,0.330327000871256,5083.70454761225,65.0954143979949
2025-04-30,0.068,5395,0.321841224091634,0.329561520944778,5083.70454761225,63.5502705809644
2025-04-30,0.068,5400,0.320959182014505,0.328980253422136,5083.70454761225,62.1048134302224
2025-04-30,0.068,5405,0.320022853435541,0.327878533158897,5083.70454761225,60.5596696061107
2025-04-30,0.068,5410,0.319030829001752,0.326958655083541,5083.70454761225,59.0643691160515
2025-04-30,0.068,5415,0.318225788384054,0.32622559886146,5083.70454761225,57.6687553417886
2025-04-30,0.068,5420,0.317120197893441,0.325441617193403,5083.70454761225,56.2232982023132
2025-04-30,0.068,5425,0.316203296412345,0.32485063568527,5083.70454761225,54.8775277656105
2025-04-30,0.068,5430,0.315229349822844,0.323715890869054,5083.70454761225,53.4320706437338
2025-04-30,0.068,5435,0.31445106508408,0.322771421366635,5083.70454761225,52.0863001988038
2025-04-30,0.068,5440,0.313103559771215,0.322023128270676,5083.70454761225,50.6906864305246
2025-04-30,0.068,5445,0.312468235375959,0.321222076041903,5083.70454761225,49.4446026824817
2025-04-30,0.068,5450,0.311780271610153,0.3206245285641,5083.70454761225,48.2483623051564
2025-04-30,0.068,5455,0.31077248439627,0.319976737688587,5083.70454761225,47.0022785399745
2025-04-30,0.068,5460,0.309971833945877,0.318751185574407,5083.70454761225,45.7063514724626
2025-04-30,0.068,5465,0.308841613029067,0.31799328253915,5083.70454761225,44.4602677465061
2025-04-30,0.068,5470,0.308196673601344,0.317449875607473,5083.70454761225,43.3637140257243
2025-04-30,0.068,5475,0.307218455733685,0.316584356939048,5083.70454761225,42.1674736693525
2025-04-30,0.068,5480,0.306459641166458,0.315661101509686,5083.70454761225,41.0210766098083
2025-04-30,0.068,5485,0.305356727646171,0.315235478944019,5083.70454761225,39.9245229428114
2025-04-30,0.068,5490,0.304476392508699,0.314198253351148,5083.70454761225,38.7781258930091
2025-04-30,0.068,5495,0.303828001075645,0.313383268245621,5083.70454761225,37.731415552287
2025-04-30,0.068,5500,0.302825552813939,0.312799269182971,5083.70454761225,36.6847052128028
2025-04-30,0.068,5505,0.302058910189435,0.312162734941484,5083.70454761225,35.6878382200974
2025-04-30,0.068,5510,0.301232108346666,0.311175759294683,5083.70454761225,34.6411278874053
2025-04-30,0.068,5515,0.300342995639447,0.310425445519775,5083.70454761225,33.6442608761687
2025-04-30,0.068,5520,0.299704749801691,0.309921716713273,5083.70454761225,32.7470806120462
2025-04-30,0.068,5525,0.298688792415002,0.309058182780566,5083.70454761225,31.7502136200741
2025-04-30,0.068,5530,0.297928507958818,0.308445790311962,5083.70454761225,30.8530333344557
2025-04-30,0.068,5535,0.297106170207084,0.307778496523103,5083.70454761225,29.9558530295349
2025-04-30,0.068,5540,0.296554744005962,0.307054479368685,5083.70454761225,29.1085160953267
2025-04-30,0.068,5545,0.295606502210559,0.30627176779179,5083.70454761225,28.2113358066875
2025-04-30,0.068,5550,0.295626334579266,0.305428226444376,5083.70454761225,27.4636855568308
2025-04-30,0.068,5555,0.29490542062077,0.304857861507661,5083.70454761225,26.6661919610065
2025-04-30,0.068,5560,0.293407457526632,0.304232394288743,5083.70454761225,25.7690116663042
2025-04-30,0.068,5565,0.292910114973648,0.303549894767105,5083.70454761225,25.0213614383646
2025-04-30,0.068,5570,0.291986953549659,0.30280827168701,5083.70454761225,24.2238678391114
2025-04-30,0.068,5575,0.291369203793463,0.302005255095201,5083.70454761225,23.476217593986
2025-04-30,0.068,5580,0.291455349239865,0.301501929813308,5083.70454761225,22.8780974195072
2025-04-30,0.068,5585,0.291115573224261,0.300944279467005,5083.70454761225,22.2301338548617
2025-04-30,0.068,5590,0.290329798032652,0.300330333144892,5083.70454761225,21.5323269719207
2025-04-30,0.068,5595,0.289878367063251,0.299657952734066,5083.70454761225,20.8843634412115
2025-04-30,0.068,5600,0.289371206915138,0.298924814293663,5083.70454761225,20.2363998950819
2025-04-30,0.068,5605,0.287553121040027,0.298523160187568,5083.70454761225,19.488749646426
2025-04-30,0.068,5610,0.287756166387032,0.297668102599963,5083.70454761225,18.940472798084
2025-04-30,0.068,5615,0.286190302892287,0.297153517046067,5083.70454761225,18.24266591306
2025-04-30,0.068,5620,0.285409455415732,0.296582537436452,5083.70454761225,17.6445457240814
2025-04-30,0.068,5625,0.285011661932747,0.295952889452289,5083.70454761225,17.0962688700369
2025-04-30,0.068,5630,0.285019358877269,0.295262095338971,5083.70454761225,16.5978353614805
2025-04-30,0.068,5635,0.284517455171975,0.294946932578303,5083.70454761225,16.0994018726702
2025-04-30,0.068,5640,0.282995046460964,0.294134417514867,5083.70454761225,15.4514383440503
2025-04-30,0.068,5645,0.282350466465547,0.293708957057535,5083.70454761225,14.9530048402239
2025-04-30,0.068,5650,0.282641797118089,0.293228992401716,5083.70454761225,14.5542580374968
2025-04-30,0.068,5655,0.281371390471447,0.292692267272953,5083.70454761225,14.0059812021622
2025-04-30,0.068,5660,0.281052139641234,0.291127279949024,5083.70454761225,13.4577043495721
2025-04-30,0.068,5665,0.280679221638698,0.290944675822859,5083.70454761225,13.0589575652852
2025-04-30,0.068,5670,0.279704261071743,0.290211292619242,5083.70454761225,12.5605240774688
2025-04-30,0.068,5675,0.279204760178692,0.289924932027828,5083.70454761225,12.1617772779436
2025-04-30,0.068,5680,0.278643131629803,0.2890624350646,5083.70454761225,11.7131871304808
2025-04-30,0.068,5685,0.278016196850235,0.288662757545151,5083.70454761225,11.3144403388212
2025-04-30,0.068,5690,0.277918966918965,0.288207823056639,5083.70454761225,10.965536876022
2025-04-30,0.068,5695,0.277165822359988,0.287695126341339,5083.70454761225,10.5667900836075
2025-04-30,0.068,5700,0.276336704725429,0.287693298911825,5083.70454761225,10.2178866446759
2025-04-30,0.068,5705,0.276070870629079,0.287069690118001,5083.70454761225,9.86898319386927
2025-04-30,0.068,5710,0.275752184849734,0.286380062922765,5083.70454761225,9.52007974318281
2025-04-30,0.068,5715,0.274704321224754,0.286230888038339,5083.70454761225,9.17117630150472
2025-04-30,0.068,5720,0.27425590002798,0.285413697590059,5083.70454761225,8.82227285721248
2025-04-30,0.068,5725,0.274452733453412,0.285158318899281,5083.70454761225,8.57305611303511
2025-04-30,0.068,5730,0.273169119488509,0.284852615611107,5083.70454761225,8.22415265814227
2025-04-30,0.068,5735,0.273269056512569,0.284494320537145,5083.70454761225,7.97493591252636
2025-04-30,0.068,5740,0.272570800322641,0.284080953885521,5083.70454761225,7.67587581344452
2025-04-30,0.068,5745,0.271795590549084,0.283609796048798,5083.70454761225,7.3768157225033
2025-04-30,0.068,5750,0.271744906664902,0.28307785428009,5083.70454761225,7.12759897011017
2025-04-30,0.068,5755,0.271650207020652,0.283210754011486,5083.70454761225,6.928225578671
2025-04-30,0.068,5760,0.270665638697187,0.282566240954879,5083.70454761225,6.62916548463197
2025-04-30,0.068,5765,0.270456664463361,0.281851257047358,5083.70454761225,6.37994873571306
2025-04-30,0.068,5770,0.270196047519658,0.281845765154551,5083.70454761225,6.18057533316987
2025-04-30,0.068,5775,0.268962752185866,0.28099940990329,5083.70454761225,5.8815152395355
2025-04-30,0.068,5780,0.268565585162831,0.281712540333368,5083.70454761225,5.73198518346963
2025-04-30,0.068,5785,0.268106125901798,0.280745590304709,5083.70454761225,5.48276844352914
2025-04-30,0.068,5790,0.267580518290751,0.280549936020967,5083.70454761225,5.28339504609961
2025-04-30,0.068,5795,0.266984444776441,0.28030560165177,5083.70454761225,5.08402165113966
2025-04-30,0.068,5800,0.267375188002017,0.280010195880889,5083.70454761225,4.93449159583601
2025-04-30,0.068,5805,0.26665876825702,0.279661093251776,5083.70454761225,4.73511820113413
2025-04-30,0.068,5810,0.265858389781923,0.279255399970571,5083.70454761225,4.53574480302379
2025-04-30,0.068,5815,0.266127161909958,0.278789917089749,5083.70454761225,4.38621475300756
2025-04-30,0.068,5820,0.265182328027582,0.278261093359917,5083.70454761225,4.18684135523561
2025-04-30,0.068,5825,0.265365303518623,0.27868973966805,5083.70454761225,4.08715465507227
2025-04-30,0.068,5830,0.264256865509238,0.278053328244727,5083.70454761225,3.88778126275464
2025-04-30,0.068,5835,0.264343013283946,0.278417460237406,5083.70454761225,3.78809455839743
2025-04-30,0.068,5840,0.264391534462488,0.278756666691048,5083.70454761225,3.68840786500439
2025-04-30,0.068,5845,0.264400688490281,0.277956067463397,5083.70454761225,3.53887781237383
2025-04-30,0.068,5850,0.263665326953789,0.278222266085224,5083.70454761225,3.41426943633735
2025-04-30,0.068,5855,0.263571115962853,0.277285065264461,5083.70454761225,3.26473938843747
2025-04-30,0.068,5860,0.263430089568878,0.277470316384006,5083.70454761225,3.16505269304425
2025-04-30,0.068,5865,0.262466737210221,0.277624295437725,5083.70454761225,3.04044431920658
2025-04-30,0.068,5870,0.262996713888296,0.277745799418787,5083.70454761225,2.96567929276227
2025-04-30,0.068,5875,0.262698163885091,0.277833530587392,5083.70454761225,2.86599259774689
2025-04-30,0.068,5880,0.262340298965743,0.276556108898977,5083.70454761225,2.71646254349758
2025-04-30,0.068,5885,0.261919017963984,0.276540599758765,5083.70454761225,2.61677584383508
2025-04-30,0.068,5890,0.261429689878311,0.277879443480648,5083.70454761225,2.56693250054725
2025-04-30,0.068,5895,0.260867055646561,0.277105965093964,5083.70454761225,2.44232412373459
2025-04-30,0.068,5900,0.261188963074418,0.276982936363225,5083.70454761225,2.36755909904318
2025-04-30,0.068,5905,0.260500301398758,0.277562981670507,5083.70454761225,2.29279407456875
2025-04-30,0.068,5910,0.260747893941774,0.277367297264301,5083.70454761225,2.21802905024926
2025-04-30,0.068,5915,0.259916022648298,0.277903549455819,5083.70454761225,2.14326402660373
2025-04-30,0.068,5920,0.260079405440676,0.277629178187361,5083.70454761225,2.06849899933286
2025-04-30,0.068,5925,0.259082635481811,0.277301046177765,5083.70454761225,1.9688123061646
2025-04-30,0.068,5930,0.25914920889327,0.278589214746615,5083.70454761225,1.94389063151938
2025-04-30,0.068,5935,0.25917806839707,0.279041510536338,5083.70454761225,1.89404727787694
2025-04-30,0.068,5940,0.259167163191798,0.279474663281579,5083.70454761225,1.84420393168572
2025-04-30,0.068,5945,0.259114230309117,0.279888139509125,5083.70454761225,1.79436058039744
2025-04-30,0.068,5950,0.259016765218897,0.280281373294992,5083.70454761225,1.74451723115279
2025-04-30,0.068,5955,0.258871983848717,0.280653763354044,5083.70454761225,1.69467388182389
2025-04-30,0.068,5960,0.258676778782598,0.281004670129606,5083.70454761225,1.64483053340993
2025-04-30,0.068,5965,0.258427665418921,0.281333412446527,5083.70454761225,1.59498718565885
2025-04-30,0.068,5970,0.258120716632323,0.28163926358216,5083.70454761225,1.54514383389052
2025-04-30,0.068,5975,0.257751482301607,0.281921447628384,5083.70454761225,1.49530048501341
2025-04-30,0.068,5980,0.257314888610492,0.282179134252918,5083.70454761225,1.44545713459336
2025-04-30,0.068,5985,0.25680511217354,0.283415918408387,5083.70454761225,1.42053546189592
2025-04-30,0.068,5990,0.257950071415612,0.283643100144066,5083.70454761225,1.39561378602621
2025-04-30,0.068,5995,0.257352752839435,0.283843897947764,5083.70454761225,1.34577043687451
2025-04-30,0.068,6000,0.263532986889053,0.284017282271478,5083.70454761225,1.39561378377383
2025-04-30,0.068,6005,0.257795319946232,0.285236810765869,5083.70454761225,1.29592708796338
2025-04-30,0.068,6010,0.257004579932186,0.285376433773139,5083.70454761225,1.24608373541877
2025-04-30,0.068,6015,0.256105230098124,0.286588976038547,5083.70454761225,1.22116206118767
2025-04-30,0.068,6020,0.257215039916558,0.286693552067663,5083.70454761225,1.19624038774343
2025-04-30,0.068,6025,0.256185000204945,0.286767001113547,5083.70454761225,1.14639703734361
2025-04-30,0.068,6030,0.257284542628551,0.287967228529656,5083.70454761225,1.14639703875093
2025-04-30,0.068,6035,0.256106793264858,0.288002762560413,5083.70454761225,1.09655368694943
2025-04-30,0.068,6040,0.25719570536887,0.289195928659657,5083.70454761225,1.09655368790609
2025-04-30,0.068,6045,0.260574319570047,0.290387416632037,5083.70454761225,1.12147536392458
2025-04-30,0.068,6050,0.256927007164564,0.290377977532224,5083.70454761225,1.0467103387338
2025-04-30,0.068,6055,0.255385035295279,0.285110748833919,5083.70454761225,0.897180290495804
2025-04-30,0.068,6060,0.256451314951056,0.291511542479153,5083.70454761225,0.996866991324183
2025-04-30,0.068,6065,0.254679586093653,0.292688867654518,5083.70454761225,0.971945314643465
2025-04-30,0.068,6070,0.255733670953431,0.292594613735431,5083.70454761225,0.947023639893207
2025-04-30,0.068,6075,0.256786392007714,0.293764804252279,5083.70454761225,0.947023640307069
2025-04-30,0.068,6080,0.254727842863895,0.293624982320328,5083.70454761225,0.897180290035541
2025-04-30,0.068,6085,0.255767633377344,0.293442860153595,5083.70454761225,0.872258616849589
2025-04-30,0.068,6090,0.253370682500795,0.295949422749524,5083.70454761225,0.872258615710603
2025-04-30,0.068,6095,0.25439657782695,0.295755996072966,5083.70454761225,0.847336939581115
2025-04-30,0.068,6100,0.255421177159535,0.296910217318042,5083.70454761225,0.847336942168795
2025-04-30,0.068,6105,0.256444485009644,0.296666108649051,5083.70454761225,0.822415267171916
2025-04-30,0.068,6110,0.253592584219553,0.297813065141487,5083.70454761225,0.797493592422819
2025-04-30,0.068,6115,0.254600814684774,0.298958486115829,5083.70454761225,0.797493591250059
2025-04-30,0.068,6120,0.255607791648018,0.298654961831441,5083.70454761225,0.772571915837527
2025-04-30,0.068,6125,0.252176114324519,0.299793073815322,5083.70454761225,0.747650242651286
2025-04-30,0.068,6130,0.253166373610991,0.300929676765593,5083.70454761225,0.747650241543583
2025-04-30,0.068,6135,0.254155419558771,0.30206477664854,5083.70454761225,0.747650242339502
2025-04-30,0.068,6140,0.255143256242396,0.301692530798968,5083.70454761225,0.722728566309124
2025-04-30,0.068,6145,0.250891910133935,0.302820288367567,5083.70454761225,0.697806893711948
2025-04-30,0.068,6150,0.251860733867199,0.303946568480214,5083.70454761225,0.6978068927408
2025-04-30,0.068,6155,0.252828391264458,0.305071376957673,5083.70454761225,0.697806893692298
2025-04-30,0.068,6160,0.253794886400247,0.30462638521076,5083.70454761225,0.67288521857659
2025-04-30,0.068,6165,0.248317915563549,0.305743807281569,5083.70454761225,0.647963542205793
2025-04-30,0.068,6170,0.249261855230734,0.306859783037523,5083.70454761225,0.647963543863376
2025-04-30,0.068,6175,0.250204680366733,0.307974317426274,5083.70454761225,0.647963543286435
2025-04-30,0.068,6180,0.263002909220685,0.30745204118518,5083.70454761225,0.672885217855423
2025-04-30,0.068,6185,0.252087001888121,0.308559134015521,5083.70454761225,0.623041868153531
2025-04-30,0.068,6190,0.244493872184887,0.309664810362434,5083.70454761225,0.59812019412489
2025-04-30,0.068,6195,0.245405753837306,0.31076907517357,5083.70454761225,0.598120193839275
2025-04-30,0.068,6200,0.271552462242621,0.288624579285877,5083.70454761225,0.423668470732519
2025-04-30,0.068,6205,0.247226368689765,0.311261128687446,5083.70454761225,0.573198519811226
2025-04-30,0.068,6210,0.234986497841753,0.312356496603131,5083.70454761225,0.548276843421457
2025-04-30,0.068,6215,0.2358533311302,0.313450482232388,5083.70454761225,0.548276844243209
2025-04-30,0.068,6220,0.236719194970054,0.31454309023183,5083.70454761225,0.548276844708732
2025-04-30,0.068,6225,0.237584092271699,0.31563432540359,5083.70454761225,0.548276845059699
2025-04-30,0.068,6230,0.238448026091036,0.31672419240428,5083.70454761225,0.548276844224915
2025-04-30,0.068,6235,0.23931099919293,0.316012612917327,5083.70454761225,0.523355170297019
2025-04-30,0.068,6240,0.240173014342245,0.317094944790792,5083.70454761225,0.523355168889729
2025-04-30,0.068,6245,NA,0.318175932067291,5083.70454761225,NA
2025-04-30,0.068,6250,0.281363051641945,0.319255578966878,5083.70454761225,0.647963544427141
2025-04-30,0.068,6255,NA,0.320333890146166,5083.70454761225,NA
2025-04-30,0.068,6260,NA,0.321410870116249,5083.70454761225,NA
2025-04-30,0.068,6265,NA,0.322486523242701,5083.70454761225,NA
2025-04-30,0.068,6270,NA,0.323560854182136,5083.70454761225,NA
2025-04-30,0.068,6275,NA,0.322728810885021,5083.70454761225,NA
2025-04-30,0.068,6280,NA,0.32379558123138,5083.70454761225,NA
2025-04-30,0.068,6285,NA,0.324861051509633,5083.70454761225,NA
2025-04-30,0.068,6290,NA,0.325925226085353,5083.70454761225,NA
2025-04-30,0.068,6295,NA,0.326988109033078,5083.70454761225,NA
2025-04-30,0.068,6300,NA,0.328049704718382,5083.70454761225,NA
2025-04-30,0.068,6305,NA,0.32911001736132,5083.70454761225,NA
2025-04-30,0.068,6310,NA,0.326059239038265,5083.70454761225,NA
2025-04-30,0.068,6315,NA,0.327106632054306,5083.70454761225,NA
2025-04-30,0.068,6320,NA,0.328152773314599,5083.70454761225,NA
2025-04-30,0.068,6325,NA,0.331309446506846,5083.70454761225,NA
2025-04-30,0.068,6330,NA,0.332358362526335,5083.70454761225,NA
2025-04-30,0.068,6335,NA,0.333406028972863,5083.70454761225,NA
2025-04-30,0.068,6340,NA,0.334452449775448,5083.70454761225,NA
2025-04-30,0.068,6345,NA,0.333364838612657,5083.70454761225,NA
2025-04-30,0.068,6350,NA,0.334403550829187,5083.70454761225,NA
2025-04-30,0.068,6355,NA,0.333204756776729,5083.70454761225,NA
2025-04-30,0.068,6360,NA,0.334235566721214,5083.70454761225,NA
2025-04-30,0.068,6365,NA,0.335265169147774,5083.70454761225,NA
2025-04-30,0.068,6370,NA,0.338546190929472,5083.70454761225,NA
2025-04-30,0.068,6375,NA,0.339578817535055,5083.70454761225,NA
2025-04-30,0.068,6380,NA,0.340610238077903,5083.70454761225,NA
2025-04-30,0.068,6385,0.264766863571858,0.336997409782494,5083.70454761225,0.398746795043321
2025-04-30,0.068,6390,NA,0.338015358162224,5083.70454761225,NA
2025-04-30,0.068,6395,NA,0.339032130747204,5083.70454761225,NA
2025-04-30,0.068,6400,0.281923635945396,0.318778890529253,5083.70454761225,0.249216747540757
2025-04-30,0.068,6405,NA,0.341062162793788,5083.70454761225,NA
2025-04-30,0.068,6410,NA,0.34677364109133,5083.70454761225,NA
2025-04-30,0.068,6415,NA,0.350001883367534,5083.70454761225,NA
2025-04-30,0.068,6420,NA,0.348818624794254,5083.70454761225,NA
2025-04-30,0.068,6425,NA,0.349839354190503,5083.70454761225,NA
2025-04-30,0.068,6430,NA,0.350858913467249,5083.70454761225,NA
2025-04-30,0.068,6435,NA,0.351877305825912,5083.70454761225,NA
2025-04-30,0.068,6440,NA,0.352894534613434,5083.70454761225,NA
2025-04-30,0.068,6445,NA,0.334721365530887,5083.70454761225,NA
2025-04-30,0.068,6450,NA,0.35492551573593,5083.70454761225,NA
2025-04-30,0.068,6455,NA,0.355939274764785,5083.70454761225,NA
2025-04-30,0.068,6460,NA,0.356951883755779,5083.70454761225,NA
2025-04-30,0.068,6465,NA,0.357963346201373,5083.70454761225,NA
2025-04-30,0.068,6470,NA,0.358973665157468,5083.70454761225,NA
2025-04-30,0.068,6475,NA,0.359982844262043,5083.70454761225,NA
2025-04-30,0.068,6480,NA,0.360990886425481,5083.70454761225,NA
2025-04-30,0.068,6485,NA,0.359622670826863,5083.70454761225,NA
2025-04-30,0.068,6490,NA,0.36062323068653,5083.70454761225,NA
2025-04-30,0.068,6495,NA,0.361622672085991,5083.70454761225,NA
2025-04-30,0.068,6500,NA,0.333549995435791,5083.70454761225,NA
2025-04-30,0.068,6505,NA,0.363618212018949,5083.70454761225,NA
2025-04-30,0.068,6510,NA,0.364614316955287,5083.70454761225,NA
2025-04-30,0.068,6520,NA,0.366603211756156,5083.70454761225,NA
2025-04-30,0.068,6525,NA,0.367596008023529,5083.70454761225,NA
2025-04-30,0.068,6530,NA,0.368587707367532,5083.70454761225,NA
2025-04-30,0.068,6540,NA,0.370567827945594,5083.70454761225,NA
2025-04-30,0.068,6550,NA,0.372543597501003,5083.70454761225,NA
2025-04-30,0.068,6560,NA,0.374515039753381,5083.70454761225,NA
2025-04-30,0.068,6570,NA,0.376482177985792,5083.70454761225,NA
2025-04-30,0.068,6575,NA,0.377464140497796,5083.70454761225,NA
2025-04-30,0.068,6580,NA,0.378445035772338,5083.70454761225,NA
2025-04-30,0.068,6590,NA,0.380403635814008,5083.70454761225,NA
2025-04-30,0.068,6600,NA,0.382358000811789,5083.70454761225,NA
2025-04-30,0.068,6610,NA,0.381687953072973,5083.70454761225,NA
2025-04-30,0.068,6620,NA,0.383623391995328,5083.70454761225,NA
2025-04-30,0.068,6625,NA,0.384589559276467,5083.70454761225,NA
2025-04-30,0.068,6630,NA,0.385554695408893,5083.70454761225,NA
2025-04-30,0.068,6640,NA,0.387481884996024,5083.70454761225,NA
2025-04-30,0.068,6650,NA,0.389404981856996,5083.70454761225,NA
2025-04-30,0.068,6660,NA,0.391324007383126,5083.70454761225,NA
2025-04-30,0.068,6670,NA,0.395921834302133,5083.70454761225,NA
2025-04-30,0.068,6675,NA,0.396882977825578,5083.70454761225,NA
2025-04-30,0.068,6680,NA,0.395149926794699,5083.70454761225,NA
2025-04-30,0.068,6690,NA,0.397056861862061,5083.70454761225,NA
2025-04-30,0.068,6700,0.315710662422571,0.398959807521864,5083.70454761225,0.398746795114986
2025-04-30,0.068,6710,NA,0.376568682136904,5083.70454761225,NA
2025-04-30,0.068,6720,NA,0.402753810799843,5083.70454761225,NA
2025-04-30,0.068,6730,NA,0.40464490785371,5083.70454761225,NA
2025-04-30,0.068,6740,NA,0.406532094516916,5083.70454761225,NA
2025-04-30,0.068,6750,NA,0.383756026590829,5083.70454761225,NA
2025-04-30,0.068,6760,NA,0.410294813214423,5083.70454761225,NA
2025-04-30,0.068,6770,NA,0.412170383229222,5083.70454761225,NA
2025-04-30,0.068,6780,NA,0.414042118814358,5083.70454761225,NA
2025-04-30,0.068,6790,NA,0.415910038450764,5083.70454761225,NA
2025-04-30,0.068,6800,NA,0.417774160473853,5083.70454761225,NA
2025-04-30,0.068,6810,NA,0.419634502927999,5083.70454761225,NA
2025-04-30,0.068,6820,NA,0.421491084148617,5083.70454761225,NA
2025-04-30,0.068,6830,NA,0.423343921743523,5083.70454761225,NA
2025-04-30,0.068,6840,NA,0.425193033320535,5083.70454761225,NA
2025-04-30,0.068,6850,NA,0.427038436632989,5083.70454761225,NA
2025-04-30,0.068,6860,NA,0.428880148997665,5083.70454761225,NA
2025-04-30,0.068,6870,NA,0.430718187585822,5083.70454761225,NA
2025-04-30,0.068,6880,NA,0.429512803261995,5083.70454761225,NA
2025-04-30,0.068,6890,NA,0.431333303881919,5083.70454761225,NA
2025-04-30,0.068,6900,NA,0.433150210324301,5083.70454761225,NA
2025-04-30,0.068,6910,NA,0.434963538887286,5083.70454761225,NA
2025-04-30,0.068,6920,NA,0.436773305869018,5083.70454761225,NA
2025-04-30,0.068,6930,NA,0.438579527567644,5083.70454761225,NA
2025-04-30,0.068,6940,NA,0.44038221984475,5083.70454761225,NA
2025-04-30,0.068,6950,NA,0.442181398561924,5083.70454761225,NA
2025-04-30,0.068,6960,NA,0.443977079580754,5083.70454761225,NA
2025-04-30,0.068,6970,NA,0.44576927832627,5083.70454761225,NA
2025-04-30,0.068,6980,NA,0.447558010369021,5083.70454761225,NA
2025-04-30,0.068,6990,NA,0.449343291134037,5083.70454761225,NA
2025-04-30,0.068,7000,NA,0.402086691925006,5083.70454761225,NA
2025-04-30,0.068,7100,0.376118979643994,0.465320698008177,5083.70454761225,0.348903446017586
2025-04-30,0.068,7200,0.390555303770868,0.482524683634115,5083.70454761225,0.348903446181529
2025-04-30,0.068,7300,0.404745651199392,0.499416806728241,5083.70454761225,0.348903445923524
2025-04-30,0.068,7400,NA,0.516009335719243,5083.70454761225,NA
2025-04-30,0.068,7500,NA,0.528258555008636,5083.70454761225,NA
2025-04-30,0.068,7600,NA,0.544187957006186,5083.70454761225,NA
2025-04-30,0.068,7800,NA,0.554491426759209,5083.70454761225,NA
2025-04-30,0.068,8000,NA,0.605342833026312,5083.70454761225,NA
2025-05-01,0.072,2200,1.14094308579061,1.21253344639319,5084.5720870888,2885.90187630851
2025-05-01,0.072,2400,1.09067758168563,1.13817557446731,5084.5720870888,2686.6044064611
2025-05-01,0.072,2600,1.03282302736133,1.07013683054737,5084.5720870888,2487.55784024175
2025-05-01,0.072,2800,0.975422415521485,1.0035766560931,5084.5720870888,2288.8374487373
2025-05-01,0.072,3000,0.918340934021993,0.940985616634503,5084.5720870888,2090.5937741203
2025-05-01,0.072,3200,0.86182922446867,0.878549603385447,5084.5720870888,1892.902087482
2025-05-01,0.072,3400,0.804577008985784,0.819558438398363,5084.5720870888,1696.01329245005
2025-05-01,0.072,3600,0.748638346432672,0.761804544037273,5084.5720870888,1500.22847337631
2025-05-01,0.072,3800,0.693495323523463,0.705627992740294,5084.5720870888,1305.99925677845
2025-05-01,0.072,4000,0.639967806949166,0.650863145440594,5084.5720870888,1114.07835354497
2025-05-01,0.072,4200,0.587012564668382,0.598327047649375,5084.5720870888,925.569739634166
2025-05-01,0.072,4400,0.537648343910441,0.548702841937409,5084.5720870888,742.781728392274
2025-05-01,0.072,4500,0.513742058996561,0.524420025052846,5084.5720870888,654.273114482084
2025-05-01,0.072,4600,0.49044228990584,0.499735743237085,5084.5720870888,568.173175367077
2025-05-01,0.072,4700,0.467705137730089,0.477023970329088,5084.5720870888,485.535706300141
2025-05-01,0.072,4800,0.444604084209516,0.452917436073195,5084.5720870888,406.159984400495
2025-05-01,0.072,4900,0.421226076601051,0.430147690517717,5084.5720870888,331.451069926492
2025-05-01,0.072,5000,0.398475647839923,0.407333699863987,5084.5720870888,262.262035251191
2025-05-01,0.072,5050,0.38662642199206,0.397023718710976,5084.5720870888,230.17655415617
2025-05-01,0.072,5100,0.376470807846828,0.385323543474182,5084.5720870888,199.920009457252
2025-05-01,0.072,5150,0.366033047344833,0.374726422765735,5084.5720870888,171.768622559876
2025-05-01,0.072,5175,0.360717533500051,0.369458505470801,5084.5720870888,158.420549654903
2025-05-01,0.072,5190,0.357397778303513,0.366366573603885,5084.5720870888,150.642537270902
2025-05-01,0.072,5200,0.355735361104998,0.364362188580294,5084.5720870888,145.724826171505
2025-05-01,0.072,5210,0.353537971701429,0.362389586685792,5084.5720870888,140.75693437305
2025-05-01,0.072,5220,0.351175551501083,0.360258692695415,5084.5720870888,135.789042550036
2025-05-01,0.072,5225,0.350120987010179,0.359227481554627,5084.5720870888,133.380367761033
2025-05-01,0.072,5230,0.348643583298433,0.356825343793414,5084.5720870888,130.520066375622
2025-05-01,0.072,5240,0.347469784779724,0.354741665529264,5084.5720870888,126.053981864502
2025-05-01,0.072,5250,0.345171685208839,0.35268307607664,5084.5720870888,121.387174407473
2025-05-01,0.072,5260,0.343473134004102,0.350648678892044,5084.5720870888,116.971270583725
2025-05-01,0.072,5270,0.341603456059779,0.348637694429379,5084.5720870888,112.605547499486
2025-05-01,0.072,5275,0.340701165720207,0.347763184714611,5084.5720870888,110.49795701999
2025-05-01,0.072,5280,0.339755014307425,0.346846115740971,5084.5720870888,108.390366548189
2025-05-01,0.072,5290,0.337728390028349,0.344881794322791,5084.5720870888,104.175185645161
2025-05-01,0.072,5300,0.335718653537933,0.342939436983379,5084.5720870888,100.060366158306
2025-05-01,0.072,5310,0.33372531865669,0.341018796194659,5084.5720870888,96.0459081512397
2025-05-01,0.072,5320,0.331748034974502,0.339119775622951,5084.5720870888,92.131811557416
2025-05-01,0.072,5325,0.330791157781563,0.338204052701469,5084.5720870888,90.2249440384061
2025-05-01,0.072,5330,0.32999433201105,0.337242442207065,5084.5720870888,88.3682571787522
2025-05-01,0.072,5340,0.328051278653533,0.335595921811783,5084.5720870888,84.7050642412282
2025-05-01,0.072,5350,0.326124332083387,0.333765468991516,5084.5720870888,81.092052009529
2025-05-01,0.072,5360,0.324213809386844,0.331958186894827,5084.5720870888,77.5794012486037
2025-05-01,0.072,5370,0.32232023137695,0.330392098572991,5084.5720870888,74.2172926705025
2025-05-01,0.072,5375,0.321297181823337,0.329648038047095,5084.5720870888,72.5613287252588
2025-05-01,0.072,5380,0.320221692842488,0.328857393202575,5084.5720870888,70.9053647808688
2025-05-01,0.072,5390,0.318360853585956,0.326908925659479,5084.5720870888,67.6436176415814
2025-05-01,0.072,5400,0.316519719223353,0.325209112803691,5084.5720870888,64.5324126845521
2025-05-01,0.072,5410,0.314699849283435,0.323770646379118,5084.5720870888,61.5717498852918
2025-05-01,0.072,5420,0.312664329855137,0.321903094760648,5084.5720870888,58.5609063782947
2025-05-01,0.072,5425,0.31180319044008,0.321127557860036,5084.5720870888,57.1558460784438
2025-05-01,0.072,5430,0.310888360278598,0.320302010974437,5084.5720870888,55.7507857813633
2025-05-01,0.072,5440,0.309140240593981,0.318739659002355,5084.5720870888,53.041026609302
2025-05-01,0.072,5450,0.307423143118805,0.316971094458919,5084.5720870888,50.3814481628092
2025-05-01,0.072,5460,0.305740778736972,0.315492713877104,5084.5720870888,47.8724119259288
2025-05-01,0.072,5470,0.304363045749237,0.31380628136185,5084.5720870888,45.4637370942106
2025-05-01,0.072,5475,0.303728575696925,0.313012436842209,5084.5720870888,44.3095804085676
2025-05-01,0.072,5480,0.303041948524532,0.312164945959484,5084.5720870888,43.1554237293724
2025-05-01,0.072,5490,0.301506028505752,0.310573912744563,5084.5720870888,40.8972910787008
2025-05-01,0.072,5500,0.29974164312685,0.309039144509873,5084.5720870888,38.6893391598388
2025-05-01,0.072,5510,0.297144301609191,0.307567447331684,5084.5720870888,36.4312065221454
2025-05-01,0.072,5520,0.295460816875404,0.306166562828898,5084.5720870888,34.4239775171219
2025-05-01,0.072,5525,0.294834453112989,0.30538440960899,5084.5720870888,33.4705437302929
2025-05-01,0.072,5530,0.294152788580247,0.304845265951917,5084.5720870888,32.5672907031864
2025-05-01,0.072,5540,0.292615746026726,0.303305519943584,5084.5720870888,30.7106038449831
2025-05-01,0.072,5550,0.291163689714039,0.301849162957871,5084.5720870888,28.954278464596
2025-05-01,0.072,5560,0.289467458812186,0.300487463561373,5084.5720870888,27.2481338070113
2025-05-01,0.072,5570,0.288214284398039,0.299233180436805,5084.5720870888,25.6925313278119
2025-05-01,0.072,5575,0.287679533091057,0.298522822874173,5084.5720870888,24.9398204509227
2025-05-01,0.072,5580,0.286724031054108,0.298100691604007,5084.5720870888,24.1871095635032
2025-05-01,0.072,5590,0.285733648221876,0.296749067808094,5084.5720870888,22.782049270022
2025-05-01,0.072,5600,0.284127915971864,0.295530704194518,5084.5720870888,21.3769889576068
2025-05-01,0.072,5610,0.283063147532483,0.294464323839487,5084.5720870888,20.122470841945
2025-05-01,0.072,5620,0.281764455746136,0.293176755100583,5084.5720870888,18.8679526898547
2025-05-01,0.072,5625,0.281020916324325,0.292645184114675,5084.5720870888,18.2657839917747
2025-05-01,0.072,5630,0.28064928194623,0.292058560323076,5084.5720870888,17.7137960082347
2025-05-01,0.072,5640,0.279291224603076,0.291134232708601,5084.5720870888,16.6098200569386
2025-05-01,0.072,5650,0.278142266203661,0.289993065113561,5084.5720870888,15.556024839084
2025-05-01,0.072,5660,0.277237027355025,0.289071719914112,5084.5720870888,14.6025910507589
2025-05-01,0.072,5670,0.276099443460148,0.286982024869572,5084.5720870888,13.5487958127183
2025-05-01,0.072,5675,0.275699805667427,0.286787731189905,5084.5720870888,13.1473500177944
2025-05-01,0.072,5680,0.275244863320881,0.286055185012452,5084.5720870888,12.6957234997061
2025-05-01,0.072,5690,0.274158495473727,0.285417068104664,5084.5720870888,11.8928318897982
2025-05-01,0.072,5700,0.272816464591371,0.284040978319197,5084.5720870888,11.039759551464
2025-05-01,0.072,5710,0.271808265994844,0.283513668570626,5084.5720870888,10.3372293963763
2025-05-01,0.072,5720,0.271192968236364,0.282208605519234,5084.5720870888,9.63469925610988
2025-05-01,0.072,5725,0.270144033735943,0.282052625431652,5084.5720870888,9.28343416512399
2025-05-01,0.072,5730,0.270361076279167,0.28185252350054,5084.5720870888,9.03253054675304
2025-05-01,0.072,5740,0.269289865270357,0.281312685426072,5084.5720870888,8.43036183734857
2025-05-01,0.072,5750,0.267951543816712,0.279911888816854,5084.5720870888,7.77801241768192
2025-05-01,0.072,5775,0.265783869424039,0.278454577807579,5084.5720870888,6.52349428763425
2025-05-01,0.072,5800,0.263853552484807,0.276435638685972,5084.5720870888,5.41951832608041
2025-05-01,0.072,5825,0.261365196663135,0.275673561579352,5084.5720870888,4.5162652727483
2025-05-01,0.072,5850,0.259584091424674,0.274729364052228,5084.5720870888,3.76355439704821
2025-05-01,0.072,5900,0.258275006951509,0.273999900406978,5084.5720870888,2.68466880307145
2025-05-01,0.072,6000,0.252873048618467,0.280002334499725,5084.5720870888,1.45524103370553
2025-05-01,0.072,6100,0.267005565717241,0.292416990293292,5084.5720870888,1.10397595669449
2025-05-01,0.072,6200,0.247669291154332,0.299714304007153,5084.5720870888,0.57707834034521
2025-05-01,0.072,6300,NA,0.314845024282922,5084.5720870888,NA
2025-05-01,0.072,6400,0.259686859814879,0.316754378024114,5084.5720870888,0.275993988786541
2025-05-01,0.072,6600,NA,0.374058233160975,5084.5720870888,NA
2025-05-01,0.072,6800,NA,0.408809021633221,5084.5720870888,NA
2025-05-01,0.072,7000,NA,0.441574278834283,5084.5720870888,NA
2025-05-01,0.072,7200,NA,0.472471517009359,5084.5720870888,NA
2025-05-01,0.072,7400,NA,0.505220385261415,5084.5720870888,NA
2025-05-02,0.076,1200,NA,1.76643611675038,5086.30363711444,NA
2025-05-02,0.076,1400,NA,1.60824030798928,5086.30363711444,NA
2025-05-02,0.076,1600,NA,1.47708379970364,5086.30363711444,NA
2025-05-02,0.076,1800,1.16214095863795,1.36310151022823,5086.30363711444,3286.85974670272
2025-05-02,0.076,2000,1.15865832152596,1.26575160787619,5086.30363711444,3087.18835691408
2025-05-02,0.076,2200,1.11746221258515,1.18156315134634,5086.30363711444,2887.66863337561
2025-05-02,0.076,2400,1.06638307117303,1.11190902303654,5086.30363711444,2688.40168692382
2025-05-02,0.076,2600,1.01358904999761,1.04686897133292,5086.30363711444,2489.43807297489
2025-05-02,0.076,2800,0.957242715102826,0.983880336151863,5086.30363711444,2290.80306923688
2025-05-02,0.076,3000,0.902164082817791,0.923579435638927,5086.30363711444,2092.67361966855
2025-05-02,0.076,3200,0.847003256658935,0.864383016469626,5086.30363711444,1895.15083511094
2025-05-02,0.076,3400,0.792084140140325,0.806277489337923,5086.30363711444,1698.43693721936
2025-05-02,0.076,3600,0.736784460916033,0.749335331949362,5086.30363711444,1502.78470308995
2025-05-02,0.076,3800,0.68301737688893,0.694622989851554,5086.30363711444,1308.800797729
2025-05-02,0.076,4000,0.630583595068872,0.641053113379624,5086.30363711444,1117.14244155483
2025-05-02,0.076,4100,0.604693148364552,0.614807920231389,5086.30363711444,1022.50131576035
2025-05-02,0.076,4200,0.578641799532842,0.589167823366982,5086.30363711444,928.871298316909
2025-05-02,0.076,4300,0.554286316058876,0.564983313691973,5086.30363711444,836.859054213079
2025-05-02,0.076,4350,0.542801111027059,0.553183879550369,5086.30363711444,791.560708017041
2025-05-02,0.076,4400,0.53086750851809,0.541270445704867,5086.30363711444,746.61624969938
2025-05-02,0.076,4450,0.519625663459226,0.529426274464759,5086.30363711444,702.278456416865
2025-05-02,0.076,4500,0.5079694112868,0.516946042211445,5086.30363711444,658.294551087384
2025-05-02,0.076,4550,0.497150036994285,0.505105999786244,5086.30363711444,615.17008779103
2025-05-02,0.076,4600,0.486119494766723,0.493907644726751,5086.30363711444,572.803955774957
2025-05-02,0.076,4650,0.474504506587195,0.482382436043415,5086.30363711444,530.993933368649
2025-05-02,0.076,4700,0.463128158757953,0.47063454638626,5086.30363711444,489.992797598272
2025-05-02,0.076,4750,0.452211039978446,0.459166575187649,5086.30363711444,450.053325604683
2025-05-02,0.076,4800,0.441086341911706,0.447757205133738,5086.30363711444,411.074406542279
2025-05-02,0.076,4850,0.429779894352783,0.436805697268163,5086.30363711444,373.25826201662
2025-05-02,0.076,4875,0.423949192213777,0.431841529521265,5086.30363711444,354.88102170614
2025-05-02,0.076,4900,0.418294845026459,0.425868678453543,5086.30363711444,336.604892187674
2025-05-02,0.076,4925,0.412588502681879,0.420817607542016,5086.30363711444,318.884872192263
2025-05-02,0.076,4950,0.407370048947516,0.415113343938526,5086.30363711444,301.468184798292
2025-05-02,0.076,4975,0.40147195819876,0.41005847235778,5086.30363711444,284.405385278566
2025-05-02,0.076,5000,0.396365426591358,0.404311380139466,5086.30363711444,267.747029090995
2025-05-02,0.076,5025,0.390349174581988,0.399145316501347,5086.30363711444,251.39200539791
2025-05-02,0.076,5050,0.385233723814704,0.393608715262984,5086.30363711444,235.593091336105
2025-05-02,0.076,5075,0.37970460720842,0.389129370619842,5086.30363711444,220.400842257801
2025-05-02,0.076,5080,0.379083134490232,0.38759612014991,5086.30363711444,217.37250352363
2025-05-02,0.076,5090,0.376756834617307,0.385622815543421,5086.30363711444,211.372198906375
2025-05-02,0.076,5100,0.374904413207177,0.383402660105035,5086.30363711444,205.507770512445
2025-05-02,0.076,5110,0.372738167230503,0.381052889884596,5086.30363711444,199.592786691003
2025-05-02,0.076,5120,0.370618004550012,0.378933135676366,5086.30363711444,193.829469171841
2025-05-02,0.076,5125,0.369597223931021,0.377732962393382,5086.30363711444,190.947810393135
2025-05-02,0.076,5130,0.368542081874602,0.3766799837702,5086.30363711444,188.116707014587
2025-05-02,0.076,5140,0.366327663092237,0.374472338176778,5086.30363711444,182.454500341315
2025-05-02,0.076,5150,0.364153678116006,0.372308456740809,5086.30363711444,176.893404442975
2025-05-02,0.076,5160,0.36165528598392,0.370186708483635,5086.30363711444,171.332308582943
2025-05-02,0.076,5170,0.360102147702484,0.368287421757397,5086.30363711444,166.175656008342
2025-05-02,0.076,5175,0.358725130232421,0.36692048832803,5086.30363711444,163.344552646978
2025-05-02,0.076,5180,0.35785757676969,0.365881351486613,5086.30363711444,160.766226400032
2025-05-02,0.076,5190,0.355646133417432,0.363693987188483,5086.30363711444,155.508463000187
2025-05-02,0.076,5200,0.353649898485003,0.361725491262381,5086.30363711444,150.45292129507
2025-05-02,0.076,5210,0.351685263618569,0.359608362801734,5086.30363711444,145.447934980408
2025-05-02,0.076,5220,0.34919548592926,0.357524215383837,5086.30363711444,140.392393305117
2025-05-02,0.076,5225,0.347797176387873,0.356517331989408,5086.30363711444,137.864622471817
2025-05-02,0.076,5230,0.347660475987258,0.355471948010784,5086.30363711444,135.690739531431
2025-05-02,0.076,5240,0.345596453140526,0.35270326322104,5086.30363711444,130.736308625726
2025-05-02,0.076,5250,0.343181326048741,0.350707550120292,5086.30363711444,125.984099419869
2025-05-02,0.076,5260,0.341544371209416,0.348740688810828,5086.30363711444,121.535222724748
2025-05-02,0.076,5270,0.33955458684997,0.346802039153898,5086.30363711444,117.086346006086
2025-05-02,0.076,5275,0.338304778875892,0.345771449088851,5086.30363711444,114.81135222271
2025-05-02,0.076,5280,0.337395500997665,0.344699213334171,5086.30363711444,112.637469329871
2025-05-02,0.076,5290,0.335449956934338,0.342814050260296,5086.30363711444,108.390814264036
2025-05-02,0.076,5300,0.333526509226689,0.34095586032545,5086.30363711444,104.245270090103
2025-05-02,0.076,5310,0.331822690374159,0.339124558837486,5086.30363711444,100.251392119294
2025-05-02,0.076,5320,0.329944752326195,0.337320221466364,5086.30363711444,96.3080695651029
2025-05-02,0.076,5325,0.329039076192506,0.336253364099552,5086.30363711444,94.3364082998027
2025-05-02,0.076,5330,0.328088634438558,0.335342188215021,5086.30363711444,92.4153024332908
2025-05-02,0.076,5340,0.326050078462109,0.333590487158547,5086.30363711444,88.623646193385
2025-05-02,0.076,5350,0.324235823233163,0.331866903021639,5086.30363711444,84.9836561447573
2025-05-02,0.076,5360,0.322444350628217,0.329756102897887,5086.30363711444,81.3436661333589
2025-05-02,0.076,5370,0.320463814156417,0.328296891262964,5086.30363711444,77.9058977496247
2025-05-02,0.076,5375,0.319507166301663,0.327395246737389,5086.30363711444,76.1870135655571
2025-05-02,0.076,5380,0.318501625466933,0.326660728629904,5086.30363711444,74.5186848057264
2025-05-02,0.076,5390,0.316777579161197,0.325057296455613,5086.30363711444,71.2831381229356
2025-05-02,0.076,5400,0.314857876097894,0.323488467280544,5086.30363711444,68.0981468607108
2025-05-02,0.076,5410,0.312959469034931,0.321733023908031,5086.30363711444,64.963710986169
2025-05-02,0.076,5420,0.311314406304999,0.3200095672459,5086.30363711444,61.980941354352
2025-05-02,0.076,5425,0.31053321627636,0.319303716847972,5086.30363711444,60.5653896925111
2025-05-02,0.076,5430,0.309702522087306,0.318551460683419,5086.30363711444,59.1498379860269
2025-05-02,0.076,5440,0.308126814949504,0.316903391382281,5086.30363711444,56.3692900798275
2025-05-02,0.076,5450,0.306346654130341,0.315295601636976,5086.30363711444,53.639297550508
2025-05-02,0.076,5460,0.304849182890938,0.313487268746489,5086.30363711444,51.0104158680625
2025-05-02,0.076,5470,0.303399643768548,0.311966351170232,5086.30363711444,48.5332004377063
2025-05-02,0.076,5475,0.30259792142408,0.311256722804072,5086.30363711444,47.3198703983243
2025-05-02,0.076,5480,0.302003251150955,0.310497819615682,5086.30363711444,46.157095828668
2025-05-02,0.076,5490,0.300399614958813,0.308826683637158,5086.30363711444,43.7809912113147
2025-05-02,0.076,5500,0.298848951958157,0.307473763265598,5086.30363711444,41.5565528687298
2025-05-02,0.076,5510,0.297357803089364,0.305918584805647,5086.30363711444,39.3826699137978
2025-05-02,0.076,5520,0.294494339638471,0.3044281421413,5086.30363711444,37.0571207455695
2025-05-02,0.076,5525,0.293681135105291,0.303744881263457,5086.30363711444,36.0460123969081
2025-05-02,0.076,5530,0.293106823980205,0.303010026279134,5086.30363711444,35.0854594589466
2025-05-02,0.076,5540,0.291497553432006,0.30167283419963,5086.30363711444,33.164353612982
2025-05-02,0.076,5550,0.290278456838459,0.300426264172209,5086.30363711444,31.3949140371236
2025-05-02,0.076,5560,0.28884214744428,0.298971247854446,5086.30363711444,29.625474414099
2025-05-02,0.076,5570,0.287172323466433,0.297931397387106,5086.30363711444,27.9571456693969
2025-05-02,0.076,5575,0.286752766284552,0.297336992540915,5086.30363711444,27.1988144089805
2025-05-02,0.076,5580,0.285939859920115,0.296690735000711,5086.30363711444,26.3899277282586
2025-05-02,0.076,5590,0.284837223904851,0.295235250693354,5086.30363711444,24.8732652123046
2025-05-02,0.076,5600,0.283882403479611,0.294246430154741,5086.30363711444,23.5082689491116
2025-05-02,0.076,5610,0.282336052356956,0.293054298987708,5086.30363711444,22.0927172856167
2025-05-02,0.076,5620,0.280927283626499,0.292014971225163,5086.30363711444,20.7782764259534
2025-05-02,0.076,5625,0.28033147772191,0.291228775483204,5086.30363711444,20.1210559898209
2025-05-02,0.076,5630,0.279678062240124,0.290765387641617,5086.30363711444,19.514390993434
2025-05-02,0.076,5640,0.27861323428341,0.289685844060628,5086.30363711444,18.3516164106839
2025-05-02,0.076,5650,0.278200195486436,0.288799904980602,5086.30363711444,17.3405080652705
2025-05-02,0.076,5660,0.276235840889889,0.287709057762902,5086.30363711444,16.1777334806132
2025-05-02,0.076,5670,0.275394576335132,0.286837160844514,5086.30363711444,15.2171805527344
2025-05-02,0.076,5675,0.2746503400221,0.286324629730009,5086.30363711444,14.7116263881065
2025-05-02,0.076,5680,0.274336504687139,0.285758234846807,5086.30363711444,14.2566276191604
2025-05-02,0.076,5690,0.273558968353376,0.283977831592737,5086.30363711444,13.2960746886415
2025-05-02,0.076,5700,0.27256673568168,0.282903760404989,5086.30363711444,12.4366326017862
2025-05-02,0.076,5710,0.271338874906148,0.282116772456765,5086.30363711444,11.6277459332105
2025-05-02,0.076,5720,0.27044111399571,0.281122401235607,5086.30363711444,10.8694146665442
2025-05-02,0.076,5725,0.27020819720472,0.281089410734112,5086.30363711444,10.5660821780506
2025-05-02,0.076,5730,0.269928197692009,0.280461375393195,5086.30363711444,10.2121942607974
2025-05-02,0.076,5740,0.268574541575616,0.279600943346738,5086.30363711444,9.50441840819764
2025-05-02,0.076,5750,0.268292541174561,0.279129920551788,5086.30363711444,8.94830882970857
2025-05-02,0.076,5760,0.267127421854652,0.278473802779344,5086.30363711444,8.34164381907308
2025-05-02,0.076,5770,0.26643930791308,0.27761568943506,5086.30363711444,7.78553422737963
2025-05-02,0.076,5775,0.265633831465521,0.277104719158983,5086.30363711444,7.48220172907794
2025-05-02,0.076,5780,0.265532593936797,0.27722536399497,5086.30363711444,7.27998006188811
2025-05-02,0.076,5790,0.264382268821504,0.276655091899474,5086.30363711444,6.77442589255496
2025-05-02,0.076,5800,0.263826229663255,0.275887982740567,5086.30363711444,6.31942713042261
2025-05-02,0.076,5810,0.263061151369637,0.274903785199902,5086.30363711444,5.86442837825642
2025-05-02,0.076,5820,0.262062704739101,0.274507146411391,5086.30363711444,5.45998505055285
2025-05-02,0.076,5825,0.261466830586029,0.274241330213896,5086.30363711444,5.2577633775331
2025-05-02,0.076,5830,0.261816964945931,0.273927625700653,5086.30363711444,5.10609712790647
2025-05-02,0.076,5840,0.260323073332155,0.274050591858157,5086.30363711444,4.75220920300953
2025-05-02,0.076,5850,0.259640080355072,0.273095024483108,5086.30363711444,4.39832129388481
2025-05-02,0.076,5860,0.259924518056408,0.272891946685332,5086.30363711444,4.14554419698247
2025-05-02,0.076,5870,0.258828464745516,0.272523495975251,5086.30363711444,3.84221169864808
2025-05-02,0.076,5875,0.258825993248234,0.27280239376246,5086.30363711444,3.74110086439929
2025-05-02,0.076,5880,0.258785681387149,0.273056739558296,5086.30363711444,3.63999003511021
2025-05-02,0.076,5890,0.258583983401975,0.272363854916836,5086.30363711444,3.38721294152013
2025-05-02,0.076,5900,0.2596639086797,0.272642743536338,5086.30363711444,3.235546692833
2025-05-02,0.076,5910,0.257632123854927,0.272801429698076,5086.30363711444,2.98276961041541
2025-05-02,0.076,5920,0.256835722272742,0.272830166529231,5086.30363711444,2.78054793906545
2025-05-02,0.076,5925,0.256344490942076,0.27279231554253,5086.30363711444,2.67943710300216
2025-05-02,0.076,5950,0.255807439559374,0.27275245624601,5086.30363711444,2.27499376883599
2025-05-02,0.076,5975,0.254037673318779,0.274207276403955,5086.30363711444,1.94638355821922
2025-05-02,0.076,6000,0.2533212263617,0.276828933007807,5086.30363711444,1.7188841802015
2025-05-02,0.076,6050,0.2531332760074,0.280950045295742,5086.30363711444,1.33971855152499
2025-05-02,0.076,6100,0.263611040015396,0.287935387920502,5086.30363711444,1.23860772036167
2025-05-02,0.076,6150,0.262901583507356,0.292829231063235,5086.30363711444,0.985830634671713
2025-05-02,0.076,6200,0.252205340391063,0.299383637344963,5086.30363711444,0.758331255546249
2025-05-02,0.076,6250,0.249658328418451,0.306804980088216,5086.30363711444,0.657220422097471
2025-05-02,0.076,6300,0.236618867809147,0.313735411206382,5086.30363711444,0.556109587826779
2025-05-02,0.076,6350,NA,0.314041918778911,5086.30363711444,NA
2025-05-02,0.076,6400,0.266427445337305,0.330003544683061,5086.30363711444,0.530831879065644
2025-05-02,0.076,6600,0.298729495722606,0.361579230690018,5086.30363711444,0.454998753882449
2025-05-02,0.076,6800,0.313116997300775,0.395122140785685,5086.30363711444,0.404443337126863
2025-05-02,0.076,7000,NA,0.429703838767843,5086.30363711444,NA
2025-05-02,0.076,7200,NA,0.459796234522306,5086.30363711444,NA
2025-05-02,0.076,7400,NA,0.491692796517368,5086.30363711444,NA
2025-05-05,0.08,2200,1.09904323720718,1.16161979139832,5087.15421305814,2888.63371964247
2025-05-05,0.08,2400,1.05164870694206,1.09306964762976,5087.15421305814,2689.43616389121
2025-05-05,0.08,2600,0.995828169851849,1.03034548259404,5087.15421305814,2490.51444835155
2025-05-05,0.08,2800,0.941265703604224,0.966051728773281,5087.15421305814,2291.9187257866
2025-05-05,0.08,3000,0.885004167667121,0.905203754682587,5087.15421305814,2093.77437811254
2025-05-05,0.08,3200,0.829487252068094,0.847473320919228,5087.15421305814,1896.28201639234
2025-05-05,0.08,3400,0.774725799293658,0.789416040225907,5087.15421305814,1699.54194615604
2025-05-05,0.08,3600,0.720826242051794,0.733693575768379,5087.15421305814,1503.95538952068
2025-05-05,0.08,3800,0.667542787289323,0.679354141632285,5087.15421305814,1309.92356862674
2025-05-05,0.08,4000,0.616276465464739,0.627355516501715,5087.15421305814,1118.34923323115
2025-05-05,0.08,4200,0.566591334376173,0.57787005122336,5087.15421305814,930.436049737454
2025-05-05,0.08,4400,0.52005612235392,0.530980416246269,5087.15421305814,748.340587052149
2025-05-05,0.08,4500,0.497800081961466,0.508332367921286,5087.15421305814,660.327098020524
2025-05-05,0.08,4600,0.476495023635573,0.485937935468072,5087.15421305814,574.971705549258
2025-05-05,0.08,4700,0.454707516496411,0.463264073355147,5087.15421305814,492.42486795252
2025-05-05,0.08,4800,0.432486860249988,0.440741460502163,5087.15421305814,413.388723959207
2025-05-05,0.08,4900,0.410372468054847,0.418819074716654,5087.15421305814,338.866328866354
2025-05-05,0.08,5000,0.388526454649472,0.397103000455522,5087.15421305814,269.710279699854
2025-05-05,0.08,5100,0.367254312319268,0.376344564015938,5087.15421305814,207.231227305906
2025-05-05,0.08,5150,0.357060145202945,0.365642889397287,5087.15421305814,178.694303668572
2025-05-05,0.08,5200,0.34692875126542,0.355794636003374,5087.15421305814,152.364101776146
2025-05-05,0.08,5225,0.342359627562643,0.350959669182059,5087.15421305814,140.126826997658
2025-05-05,0.08,5250,0.337379805447419,0.346278448147262,5087.15421305814,128.340927071388
2025-05-05,0.08,5275,0.332134591323028,0.341554421489669,5087.15421305814,117.006402030528
2025-05-05,0.08,5290,0.33024593564398,0.338840647769962,5087.15421305814,110.837611878785
2025-05-05,0.08,5300,0.328098745982373,0.337144418905376,5087.15421305814,106.624779584818
2025-05-05,0.08,5310,0.32653999735554,0.335287587973894,5087.15421305814,102.612558380701
2025-05-05,0.08,5320,0.324623083021272,0.333456512331654,5087.15421305814,98.6003370913206
2025-05-05,0.08,5325,0.323792963341831,0.332670894155211,5087.15421305814,96.6945320152953
2025-05-05,0.08,5330,0.322920341155987,0.331651269103808,5087.15421305814,94.7385741467821
2025-05-05,0.08,5340,0.321044559410822,0.329872099852149,5087.15421305814,90.9269639797096
2025-05-05,0.08,5350,0.319387757214317,0.328119421925606,5087.15421305814,87.2658120610687
2025-05-05,0.08,5360,0.317554213567255,0.326393843303197,5087.15421305814,83.6548129569912
2025-05-05,0.08,5370,0.315741312102982,0.324696176709386,5087.15421305814,80.1441193906488
2025-05-05,0.08,5375,0.314868557640229,0.323883604893481,5087.15421305814,78.4389253436188
2025-05-05,0.08,5380,0.313949746947855,0.323027457512944,5087.15421305814,76.7337313392245
2025-05-05,0.08,5390,0.312180438510512,0.321180889028637,5087.15421305814,73.3734960144617
2025-05-05,0.08,5400,0.310434556182861,0.319571136084448,5087.15421305814,70.1637190298222
2025-05-05,0.08,5410,0.308713543369374,0.317780421343247,5087.15421305814,67.0040947958103
2025-05-05,0.08,5420,0.306133828295592,0.316236217646723,5087.15421305814,63.7943177896956
2025-05-05,0.08,5425,0.306098890020244,0.315395778331079,5087.15421305814,62.4903458859393
2025-05-05,0.08,5430,0.305353451719014,0.314508374164227,5087.15421305814,61.0359156924877
2025-05-05,0.08,5440,0.303489477397865,0.312813471561196,5087.15421305814,58.1270552888407
2025-05-05,0.08,5450,0.301884468087002,0.311383627291914,5087.15421305814,55.4188059708649
2025-05-05,0.08,5475,0.297827042256064,0.307332643884885,5087.15421305814,48.898946420321
2025-05-05,0.08,5500,0.293979427103039,0.303766970343178,5087.15421305814,43.0310728506606
2025-05-05,0.08,5510,0.292386601092163,0.302407833102394,5087.15421305814,40.8243511697514
2025-05-05,0.08,5520,0.290849532927271,0.300851279631973,5087.15421305814,38.6677822534385
2025-05-05,0.08,5525,0.290138930601425,0.300264522399311,5087.15421305814,37.664726939385
2025-05-05,0.08,5530,0.289375460876517,0.299630402175041,5087.15421305814,36.6616716238722
2025-05-05,0.08,5540,0.287682585209757,0.298214412056652,5087.15421305814,34.6555610036624
2025-05-05,0.08,5550,0.286352255376917,0.29687770368281,5087.15421305814,32.7999086762317
2025-05-05,0.08,5560,0.284805589496336,0.295629766357434,5087.15421305814,30.9944091147
2025-05-05,0.08,5570,0.283343345242279,0.294178776263576,5087.15421305814,29.2390623262788
2025-05-05,0.08,5575,0.282687873720391,0.293372753100562,5087.15421305814,28.3864653200905
2025-05-05,0.08,5580,0.281977739384138,0.292822061043563,5087.15421305814,27.5840210654121
2025-05-05,0.08,5590,0.280722667836803,0.291571817821701,5087.15421305814,26.0292853206223
2025-05-05,0.08,5600,0.279593853799158,0.290441759304265,5087.15421305814,24.5748551333522
2025-05-05,0.08,5610,0.278248725105088,0.28910683150277,5087.15421305814,23.120424924644
2025-05-05,0.08,5620,0.277042864351556,0.28790327067944,5087.15421305814,21.7663002573439
2025-05-05,0.08,5625,0.276165907004647,0.287579375168925,5087.15421305814,21.1143143035139
2025-05-05,0.08,5630,0.275610137929944,0.286848864658893,5087.15421305814,20.4623283450126
2025-05-05,0.08,5640,0.274332403520871,0.285588376743191,5087.15421305814,19.2085092038193
2025-05-05,0.08,5650,0.2732341492328,0.284493847890938,5087.15421305814,18.0549956157587
2025-05-05,0.08,5660,0.272342846171302,0.28358841710254,5087.15421305814,17.0017875264554
2025-05-05,0.08,5670,0.271239627933909,0.282481876226343,5087.15421305814,15.948579460512
2025-05-05,0.08,5675,0.270602598927304,0.282059976768187,5087.15421305814,15.4470517962634
2025-05-05,0.08,5680,0.269904990006565,0.281589229149954,5087.15421305814,14.945524142987
2025-05-05,0.08,5690,0.269293976768486,0.279594597838583,5087.15421305814,13.9424688293751
2025-05-05,0.08,5700,0.267980448868006,0.278708611173794,5087.15421305814,13.0397190479359
2025-05-05,0.08,5710,0.266941200849957,0.277615425172279,5087.15421305814,12.187122031866
2025-05-05,0.08,5720,0.26622220105039,0.276802928735294,5087.15421305814,11.4348305491931
2025-05-05,0.08,5725,0.265502401186524,0.276321168809694,5087.15421305814,11.0336084226216
2025-05-05,0.08,5750,0.263367668400911,0.274207782083009,5087.15421305814,9.3284143950896
2025-05-05,0.08,5775,0.26114991533821,0.272594244913265,5087.15421305814,7.8739841972565
2025-05-05,0.08,5800,0.258981492977094,0.2710844385974,5087.15421305814,6.62016505704113
2025-05-05,0.08,5900,0.253236126179369,0.267397795129919,5087.15421305814,3.33515891246352
2025-05-05,0.08,6000,0.249020383077744,0.270938645869112,5087.15421305814,1.80549955961807
2025-05-05,0.08,6100,0.24839830718267,0.282287829347158,5087.15421305814,1.17858999230623
2025-05-05,0.08,6200,0.249725699711421,0.295378036268361,5087.15421305814,0.852597014897388
2025-05-05,0.08,6400,NA,0.32481522054366,5087.15421305814,NA
2025-05-05,0.08,6600,NA,0.354215416906351,5087.15421305814,NA
2025-05-05,0.08,6800,NA,0.387190771894615,5087.15421305814,NA
2025-05-05,0.08,7000,NA,0.418281830230037,5087.15421305814,NA
2025-05-05,0.08,7200,NA,0.45069265254369,5087.15421305814,NA
2025-05-05,0.08,7400,NA,0.478670882607447,5087.15421305814,NA
2025-05-06,0.084,2200,1.07286745727666,1.13397518756527,5087.47523265667,2888.95800914639
2025-05-06,0.084,2400,1.02663275001638,1.06947500682344,5087.47523265667,2689.78735870947
2025-05-06,0.084,2600,0.974218942300685,1.0058797005503,5087.47523265667,2490.86802631862
2025-05-06,0.084,2800,0.921782108070889,0.945654144324684,5087.47523265667,2292.35080280991
2025-05-06,0.084,3000,0.868143488060383,0.887496435480164,5087.47523265667,2094.31108359125
2025-05-06,0.084,3200,0.814400769760138,0.830235669582928,5087.47523265667,1896.87452769441
2025-05-06,0.084,3400,0.760954097951603,0.77503754191769,5087.47523265667,1700.29245315961
2025-05-06,0.084,3600,0.708117339983951,0.720484421346582,5087.47523265667,1504.81617804144
2025-05-06,0.084,3800,0.656419975005277,0.667780893002244,5087.47523265667,1310.9986020574
2025-05-06,0.084,4000,0.606341757396226,0.6165460538097,5087.47523265667,1119.59367932321
2025-05-06,0.084,4200,0.5572508096737,0.568170882637518,5087.47523265667,931.858000138839
2025-05-06,0.084,4400,0.511932756511962,0.522244413900088,5087.47523265667,750.053426902138
2025-05-06,0.084,4500,0.490874668634709,0.500060608196193,5087.47523265667,662.31774768161
2025-05-06,0.084,4600,0.469655145302374,0.478141516236696,5087.47523265667,577.044985344478
2025-05-06,0.084,4700,0.447204093529794,0.456404695310023,5087.47523265667,494.486457998431
2025-05-06,0.084,4800,0.426533978193458,0.434787087456398,5087.47523265667,415.94901936202
2025-05-06,0.084,4900,0.405333352705834,0.413219685311022,5087.47523265667,341.633724015617
2025-05-06,0.084,5000,0.383757871337122,0.392144600651263,5087.47523265667,272.545844014689
2025-05-06,0.084,5100,0.363509678450968,0.372058379603787,5087.47523265667,210.302943489725
2025-05-06,0.084,5150,0.353485940746454,0.361878105346452,5087.47523265667,181.803476736888
2025-05-06,0.084,5200,0.343410065130388,0.352074405842432,5087.47523265667,155.314554330163
2025-05-06,0.084,5225,0.33861648090008,0.347367972159311,5087.47523265667,142.949706323049
2025-05-06,0.084,5250,0.334139764187309,0.342651023262246,5087.47523265667,131.188021628245
2025-05-06,0.084,5275,0.329614431708548,0.338084200799343,5087.47523265667,119.979236666999
2025-05-06,0.084,5290,0.326904697891547,0.335470602318549,5087.47523265667,113.545494571526
2025-05-06,0.084,5300,0.325021897903187,0.333658869955145,5087.47523265667,109.323351366218
2025-05-06,0.084,5310,0.323347765830837,0.331875459984351,5087.47523265667,105.251998952863
2025-05-06,0.084,5320,0.321512138058475,0.330120400054804,5087.47523265667,101.230910207809
2025-05-06,0.084,5325,0.320343394875116,0.329183243180825,5087.47523265667,99.1701021999589
2025-05-06,0.084,5330,0.319699159323533,0.328393873375117,5087.47523265667,97.3103486467937
2025-05-06,0.084,5340,0.317908928579032,0.326505871222581,5087.47523265667,93.4400506436067
2025-05-06,0.084,5350,0.315947720252077,0.324835569505358,5087.47523265667,89.6702799509053
2025-05-06,0.084,5360,0.314397949720382,0.32319526263236,5087.47523265667,86.1015636126259
2025-05-06,0.084,5370,0.312678282668015,0.321388843900802,5087.47523265667,82.5328473240785
2025-05-06,0.084,5375,0.311852772598761,0.320619642030966,5087.47523265667,80.8238845721087
2025-05-06,0.084,5380,0.310983558034906,0.319809008530169,5087.47523265667,79.1149218681448
2025-05-06,0.084,5390,0.309314854263494,0.318060224259583,5087.47523265667,75.7472600108377
2025-05-06,0.084,5400,0.307465846878195,0.316545780684892,5087.47523265667,72.4801253838076
2025-05-06,0.084,5410,0.305850171741066,0.31485990914597,5087.47523265667,69.3135179288978
2025-05-06,0.084,5420,0.304050666187875,0.313206538873153,5087.47523265667,66.1971741320368
2025-05-06,0.084,5425,0.303403732129132,0.312419287826302,5087.47523265667,64.7395294680916
2025-05-06,0.084,5430,0.302494856029284,0.311587670318227,5087.47523265667,63.2316211348409
2025-05-06,0.084,5440,0.30075211051248,0.310005642410527,5087.47523265667,60.3163317768323
2025-05-06,0.084,5450,0.29926570920603,0.308463165589782,5087.47523265667,57.5518332208648
2025-05-06,0.084,5475,0.295055373159546,0.30448124848281,5087.47523265667,50.8667731259354
2025-05-06,0.084,5500,0.291285918234961,0.300979677582874,5087.47523265667,44.8854035812629
2025-05-06,0.084,5525,0.287534288533416,0.297548860132046,5087.47523265667,39.406670102093
2025-05-06,0.084,5530,0.286843974342262,0.296717722982693,5087.47523265667,38.35113428989
2025-05-06,0.084,5540,0.285309568886818,0.295436617767976,5087.47523265667,36.3405898896532
2025-05-06,0.084,5550,0.283844851534768,0.294238269295162,5087.47523265667,34.4305727386314
2025-05-06,0.084,5560,0.282459039905776,0.292849161075293,5087.47523265667,32.5708191601938
2025-05-06,0.084,5570,0.281162610069132,0.291547447147191,5087.47523265667,30.8115928239815
2025-05-06,0.084,5575,0.280282079062881,0.290822149278714,5087.47523265667,29.9068478501458
2025-05-06,0.084,5580,0.279654836655824,0.290343612747855,5087.47523265667,29.1026300941542
2025-05-06,0.084,5590,0.278242259398114,0.288942423673483,5087.47523265667,27.4439309722421
2025-05-06,0.084,5600,0.276938554331451,0.287646217645296,5087.47523265667,25.8857590646941
2025-05-06,0.084,5610,0.275759219391074,0.286468500004777,5087.47523265667,24.4281143573638
2025-05-06,0.084,5620,0.274721708435146,0.285424389755292,5087.47523265667,23.0709969159025
2025-05-06,0.084,5625,0.273945654796025,0.284829795879722,5087.47523265667,22.3673063703214
2025-05-06,0.084,5630,0.273477845791553,0.284184487560948,5087.47523265667,21.713879453494
2025-05-06,0.084,5640,0.272010359064516,0.283091882762927,5087.47523265667,20.4070255925475
2025-05-06,0.084,5650,0.271091778583441,0.281796360238198,5087.47523265667,19.2006989501431
2025-05-06,0.084,5660,0.269558143651909,0.28104709361911,5087.47523265667,18.0446359179864
2025-05-06,0.084,5670,0.268624706829539,0.279719386768989,5087.47523265667,16.9388365064
2025-05-06,0.084,5675,0.268080634293259,0.279374882545089,5087.47523265667,16.4362004143659
2025-05-06,0.084,5680,0.267481956131642,0.278985974316023,5087.47523265667,15.933564313593
2025-05-06,0.084,5690,0.266573044961679,0.27764333167115,5087.47523265667,14.928292131728
2025-05-06,0.084,5700,0.265452989430771,0.276067274996345,5087.47523265667,13.9230199119952
2025-05-06,0.084,5710,0.264603450365977,0.275157745224465,5087.47523265667,13.0685385526984
2025-05-06,0.084,5720,0.263544155920548,0.27404520459362,5087.47523265667,12.2140571795708
2025-05-06,0.084,5725,0.26346344110339,0.273651346239551,5087.47523265667,11.8622119183241
2025-05-06,0.084,5750,0.260682375980727,0.271459290258432,5087.47523265667,10.0024583476971
2025-05-06,0.084,5775,0.258291227825895,0.269688836294323,5087.47523265667,8.44428645550575
2025-05-06,0.084,5800,0.256615939167322,0.26794873747986,5087.47523265667,7.13743260231109
2025-05-06,0.084,5900,0.250404463174344,0.264124601696537,5087.47523265667,3.61897990540617
2025-05-06,0.084,6000,0.247651359411273,0.267515330658179,5087.47523265667,2.01054438944034
2025-05-06,0.084,6100,0.246547993326422,0.277511075570965,5087.47523265667,1.28172205270209
2025-05-06,0.084,6200,0.247369869345886,0.290748460999343,5087.47523265667,0.929876781824365
2025-05-06,0.084,6400,NA,0.321928921499795,5087.47523265667,NA
2025-05-06,0.084,6600,NA,0.353801826446271,5087.47523265667,NA
2025-05-06,0.084,6800,NA,0.384833377925788,5087.47523265667,NA
2025-05-06,0.084,7000,NA,0.413512114633163,5087.47523265667,NA
2025-05-06,0.084,7200,NA,0.442727879294656,5087.47523265667,NA
2025-05-06,0.084,7400,NA,0.470348177500254,5087.47523265667,NA
2025-05-07,0.088,2200,1.05798622449431,1.1148404010034,5087.91584694314,2889.50304492212
2025-05-07,0.088,2400,1.00925785971308,1.04988232402175,5087.91584694314,2690.33443434105
2025-05-07,0.088,2600,0.958086117624968,0.989747670118112,5087.91584694314,2491.49334080153
2025-05-07,0.088,2800,0.906440765120337,0.9291627335367,5087.91584694314,2293.00495792501
2025-05-07,0.088,3000,0.85447329040158,0.872881357954933,5087.91584694314,2095.07083466024
2025-05-07,0.088,3200,0.80187423316705,0.816966630537507,5087.91584694314,1897.74135824962
2025-05-07,0.088,3400,0.74930537770498,0.762773404586883,5087.91584694314,1701.26846486161
2025-05-07,0.088,3600,0.697214070553205,0.709085291766455,5087.91584694314,1505.90409071288
2025-05-07,0.088,3800,0.646193008454107,0.657140912246837,5087.91584694314,1312.20249538722
2025-05-07,0.088,4000,0.597237257628316,0.607555852933066,5087.91584694314,1121.07064918526
2025-05-07,0.088,4200,0.549084791440613,0.560025257894989,5087.91584694314,933.566684085658
2025-05-07,0.088,4400,0.505418326087596,0.515427286758753,5087.91584694314,752.260349148258
2025-05-07,0.088,4500,0.484631185558667,0.493819327843559,5087.91584694314,664.705996826557
2025-05-07,0.088,4600,0.463961194059129,0.472685512236016,5087.91584694314,579.721393585817
2025-05-07,0.088,4700,0.443354174226512,0.451906443072387,5087.91584694314,497.810411810678
2025-05-07,0.088,4800,0.422002588479983,0.430641605076031,5087.91584694314,419.174600504079
2025-05-07,0.088,4900,0.401270876778234,0.409882914996565,5087.91584694314,345.124027806708
2025-05-07,0.088,5000,0.380972359003647,0.390552717750013,5087.91584694314,276.767212907299
2025-05-07,0.088,5100,0.360817163478699,0.369859477237591,5087.91584694314,214.145759135465
2025-05-07,0.088,5150,0.351616314315911,0.359832969430495,5087.91584694314,185.777744477442
2025-05-07,0.088,5200,0.341935677012035,0.350243344461069,5087.91584694314,159.274057578899
2025-05-07,0.088,5225,0.336938224814954,0.34532564680026,5087.91584694314,146.67724819311
2025-05-07,0.088,5250,0.332090169564526,0.34075589198092,5087.91584694314,134.735472923838
2025-05-07,0.088,5275,0.327905526670607,0.336177921732319,5087.91584694314,123.499118990347
2025-05-07,0.088,5290,0.324950384844104,0.333491311781731,5087.91584694314,116.898390878088
2025-05-07,0.088,5300,0.323325264495357,0.331754110399109,5087.91584694314,112.716250167622
2025-05-07,0.088,5310,0.321548099624502,0.33004826068129,5087.91584694314,108.584496699972
2025-05-07,0.088,5320,0.319980125083414,0.328373903781849,5087.91584694314,104.603904970648
2025-05-07,0.088,5325,0.319046422252034,0.327480068396062,5087.91584694314,102.588415420209
2025-05-07,0.088,5330,0.318072448595971,0.32654766548727,5087.91584694314,100.572925948259
2025-05-07,0.088,5340,0.31637431008355,0.324935560662542,5087.91584694314,96.7434959094819
2025-05-07,0.088,5350,0.314136484691059,0.323168820347198,5087.91584694314,92.8132913720203
2025-05-07,0.088,5360,0.312868475326933,0.321431576036427,5087.91584694314,89.2357975452211
2025-05-07,0.088,5370,0.311250901455905,0.319724471943515,5087.91584694314,85.6583036713756
2025-05-07,0.088,5375,0.310477347981339,0.319003035280224,5087.91584694314,83.9451375885204
2025-05-07,0.088,5380,0.30966258130006,0.318242435047479,5087.91584694314,82.2319715259351
2025-05-07,0.088,5390,0.30790610052151,0.316600872198678,5087.91584694314,78.8056393867939
2025-05-07,0.088,5400,0.306175887259619,0.314992810478077,5087.91584694314,75.4800817138387
2025-05-07,0.088,5410,0.304473187012812,0.313419810724104,5087.91584694314,72.2552985057108
2025-05-07,0.088,5420,0.303007430217458,0.311678655731634,5087.91584694314,69.1312897871334
2025-05-07,0.088,5425,0.302209944954146,0.310949375149478,5087.91584694314,67.6196726685619
2025-05-07,0.088,5430,0.301368077513541,0.310178444366593,5087.91584694314,66.1080555370672
2025-05-07,0.088,5440,0.299761921948316,0.308507944161246,5087.91584694314,63.135208548703
2025-05-07,0.088,5450,0.297972496070247,0.307089715958295,5087.91584694314,60.2631359844569
2025-05-07,0.088,5475,0.294125883398662,0.303449452646068,5087.91584694314,53.5616334159574
2025-05-07,0.088,5500,0.290509120265376,0.299842423725435,5087.91584694314,47.414390434314
2025-05-07,0.088,5525,0.286676765996889,0.296298473573819,5087.91584694314,41.720632619558
2025-05-07,0.088,5550,0.283170196805111,0.293124452461351,5087.91584694314,36.63152162633
2025-05-07,0.088,5560,0.281691553997783,0.291906153894835,5087.91584694314,34.7168065986729
2025-05-07,0.088,5570,0.280292556878402,0.290780106030756,5087.91584694314,32.9028660724134
2025-05-07,0.088,5575,0.279809604423349,0.290149313683979,5087.91584694314,32.0462830036614
2025-05-07,0.088,5580,0.278983503546336,0.289471457241933,5087.91584694314,31.1393127360234
2025-05-07,0.088,5590,0.277776036697921,0.288261255943127,5087.91584694314,29.4765339267878
2025-05-07,0.088,5600,0.276683253784457,0.286859911890858,5087.91584694314,27.8641423077053
2025-05-07,0.088,5610,0.275394050137878,0.285874064599564,5087.91584694314,26.3525251986823
2025-05-07,0.088,5620,0.274230141828353,0.284706281260533,5087.91584694314,24.891295282819
2025-05-07,0.088,5625,0.273572140456002,0.284212068242438,5087.91584694314,24.1858739676072
2025-05-07,0.088,5630,0.27286075989373,0.283343770740281,5087.91584694314,23.4300654112473
2025-05-07,0.088,5640,0.271629332007219,0.282450368419491,5087.91584694314,22.1199972281819
2025-05-07,0.088,5650,0.270555771300657,0.281375825895209,5087.91584694314,20.8603163160536
2025-05-07,0.088,5660,0.269276219066333,0.28010673896176,5087.91584694314,19.6006353699315
2025-05-07,0.088,5670,0.268173930696323,0.279374674307182,5087.91584694314,18.4921161462948
2025-05-07,0.088,5675,0.267748361099627,0.27875432150439,5087.91584694314,17.937856547153
2025-05-07,0.088,5680,0.267275107205035,0.27808209272452,5087.91584694314,17.3835969155535
2025-05-07,0.088,5690,0.266177496693694,0.277372981678947,5087.91584694314,16.3758521694448
2025-05-07,0.088,5700,0.265312342114188,0.276074663149225,5087.91584694314,15.368107421218
2025-05-07,0.088,5710,0.264247628826566,0.275413938094901,5087.91584694314,14.4611371414644
2025-05-07,0.088,5720,0.263450958179469,0.273687620089679,5087.91584694314,13.5037796336394
2025-05-07,0.088,5725,0.262979807618703,0.272955149145628,5087.91584694314,13.0502944938513
2025-05-07,0.088,5750,0.260351954372789,0.270869895054578,5087.91584694314,11.085192239632
2025-05-07,0.088,5775,0.258069428261582,0.269161467028418,5087.91584694314,9.42241339650249
2025-05-07,0.088,5800,0.256410820172397,0.267454689043926,5087.91584694314,8.01157075859778
2025-05-07,0.088,5900,0.249410091953186,0.263845087781238,5087.91584694314,4.13175346445993
2025-05-07,0.088,6000,0.247033276998295,0.264928305429783,5087.91584694314,2.26742568335756
2025-05-07,0.088,6100,0.244503082528593,0.273019055191025,5087.91584694314,1.38564903036519
2025-05-07,0.088,6200,0.255401844503597,0.286366782844928,5087.91584694314,1.10851922235645
2025-05-07,0.088,6400,0.234339266487381,0.312952176342615,5087.91584694314,0.60464684948936
2025-05-07,0.088,6600,NA,0.335532509803908,5087.91584694314,NA
2025-05-07,0.088,6800,NA,0.373808327882071,5087.91584694314,NA
2025-05-07,0.088,7000,NA,0.404007901257054,5087.91584694314,NA
2025-05-07,0.088,7200,NA,0.432557736080703,5087.91584694314,NA
2025-05-08,0.092,2200,1.02524755000439,1.0868503579859,5088.58601331563,2890.09188365802
2025-05-08,0.092,2400,0.986791933845872,1.02648343863499,5088.58601331563,2690.9954058628
2025-05-08,0.092,2600,0.936735929880935,0.967668157408581,5088.58601331563,2492.14990645688
2025-05-08,0.092,2800,0.888820253621978,0.910728774924735,5088.58601331563,2293.75616815746
2025-05-08,0.092,3000,0.837260898425252,0.856780478662159,5088.58601331563,2095.86438663554
2025-05-08,0.092,3200,0.786697881286547,0.802532725084463,5088.58601331563,1898.62514892891
2025-05-08,0.092,3400,0.73562640422266,0.748608835294108,5088.58601331563,1702.18904207584
2025-05-08,0.092,3600,0.684716964772108,0.69691460377934,5088.58601331563,1506.95763149459
2025-05-08,0.092,3800,0.63527537817478,0.646406845938003,5088.58601331563,1313.43287396347
2025-05-08,0.092,4000,0.587474259831189,0.597436536648622,5088.58601331563,1122.41790033233
2025-05-08,0.092,4200,0.540611667260243,0.551187401891994,5088.58601331563,935.167602558506
2025-05-08,0.092,4400,0.497568323357409,0.506995774071017,5088.58601331563,753.940786173973
2025-05-08,0.092,4500,0.477312995376181,0.486227873502326,5088.58601331563,666.59009703617
2025-05-08,0.092,4600,0.456907775537663,0.464272621488677,5088.58601331563,581.397822073927
2025-05-08,0.092,4700,0.43637992801919,0.445305052294366,5088.58601331563,499.819635919562
2025-05-08,0.092,4800,0.415932273195156,0.424712339177205,5088.58601331563,421.453973128244
2025-05-08,0.092,4900,0.395861896855057,0.404248219443167,5088.58601331563,347.505530077638
2025-05-08,0.092,5000,0.375721854239437,0.384055682394072,5088.58601331563,278.727241812865
2025-05-08,0.092,5100,0.356078676582943,0.365377426083736,5088.58601331563,216.594350839674
2025-05-08,0.092,5150,0.346483182389549,0.354813041072748,5088.58601331563,187.782031632114
2025-05-08,0.092,5200,0.336593213893366,0.345342524111542,5088.58601331563,161.077930930436
2025-05-08,0.092,5225,0.332162526198134,0.340659893141679,5088.58601331563,148.62940275836
2025-05-08,0.092,5250,0.327892082592685,0.334470392869001,5088.58601331563,136.281265944579
2025-05-08,0.092,5275,0.323429052392744,0.330278854986609,5088.58601331563,124.987238394759
2025-05-08,0.092,5290,0.320800931100552,0.327723708347865,5088.58601331563,118.461800238094
2025-05-08,0.092,5300,0.319097528723835,0.326073816710383,5088.58601331563,114.245363270753
2025-05-08,0.092,5310,0.31742152469311,0.324455409160131,5088.58601331563,110.129317675032
2025-05-08,0.092,5320,0.315772981290574,0.322691699863211,5088.58601331563,106.063467764195
2025-05-08,0.092,5325,0.314892072953161,0.321842872532591,5088.58601331563,104.055640606968
2025-05-08,0.092,5330,0.313972582540827,0.320956818346915,5088.58601331563,102.047813512571
2025-05-08,0.092,5340,0.312377930992185,0.319431332051353,5088.58601331563,98.2329419812149
2025-05-08,0.092,5350,0.310811746191151,0.317756724858971,5088.58601331563,94.4682661292738
2025-05-08,0.092,5360,0.308532860387057,0.316480496573123,5088.58601331563,90.7035902740646
2025-05-08,0.092,5370,0.307580228278829,0.314684646315519,5088.58601331563,87.2400884982668
2025-05-08,0.092,5375,0.30667203058927,0.314195108973305,5088.58601331563,85.5334354403218
2025-05-08,0.092,5380,0.305912195059671,0.31329326203059,5088.58601331563,83.7765866682374
2025-05-08,0.092,5390,0.304271569208691,0.31193953999402,5088.58601331563,80.4134762605312
2025-05-08,0.092,5400,0.302659493196755,0.3102386099877,5088.58601331563,77.0503658314254
2025-05-08,0.092,5410,0.301077355422095,0.308764603857122,5088.58601331563,73.8378424385274
2025-05-08,0.092,5420,0.299526813202336,0.307527417486717,5088.58601331563,70.7759060749005
2025-05-08,0.092,5425,0.298789345858191,0.306850827497853,5088.58601331563,69.2700357311927
2025-05-08,0.092,5430,0.298009818240348,0.306134555309277,5088.58601331563,67.7641653772197
2025-05-08,0.092,5440,0.296528645582558,0.304784552887759,5088.58601331563,64.8528160449042
2025-05-08,0.092,5450,0.294874312263991,0.303480279277769,5088.58601331563,61.9916624041315
2025-05-08,0.092,5475,0.291363486928046,0.300143192750194,5088.58601331563,55.315637207019
2025-05-08,0.092,5500,0.288337630797087,0.296863030259089,5088.58601331563,49.2419601766304
2025-05-08,0.092,5525,0.2851667611929,0.293912606017984,5088.58601331563,43.6702399163577
2025-05-08,0.092,5550,0.280811159197459,0.290617637680731,5088.58601331563,38.2491066878455
2025-05-08,0.092,5575,0.277589808708307,0.287759474473921,5088.58601331563,33.5809086334451
2025-05-08,0.092,5600,0.274297512248209,0.284893876402583,5088.58601331563,29.3142759905908
2025-05-08,0.092,5625,0.271302277566945,0.282070204436286,5088.58601331563,25.4994044672192
2025-05-08,0.092,5650,0.268396631897304,0.279356655980227,5088.58601331563,22.0860983425661
2025-05-08,0.092,5675,0.265684858774903,0.276487497782829,5088.58601331563,19.0241619878066
2025-05-08,0.092,5700,0.263313926431743,0.274279368483745,5088.58601331563,16.4139867377463
2025-05-08,0.092,5725,0.261022472429505,0.27129158409204,5088.58601331563,14.0045941794309
2025-05-08,0.092,5750,0.258943791147525,0.269263840479644,5088.58601331563,11.9967670577422
2025-05-08,0.092,5775,0.256694536535296,0.267047246913548,5088.58601331563,10.1897226507592
2025-05-08,0.092,5800,0.254338551919459,0.265833031177888,5088.58601331563,8.68385229600798
2025-05-08,0.092,5825,0.252701858141493,0.264165524447023,5088.58601331563,7.37876467495231
2025-05-08,0.092,5850,0.250590250677484,0.262701731869186,5088.58601331563,6.2242640804653
2025-05-08,0.092,5900,0.248981513602497,0.261234181550279,5088.58601331563,4.56780670505186
2025-05-08,0.092,6000,0.24582664091872,0.262727968099227,5088.58601331563,2.53488173892531
2025-05-08,0.092,6100,0.2451564016767,0.270262749861085,5088.58601331563,1.58116385828191
2025-05-08,0.092,6200,0.244777704235512,0.28194673216317,5088.58601331563,1.10430491861142
2025-05-08,0.092,6300,0.245150622820125,0.294284687867471,5088.58601331563,0.828228687968585
2025-05-08,0.092,6400,0.249821692293339,0.307302718453295,5088.58601331563,0.67764165428154
2025-05-08,0.092,6600,NA,0.32787306178429,5088.58601331563,NA
2025-05-08,0.092,6800,NA,0.363080224948098,5088.58601331563,NA
2025-05-08,0.092,7000,NA,0.39235410515688,5088.58601331563,NA
2025-05-08,0.092,7200,NA,0.379381134576561,5088.58601331563,NA
2025-05-08,0.092,7400,NA,0.449132217204363,5088.58601331563,NA
2025-05-09,0.096,1000,NA,1.76589748881318,5089.37379394117,NA
2025-05-09,0.096,1200,NA,1.58423435235139,5089.37379394117,NA
2025-05-09,0.096,1400,NA,1.44072693788449,5089.37379394117,NA
2025-05-09,0.096,1600,NA,1.32166764423839,5089.37379394117,NA
2025-05-09,0.096,1800,1.07613541114744,1.22433114856584,5089.37379394117,3290.02462721811
2025-05-09,0.096,2000,1.05568083092143,1.13906650703705,5089.37379394117,3090.40010795553
2025-05-09,0.096,2200,1.02104303719782,1.07293906914324,5089.37379394117,2891.05094123223
2025-05-09,0.096,2400,0.973923559521829,1.00900186256591,5089.37379394117,2691.90203090152
2025-05-09,0.096,2600,0.927578858263362,0.953225795837598,5089.37379394117,2493.17866540743
2025-05-09,0.096,2800,0.877405334922791,0.900206928508899,5089.37379394117,2294.88084474522
2025-05-09,0.096,3000,0.82841631812775,0.846713343508456,5089.37379394117,2097.13372916735
2025-05-09,0.096,3200,0.777895405500565,0.792841737585362,5089.37379394117,1899.98738276577
2025-05-09,0.096,3400,0.726939703619754,0.740193203693537,5089.37379394117,1703.69212603129
2025-05-09,0.096,3600,0.676959648574218,0.688579602158261,5089.37379394117,1508.5984076642
2025-05-09,0.096,3800,0.62756216839539,0.638231310315799,5089.37379394117,1315.15680453308
2025-05-09,0.096,4000,0.579891898981782,0.589920455553024,5089.37379394117,1124.26847041687
2025-05-09,0.096,4100,0.556159604624405,0.567702227439176,5089.37379394117,1030.22609811707
2025-05-09,0.096,4200,0.53396444537073,0.544182153411355,5089.37379394117,937.235071855375
2025-05-09,0.096,4300,0.512179543024394,0.522147338364639,5089.37379394117,845.796032653265
2025-05-09,0.096,4350,0.501670940452127,0.511354299400708,5089.37379394117,800.752378373071
2025-05-09,0.096,4400,0.491584963624106,0.500723679019252,5089.37379394117,756.259429196343
2025-05-09,0.096,4450,0.481738583934797,0.490373934175804,5089.37379394117,712.367249180971
2025-05-09,0.096,4500,0.471489760406955,0.479908478177708,5089.37379394117,668.925646043347
2025-05-09,0.096,4550,0.461464615386719,0.469679083493963,5089.37379394117,626.184940287226
2025-05-09,0.096,4600,0.451282132439691,0.459742241969158,5089.37379394117,584.145131917161
2025-05-09,0.096,4650,0.441451748361121,0.449102287989275,5089.37379394117,542.756156811904
2025-05-09,0.096,4700,0.431189194373665,0.439093414920647,5089.37379394117,502.218271354555
2025-05-09,0.096,4750,0.420970809377943,0.428548607037773,5089.37379394117,462.431347398286
2025-05-09,0.096,4800,0.410452614619715,0.4179243650518,5089.37379394117,423.495513127324
2025-05-09,0.096,4850,0.401087810483242,0.408650219056161,5089.37379394117,386.311922264709
2025-05-09,0.096,4900,0.390717558789816,0.3985615264042,5089.37379394117,349.779164695181
2025-05-09,0.096,4950,0.380580936349149,0.387724787456762,5089.37379394117,314.347817281699
2025-05-09,0.096,4975,0.3755772851817,0.383628095901925,5089.37379394117,297.558329372537
2025-05-09,0.096,5000,0.370637286419766,0.37861136707378,5089.37379394117,280.868969704559
2025-05-09,0.096,5025,0.365735125838846,0.373968414520131,5089.37379394117,264.68025097099
2025-05-09,0.096,5050,0.360845826095086,0.368866700178747,5089.37379394117,248.741852759432
2025-05-09,0.096,5075,0.355625581019959,0.364089101227317,5089.37379394117,233.20396734358
2025-05-09,0.096,5100,0.351506136963586,0.358513926499663,5089.37379394117,218.179340146407
2025-05-09,0.096,5125,0.346458072623265,0.354735038296031,5089.37379394117,203.861007992246
2025-05-09,0.096,5130,0.344948849548162,0.352749401377944,5089.37379394117,200.506713464589
2025-05-09,0.096,5140,0.34391296316805,0.35187692340158,5089.37379394117,195.450239559932
2025-05-09,0.096,5150,0.342123060714757,0.349934741703786,5089.37379394117,189.893124625821
2025-05-09,0.096,5160,0.339416001976332,0.348195460124882,5089.37379394117,184.185817423104
2025-05-09,0.096,5170,0.338504485140428,0.346338907862576,5089.37379394117,179.079279384843
2025-05-09,0.096,5175,0.337524043303565,0.345366077113935,5089.37379394117,176.375818074852
2025-05-09,0.096,5180,0.33667300932052,0.344363201607998,5089.37379394117,173.72242092844
2025-05-09,0.096,5190,0.334396390122742,0.342587277724473,5089.37379394117,168.365562372143
2025-05-09,0.096,5200,0.332636204426575,0.340850367816714,5089.37379394117,163.259024338324
2025-05-09,0.096,5210,0.331234125066029,0.339151662216156,5089.37379394117,158.352742739087
2025-05-09,0.096,5220,0.328407733201257,0.337166319683314,5089.37379394117,152.995884233785
2025-05-09,0.096,5225,0.328569006402484,0.33636926573877,5089.37379394117,150.893192108996
2025-05-09,0.096,5230,0.327724039112898,0.335540743423064,5089.37379394117,148.49011536425
2025-05-09,0.096,5240,0.325935521274339,0.333788025915311,5089.37379394117,143.683961935724
2025-05-09,0.096,5250,0.324177616008807,0.33206965893105,5089.37379394117,138.977936727296
2025-05-09,0.096,5260,0.322449736583081,0.330385175499322,5089.37379394117,134.37203968419
2025-05-09,0.096,5270,0.320751408750243,0.328568150458831,5089.37379394117,129.816206737666
2025-05-09,0.096,5275,0.319599887030961,0.327775490610609,5089.37379394117,127.513258255032
2025-05-09,0.096,5280,0.318243820826367,0.326949470787764,5089.37379394117,125.160245583581
2025-05-09,0.096,5290,0.317273234128573,0.325195663341561,5089.37379394117,121.004925477346
2025-05-09,0.096,5300,0.315660617221948,0.323133568623596,5089.37379394117,116.64934893153
2025-05-09,0.096,5310,0.314076782839491,0.321950888343428,5089.37379394117,112.644221050896
2025-05-09,0.096,5320,0.312348819158175,0.320290463156588,5089.37379394117,108.538964996608
2025-05-09,0.096,5325,0.311516329990378,0.319493445591832,5089.37379394117,106.53640102703
2025-05-09,0.096,5330,0.310821595072897,0.318834672822455,5089.37379394117,104.633965281824
2025-05-09,0.096,5340,0.309147578979311,0.317238023586891,5089.37379394117,100.728965630753
2025-05-09,0.096,5350,0.307500147488618,0.315673211322501,5089.37379394117,96.9240941661615
2025-05-09,0.096,5360,0.306060039462487,0.314140900760774,5089.37379394117,93.2694150420921
2025-05-09,0.096,5370,0.304469459103169,0.312641940569405,5089.37379394117,89.664799958589
2025-05-09,0.096,5375,0.303248974984505,0.310380730976738,5089.37379394117,87.36185142453
2025-05-09,0.096,5380,0.302907532192531,0.310628366593424,5089.37379394117,86.0101207883487
2025-05-09,0.096,5390,0.301375301957376,0.308080471174038,5089.37379394117,82.3053775085694
2025-05-09,0.096,5400,0.299874036015039,0.308169189690091,5089.37379394117,79.4016597909422
2025-05-09,0.096,5410,0.298405245872955,0.306623799575918,5089.37379394117,76.1474934085317
2025-05-09,0.096,5420,0.296775583725947,0.305113868113582,5089.37379394117,72.9433911447861
2025-05-09,0.096,5425,0.296094886022452,0.304494068574607,5089.37379394117,71.4414681874309
2025-05-09,0.096,5430,0.295374348522003,0.303836739791778,5089.37379394117,69.9395452518766
2025-05-09,0.096,5440,0.293810242607579,0.302406504658053,5089.37379394117,66.9356993397056
2025-05-09,0.096,5450,0.292485414853886,0.301018303168022,5089.37379394117,64.0820457681363
2025-05-09,0.096,5460,0.290996336577111,0.299470005144629,5089.37379394117,61.2283921302495
2025-05-09,0.096,5470,0.289547321469188,0.298171147466449,5089.37379394117,58.5249308634606
2025-05-09,0.096,5475,0.28886565097016,0.29756703139963,5089.37379394117,57.2232642670492
2025-05-09,0.096,5480,0.288141705702204,0.296923681186569,5089.37379394117,55.9215977510812
2025-05-09,0.096,5490,0.286783290381935,0.295515616332252,5089.37379394117,53.3683287187549
2025-05-09,0.096,5500,0.285476386804305,0.294379412686535,5089.37379394117,50.9652519999652
2025-05-09,0.096,5510,0.284225866222938,0.293083541643435,5089.37379394117,48.6122394048263
2025-05-09,0.096,5520,0.282802218013641,0.291848966468699,5089.37379394117,46.3092908898195
2025-05-09,0.096,5525,0.282141261874903,0.29128529686818,5089.37379394117,45.2078807260219
2025-05-09,0.096,5530,0.28143593927494,0.290681243811155,5089.37379394117,44.1064705420954
2025-05-09,0.096,5540,0.28013312813243,0.289347701934066,5089.37379394117,41.9537143141734
2025-05-09,0.096,5550,0.278900663858517,0.28832775819572,5089.37379394117,39.9511503855416
2025-05-09,0.096,5560,0.277746279049913,0.287145450735619,5089.37379394117,37.9986505509855
2025-05-09,0.096,5570,0.276413476555637,0.28604740235715,5089.37379394117,36.0962148306839
2025-05-09,0.096,5575,0.275810993213707,0.285306107422743,5089.37379394117,35.1449969616776
2025-05-09,0.096,5580,0.275163085049758,0.284780223179787,5089.37379394117,34.2438431965631
2025-05-09,0.096,5590,0.274004949048448,0.283602406877283,5089.37379394117,32.4915997626322
2025-05-09,0.096,5600,0.272662149970486,0.282523728989731,5089.37379394117,30.7894204172962
2025-05-09,0.096,5610,0.271418255894757,0.281555047283159,5089.37379394117,29.1873692823868
2025-05-09,0.096,5620,0.270285948233304,0.280417710479804,5089.37379394117,27.6353822198423
2025-05-09,0.096,5625,0.269804792648742,0.279782369931922,5089.37379394117,26.8844207666735
2025-05-09,0.096,5630,0.26959409590471,0.279399740999797,5089.37379394117,26.2335874790214
2025-05-09,0.096,5640,0.268089644984687,0.278207252583245,5089.37379394117,24.7316645231829
2025-05-09,0.096,5650,0.267038486660581,0.277145154420308,5089.37379394117,23.379933881006
2025-05-09,0.096,5660,0.266144281365109,0.276229266771146,5089.37379394117,22.1283314335263
2025-05-09,0.096,5670,0.265069193144006,0.275140421751463,5089.37379394117,20.8767289738425
2025-05-09,0.096,5675,0.264459367487728,0.274698349409783,5089.37379394117,20.2759597873737
2025-05-09,0.096,5680,0.263798670955158,0.274213692779937,5089.37379394117,19.6751906078869
2025-05-09,0.096,5690,0.26270139630202,0.273469189584779,5089.37379394117,18.5737804323929
2025-05-09,0.096,5700,0.262598756841784,0.272188179103031,5089.37379394117,17.5724984844858
2025-05-09,0.096,5710,0.260715460778633,0.271470493486928,5089.37379394117,16.4710883124855
2025-05-09,0.096,5725,0.25957394699353,0.270078083437494,5089.37379394117,15.0692935580973
2025-05-09,0.096,5730,0.259252532293522,0.268697891321605,5089.37379394117,14.5185884975497
2025-05-09,0.096,5740,0.258016711329323,0.267836739391902,5089.37379394117,13.6174347212788
2025-05-09,0.096,5750,0.257526053780675,0.267239043048005,5089.37379394117,12.8664732467596
2025-05-09,0.096,5760,0.256369911828308,0.266478835280415,5089.37379394117,12.065447672939
2025-05-09,0.096,5770,0.255519041990867,0.265542724689141,5089.37379394117,11.314486200586
2025-05-09,0.096,5775,0.255289799558472,0.265491732740913,5089.37379394117,11.0141016157407
2025-05-09,0.096,5780,0.254472656840474,0.264913165471661,5089.37379394117,10.613588816015
2025-05-09,0.096,5790,0.253785401025344,0.264115890920081,5089.37379394117,9.96275555580402
2025-05-09,0.096,5800,0.253512162769006,0.263673929609515,5089.37379394117,9.41205046978561
2025-05-09,0.096,5810,0.25246807842193,0.263077754231798,5089.37379394117,8.81128129486424
2025-05-09,0.096,5820,0.251857831778745,0.262314161106648,5089.37379394117,8.26057621719757
2025-05-09,0.096,5825,0.252482376406238,0.261864811497682,5089.37379394117,8.060319820073
2025-05-09,0.096,5830,0.25106793795857,0.261973534531599,5089.37379394117,7.75993522295587
2025-05-09,0.096,5850,0.249624756276905,0.260837263947072,5089.37379394117,6.80871735721792
2025-05-09,0.096,5875,0.24771517276097,0.259511542560265,5089.37379394117,5.75737130041387
2025-05-09,0.096,5900,0.246377163009349,0.258704340401079,5089.37379394117,4.90628162824008
2025-05-09,0.096,5950,0.244691582072174,0.258908227721899,5089.37379394117,3.65467917355772
2025-05-09,0.096,6000,0.248892102560798,0.25932674124042,5089.37379394117,2.90371769852421
2025-05-09,0.096,6050,0.243147813477915,0.261628281320622,5089.37379394117,2.10269212462026
2025-05-09,0.096,6100,0.242487184175193,0.265934690421116,5089.37379394117,1.67714728942121
2025-05-09,0.096,6150,0.242786433397925,0.270816739527594,5089.37379394117,1.3767627010471
2025-05-09,0.096,6200,0.241791844916672,0.276757239068418,5089.37379394117,1.15147425905784
2025-05-09,0.096,6250,0.245336989052934,0.28315818594532,5089.37379394117,1.02631401378153
2025-05-09,0.096,6300,0.243899526419472,0.287810198230351,5089.37379394117,0.851089668409692
2025-05-09,0.096,6350,0.24773247091364,0.294377087727039,5089.37379394117,0.775993523692001
2025-05-09,0.096,6400,0.244354453777546,0.300557969191365,5089.37379394117,0.675865326416286
2025-05-09,0.096,6600,NA,0.324806187442282,5089.37379394117,NA
2025-05-09,0.096,6800,NA,0.35054123948257,5089.37379394117,NA
2025-05-09,0.096,7000,NA,0.38381901863043,5089.37379394117,NA
2025-05-09,0.096,7200,NA,0.410877244017168,5089.37379394117,NA
2025-05-09,0.096,7400,NA,0.436420752689767,5089.37379394117,NA
2025-05-12,0.1,2400,0.962172649032593,1.00109343840717,5089.55880945419,2692.32223179042
2025-05-12,0.1,2600,0.912644523505075,0.943039243156438,5089.55880945419,2493.578332853
2025-05-12,0.1,2800,0.867146642868117,0.888743621344638,5089.55880945419,2295.38711838445
2025-05-12,0.1,3000,0.817224733346817,0.834748333891888,5089.55880945419,2097.64810029502
2025-05-12,0.1,3200,0.767682092429377,0.783174876579633,5089.55880945419,1900.6627428475
2025-05-12,0.1,3400,0.718433481108197,0.731134445251803,5089.55880945419,1704.53153411553
2025-05-12,0.1,3600,0.66886988877977,0.680737898676367,5089.55880945419,1509.60618240777
2025-05-12,0.1,3800,0.620448395659995,0.631273484053063,5089.55880945419,1316.38912813928
2025-05-12,0.1,4000,0.573507723623739,0.583631059292688,5089.55880945419,1125.73452005603
2025-05-12,0.1,4200,0.528183542068422,0.538764802062385,5089.55880945419,938.998947255021
2025-05-12,0.1,4400,0.486326472332261,0.496278769300711,5089.55880945419,758.393147659549
2025-05-12,0.1,4600,0.445099075464038,0.456139469920286,5089.55880945419,586.328835280042
2025-05-12,0.1,4700,0.427425309485672,0.436325784126124,5089.55880945419,505.220595252691
2025-05-12,0.1,4800,0.407767484016829,0.416343620623023,5089.55880945419,427.126997760997
2025-05-12,0.1,4900,0.388242487557075,0.396615630621082,5089.55880945419,353.354387976611
2025-05-12,0.1,5000,0.368034534208986,0.377473235153776,5089.55880945419,284.555938340893
2025-05-12,0.1,5100,0.349537577009058,0.357681515330131,5089.55880945419,221.978179730489
2025-05-12,0.1,5200,0.331133254682127,0.339362908586026,5089.55880945419,166.709732987149
2025-05-12,0.1,5300,0.313867429382754,0.322194522474464,5089.55880945419,119.781797282544
2025-05-12,0.1,5400,0.298320562020918,0.306794652448459,5089.55880945419,81.9982773282528
2025-05-12,0.1,5450,0.290941701265867,0.299851848418852,5089.55880945419,66.4728682184169
2025-05-12,0.1,5500,0.284191914421923,0.293272036966961,5089.55880945419,53.1581969747253
2025-05-12,0.1,5550,0.277948126046699,0.287541879539994,5089.55880945419,42.004019514745
2025-05-12,0.1,5575,0.274665443018358,0.284840903938693,5089.55880945419,37.080103363261
2025-05-12,0.1,5600,0.271854174085967,0.281881892175854,5089.55880945419,32.6083836036044
2025-05-12,0.1,5625,0.269072353864424,0.279221586994828,5089.55880945419,28.5888601877407
2025-05-12,0.1,5650,0.266384013400077,0.276669564070206,5089.55880945419,24.9712891198668
2025-05-12,0.1,5675,0.263530135586783,0.274306019879928,5089.55880945419,21.7054263457789
2025-05-12,0.1,5700,0.261298487773345,0.271886381403385,5089.55880945419,18.8415159405492
2025-05-12,0.1,5725,0.258706163610538,0.269847504411686,5089.55880945419,16.279069775466
2025-05-12,0.1,5750,0.256646758377546,0.266698966758685,5089.55880945419,13.9175997676782
2025-05-12,0.1,5800,0.251953576687066,0.263116246666921,5089.55880945419,10.1995406350001
2025-05-12,0.1,5900,0.245168729186167,0.257456427959478,5089.55880945419,5.37611254647159
2025-05-12,0.1,6000,0.241793666234382,0.256480569975912,5089.55880945419,2.93927648646923
2025-05-12,0.1,6100,0.238932710951598,0.262220938045237,5089.55880945419,1.75854148344737
2025-05-12,0.1,6200,0.236956982723628,0.272238919012087,5089.55880945419,1.18073499745363
2025-05-12,0.1,6400,0.239455423459111,0.300010283269014,5089.55880945419,0.778782658811966
2025-05-12,0.1,6600,NA,0.328715751262586,5089.55880945419,NA
2025-05-12,0.1,6800,NA,0.356088909053174,5089.55880945419,NA
2025-05-12,0.1,7000,NA,0.382972877146804,5089.55880945419,NA
2025-05-12,0.1,7200,NA,0.407823173177773,5089.55880945419,NA
2025-05-13,0.104,2200,0.989209309208559,1.04242743634903,5090.00504323765,2891.83938874583
2025-05-13,0.104,2400,0.94831877011486,0.985531083005403,5090.00504323765,2692.86963759217
2025-05-13,0.104,2600,0.90143355004333,0.930262338388023,5090.00504323765,2494.22655070879
2025-05-13,0.104,2800,0.854872335349275,0.875585757767407,5090.00504323765,2296.03576819468
2025-05-13,0.104,3000,0.806328805357303,0.823121833546703,5090.00504323765,2098.39780213182
2025-05-13,0.104,3200,0.757709609044123,0.771472318030163,5090.00504323765,1901.46342065408
2025-05-13,0.104,3400,0.708261087586074,0.721382245412332,5090.00504323765,1705.43364791979
2025-05-13,0.104,3600,0.660209461659808,0.671664871499675,5090.00504323765,1510.66027620608
2025-05-13,0.104,3800,0.612862963919918,0.623324979990773,5090.00504323765,1317.64586595146
2025-05-13,0.104,4000,0.566309708686935,0.576532083817812,5090.00504323765,1127.1442577665
2025-05-13,0.104,4200,0.522045743149839,0.532644328217516,5090.00504323765,940.713388922317
2025-05-13,0.104,4400,0.480973805410634,0.490922135381473,5090.00504323765,760.413757087123
2025-05-13,0.104,4500,0.461600800358497,0.470989524351146,5090.00504323765,673.480327841401
2025-05-13,0.104,4600,0.44234216390131,0.451251054641934,5090.00504323765,589.059700680079
2025-05-13,0.104,4700,0.423195842181756,0.432089359697057,5090.00504323765,507.75494801127
2025-05-13,0.104,4800,0.404000767326133,0.412572281807493,5090.00504323765,429.867606186734
2025-05-13,0.104,4900,0.384969856264177,0.393339679890802,5090.00504323765,356.302283903115
2025-05-13,0.104,5000,0.366114302183565,0.374272131617396,5090.00504323765,287.812821853624
2025-05-13,0.104,5100,0.347240346187512,0.355535096628993,5090.00504323765,225.247577132317
2025-05-13,0.104,5200,0.328341331647917,0.337338396662965,5090.00504323765,169.563883365731
2025-05-13,0.104,5250,0.320446763386306,0.3286680548866,5090.00504323765,145.139447314081
2025-05-13,0.104,5300,0.311969643832091,0.320279295725804,5090.00504323765,122.574484731167
2025-05-13,0.104,5325,0.308126484766547,0.316267234762994,5090.00504323765,112.221740234851
2025-05-13,0.104,5350,0.303759969562281,0.312428842322803,5090.00504323765,102.271044070344
2025-05-13,0.104,5375,0.300398090791212,0.30876990672055,5090.00504323765,93.174700576292
2025-05-13,0.104,5400,0.296681163041912,0.305123440363419,5090.00504323765,84.4804054053022
2025-05-13,0.104,5425,0.292949441379033,0.301490845764998,5090.00504323765,76.2886707162424
2025-05-13,0.104,5450,0.289399095660673,0.298068031867546,5090.00504323765,68.7000084602653
2025-05-13,0.104,5500,0.282766543556902,0.29157586732867,5090.00504323765,55.1811333270116
2025-05-13,0.104,5600,0.270459565533181,0.280380948267401,5090.00504323765,34.1741080931564
2025-05-13,0.104,5700,0.259752407025276,0.27056130510298,5090.00504323765,19.9516483924538
2025-05-13,0.104,5800,0.25125300092185,0.261759119336669,5090.00504323765,11.0060730368613
2025-05-13,0.104,5900,0.243715389394557,0.255958872318967,5090.00504323765,5.82970079313601
2025-05-13,0.104,6000,0.245580307552928,0.25357106193693,5090.00504323765,3.3671547692559
2025-05-13,0.104,6200,0.234429125437031,0.267809787789708,5090.00504323765,1.23127301119822
2025-05-13,0.104,6400,0.234727034282851,0.290145665227793,5090.00504323765,0.703584578025911
2025-05-13,0.104,6600,NA,0.322243162396633,5090.00504323765,NA
2025-05-13,0.104,6800,NA,0.349087236996741,5090.00504323765,NA
2025-05-13,0.104,7000,NA,0.375451145542523,5090.00504323765,NA
2025-05-15,0.112,2400,0.917971506441843,0.95294799133578,5089.33063694789,2692.29235689668
2025-05-15,0.112,2600,0.874301911408418,0.901201104879912,5089.33063694789,2493.74811754851
2025-05-15,0.112,2800,0.829711708521089,0.850860640512652,5089.33063694789,2295.70586463349
2025-05-15,0.112,3000,0.782742115717469,0.799814096409279,5089.33063694789,2098.16559815082
2025-05-15,0.112,3200,0.736573167980034,0.750461582230582,5089.33063694789,1901.42850995605
2025-05-15,0.112,3400,0.689005141632493,0.701279246006598,5089.33063694789,1705.54479870921
2025-05-15,0.112,3600,0.642407241705667,0.653779236911544,5089.33063694789,1511.01645080873
2025-05-15,0.112,3800,0.596304475787651,0.607134938785089,5089.33063694789,1318.24505543092
2025-05-15,0.112,4000,0.551667378334865,0.561705151652654,5089.33063694789,1128.08398949004
2025-05-15,0.112,4200,0.509172573096614,0.519216012930194,5089.33063694789,942.089410966293
2025-05-15,0.112,4400,0.470409125286805,0.479139357944116,5089.33063694789,762.520258741386
2025-05-15,0.112,4500,0.451613997015543,0.460123571269735,5089.33063694789,675.923296471463
2025-05-15,0.112,4600,0.432723938452176,0.441036192082813,5089.33063694789,591.735869076711
2025-05-15,0.112,4700,0.414171387842905,0.422324112028316,5089.33063694789,510.660757543373
2025-05-15,0.112,4800,0.395098114991567,0.403489915648165,5089.33063694789,432.898756509011
2025-05-15,0.112,4900,0.376612486894201,0.384971435874575,5089.33063694789,359.554236061161
2025-05-15,0.112,5000,0.35822917229417,0.366380189539925,5089.33063694789,291.129182633046
2025-05-15,0.112,5100,0.340808808274418,0.347906570556121,5089.33063694789,228.805415744099
2025-05-15,0.112,5200,0.322382242180908,0.330591434927843,5089.33063694789,173.135120368463
2025-05-15,0.112,5300,0.305814328918667,0.314421370445865,5089.33063694789,125.847998499418
2025-05-15,0.112,5400,0.291603977408836,0.300021931931635,5089.33063694789,87.6970296628148
2025-05-15,0.112,5450,0.284991167306378,0.293254346349137,5089.33063694789,71.8342584097726
2025-05-15,0.112,5500,0.278726301646099,0.287482863374671,5089.33063694789,58.2304261406999
2025-05-15,0.112,5525,0.275711122255343,0.284876685788567,5089.33063694789,52.2065889044663
2025-05-15,0.112,5550,0.273040745111711,0.282231263869879,5089.33063694789,46.6847381619689
2025-05-15,0.112,5575,0.270332150564153,0.276827228687496,5089.33063694789,40.9620928546867
2025-05-15,0.112,5600,0.267612074701,0.277385988471816,5089.33063694789,36.9462013943913
2025-05-15,0.112,5625,0.26491728715613,0.275050770021086,5089.33063694789,32.6793167488433
2025-05-15,0.112,5650,0.26258319313189,0.272569611140129,5089.33063694789,28.81402118589
2025-05-15,0.112,5700,0.257920039609521,0.268162395247603,5089.33063694789,22.1878002925414
2025-05-15,0.112,5800,0.249588541362033,0.259910417978147,5089.33063694789,12.5998594409068
2025-05-15,0.112,5900,0.241854716611935,0.253316028999658,5089.33063694789,6.77681682991113
2025-05-15,0.112,6000,0.236178855436587,0.249422362564663,5089.33063694789,3.58920298888928
2025-05-15,0.112,6100,0.231365544047919,0.251345019812277,5089.33063694789,2.00794572505859
2025-05-15,0.112,6200,0.227970887815395,0.259971700895305,5089.33063694789,1.30516472246026
2025-05-15,0.112,6400,0.218817958400491,0.28350178896911,5089.33063694789,0.752979647033288
2025-05-15,0.112,6600,NA,0.30912091361329,5089.33063694789,NA
2025-05-15,0.112,6800,0.270966545819621,0.336486283509886,5089.33063694789,0.577284395775317
2025-05-15,0.112,7000,NA,0.361887124332472,5089.33063694789,NA
2025-05-15,0.112,7200,NA,0.385366629366867,5089.33063694789,NA
2025-05-16,0.116,200,NA,2.72085494609204,5089.95080136213,NA
2025-05-16,0.116,400,NA,2.41988538095333,5089.95080136213,NA
2025-05-16,0.116,600,1.69814461552167,2.08609419715414,5089.95080136213,4490.18096359367
2025-05-16,0.116,800,1.46886872085252,1.82088690941776,5089.95080136213,4290.20653717497
2025-05-16,0.116,1000,1.38834471117178,1.50579596987281,5089.95080136213,4090.10424284976
2025-05-16,0.116,1200,1.29807383303676,1.379968625565,5089.95080136213,3890.19375038433
2025-05-16,0.116,1400,1.12812633307617,1.29353473400964,5089.95080136213,3690.28325791876
2025-05-16,0.116,1600,0.966682990855881,1.19372022543469,5089.95080136213,3490.34719187216
2025-05-16,0.116,1800,1.00866102236874,1.10524642646651,5089.95080136213,3290.61571447573
2025-05-16,0.116,2000,0.98453757616801,1.05357649344875,5089.95080136213,3091.19112005412
2025-05-16,0.116,2100,0.967279972118664,1.02065199071033,5089.95080136213,2991.51078982095
2025-05-16,0.116,2200,0.948697947332694,0.991539775149294,5089.95080136213,2891.91996712081
2025-05-16,0.116,2300,0.931258455839008,0.966637300461409,5089.95080136213,2792.4697991179
2025-05-16,0.116,2400,0.909405259317238,0.940420994320094,5089.95080136213,2693.05799148831
2025-05-16,0.116,2500,0.894845079474282,0.914717462601305,5089.95080136213,2593.86355929736
2025-05-16,0.116,2600,0.866979750590343,0.89036634426535,5089.95080136213,2494.60519315616
2025-05-16,0.116,2700,0.845888907661584,0.865570114856777,5089.95080136213,2395.57698924305
2025-05-16,0.116,2800,0.822564821156363,0.840308057395952,5089.95080136213,2296.62550607449
2025-05-16,0.116,2900,0.800153269247997,0.816890099832535,5089.95080136213,2197.90418513997
2025-05-16,0.116,3000,0.77659946169789,0.791097830534684,5089.95080136213,2099.23401136851
2025-05-16,0.116,3050,0.765288540007111,0.779394384463905,5089.95080136213,2050.02679238659
2025-05-16,0.116,3100,0.753336838553576,0.767091151375568,5089.95080136213,2000.81957340808
2025-05-16,0.116,3150,0.741991542183126,0.754815273850592,5089.95080136213,1951.68907517294
2025-05-16,0.116,3200,0.730027400879339,0.742535255723657,5089.95080136213,1902.58415051514
2025-05-16,0.116,3250,0.718533545607034,0.73069903899697,5089.95080136213,1853.58152018843
2025-05-16,0.116,3300,0.70691957984507,0.718307517110637,5089.95080136213,1804.60446344338
2025-05-16,0.116,3350,0.695173853039075,0.706265137580145,5089.95080136213,1755.70412742398
2025-05-16,0.116,3400,0.683696207290662,0.694479929245349,5089.95080136213,1706.90608574537
2025-05-16,0.116,3450,0.672018706266101,0.682872941417775,5089.95080136213,1658.18476481394
2025-05-16,0.116,3500,0.660500545802905,0.67103332885615,5089.95080136213,1609.54016462358
2025-05-16,0.116,3525,0.654866980787802,0.665069557455935,5089.95080136213,1585.25622489325
2025-05-16,0.116,3550,0.649075631829705,0.659289240159253,5089.95080136213,1560.99785875238
2025-05-16,0.116,3575,0.643135869488906,0.653357837748233,5089.95080136213,1536.73949261944
2025-05-16,0.116,3600,0.637687804576617,0.647587579026395,5089.95080136213,1512.55784721554
2025-05-16,0.116,3625,0.63176332131025,0.641664567104177,5089.95080136213,1488.35062823774
2025-05-16,0.116,3650,0.625993118904324,0.635882833760624,5089.95080136213,1464.19455642419
2025-05-16,0.116,3675,0.62064497297172,0.630224563085923,5089.95080136213,1440.11520534986
2025-05-16,0.116,3700,0.614839733191903,0.624404604916968,5089.95080136213,1416.01028069501
2025-05-16,0.116,3725,0.609421616557711,0.618692146547936,5089.95080136213,1391.98207677248
2025-05-16,0.116,3750,0.603565664954035,0.613324542521884,5089.95080136213,1367.97944644853
2025-05-16,0.116,3775,0.598065135876255,0.607529915308324,5089.95080136213,1344.00238969075
2025-05-16,0.116,3800,0.592390688856028,0.601577067448795,5089.95080136213,1320.02533294785
2025-05-16,0.116,3825,0.587027723398475,0.595935839104094,5089.95080136213,1296.15057051415
2025-05-16,0.116,3850,0.581479770356562,0.590124752946815,5089.95080136213,1272.2758080999
2025-05-16,0.116,3875,0.575756281199229,0.584151897659038,5089.95080136213,1248.40104567817
2025-05-16,0.116,3900,0.570300569692045,0.579082463394647,5089.95080136213,1224.70529832954
2025-05-16,0.116,3925,0.56487118245399,0.572984128542567,5089.95080136213,1200.93283022688
2025-05-16,0.116,3950,0.55925384049606,0.567731956274391,5089.95080136213,1177.28823003116
2025-05-16,0.116,3975,0.553854461053435,0.56208508222314,5089.95080136213,1153.66920341245
2025-05-16,0.116,4000,0.548453753894065,0.556633485706544,5089.95080136213,1130.12689754983
2025-05-16,0.116,4025,0.543043794772512,0.55135288277951,5089.95080136213,1106.66131242951
2025-05-16,0.116,4050,0.537798573517683,0.546397469464813,5089.95080136213,1083.32359522541
2025-05-16,0.116,4075,0.532519190041145,0.540354307326206,5089.95080136213,1059.88358367499
2025-05-16,0.116,4100,0.527370614749227,0.535480696147773,5089.95080136213,1036.69930794696
2025-05-16,0.116,4125,0.522166560134983,0.530044948122052,5089.95080136213,1013.48945862732
2025-05-16,0.116,4150,0.517063434985417,0.52503213608741,5089.95080136213,990.433050802887
2025-05-16,0.116,4175,0.510790490101804,0.52009071181986,5089.95080136213,967.274348662318
2025-05-16,0.116,4200,0.50571977730614,0.514906869961387,5089.95080136213,944.345808729791
2025-05-16,0.116,4225,0.500706241313715,0.510069958131083,5089.95080136213,921.570710335164
2025-05-16,0.116,4250,0.495734567543423,0.505259502119221,5089.95080136213,898.89790619766
2025-05-16,0.116,4275,0.490930063701447,0.500052125884807,5089.95080136213,876.276249284918
2025-05-16,0.116,4300,0.485996243246161,0.49526803255913,5089.95080136213,853.80803382737
2025-05-16,0.116,4325,0.480800348472862,0.490085102669184,5089.95080136213,831.314244789268
2025-05-16,0.116,4350,0.476378979824143,0.485406502870877,5089.95080136213,809.178485878238
2025-05-16,0.116,4375,0.471658828341574,0.480444534354927,5089.95080136213,787.042726979043
2025-05-16,0.116,4400,0.466408517408875,0.475568062706518,5089.95080136213,764.932541665142
2025-05-16,0.116,4425,0.461839899094114,0.470408979185576,5089.95080136213,743.026945014463
2025-05-16,0.116,4440,0.457180160033135,0.468283064424033,5089.95080136213,729.740374944823
2025-05-16,0.116,4450,0.457426491652697,0.465885150210696,5089.95080136213,721.428231337882
2025-05-16,0.116,4460,0.453472640388068,0.464122938014814,5089.95080136213,712.348880246618
2025-05-16,0.116,4470,0.451769897504149,0.462531428806747,5089.95080136213,703.832147981289
2025-05-16,0.116,4475,0.452918795513116,0.460939968784153,5089.95080136213,699.855091197674
2025-05-16,0.116,4480,0.450013297545414,0.460443999495409,5089.95080136213,695.213121370011
2025-05-16,0.116,4490,0.44798224395438,0.458746692042866,5089.95080136213,686.645241907806
2025-05-16,0.116,4500,0.44831051944586,0.456347586464229,5089.95080136213,678.486539759665
2025-05-16,0.116,4510,0.444427945790325,0.454763159673304,5089.95080136213,669.560630171566
2025-05-16,0.116,4520,0.442677946580337,0.453121722698569,5089.95080136213,661.146192202883
2025-05-16,0.116,4525,0.443701985373148,0.451436938624272,5089.95080136213,657.194709055385
2025-05-16,0.116,4530,0.440873257780462,0.450795075034871,5089.95080136213,652.578312763216
2025-05-16,0.116,4540,0.439224944152667,0.449048092000352,5089.95080136213,644.215021966117
2025-05-16,0.116,4550,0.439287063659432,0.446731724973724,5089.95080136213,636.158614150286
2025-05-16,0.116,4560,0.435550412971827,0.445593852368849,5089.95080136213,627.488440346949
2025-05-16,0.116,4570,0.433938074734379,0.443278392508616,5089.95080136213,619.074002413743
2025-05-16,0.116,4575,0.434936199913108,0.441801797592319,5089.95080136213,615.250387163438
2025-05-16,0.116,4580,0.432064175424967,0.441717535163748,5089.95080136213,610.813005933001
2025-05-16,0.116,4590,0.430135521915164,0.439898559293501,5089.95080136213,602.500862291017
2025-05-16,0.116,4600,0.431026204919555,0.437729363789129,5089.95080136213,594.853631777697
2025-05-16,0.116,4610,0.4292578119432,0.435802400484281,5089.95080136213,586.618208911409
2025-05-16,0.116,4620,0.427431534503968,0.434013840154129,5089.95080136213,578.433933178652
2025-05-16,0.116,4625,0.426545215182397,0.432809762010213,5089.95080136213,574.277861356538
2025-05-16,0.116,4630,0.425644207012075,0.431785193382169,5089.95080136213,570.172936670707
2025-05-16,0.116,4640,0.42389379700152,0.430170023633056,5089.95080136213,562.116528867217
2025-05-16,0.116,4650,0.421989260380825,0.42830543245622,5089.95080136213,553.983400292166
2025-05-16,0.116,4660,0.419652342120878,0.426383250474158,5089.95080136213,545.747977387878
2025-05-16,0.116,4670,0.416148144163686,0.425050846411321,5089.95080136213,537.384686623318
2025-05-16,0.116,4675,0.416977783629924,0.423991239099714,5089.95080136213,533.816807150826
2025-05-16,0.116,4680,0.416117346781335,0.422642926010034,5089.95080136213,529.711882520907
2025-05-16,0.116,4690,0.414167001168059,0.421093818172559,5089.95080136213,521.783342585101
2025-05-16,0.116,4700,0.412882804544471,0.419299622176678,5089.95080136213,514.008244163232
2025-05-16,0.116,4710,0.410629617859228,0.41717578033546,5089.95080136213,505.900689174313
2025-05-16,0.116,4720,0.408856277086175,0.415527824539261,5089.95080136213,498.100017164635
2025-05-16,0.116,4725,0.407945818465547,0.414502757799158,5089.95080136213,494.148533996276
2025-05-16,0.116,4730,0.405780688475252,0.413727165892308,5089.95080136213,489.91574141776
2025-05-16,0.116,4740,0.405295469413882,0.411951094597882,5089.95080136213,482.524246742203
2025-05-16,0.116,4750,0.40394147481994,0.410024547768847,5089.95080136213,474.877016175807
2025-05-16,0.116,4760,0.401565496891213,0.40829422740486,5089.95080136213,467.02519701347
2025-05-16,0.116,4770,0.399904853134607,0.40649836274086,5089.95080136213,459.403540110907
2025-05-16,0.116,4775,0.39909176487123,0.405575967329689,5089.95080136213,455.6054984133
2025-05-16,0.116,4780,0.398176281474273,0.404807057516792,5089.95080136213,451.833030314376
2025-05-16,0.116,4790,0.396380186890013,0.402964239352078,5089.95080136213,444.236946949891
2025-05-16,0.116,4800,0.395104528166127,0.401055676507478,5089.95080136213,436.819878655938
2025-05-16,0.116,4810,0.39292022922894,0.399497319909241,5089.95080136213,429.274942471278
2025-05-16,0.116,4820,0.391003925493034,0.397620406461628,5089.95080136213,421.755579829767
2025-05-16,0.116,4825,0.390185510501088,0.396615554223527,5089.95080136213,418.034258907292
2025-05-16,0.116,4830,0.389431410172319,0.395922447083283,5089.95080136213,414.440805884429
2025-05-16,0.116,4840,0.387540955003433,0.394072760560101,5089.95080136213,407.023737568368
2025-05-16,0.116,4850,0.386312194482983,0.392235171917163,5089.95080136213,399.862405080323
2025-05-16,0.116,4860,0.384198006527847,0.390569498873135,5089.95080136213,392.522057575211
2025-05-16,0.116,4870,0.382416943198902,0.388831308542354,5089.95080136213,385.309577916283
2025-05-16,0.116,4875,0.381579108821603,0.388134770642576,5089.95080136213,381.792845643143
2025-05-16,0.116,4880,0.380722617433789,0.387180077837633,5089.95080136213,378.199392639382
2025-05-16,0.116,4890,0.378953733184776,0.385454845987363,5089.95080136213,371.089207332695
2025-05-16,0.116,4900,0.376321151439527,0.383498112665379,5089.95080136213,363.672139016057
2025-05-16,0.116,4910,0.375271062535671,0.381861147639713,5089.95080136213,356.91998384672
2025-05-16,0.116,4920,0.373434524541013,0.380225949362075,5089.95080136213,349.963240017892
2025-05-16,0.116,4925,0.372877266223305,0.37926274077634,5089.95080136213,346.574375611973
2025-05-16,0.116,4930,0.371677248500295,0.378513783676489,5089.95080136213,343.05764334132
2025-05-16,0.116,4940,0.369610072399052,0.376956517744299,5089.95080136213,336.152046669225
2025-05-16,0.116,4950,0.36862236741026,0.374858407618221,5089.95080136213,329.476612267179
2025-05-16,0.116,4960,0.366704967769619,0.373221465439062,5089.95080136213,322.698883482513
2025-05-16,0.116,4970,0.364785004663591,0.372038890660279,5089.95080136213,316.125743386434
2025-05-16,0.116,4975,0.364557390153953,0.370349378377686,5089.95080136213,312.736879023512
2025-05-16,0.116,4980,0.363089493790502,0.370239831559848,5089.95080136213,309.475882543559
2025-05-16,0.116,4985,0.362134861521526,0.368968605058303,5089.95080136213,306.010297428192
2025-05-16,0.116,4990,0.361311459442712,0.368360477756051,5089.95080136213,302.826021656648
2025-05-16,0.116,4995,0.360467083106403,0.367504057672623,5089.95080136213,299.56502519231
2025-05-16,0.116,5000,0.360281671333714,0.366173867829207,5089.95080136213,296.380749456748
2025-05-16,0.116,5005,0.358715258067611,0.365880224586297,5089.95080136213,293.094179402231
2025-05-16,0.116,5010,0.358485538623435,0.364585191296958,5089.95080136213,289.935477307554
2025-05-16,0.116,5015,0.356352602417276,0.363796830084494,5089.95080136213,286.316450608274
2025-05-16,0.116,5020,0.355478533043463,0.362912151200327,5089.95080136213,283.106601365693
2025-05-16,0.116,5025,0.3559327352796,0.361481539026478,5089.95080136213,280.178061395311
2025-05-16,0.116,5030,0.354264852672764,0.361678549112161,5089.95080136213,277.096080007386
2025-05-16,0.116,5035,0.352278071246544,0.36080448977917,5089.95080136213,273.553774139671
2025-05-16,0.116,5040,0.351990346849635,0.360058404499789,5089.95080136213,270.650807784898
2025-05-16,0.116,5045,0.350933003524999,0.358693534240963,5089.95080136213,267.28751703348
2025-05-16,0.116,5050,0.351642899646399,0.358426143380721,5089.95080136213,264.921595914227
2025-05-16,0.116,5055,0.350018843624732,0.359476155304945,5089.95080136213,262.223218175597
2025-05-16,0.116,5060,0.348448272876449,0.358715153002783,5089.95080136213,258.936648136517
2025-05-16,0.116,5065,0.347228078486417,0.357932052889751,5089.95080136213,255.777946028834
2025-05-16,0.116,5070,0.348288172123031,0.355418439745375,5089.95080136213,252.823832524701
2025-05-16,0.116,5075,0.34761559002266,0.354221075127549,5089.95080136213,249.741851112275
2025-05-16,0.116,5080,0.34521406620675,0.355301107361851,5089.95080136213,246.864458358671
2025-05-16,0.116,5085,0.343755013042184,0.354725467064828,5089.95080136213,243.756903388016
2025-05-16,0.116,5090,0.344493004837353,0.352271945181272,5089.95080136213,240.775267750378
2025-05-16,0.116,5095,0.34333977006661,0.351115075196586,5089.95080136213,237.60414366472
2025-05-16,0.116,5100,0.343643723486978,0.349861536402481,5089.95080136213,234.918917638744
2025-05-16,0.116,5105,0.341333514103279,0.349029220111437,5089.95080136213,231.492057744387
2025-05-16,0.116,5110,0.340405948833184,0.348469618935378,5089.95080136213,228.653390238591
2025-05-16,0.116,5115,0.339528487553451,0.347368813260011,5089.95080136213,225.66128121805
2025-05-16,0.116,5120,0.338700955786614,0.346096707386228,5089.95080136213,222.643598664857
2025-05-16,0.116,5125,0.337775290560091,0.3456885050638,5089.95080136213,219.907225449938
2025-05-16,0.116,5130,0.336603418569439,0.34473886701213,5089.95080136213,216.91511641437
2025-05-16,0.116,5135,0.335702868056851,0.343691376352737,5089.95080136213,213.999728188708
2025-05-16,0.116,5140,0.334777653357624,0.342693780281646,5089.95080136213,211.109913477947
2025-05-16,0.116,5145,0.333827599266697,0.341967933514926,5089.95080136213,208.322393096052
2025-05-16,0.116,5150,0.332852518209885,0.340773709200407,5089.95080136213,205.3814312907
2025-05-16,0.116,5155,0.332148491312454,0.340147178090966,5089.95080136213,202.747352403008
2025-05-16,0.116,5160,0.331122906378651,0.33905169550619,5089.95080136213,199.85753772831
2025-05-16,0.116,5165,0.330294153851646,0.338153575454483,5089.95080136213,197.121164495493
2025-05-16,0.116,5170,0.329291420954478,0.337601380621199,5089.95080136213,194.461512068083
2025-05-16,0.116,5175,0.328039880283854,0.336282175436512,5089.95080136213,191.469403062841
2025-05-16,0.116,5180,0.327059050201892,0.335754279245757,5089.95080136213,188.860897748669
2025-05-16,0.116,5185,0.326647132775506,0.334904106736093,5089.95080136213,186.354686834688
2025-05-16,0.116,5190,0.325762916787762,0.334028410603676,5089.95080136213,183.69503435494
2025-05-16,0.116,5195,0.324553891429225,0.333126979700217,5089.95080136213,180.933087545334
2025-05-16,0.116,5200,0.323914739880265,0.331826547068251,5089.95080136213,178.24786151487
2025-05-16,0.116,5205,0.322800730379096,0.330947190110521,5089.95080136213,175.562635471401
2025-05-16,0.116,5210,0.321958532464497,0.33004154875591,5089.95080136213,172.979703777723
2025-05-16,0.116,5215,0.321239205828914,0.329334113217856,5089.95080136213,170.524639973352
2025-05-16,0.116,5220,0.320342750225272,0.328525545943502,5089.95080136213,167.992855443761
2025-05-16,0.116,5225,0.319343397883531,0.327464972821281,5089.95080136213,165.358776553123
2025-05-16,0.116,5230,0.318541993934967,0.326828483545212,5089.95080136213,162.954859943746
2025-05-16,0.116,5235,0.31771291398987,0.326014890039338,5089.95080136213,160.499796114521
2025-05-16,0.116,5240,0.316780187737521,0.325098678027986,5089.95080136213,157.993585157582
2025-05-16,0.116,5245,0.315743023117174,0.324230537249956,5089.95080136213,155.487374181778
2025-05-16,0.116,5250,0.315056717687628,0.323031277390691,5089.95080136213,153.006736808381
2025-05-16,0.116,5255,0.313961528906019,0.322487096588161,5089.95080136213,150.628393745233
2025-05-16,0.116,5260,0.313294685207899,0.321077990253271,5089.95080136213,148.122182779219
2025-05-16,0.116,5265,0.312369988411334,0.32017289299477,5089.95080136213,145.718266122925
2025-05-16,0.116,5270,0.311338884663681,0.319392379775708,5089.95080136213,143.339923076239
2025-05-16,0.116,5275,0.310585413850764,0.318276473286871,5089.95080136213,140.961580060782
2025-05-16,0.116,5280,0.309802874277507,0.31782353837703,5089.95080136213,138.813399209628
2025-05-16,0.116,5285,0.308758502384586,0.316880528431709,5089.95080136213,136.43505614838
2025-05-16,0.116,5290,0.307916039043053,0.316062803200544,5089.95080136213,134.184580961869
2025-05-16,0.116,5295,0.30727728956351,0.315215987963243,5089.95080136213,132.010826600484
2025-05-16,0.116,5300,0.306531270640863,0.314417655487427,5089.95080136213,129.837072173596
2025-05-16,0.116,5305,0.305598330038803,0.313589983585646,5089.95080136213,127.612170606454
2025-05-16,0.116,5310,0.304633934598861,0.313046428078914,5089.95080136213,125.48956334692
2025-05-16,0.116,5315,0.303953954595826,0.312238747743793,5089.95080136213,123.392529704244
2025-05-16,0.116,5320,0.303085201473203,0.311480144179337,5089.95080136213,121.269922407371
2025-05-16,0.116,5325,0.30250360289449,0.310612474301284,5089.95080136213,119.224035928602
2025-05-16,0.116,5330,0.301412304421899,0.309873250686491,5089.95080136213,117.075855092432
2025-05-16,0.116,5335,0.300849621295714,0.309183974192412,5089.95080136213,115.132262924766
2025-05-16,0.116,5340,0.300176527258964,0.308224208444301,5089.95080136213,113.086376448829
2025-05-16,0.116,5345,0.299472639186805,0.307393443387419,5089.95080136213,111.091637099565
2025-05-16,0.116,5350,0.298737513245821,0.306531361735852,5089.95080136213,109.09689775529
2025-05-16,0.116,5355,0.297888860392664,0.306043979386765,5089.95080136213,107.204452763961
2025-05-16,0.116,5360,0.297089417314678,0.305282981159139,5089.95080136213,105.260860586851
2025-05-16,0.116,5365,0.296339851508213,0.304408674734627,5089.95080136213,103.31726835319
2025-05-16,0.116,5370,0.295640874416404,0.303584259551474,5089.95080136213,101.424823342358
2025-05-16,0.116,5375,0.294826277555976,0.302976109693754,5089.95080136213,99.583525533887
2025-05-16,0.116,5380,0.294229915331667,0.30225436976855,5089.95080136213,97.7933747951992
2025-05-16,0.116,5385,0.293686523533981,0.301500993106525,5089.95080136213,96.0287977294898
2025-05-16,0.116,5390,0.293027328176985,0.300631311280673,5089.95080136213,94.2130734589399
2025-05-16,0.116,5395,0.29225039807601,0.300235575729539,5089.95080136213,92.5252171032236
2025-05-16,0.116,5400,0.291611163581133,0.299896159582798,5089.95080136213,90.9140814926674
2025-05-16,0.116,5405,0.290421169944928,0.299015682127595,5089.95080136213,88.9960628430146
2025-05-16,0.116,5410,0.290234520095291,0.29801478568213,5089.95080136213,87.3593536549002
2025-05-16,0.116,5415,0.28905866553648,0.297670067254038,5089.95080136213,85.6459236897718
2025-05-16,0.116,5420,0.288458943711502,0.296948784258972,5089.95080136213,84.0092144936829
2025-05-16,0.116,5425,0.288003616757837,0.296019233525564,5089.95080136213,82.372505287496
2025-05-16,0.116,5430,0.287517222047236,0.295494457410952,5089.95080136213,80.8636639966321
2025-05-16,0.116,5435,0.286819729105262,0.294938682952041,5089.95080136213,79.3036755499078
2025-05-16,0.116,5440,0.285906767991771,0.293904951419536,5089.95080136213,77.5646720013187
2025-05-16,0.116,5445,0.285320167192198,0.29382187409894,5089.95080136213,76.2092722261839
2025-05-16,0.116,5450,0.284333070473463,0.293260917266459,5089.95080136213,74.6237101876845
2025-05-16,0.116,5455,0.28395353949857,0.292303624325302,5089.95080136213,73.1148688646265
2025-05-16,0.116,5460,0.283077554947193,0.291950720299375,5089.95080136213,71.6571747437885
2025-05-16,0.116,5465,0.282820181770914,0.291198919609769,5089.95080136213,70.2762013750419
2025-05-16,0.116,5470,0.282250002225599,0.290225588711801,5089.95080136213,68.7673600761441
2025-05-16,0.116,5475,0.281169017422926,0.290151365940584,5089.95080136213,67.3863866570464
2025-05-16,0.116,5480,0.281006829779345,0.289295834542618,5089.95080136213,66.0565604226131
2025-05-16,0.116,5485,0.280138515105928,0.288783662278343,5089.95080136213,64.6500134931
2025-05-16,0.116,5490,0.279523807282092,0.288047228265699,5089.95080136213,63.2690400839747
2025-05-16,0.116,5495,0.278972181719731,0.287564976776402,5089.95080136213,61.9903610118954
2025-05-16,0.116,5500,0.278286485578875,0.286953072670072,5089.95080136213,60.6605347936767
2025-05-16,0.116,5505,0.277563594597176,0.286405111279966,5089.95080136213,59.3562821500852
2025-05-16,0.116,5510,0.276903917571787,0.285724489828508,5089.95080136213,58.0520295231496
2025-05-16,0.116,5515,0.276411615947756,0.2851079678174,5089.95080136213,56.8244976200479
2025-05-16,0.116,5520,0.275885101315833,0.284557356086973,5089.95080136213,55.6225392868606
2025-05-16,0.116,5525,0.275323589473304,0.283972730709892,5089.95080136213,54.4205809420348
2025-05-16,0.116,5530,0.274726245140237,0.283456053027143,5089.95080136213,53.2441962389126
2025-05-16,0.116,5535,0.274304605870325,0.28300931723319,5089.95080136213,52.1445322067229
2025-05-16,0.116,5540,0.273527764827071,0.282425435167939,5089.95080136213,50.9425739166988
2025-05-16,0.116,5545,0.273035315064543,0.281911893131884,5089.95080136213,49.8429099356202
2025-05-16,0.116,5550,0.272288674193039,0.281364284771241,5089.95080136213,48.692098743048
2025-05-16,0.116,5555,0.271722779459163,0.280889425945918,5089.95080136213,47.6180083409536
2025-05-16,0.116,5560,0.271231756075366,0.280489614112291,5089.95080136213,46.5950651026286
2025-05-16,0.116,5565,0.270818213345568,0.279947858386434,5089.95080136213,45.5721218354133
2025-05-16,0.116,5570,0.27025632897401,0.279481728236422,5089.95080136213,44.5491785940081
2025-05-16,0.116,5575,0.269541353652119,0.278869845666927,5089.95080136213,43.4750881952153
2025-05-16,0.116,5580,0.268668006489858,0.278560340108823,5089.95080136213,42.4521449227219
2025-05-16,0.116,5585,0.268223166228383,0.27810575952289,5089.95080136213,41.5059224376786
2025-05-16,0.116,5590,0.267623136193841,0.277617254639062,5089.95080136213,40.5341263137332
2025-05-16,0.116,5595,0.266983870557866,0.276860443725042,5089.95080136213,39.5111830645306
2025-05-16,0.116,5600,0.266426987388533,0.274521055859562,5089.95080136213,38.1813568539067
2025-05-16,0.116,5605,0.265955817764759,0.276177984075652,5089.95080136213,37.7466059455214
2025-05-16,0.116,5610,0.26532216756735,0.275909239305217,5089.95080136213,36.8771041908336
2025-05-16,0.116,5615,0.264775048878655,0.275366321317891,5089.95080136213,35.9820288588959
2025-05-16,0.116,5620,0.26444715188249,0.27441626460762,5089.95080136213,35.0613799201902
2025-05-16,0.116,5625,0.263824413147677,0.274169212231697,5089.95080136213,34.2430253103852
2025-05-16,0.116,5630,0.263425259497176,0.273891918793142,5089.95080136213,33.4758178974208
2025-05-16,0.116,5635,0.26272218953369,0.273583668192207,5089.95080136213,32.6574633082596
2025-05-16,0.116,5640,0.262247303932843,0.27272641530267,5089.95080136213,31.7879615433154
2025-05-16,0.116,5645,0.261734531111027,0.272740459647095,5089.95080136213,31.0974748477022
2025-05-16,0.116,5650,0.261322476023522,0.27180282677997,5089.95080136213,30.2535466508398
2025-05-16,0.116,5655,0.260873956455801,0.271622895695113,5089.95080136213,29.5630599715814
2025-05-16,0.116,5660,0.260244058469734,0.271278118040726,5089.95080136213,28.8214260862603
2025-05-16,0.116,5665,0.259862834233985,0.270900287311608,5089.95080136213,28.1309394208537
2025-05-16,0.116,5670,0.259593393299926,0.270488477423875,5089.95080136213,27.4660262813489
2025-05-16,0.116,5675,0.258991180332581,0.269759188256089,5089.95080136213,26.6988188517002
2025-05-16,0.116,5680,0.258650553612012,0.26955889715008,5089.95080136213,26.0850529092742
2025-05-16,0.116,5685,0.257965797670399,0.269183944353237,5089.95080136213,25.394566216347
2025-05-16,0.116,5690,0.257705897408521,0.268480604160686,5089.95080136213,24.729653085802
2025-05-16,0.116,5695,0.257253818151296,0.268330000278184,5089.95080136213,24.1414607444981
2025-05-16,0.116,5700,0.256762787200503,0.267395036959907,5089.95080136213,23.4254004612347
2025-05-16,0.116,5705,0.256231389818944,0.267636298837723,5089.95080136213,22.9139288395634
2025-05-16,0.116,5710,0.255991831824882,0.266616483883827,5089.95080136213,22.2490156998531
2025-05-16,0.116,5715,0.255380754267338,0.266647353443677,5089.95080136213,21.7119705147921
2025-05-16,0.116,5720,0.254897092406417,0.266494389386045,5089.95080136213,21.1749253079828
2025-05-16,0.116,5725,0.255594269280792,0.264032051661205,5089.95080136213,20.4588650172939
2025-05-16,0.116,5730,0.255225258030937,0.264453228907808,5089.95080136213,20.0496877161218
2025-05-16,0.116,5735,0.254819171556982,0.263851664082768,5089.95080136213,19.4870689402396
2025-05-16,0.116,5740,0.254374651583161,0.263207164122884,5089.95080136213,18.924450147117
2025-05-16,0.116,5745,0.253890232149533,0.262866093423382,5089.95080136213,18.4129785182903
2025-05-16,0.116,5750,0.253741752701136,0.262136644184528,5089.95080136213,17.9015068868531
2025-05-16,0.116,5755,0.253179632588551,0.262615262060593,5089.95080136213,17.5179031797477
2025-05-16,0.116,5760,0.252963334084752,0.261811114057375,5089.95080136213,17.0064315430426
2025-05-16,0.116,5765,0.252317493456919,0.261326194328901,5089.95080136213,16.4949599301175
2025-05-16,0.116,5770,0.252028128913644,0.261177389936237,5089.95080136213,16.0857826153365
2025-05-16,0.116,5775,0.25170349154649,0.260617483606516,5089.95080136213,15.6254581621548
2025-05-16,0.116,5780,0.25134226076915,0.260014525581111,5089.95080136213,15.1651336961768
2025-05-16,0.116,5785,0.250943010930489,0.259762802767996,5089.95080136213,14.7559563961074
2025-05-16,0.116,5790,0.250504199090935,0.259277238098639,5089.95080136213,14.3212055207402
2025-05-16,0.116,5795,0.250024152216795,0.259567990894627,5089.95080136213,13.9887489694935
2025-05-16,0.116,5800,0.249726665230997,0.258598744282706,5089.95080136213,13.5284245047338
2025-05-16,0.116,5805,0.249393034634712,0.258205355373422,5089.95080136213,13.144820775421
2025-05-16,0.116,5810,0.249021809310955,0.257774007211189,5089.95080136213,12.7612170626604
2025-05-16,0.116,5815,0.248611417070804,0.257522692142738,5089.95080136213,12.4031869184961
2025-05-16,0.116,5820,0.248160150683564,0.257238240762602,5089.95080136213,12.0451567882025
2025-05-16,0.116,5825,0.247914355593116,0.256692151912947,5089.95080136213,11.6871266567058
2025-05-16,0.116,5830,0.247633906717263,0.25656497035664,5089.95080136213,11.3802436710131
2025-05-16,0.116,5835,0.247317406344548,0.256408685115395,5089.95080136213,11.0733606905639
2025-05-16,0.116,5840,0.246700262675621,0.255743275654039,5089.95080136213,10.6897569724153
2025-05-16,0.116,5845,0.246570066544555,0.255517436041502,5089.95080136213,10.4084475770452
2025-05-16,0.116,5850,0.246135794757033,0.255258969288793,5089.95080136213,10.101564600513
2025-05-16,0.116,5855,0.245658573719311,0.254966637027926,5089.95080136213,9.79468162686706
2025-05-16,0.116,5860,0.245136267355752,0.254639103393084,5089.95080136213,9.48779864549691
2025-05-16,0.116,5865,0.244859303372558,0.2542749242522,5089.95080136213,9.20648925900159
2025-05-16,0.116,5870,0.244545715420156,0.254140632193554,5089.95080136213,8.95075345385487
2025-05-16,0.116,5875,0.244193857531415,0.253703916266351,5089.95080136213,8.66944405283922
2025-05-16,0.116,5880,0.243801935891743,0.253225748189986,5089.95080136213,8.38813466070579
2025-05-16,0.116,5885,0.243367990794718,0.253272987781353,5089.95080136213,8.15797243320743
2025-05-16,0.116,5890,0.243215703401144,0.25271876033655,5089.95080136213,7.90223662262686
2025-05-16,0.116,5895,0.2426991245259,0.252708879149552,5089.95080136213,7.67207438563653
2025-05-16,0.116,5900,0.242474873400429,0.252072038153692,5089.95080136213,7.41633857233369
2025-05-16,0.116,5905,0.242215651112281,0.252000225761713,5089.95080136213,7.21174992474093
2025-05-16,0.116,5910,0.241919859424607,0.251900951140834,5089.95080136213,7.00716127403993
2025-05-16,0.116,5915,0.241221317144026,0.25145405760412,5089.95080136213,6.75142545193302
2025-05-16,0.116,5920,0.241211437121182,0.251290731273173,5089.95080136213,6.5724103937322
2025-05-16,0.116,5925,0.240794814187487,0.251096459421379,5089.95080136213,6.36782173795628
2025-05-16,0.116,5930,0.240333591234329,0.250869985345337,5089.95080136213,6.16323309562804
2025-05-16,0.116,5935,0.240225692857448,0.250609949605128,5089.95080136213,5.98421801294958
2025-05-16,0.116,5940,0.240087449080703,0.250314879255892,5089.95080136213,5.8052029527686
2025-05-16,0.116,5945,0.239499565093245,0.249983173586954,5089.95080136213,5.60061429951394
2025-05-16,0.116,5950,0.239714576189104,0.250348700380708,5089.95080136213,5.49831997745143
2025-05-16,0.116,5955,0.239039544419323,0.249955592177869,5089.95080136213,5.29373132135687
2025-05-16,0.116,5960,0.239203079279215,0.249521141692828,5089.95080136213,5.14028983916543
2025-05-16,0.116,5965,0.238431842760592,0.249825055968544,5089.95080136213,4.98684834949691
2025-05-16,0.116,5970,0.238538800210634,0.249321186153984,5089.95080136213,4.8334068591855
2025-05-16,0.116,5975,0.237660470036042,0.24917805511651,5089.95080136213,4.65439178998467
2025-05-16,0.116,5980,0.237704683265599,0.249004574022559,5089.95080136213,4.52652388173276
2025-05-16,0.116,5985,0.237724822097641,0.249222462759654,5089.95080136213,4.42422955873213
2025-05-16,0.116,5990,0.237202244049825,0.248561223731684,5089.95080136213,4.24521449335462
2025-05-16,0.116,5995,0.236626777648189,0.248730662303584,5089.95080136213,4.1173465913344
2025-05-16,0.116,6000,0.238166412479889,0.248431969546091,5089.95080136213,4.06619941925951
2025-05-16,0.116,6005,0.236434710702589,0.248556188041419,5089.95080136213,3.88718435607419
2025-05-16,0.116,6010,0.236293141813215,0.248191982561568,5089.95080136213,3.75931644946868
2025-05-16,0.116,6015,0.236412460824205,0.248267301674079,5089.95080136213,3.66980891842663
2025-05-16,0.116,6020,0.236212037150248,0.24832101381182,5089.95080136213,3.56751459216615
2025-05-16,0.116,6025,0.235976352439463,0.247853826319648,5089.95080136213,3.43964668646363
2025-05-16,0.116,6030,0.235703495879861,0.247852380150312,5089.95080136213,3.33735235589225
2025-05-16,0.116,6035,0.235391362973463,0.247826489673777,5089.95080136213,3.23505803089223
2025-05-16,0.116,6040,0.235370409525206,0.247775201594074,5089.95080136213,3.14555049642578
2025-05-16,0.116,6045,0.234982426070353,0.247697489855662,5089.95080136213,3.04325617274034
2025-05-16,0.116,6050,0.235247490515908,0.24814371997056,5089.95080136213,2.99210900927933
2025-05-16,0.116,6055,0.234786039970795,0.248580225186031,5089.95080136213,2.91538826977943
2025-05-16,0.116,6060,0.234642046150267,0.248441554165056,5089.95080136213,2.82588072859174
2025-05-16,0.116,6065,0.234465427954431,0.248272805353937,5089.95080136213,2.73637319804687
2025-05-16,0.116,6070,0.234254428239524,0.248664246634887,5089.95080136213,2.67243924181596
2025-05-16,0.116,6075,0.234007113929127,0.249044870604132,5089.95080136213,2.6085052925467
2025-05-16,0.116,6080,0.232895095566519,0.248806743936453,5089.95080136213,2.49342417692073
2025-05-16,0.116,6085,0.233394772828783,0.248846149940814,5089.95080136213,2.44227700874296
2025-05-16,0.116,6090,0.233457807651015,0.249180032139713,5089.95080136213,2.39112985145657
2025-05-16,0.116,6095,0.233498262411907,0.249501805398911,5089.95080136213,2.33998268746611
2025-05-16,0.116,6100,0.233515171591883,0.249485169649423,5089.95080136213,2.27604873308296
2025-05-16,0.116,6105,0.231622712624271,0.249444142707224,5089.95080136213,2.16096761760314
2025-05-16,0.116,6110,0.232999051975084,0.249717798894567,5089.95080136213,2.14818082847153
2025-05-16,0.116,6115,0.232926748892524,0.250321041555434,5089.95080136213,2.10982045407646
2025-05-16,0.116,6120,0.23282546334248,0.250223888167238,5089.95080136213,2.04588650248607
2025-05-16,0.116,6125,0.231116375095926,0.250809811720677,5089.95080136213,1.96916576033993
2025-05-16,0.116,6130,0.232529670636172,0.251032555995326,5089.95080136213,1.95637896764459
2025-05-16,0.116,6135,0.232331631584563,0.251240337117623,5089.95080136213,1.9052318067511
2025-05-16,0.116,6140,0.232097501454882,0.251802313020728,5089.95080136213,1.86687143348528
2025-05-16,0.116,6145,0.231825011021467,0.251985177189618,5089.95080136213,1.81572426979353
2025-05-16,0.116,6150,0.230295916287486,0.252151941265018,5089.95080136213,1.73900352868825
2025-05-16,0.116,6155,0.231768793334962,0.252688492498394,5089.95080136213,1.7390035280918
2025-05-16,0.116,6160,0.232012036601555,0.252828480613217,5089.95080136213,1.70064315653897
2025-05-16,0.116,6165,0.231603308081871,0.253348509165485,5089.95080136213,1.66228278344923
2025-05-16,0.116,6170,0.229786990555499,0.253862114356852,5089.95080136213,1.59834883170457
2025-05-16,0.116,6175,0.231316384331338,0.253963278834962,5089.95080136213,1.58556203943469
2025-05-16,0.116,6180,0.231471794711439,0.254459433515106,5089.95080136213,1.55998845693374
2025-05-16,0.116,6185,0.231609552017657,0.254948831595491,5089.95080136213,1.53441487549431
2025-05-16,0.116,6190,0.23099668617525,0.255431382126647,5089.95080136213,1.49605450416334
2025-05-16,0.116,6195,0.229535042769773,0.255906990666642,5089.95080136213,1.44490734288238
2025-05-16,0.116,6200,0.231143013249866,0.250433727366906,5089.95080136213,1.27867906309712
2025-05-16,0.116,6205,0.228721286864526,0.255958581862739,5089.95080136213,1.35539980725282
2025-05-16,0.116,6210,0.231202445891003,0.256848869491593,5089.95080136213,1.38097338751014
2025-05-16,0.116,6215,0.226755159990223,0.256839036616954,5089.95080136213,1.27867906421106
2025-05-16,0.116,6220,0.231166400214906,0.252949392767887,5089.95080136213,1.20195832010649
2025-05-16,0.116,6225,0.228362041259461,0.258609118634111,5089.95080136213,1.27867906296756
2025-05-16,0.116,6230,0.231024668344081,0.258569606255249,5089.95080136213,1.27867906511877
2025-05-16,0.116,6240,0.230764968898633,0.259857653752164,5089.95080136213,1.24031869476727
2025-05-16,0.116,6250,0.228257479636742,0.261131786416699,5089.95080136213,1.17638473963069
2025-05-16,0.116,6260,0.230908352993913,0.261902483932382,5089.95080136213,1.16359794952226
2025-05-16,0.116,6270,0.231395122852889,0.262638929877597,5089.95080136213,1.12523757555625
2025-05-16,0.116,6275,0.227416829318327,0.263502419281443,5089.95080136213,1.07409041453908
2025-05-16,0.116,6280,0.230659963005942,0.263855027175896,5089.95080136213,1.08687720455377
2025-05-16,0.116,6290,0.230987215497782,0.265056246450546,5089.95080136213,1.06130362303152
2025-05-16,0.116,6300,0.241268621636935,0.265710585251354,5089.95080136213,1.13802436642082
2025-05-16,0.116,6310,0.227043458751227,0.267413306452919,5089.95080136213,0.971796087915364
2025-05-16,0.116,6320,0.230081856159287,0.268019461679618,5089.95080136213,0.959009299176262
2025-05-16,0.116,6325,0.23083095208441,0.268864506385394,5089.95080136213,0.959009299956268
2025-05-16,0.116,6330,0.230025220250738,0.269708513976171,5089.95080136213,0.946222506339988
2025-05-16,0.116,6340,0.229862552393955,0.27026465281504,5089.95080136213,0.907862136673993
2025-05-16,0.116,6350,0.22570455041884,0.271940088447956,5089.95080136213,0.869501765218669
2025-05-16,0.116,6360,0.229160947080737,0.272444182070972,5089.95080136213,0.856714972665369
2025-05-16,0.116,6370,0.230609254529023,0.273508642882865,5089.95080136213,0.843928181044768
2025-05-16,0.116,6375,0.229301231763593,0.274336680619794,5089.95080136213,0.831141390685681
2025-05-16,0.116,6380,0.230018157769721,0.27516372678922,5089.95080136213,0.831141392524914
2025-05-16,0.116,6390,0.229240271898953,0.27558545569893,5089.95080136213,0.792781020726768
2025-05-16,0.116,6400,0.22823864029073,0.277227003704777,5089.95080136213,0.77999423072853
2025-05-16,0.116,6410,0.22696265458531,0.277590577340469,5089.95080136213,0.741633857843648
2025-05-16,0.116,6420,0.22834780570287,0.279218600796304,5089.95080136213,0.741633857834561
2025-05-16,0.116,6425,0.218562597463049,0.279376454151933,5089.95080136213,0.690486693327045
2025-05-16,0.116,6430,0.226707121062153,0.28018661049543,5089.95080136213,0.716060275828085
2025-05-16,0.116,6440,0.224609063468489,0.281135565189161,5089.95080136213,0.690486693906521
2025-05-16,0.116,6450,0.225952966600259,0.282065037633265,5089.95080136213,0.677699904405578
2025-05-16,0.116,6460,0.223197467446423,0.283669048537224,5089.95080136213,0.664913113811475
2025-05-16,0.116,6470,0.219484586002671,0.284571842664102,5089.95080136213,0.639339531316948
2025-05-16,0.116,6475,0.220130086697764,0.28465940503049,5089.95080136213,0.626552741086369
2025-05-16,0.116,6480,0.220774917131642,0.285454209394459,5089.95080136213,0.626552741629296
2025-05-16,0.116,6490,0.222062573909634,0.28704109691425,5089.95080136213,0.626552740209395
2025-05-16,0.116,6500,0.216638250883597,0.28789579157709,5089.95080136213,0.600979159820314
2025-05-16,0.116,6510,0.207512461954747,0.289472371393248,5089.95080136213,0.588192369198252
2025-05-16,0.116,6520,0.208708404559417,0.29029884989246,5089.95080136213,0.57540557800105
2025-05-16,0.116,6525,0.20930548171932,0.291082460486678,5089.95080136213,0.575405577868601
2025-05-16,0.116,6550,0.2122819821194,0.293437781244142,5089.95080136213,0.549831998476195
2025-05-16,0.116,6575,0.215243803129474,0.296502161387881,5089.95080136213,0.537045206674504
2025-05-16,0.116,6600,0.249509192824196,0.299514664244869,5089.95080136213,0.588192368843146
2025-05-16,0.116,6650,0.224042895595165,0.304491434532432,5089.95080136213,0.485898043950546
2025-05-16,0.116,6700,NA,0.311956983083766,5089.95080136213,NA
2025-05-16,0.116,6750,NA,0.318401901482912,5089.95080136213,NA
2025-05-16,0.116,6800,NA,0.323717284069418,5089.95080136213,NA
2025-05-16,0.116,6850,0.266742799746697,0.330902317533685,5089.95080136213,0.473111253822278
2025-05-16,0.116,6900,NA,0.328808756190789,5089.95080136213,NA
2025-05-16,0.116,6950,NA,0.342885247106261,5089.95080136213,NA
2025-05-16,0.116,7000,NA,0.339809631719813,5089.95080136213,NA
2025-05-16,0.116,7100,NA,0.362326519849346,5089.95080136213,NA
2025-05-16,0.116,7200,NA,0.335144373844984,5089.95080136213,NA
2025-05-16,0.116,7300,NA,0.386277722596518,5089.95080136213,NA
2025-05-16,0.116,7400,NA,0.397742925438777,5089.95080136213,NA
2025-05-16,0.116,7500,NA,0.410326631559146,5089.95080136213,NA
2025-05-16,0.116,7600,NA,0.42269544954734,5089.95080136213,NA
2025-05-16,0.116,7700,NA,0.433338461466689,5089.95080136213,NA
2025-05-16,0.116,7800,NA,0.426665339932933,5089.95080136213,NA
2025-05-16,0.116,7900,NA,0.455374240723308,5089.95080136213,NA
2025-05-16,0.116,8000,NA,0.444276171642802,5089.95080136213,NA
2025-05-16,0.116,8100,NA,0.476486613065128,5089.95080136213,NA
2025-05-16,0.116,8200,NA,0.48761984233769,5089.95080136213,NA
2025-05-16,0.116,8300,NA,0.498585874469854,5089.95080136213,NA
2025-05-16,0.116,8400,NA,0.486893247893566,5089.95080136213,NA
2025-05-16,0.116,8500,NA,0.520036626134454,5089.95080136213,NA
2025-05-16,0.116,8600,NA,0.53053086800366,5089.95080136213,NA
2025-05-16,0.116,8700,NA,0.540876992767157,5089.95080136213,NA
2025-05-16,0.116,8800,NA,0.549059227945612,5089.95080136213,NA
2025-05-16,0.116,8900,NA,0.559092218194386,5089.95080136213,NA
2025-05-16,0.116,9000,NA,0.568989704209976,5089.95080136213,NA
2025-05-16,0.116,9200,NA,0.558576090574033,5089.95080136213,NA
2025-05-16,0.116,9600,NA,0.623409064594941,5089.95080136213,NA
2025-05-16,0.116,10000,NA,0.656327357449058,5089.95080136213,NA
2025-05-16,0.116,10400,NA,0.690012328725392,5089.95080136213,NA
2025-05-16,0.116,10800,NA,0.722212591519574,5089.95080136213,NA
2025-05-16,0.116,10900,NA,0.730045614492996,5089.95080136213,NA
2025-05-16,0.116,11000,NA,0.737795481711,5089.95080136213,NA
2025-05-23,0.136,2400,0.868209025229958,0.896707385709389,5094.07677099077,2698.06995908155
2025-05-23,0.136,2600,0.82478210462876,0.847192630190544,5094.07677099077,2499.81697887422
2025-05-23,0.136,2800,0.782102819667991,0.798545279850415,5094.07677099077,2302.11306202115
2025-05-23,0.136,3000,0.73699645452675,0.750543966443455,5094.07677099077,2104.95820853973
2025-05-23,0.136,3200,0.691495742814685,0.704484594482169,5094.07677099077,1908.60199266729
2025-05-23,0.136,3400,0.647419523031961,0.65818469842517,5094.07677099077,1713.24407381704
2025-05-23,0.136,3600,0.603118998427199,0.613674972140146,5094.07677099077,1519.23385596131
2025-05-23,0.136,3800,0.560545935608195,0.57012586376339,5094.07677099077,1327.17031730333
2025-05-23,0.136,4000,0.51850084072089,0.52842782812526,5094.07677099077,1137.80218059288
2025-05-23,0.136,4100,0.498926729655491,0.508374757504827,5094.07677099077,1044.69043003561
2025-05-23,0.136,4200,0.479398725460378,0.488908719584811,5094.07677099077,952.776635912622
2025-05-23,0.136,4300,0.460859215113382,0.470098050595682,5094.07677099077,862.510031878091
2025-05-23,0.136,4350,0.451609273172822,0.461935120133487,5094.07677099077,818.25023978402
2025-05-23,0.136,4400,0.442912538587808,0.451870404672248,5094.07677099077,774.14019218999
2025-05-23,0.136,4450,0.434195122238795,0.442913937899976,5094.07677099077,730.778867432629
2025-05-23,0.136,4500,0.425372447666881,0.434061689179706,5094.07677099077,687.96660599141
2025-05-23,0.136,4550,0.416923714533702,0.425212013965643,5094.07677099077,645.853152460845
2025-05-23,0.136,4600,0.408173120836603,0.416448513010775,5094.07677099077,604.338677158794
2025-05-23,0.136,4650,0.399737720022637,0.40783325707295,5094.07677099077,563.672754313607
2025-05-23,0.136,4700,0.38985069275956,0.399249597854179,5094.07677099077,523.356235429885
2025-05-23,0.136,4750,0.382792702462886,0.390591046912647,5094.07677099077,484.736821510465
2025-05-23,0.136,4800,0.374375991401243,0.382209219265632,5094.07677099077,446.716385739392
2025-05-23,0.136,4850,0.365937836055243,0.373675532487907,5094.07677099077,409.644332203833
2025-05-23,0.136,4900,0.357644806232219,0.365313944081149,5094.07677099077,373.770235073177
2025-05-23,0.136,4950,0.349223885592538,0.356716081174481,5094.07677099077,338.944349849662
2025-05-23,0.136,5000,0.340828374343076,0.348318258207766,5094.07677099077,305.46616558035
2025-05-23,0.136,5050,0.332459988445676,0.339984724729414,5094.07677099077,273.385597134414
2025-05-23,0.136,5100,0.32362806525852,0.331763957825663,5094.07677099077,242.636091391742
2025-05-23,0.136,5125,0.320330240234788,0.327789932804396,5094.07677099077,228.310529082528
2025-05-23,0.136,5150,0.315688374127131,0.323951644410399,5094.07677099077,213.935051978053
2025-05-23,0.136,5175,0.312620077917485,0.320101475832809,5094.07677099077,200.55787188773
2025-05-23,0.136,5200,0.307771473623295,0.316225304874455,5094.07677099077,186.931117505431
2025-05-23,0.136,5210,0.307277961570956,0.314675138676186,5094.07677099077,182.139291819644
2025-05-23,0.136,5220,0.305344475224587,0.313166205329715,5094.07677099077,176.898232405975
2025-05-23,0.136,5225,0.304205309827563,0.312443916506268,5094.07677099077,174.252745278062
2025-05-23,0.136,5230,0.303852635285339,0.311698015599653,5094.07677099077,171.906747341642
2025-05-23,0.136,5240,0.301990821923601,0.310134551279171,5094.07677099077,166.815432487886
2025-05-23,0.136,5250,0.300435720879839,0.308746264951475,5094.07677099077,161.973691940386
2025-05-23,0.136,5260,0.299053138175316,0.307261118747713,5094.07677099077,157.231781116295
2025-05-23,0.136,5270,0.297569476266908,0.309106949158879,5094.07677099077,153.73774150933
2025-05-23,0.136,5275,0.297271799815173,0.304985172721533,5094.07677099077,150.343531621437
2025-05-23,0.136,5280,0.296120865120152,0.304268289206999,5094.07677099077,147.897703906656
2025-05-23,0.136,5290,0.294985238312354,0.302897597454485,5094.07677099077,143.505197015644
2025-05-23,0.136,5300,0.293328364083869,0.30142583610235,5094.07677099077,138.962945612342
2025-05-23,0.136,5310,0.292265979830279,0.299990899244815,5094.07677099077,134.720183188564
2025-05-23,0.136,5320,0.290959191940376,0.298592890928074,5094.07677099077,130.477420876655
2025-05-23,0.136,5325,0.290265821992543,0.297925492219906,5094.07677099077,128.380997098916
2025-05-23,0.136,5330,0.289688019571955,0.297232030158451,5094.07677099077,126.334488236571
2025-05-23,0.136,5340,0.288165423141238,0.295765610523357,5094.07677099077,122.141640725345
2025-05-23,0.136,5350,0.286819770869258,0.294479114551644,5094.07677099077,118.14845263571
2025-05-23,0.136,5360,0.284631716664827,0.293085824547896,5094.07677099077,113.905690307924
2025-05-23,0.136,5370,0.284085996997262,0.29172931596508,5094.07677099077,110.311821032391
2025-05-23,0.136,5375,0.283405560500646,0.291083453218335,5094.07677099077,108.415056676395
2025-05-23,0.136,5380,0.282696521341534,0.290410258482332,5094.07677099077,106.518292295762
2025-05-23,0.136,5390,0.281190798147563,0.289129470353848,5094.07677099077,102.774678464641
2025-05-23,0.136,5400,0.279716885294761,0.287887926557947,5094.07677099077,99.1308943455697
2025-05-23,0.136,5410,0.278429221095293,0.286534563953683,5094.07677099077,95.5869399194349
2025-05-23,0.136,5420,0.277489411261649,0.285373492685552,5094.07677099077,92.2925597370432
2025-05-23,0.136,5425,0.276977929049195,0.284751022579094,5094.07677099077,90.645369657575
2025-05-23,0.136,5430,0.275809124747792,0.28409999623075,5094.07677099077,88.7985201797836
2025-05-23,0.136,5440,0.274953542272604,0.282867722295888,5094.07677099077,85.653884571071
2025-05-23,0.136,5450,0.273341362068955,0.281678318157768,5094.07677099077,82.3595043405634
2025-05-23,0.136,5460,0.272577723978388,0.280533649371925,5094.07677099077,79.4145281656854
2025-05-23,0.136,5470,0.271371877049176,0.2792723756528,5094.07677099077,76.3697222598831
2025-05-23,0.136,5475,0.270722691809146,0.278678943602142,5094.07677099077,74.8722767223584
2025-05-23,0.136,5480,0.270210048353856,0.278221514042245,5094.07677099077,73.4746608706864
2025-05-23,0.136,5490,0.268923998689383,0.277054344939556,5094.07677099077,70.5795995157949
2025-05-23,0.136,5500,0.267855431181493,0.275936882414423,5094.07677099077,67.8342826963709
2025-05-23,0.136,5510,0.266662982637189,0.274871996832125,5094.07677099077,65.1388807295
2025-05-23,0.136,5520,0.265520533018418,0.273862872006193,5094.07677099077,62.5433085086988
2025-05-23,0.136,5525,0.265082154971457,0.273313873501089,5094.07677099077,61.2954371739604
2025-05-23,0.136,5530,0.264431556449421,0.272734435590749,5094.07677099077,59.9976510949833
2025-05-23,0.136,5540,0.263399918209921,0.271663238551777,5094.07677099077,57.5518233687054
2025-05-23,0.136,5550,0.262240718027049,0.270837886225284,5094.07677099077,55.205825353292
2025-05-23,0.136,5560,0.261333504192478,0.269708543516559,5094.07677099077,52.9097421831857
2025-05-23,0.136,5570,0.260301166296894,0.268834061304911,5094.07677099077,50.7134887592783
2025-05-23,0.136,5575,0.259736172326571,0.268352298468927,5094.07677099077,49.6153620379103
2025-05-23,0.136,5580,0.259338166822181,0.267839965114951,5094.07677099077,48.5671501739828
2025-05-23,0.136,5590,0.258245542815632,0.266919470038389,5094.07677099077,46.4707264173114
2025-05-23,0.136,5600,0.257225753327587,0.266078342126116,5094.07677099077,44.4741323556039
2025-05-23,0.136,5610,0.256285336970116,0.265116178804452,5094.07677099077,42.5274531738834
2025-05-23,0.136,5620,0.255212665240056,0.263604084199917,5094.07677099077,40.4809442879069
2025-05-23,0.136,5625,0.254735155492335,0.26385944499184,5094.07677099077,39.7322215024353
2025-05-23,0.136,5640,0.253328505084178,0.261881100911589,5094.07677099077,36.936989841022
2025-05-23,0.136,5650,0.252298948205114,0.261055553734951,5094.07677099077,35.2398848997755
2025-05-23,0.136,5670,0.250548538485597,0.259494933731819,5094.07677099077,32.095249270905
2025-05-23,0.136,5675,0.250214242139191,0.259027012532081,5094.07677099077,31.3465265063265
2025-05-23,0.136,5680,0.249594962394628,0.258768478549524,5094.07677099077,30.5978037659515
2025-05-23,0.136,5700,0.248058977765344,0.257193982713146,5094.07677099077,27.8025720937507
2025-05-23,0.136,5725,0.245862391627495,0.255363190833253,5094.07677099077,24.558106746964
2025-05-23,0.136,5750,0.243975751243187,0.253867715243505,5094.07677099077,21.7129602337845
2025-05-23,0.136,5800,0.240608634510232,0.250720563369391,5094.07677099077,16.8213048262256
2025-05-23,0.136,5850,0.237647532073732,0.24713049397836,5094.07677099077,12.8281167515671
2025-05-23,0.136,5900,0.234429261351919,0.244785956335599,5094.07677099077,9.73339597634265
2025-05-23,0.136,5950,0.232153570129775,0.242850616511788,5094.07677099077,7.38739795982755
2025-05-23,0.136,6000,0.232318516088887,0.239527903056403,5094.07677099077,5.59046332711898
2025-05-23,0.136,6050,0.227899363260299,0.24034628006785,5094.07677099077,4.19284749483194
2025-05-23,0.136,6100,0.226886472107668,0.240918425576913,5094.07677099077,3.24446532658809
2025-05-23,0.136,6150,0.225685705252062,0.242678942620189,5094.07677099077,2.54565740474834
2025-05-23,0.136,6200,0.225027882431711,0.244746269479274,5094.07677099077,2.02155147258878
2025-05-23,0.136,6300,0.224024079386698,0.252678750427706,5094.07677099077,1.39761583092289
2025-05-23,0.136,6400,0.220742425178763,0.262326406397794,5094.07677099077,1.02325444594046
2025-05-23,0.136,6600,NA,0.282111020375714,5094.07677099077,NA
2025-05-23,0.136,6800,NA,0.302662706259638,5094.07677099077,NA
2025-05-23,0.136,7000,NA,0.325477169559574,5094.07677099077,NA
2025-05-23,0.136,7200,NA,0.34865166907013,5094.07677099077,NA
2025-05-30,0.152,1400,0.98468041602166,1.18127545561671,5097.04700737319,3697.5457775286
2025-05-30,0.152,1600,0.987334606633427,1.03092755265481,5097.04700737319,3497.57071603645
2025-05-30,0.152,1800,0.964248949330203,1.02999270487874,5097.04700737319,3298.41862530073
2025-05-30,0.152,2000,0.92509433032299,0.970355078915674,5097.04700737319,3099.19171904265
2025-05-30,0.152,2200,0.885057927826183,0.918809884915253,5097.04700737319,2900.33889040058
2025-05-30,0.152,2400,0.843617541123127,0.867414974073121,5097.04700737319,2701.83520086699
2025-05-30,0.152,2600,0.801841704979902,0.820731884906242,5097.04700737319,2503.88015850749
2025-05-30,0.152,2800,0.758540136468228,0.773923105172291,5097.04700737319,2306.4238862976
2025-05-30,0.152,2900,0.735816114922146,0.75038825978636,5097.04700737319,2207.87031975307
2025-05-30,0.152,3000,0.714561451333879,0.727306449572966,5097.04700737319,2109.56613827661
2025-05-30,0.152,3100,0.692333658828228,0.704416611572202,5097.04700737319,2011.41158785444
2025-05-30,0.152,3200,0.670090171499927,0.681533409826859,5097.04700737319,1913.4565454922
2025-05-30,0.152,3300,0.648381845260539,0.659184139242555,5097.04700737319,1815.80076521776
2025-05-30,0.152,3400,0.626873015738109,0.637055289428596,5097.04700737319,1718.4442470487
2025-05-30,0.152,3500,0.605319088811753,0.615436256069355,5097.04700737319,1621.43686798396
2025-05-30,0.152,3600,0.58402412063836,0.593984816972279,5097.04700737319,1524.82850504831
2025-05-30,0.152,3700,0.563128148954783,0.572858200633757,5097.04700737319,1428.71891224854
2025-05-30,0.152,3800,0.542656527853964,0.55098300379895,5097.04700737319,1333.05821259703
2025-05-30,0.152,3900,0.522555687661411,0.531009180871581,5097.04700737319,1238.29529923633
2025-05-30,0.152,3950,0.512794817645329,0.521108458801083,5097.04700737319,1191.23804316188
2025-05-30,0.152,4000,0.502719171367447,0.511195801104196,5097.04700737319,1144.33041813436
2025-05-30,0.152,4050,0.493201337398685,0.501509973132158,5097.04700737319,1097.77193219684
2025-05-30,0.152,4100,0.48355506793508,0.491161215054081,5097.04700737319,1051.31320030439
2025-05-30,0.152,4150,0.474266459809529,0.481729097832298,5097.04700737319,1005.35323855054
2025-05-30,0.152,4200,0.464977430988109,0.472780896402358,5097.04700737319,959.792292959345
2025-05-30,0.152,4250,0.456094373389475,0.463496367906241,5097.04700737319,914.580486434486
2025-05-30,0.152,4300,0.447270535974015,0.454298448189507,5097.04700737319,869.767696044848
2025-05-30,0.152,4350,0.438218966760481,0.445524678093582,5097.04700737319,825.403798796183
2025-05-30,0.152,4400,0.429701440903251,0.436453996976663,5097.04700737319,781.538671737756
2025-05-30,0.152,4450,0.421187157067216,0.427996481617124,5097.04700737319,738.321945830539
2025-05-30,0.152,4500,0.412778593331871,0.419275142653843,5097.04700737319,695.603990120648
2025-05-30,0.152,4550,0.404552865971257,0.410760435648112,5097.04700737319,653.58431261294
2025-05-30,0.152,4575,0.400706732348722,0.408288299536673,5097.04700737319,633.422383123513
2025-05-30,0.152,4600,0.3967320679163,0.402837087627196,5097.04700737319,612.51229842062
2025-05-30,0.152,4625,0.392787598999014,0.399892114388016,5097.04700737319,592.549876988062
2025-05-30,0.152,4650,0.388542306632807,0.395662569667912,5097.04700737319,572.288193441319
2025-05-30,0.152,4660,0.386792831582805,0.394170245149887,5097.04700737319,564.283274104192
2025-05-30,0.152,4670,0.385308450227708,0.391229109250753,5097.04700737319,555.929215582771
2025-05-30,0.152,4675,0.384468958241745,0.391759258514543,5097.04700737319,552.375649002554
2025-05-30,0.152,4680,0.383462159830501,0.390879467182143,5097.04700737319,548.323312340512
2025-05-30,0.152,4690,0.381876733614038,0.38923705144559,5097.04700737319,540.418146966356
2025-05-30,0.152,4700,0.380392722750702,0.387696698185835,5097.04700737319,532.612735691553
2025-05-30,0.152,4710,0.378704139316858,0.385954084072826,5097.04700737319,524.707570325531
2025-05-30,0.152,4720,0.377115382458037,0.38431193841982,5097.04700737319,516.902159008436
2025-05-30,0.152,4725,0.376451070211089,0.383471729169955,5097.04700737319,513.0493303625
2025-05-30,0.152,4730,0.375474213820619,0.382767301221741,5097.04700737319,509.146624688663
2025-05-30,0.152,4740,0.373780946416301,0.381169869966252,5097.04700737319,501.391090408216
2025-05-30,0.152,4750,0.372329985426274,0.37790857083182,5097.04700737319,493.18666296739
2025-05-30,0.152,4760,0.370677281485655,0.377963249798809,5097.04700737319,486.079529868209
2025-05-30,0.152,4770,0.368971218000201,0.376352614863038,5097.04700737319,478.423749600473
2025-05-30,0.152,4775,0.368025975209007,0.373654648015729,5097.04700737319,473.922519788817
2025-05-30,0.152,4780,0.364328645833616,0.374688311299752,5097.04700737319,469.770428993886
2025-05-30,0.152,4790,0.365686036553534,0.373113130359205,5097.04700737319,463.261820095236
2025-05-30,0.152,4800,0.364103507041316,0.369640379236341,5097.04700737319,455.10726968878
2025-05-30,0.152,4810,0.362464664382029,0.369938527897724,5097.04700737319,448.299398693328
2025-05-30,0.152,4820,0.357960622664919,0.368337759014959,5097.04700737319,439.845586116665
2025-05-30,0.152,4825,0.360530862695657,0.367516274442014,5097.04700737319,437.339436952171
2025-05-30,0.152,4830,0.359437263565268,0.366680748435028,5097.04700737319,433.53648530045
2025-05-30,0.152,4840,0.357905264705565,0.365244223963541,5097.04700737319,426.279721169746
2025-05-30,0.152,4850,0.356314263650378,0.361685310950611,5097.04700737319,418.274801785758
2025-05-30,0.152,4860,0.354664400971207,0.362057156040437,5097.04700737319,411.716315827958
2025-05-30,0.152,4870,0.353092063765934,0.360444413841822,5097.04700737319,404.509428714441
2025-05-30,0.152,4875,0.352555158775499,0.35975164969022,5097.04700737319,401.055616212652
2025-05-30,0.152,4880,0.351595075504597,0.358908192452877,5097.04700737319,397.402295677523
2025-05-30,0.152,4890,0.3500365026649,0.357311842841248,5097.04700737319,390.295162559682
2025-05-30,0.152,4900,0.348818889057034,0.353779738821742,5097.04700737319,382.639382282527
2025-05-30,0.152,4910,0.346868327202298,0.354205494828472,5097.04700737319,376.23052741722
2025-05-30,0.152,4920,0.34539027854967,0.352560261841131,5097.04700737319,369.273025338303
2025-05-30,0.152,4925,0.344560944819171,0.351979400607962,5097.04700737319,365.869089824299
2025-05-30,0.152,4930,0.343848147191393,0.350985702849441,5097.04700737319,362.36540031772
2025-05-30,0.152,4940,0.342241909698885,0.349611535954052,5097.04700737319,355.557529349219
2025-05-30,0.152,4950,0.340702586860248,0.345683247311308,5097.04700737319,347.851872023074
2025-05-30,0.152,4960,0.338836680044756,0.346407391649466,5097.04700737319,341.842033272764
2025-05-30,0.152,4970,0.337427529035486,0.344969229068882,5097.04700737319,335.2336703191
2025-05-30,0.152,4975,0.336827378074529,0.344095586648262,5097.04700737319,331.929488819653
2025-05-30,0.152,4980,0.336080204457408,0.34333536185493,5097.04700737319,328.625307394472
2025-05-30,0.152,4990,0.334534929739923,0.341765122890314,5097.04700737319,322.016944410823
2025-05-30,0.152,5000,0.332921566174528,0.33794082587177,5097.04700737319,314.560672196637
2025-05-30,0.152,5010,0.331496456370866,0.33868118817393,5097.04700737319,308.999726585596
2025-05-30,0.152,5020,0.329873162724038,0.337293308572264,5097.04700737319,302.590871729517
2025-05-30,0.152,5025,0.329099237593557,0.33638164578065,5097.04700737319,299.336567237365
2025-05-30,0.152,5030,0.328307630285364,0.335580619017729,5097.04700737319,296.132139822106
2025-05-30,0.152,5040,0.3267984553771,0.334053792490775,5097.04700737319,289.823038950817
2025-05-30,0.152,5050,0.325217309315463,0.330043532909551,5097.04700737319,282.566274836166
2025-05-30,0.152,5060,0.323183463211897,0.330915383116292,5097.04700737319,277.105083242521
2025-05-30,0.152,5070,0.321710586892017,0.329428882274741,5097.04700737319,270.995490480886
2025-05-30,0.152,5075,0.321009436908227,0.32859516987295,5097.04700737319,267.940694078351
2025-05-30,0.152,5080,0.320163153834465,0.32786963902831,5097.04700737319,264.885897679896
2025-05-30,0.152,5090,0.319045240054441,0.324092086690496,5097.04700737319,258.127903662278
2025-05-30,0.152,5100,0.317044142162981,0.324606538948849,5097.04700737319,252.776714881395
2025-05-30,0.152,5110,0.315551812551786,0.3232341024217,5097.04700737319,246.941104016498
2025-05-30,0.152,5120,0.313855778828384,0.321785610164091,5097.04700737319,241.055616190268
2025-05-30,0.152,5125,0.313859270560443,0.32103263440733,5097.04700737319,238.46201138604
2025-05-30,0.152,5130,0.313087812852708,0.320386216796058,5097.04700737319,235.619021488931
2025-05-30,0.152,5140,0.311485207518241,0.31890928209254,5097.04700737319,229.883164704141
2025-05-30,0.152,5150,0.310179800314054,0.317479853571477,5097.04700737319,224.346815951003
2025-05-30,0.152,5160,0.308415493078937,0.315971266124031,5097.04700737319,218.6608362186
2025-05-30,0.152,5170,0.307072734164262,0.314634599514185,5097.04700737319,213.274118526374
2025-05-30,0.152,5175,0.306496458676139,0.313809998503076,5097.04700737319,210.580759683965
2025-05-30,0.152,5180,0.305647110677992,0.313091119484405,5097.04700737319,207.83752380833
2025-05-30,0.152,5190,0.304516665225131,0.311718270992536,5097.04700737319,202.650314185122
2025-05-30,0.152,5195,0.303856823763099,0.310937799100914,5097.04700737319,200.006832413906
2025-05-30,0.152,5200,0.303175786708942,0.310262996378278,5097.04700737319,197.413227598656
2025-05-30,0.152,5205,0.302219965839529,0.309567410464795,5097.04700737319,194.719868753279
2025-05-30,0.152,5210,0.30098836594938,0.308850896568906,5097.04700737319,191.926755859396
2025-05-30,0.152,5215,0.300622969831825,0.30811330087687,5097.04700737319,189.482782103135
2025-05-30,0.152,5220,0.300236599602295,0.307100355300076,5097.04700737319,186.939054286734
2025-05-30,0.152,5225,0.299192519038717,0.306701406540541,5097.04700737319,184.395326517295
2025-05-30,0.152,5230,0.298252993840535,0.306027085631819,5097.04700737319,181.801721760924
2025-05-30,0.152,5235,0.297546036914973,0.305331334699616,5097.04700737319,179.307870894006
2025-05-30,0.152,5240,0.297456303402833,0.304613982176854,5097.04700737319,177.063405274683
2025-05-30,0.152,5245,0.296449403419221,0.303618965578255,5097.04700737319,174.370046381272
2025-05-30,0.152,5250,0.296188969247573,0.303241876414738,5097.04700737319,172.225334717998
2025-05-30,0.152,5255,0.295393256698574,0.30258716683113,5097.04700737319,169.781360954704
2025-05-30,0.152,5260,0.294703279238739,0.301910535660346,5097.04700737319,167.387264214322
2025-05-30,0.152,5265,0.29334509223802,0.301211791253663,5097.04700737319,164.743782399516
2025-05-30,0.152,5270,0.292866640835865,0.300232539617946,5097.04700737319,162.349685684199
2025-05-30,0.152,5275,0.29249561763821,0.299747138075559,5097.04700737319,160.204973996775
2025-05-30,0.152,5280,0.291583103414037,0.299110423390323,5097.04700737319,157.810877266134
2025-05-30,0.152,5285,0.291297373502628,0.298451291479678,5097.04700737319,155.666165525005
2025-05-30,0.152,5290,0.290729035793224,0.29659729205986,5097.04700737319,152.972806699442
2025-05-30,0.152,5295,0.290137738654049,0.295889826399341,5097.04700737319,150.728340998393
2025-05-30,0.152,5300,0.289129593026494,0.295290060918619,5097.04700737319,148.384121284348
2025-05-30,0.152,5305,0.288490628760682,0.294667503937227,5097.04700737319,146.189532598512
2025-05-30,0.152,5310,0.28756401067475,0.294153535093498,5097.04700737319,143.945066932964
2025-05-30,0.152,5315,0.287273676973921,0.293485067983715,5097.04700737319,141.900109286292
2025-05-30,0.152,5320,0.286828691629851,0.292793102441221,5097.04700737319,139.80527460645
2025-05-30,0.152,5325,0.28609453673817,0.292210117356024,5097.04700737319,137.66056294719
2025-05-30,0.152,5330,0.285469174002003,0.291470749386232,5097.04700737319,135.515851296057
2025-05-30,0.152,5335,0.284685551329695,0.290707049158986,5097.04700737319,133.321262590388
2025-05-30,0.152,5340,0.284145485517754,0.290320756491164,5097.04700737319,131.37605899317
2025-05-30,0.152,5345,0.283581528225871,0.289643282910007,5097.04700737319,129.331101364192
2025-05-30,0.152,5350,0.282993407187714,0.288806554041708,5097.04700737319,127.236266666021
2025-05-30,0.152,5355,0.28238083427536,0.288215051720528,5097.04700737319,125.241186065229
2025-05-30,0.152,5360,0.281743504626187,0.287599565078189,5097.04700737319,123.246105431357
2025-05-30,0.152,5365,0.280807034748126,0.286959800748078,5097.04700737319,121.151270792765
2025-05-30,0.152,5370,0.280530838669498,0.286432391318887,5097.04700737319,119.355698243035
2025-05-30,0.152,5375,0.279817813158729,0.285881150945723,5097.04700737319,117.410494655311
2025-05-30,0.152,5380,0.279217389785918,0.285305791937221,5097.04700737319,115.515168031126
2025-05-30,0.152,5385,0.278591661069084,0.284706010303872,5097.04700737319,113.619841397865
2025-05-30,0.152,5390,0.278080232116639,0.283942290868098,5097.04700737319,111.724514863347
2025-05-30,0.152,5395,0.277403455572222,0.283571667120517,5097.04700737319,109.928942283618
2025-05-30,0.152,5400,0.276276338287892,0.28289725249746,5097.04700737319,107.883984662236
2025-05-30,0.152,5405,0.275686245174184,0.282338101557659,5097.04700737319,106.088412110385
2025-05-30,0.152,5410,0.275640958740878,0.28161237469872,5097.04700737319,104.442470572123
2025-05-30,0.152,5415,0.275144891808783,0.281002477010462,5097.04700737319,102.696775056028
2025-05-30,0.152,5420,0.27447959512477,0.280366977410148,5097.04700737319,100.901202506686
2025-05-30,0.152,5425,0.27393210987333,0.2798493142717,5097.04700737319,99.2053839877025
2025-05-30,0.152,5430,0.272776025401028,0.279451259145279,5097.04700737319,97.3599343784092
2025-05-30,0.152,5435,0.272173072177755,0.278738848307409,5097.04700737319,95.6142388115951
2025-05-30,0.152,5440,0.271690607066343,0.278291364545013,5097.04700737319,94.018174341409
2025-05-30,0.152,5445,0.271626886994422,0.277525683511067,5097.04700737319,92.4719868182252
2025-05-30,0.152,5450,0.270499359491602,0.27702726149701,5097.04700737319,90.6764142515602
2025-05-30,0.152,5455,0.269937918516901,0.276355053817417,5097.04700737319,89.0304727875928
2025-05-30,0.152,5460,0.269952773839562,0.275804861909745,5097.04700737319,87.6339163329013
2025-05-30,0.152,5465,0.269189135166918,0.275378837565698,5097.04700737319,86.0378518524536
2025-05-30,0.152,5470,0.268242993212881,0.274776934408628,5097.04700737319,84.3420332984172
2025-05-30,0.152,5475,0.267725751788937,0.274300150073882,5097.04700737319,82.8457228172044
2025-05-30,0.152,5480,0.267026860844467,0.273797827418949,5097.04700737319,81.2995353613832
2025-05-30,0.152,5485,0.267077409104799,0.273115566985278,5097.04700737319,79.9528559235821
2025-05-30,0.152,5490,0.266010880465752,0.27255989147939,5097.04700737319,78.3069144029955
2025-05-30,0.152,5495,0.265856975626801,0.272133326677212,5097.04700737319,77.0101120375504
2025-05-30,0.152,5500,0.264885646053734,0.270895838063527,5097.04700737319,75.2145394758677
2025-05-30,0.152,5505,0.264521121741421,0.271045766591643,5097.04700737319,74.0673680749148
2025-05-30,0.152,5510,0.263969804825182,0.270540902008158,5097.04700737319,72.6708116891043
2025-05-30,0.152,5515,0.263064904599613,0.270009357506735,5097.04700737319,71.1745011906499
2025-05-30,0.152,5520,0.262781842199785,0.269289131126234,5097.04700737319,69.8278217845444
2025-05-30,0.152,5525,0.262309155393329,0.268864207634574,5097.04700737319,68.5310194059593
2025-05-30,0.152,5530,0.261809021928523,0.26824951654544,5097.04700737319,67.1843399733
2025-05-30,0.152,5535,0.261448596308652,0.267936251208999,5097.04700737319,65.9872915742257
2025-05-30,0.152,5540,0.260893266410751,0.267432251154797,5097.04700737319,64.6904891813437
2025-05-30,0.152,5545,0.259967700137252,0.266900878074936,5097.04700737319,63.2939327262695
2025-05-30,0.152,5550,0.259866420699012,0.266341575358658,5097.04700737319,62.1467613613158
2025-05-30,0.152,5555,0.259396533244489,0.265924094444042,5097.04700737319,60.9497130379082
2025-05-30,0.152,5560,0.258548778098983,0.265308568948089,5097.04700737319,59.6030336347084
2025-05-30,0.152,5565,0.258018996271052,0.264663287986915,5097.04700737319,58.356108228975
2025-05-30,0.152,5570,0.257993732545505,0.264336940769722,5097.04700737319,57.3585678851814
2025-05-30,0.152,5575,0.257229762380232,0.263985437074597,5097.04700737319,56.1615195019746
2025-05-30,0.152,5580,0.256975362887829,0.263430766087417,5097.04700737319,55.0642251939332
2025-05-30,0.152,5585,0.256513376977756,0.263025990013429,5097.04700737319,53.9669308364674
2025-05-30,0.152,5590,0.255838159525536,0.262413790794258,5097.04700737319,52.7698824826634
2025-05-30,0.152,5595,0.255129905151212,0.261770974636486,5097.04700737319,51.572834078738
2025-05-30,0.152,5600,0.254952711718168,0.26128099316982,5097.04700737319,50.575293805406
2025-05-30,0.152,5605,0.253801048117712,0.261133994087759,5097.04700737319,49.4281224132924
2025-05-30,0.152,5610,0.253374993214643,0.260589695414716,5097.04700737319,48.3807050900676
2025-05-30,0.152,5615,0.253308582784635,0.260015512346483,5097.04700737319,47.4330417988612
2025-05-30,0.152,5620,0.252436181205827,0.259601890308747,5097.04700737319,46.335747456115
2025-05-30,0.152,5625,0.251921980113531,0.259160683223946,5097.04700737319,45.3382071206478
2025-05-30,0.152,5630,0.251376875264384,0.258691248333986,5097.04700737319,44.3406668228058
2025-05-30,0.152,5635,0.251002778993271,0.258192902863004,5097.04700737319,43.3930035516407
2025-05-30,0.152,5640,0.250190520189063,0.258261179721659,5097.04700737319,42.4952172385913
2025-05-30,0.152,5645,0.249754948478953,0.257709196182184,5097.04700737319,41.5475539718264
2025-05-30,0.152,5650,0.24928962363193,0.257328996255748,5097.04700737319,40.6497676712603
2025-05-30,0.152,5655,0.248793741945715,0.256716475730289,5097.04700737319,39.7021043772812
2025-05-30,0.152,5660,0.248266446312502,0.256278536278054,5097.04700737319,38.8043180820558
2025-05-30,0.152,5665,0.247924080492544,0.25602102980623,5097.04700737319,38.0062858479688
2025-05-30,0.152,5670,0.247333879985701,0.255738369039263,5097.04700737319,37.1583765781773
2025-05-30,0.152,5675,0.246932027391482,0.255429989217321,5097.04700737319,36.3603443360685
2025-05-30,0.152,5680,0.246500475938993,0.254879287119501,5097.04700737319,35.5124350752638
2025-05-30,0.152,5685,0.246038385255129,0.254515257572305,5097.04700737319,34.7144028394737
2025-05-30,0.152,5690,0.246236142290621,0.253902431020069,5097.04700737319,34.0161246086018
2025-05-30,0.152,5695,0.245252667834625,0.253479692352961,5097.04700737319,33.1183383332073
2025-05-30,0.152,5700,0.244696470642576,0.252801083867936,5097.04700737319,32.2704290556004
2025-05-30,0.152,5705,0.244345723501524,0.253003392888031,5097.04700737319,31.6719048874541
2025-05-30,0.152,5710,0.243965901197288,0.2522643095537,5097.04700737319,30.8738726312224
2025-05-30,0.152,5715,0.243556158700151,0.251722218260678,5097.04700737319,30.1257173881072
2025-05-30,0.152,5720,0.243115593500332,0.251622502571249,5097.04700737319,29.4773161905514
2025-05-30,0.152,5725,0.242643240223773,0.251020175953446,5097.04700737319,28.7291609558879
2025-05-30,0.152,5730,0.243159850094596,0.2506267873352,5097.04700737319,28.2303908149723
2025-05-30,0.152,5735,0.241858766118905,0.250204083883728,5097.04700737319,27.382481545944
2025-05-30,0.152,5740,0.241551710812287,0.250000889379592,5097.04700737319,26.7839573475148
2025-05-30,0.152,5745,0.240949237947736,0.249772942213171,5097.04700737319,26.1355561494765
2025-05-30,0.152,5750,0.241659818591228,0.249263846369295,5097.04700737319,25.6866630254381
2025-05-30,0.152,5755,0.240181163123734,0.248981276697317,5097.04700737319,24.8886307699242
2025-05-30,0.152,5760,0.240028895811804,0.248671841570483,5097.04700737319,24.3399835907706
2025-05-30,0.152,5765,0.239569752036293,0.248334782979528,5097.04700737319,23.7414594087191
2025-05-30,0.152,5770,0.239077068715526,0.24796929300212,5097.04700737319,23.1429352155852
2025-05-30,0.152,5775,0.238840788249331,0.247574510019357,5097.04700737319,22.5942880432894
2025-05-30,0.152,5780,0.238577374864079,0.247426433804531,5097.04700737319,22.0955178738964
2025-05-30,0.152,5785,0.238286001865464,0.247254684242973,5097.04700737319,21.5967477399307
2025-05-30,0.152,5790,0.237661685557521,0.246774631402548,5097.04700737319,20.9982235462492
2025-05-30,0.152,5795,0.237307005179302,0.246549922037266,5097.04700737319,20.4994534030887
2025-05-30,0.152,5800,0.23817111405818,0.246299449815745,5097.04700737319,20.2001912969449
2025-05-30,0.152,5805,0.236822266476654,0.24602247229927,5097.04700737319,19.5517900918041
2025-05-30,0.152,5810,0.236376500422332,0.245718197718133,5097.04700737319,19.0530199401612
2025-05-30,0.152,5815,0.236225129508379,0.245385781333656,5097.04700737319,18.6041267900883
2025-05-30,0.152,5820,0.235715154728823,0.245024320781574,5097.04700737319,18.1053566592526
2025-05-30,0.152,5825,0.235507892236785,0.244946302434308,5097.04700737319,17.7063405293242
2025-05-30,0.152,5830,0.234928953748175,0.244528712380327,5097.04700737319,17.2075703840934
2025-05-30,0.152,5835,0.234661672027297,0.244401847182657,5097.04700737319,16.808554244371
2025-05-30,0.152,5840,0.234365507665074,0.243924541889345,5097.04700737319,16.3596611090412
2025-05-30,0.152,5845,0.234401455843339,0.243079516246579,5097.04700737319,15.9107679729034
2025-05-30,0.152,5850,0.234050616297625,0.242866180658239,5097.04700737319,15.5117518487423
2025-05-30,0.152,5855,0.233667871241216,0.24262685753209,5097.04700737319,15.1127357102484
2025-05-30,0.152,5860,0.233251962078963,0.242360722938689,5097.04700737319,14.7137195946011
2025-05-30,0.152,5865,0.233188839363163,0.242421116588308,5097.04700737319,14.4144575048687
2025-05-30,0.152,5870,0.232709886793048,0.242104357482539,5097.04700737319,14.0154413815266
2025-05-30,0.152,5875,0.232594688011335,0.241758201179703,5097.04700737319,13.666302265685
2025-05-30,0.152,5880,0.232047826309463,0.241381580442337,5097.04700737319,13.2672861371596
2025-05-30,0.152,5885,0.231876576606193,0.241350570310985,5097.04700737319,12.9680240515683
2025-05-30,0.152,5890,0.231679122250538,0.240916233476403,5097.04700737319,12.6188849353436
2025-05-30,0.152,5895,0.231454541815225,0.240837564076449,5097.04700737319,12.3196228504959
2025-05-30,0.152,5900,0.231637693966517,0.240736726870913,5097.04700737319,12.0702377705539
2025-05-30,0.152,5905,0.230919969351282,0.24021181542349,5097.04700737319,11.6712216437769
2025-05-30,0.152,5910,0.231059860113792,0.240058441874964,5097.04700737319,11.4218365643187
2025-05-30,0.152,5915,0.230263997680067,0.239880572650976,5097.04700737319,11.0726974535108
2025-05-30,0.152,5920,0.230357294665208,0.239677403467172,5097.04700737319,10.8233123847758
2025-05-30,0.152,5925,0.229955899001127,0.239448074305363,5097.04700737319,10.5240502700338
2025-05-30,0.152,5930,0.229519084994015,0.239191664174833,5097.04700737319,10.2247881847264
2025-05-30,0.152,5935,0.229542514596167,0.238907184709501,5097.04700737319,9.97540312161247
2025-05-30,0.152,5940,0.229040829169601,0.239044112556551,5097.04700737319,9.72601803246464
2025-05-30,0.152,5945,0.229015661777733,0.238708576969044,5097.04700737319,9.47663295730258
2025-05-30,0.152,5950,0.228969021870792,0.238341937681371,5097.04700737319,9.22724787499564
2025-05-30,0.152,5955,0.228365821555999,0.238417064563082,5097.04700737319,8.97786280194002
2025-05-30,0.152,5960,0.228264743807305,0.23799372402876,5097.04700737319,8.72847771407395
2025-05-30,0.152,5965,0.228139554699231,0.238026314789144,5097.04700737319,8.52896966191072
2025-05-30,0.152,5970,0.227421237384488,0.238040170249709,5097.04700737319,8.27958457670289
2025-05-30,0.152,5975,0.227813247499804,0.237529068569838,5097.04700737319,8.08007652098843
2025-05-30,0.152,5980,0.227610161261917,0.23749597052969,5097.04700737319,7.88056846720636
2025-05-30,0.152,5985,0.227379012674147,0.237442165259691,5097.04700737319,7.68106040378456
2025-05-30,0.152,5990,0.227118612553981,0.237367004180979,5097.04700737319,7.48155234350232
2025-05-30,0.152,5995,0.226199502092153,0.237269796077583,5097.04700737319,7.2321672611447
2025-05-30,0.152,6000,0.228394904140659,0.237149803167398,5097.04700737319,7.23216725793652
2025-05-30,0.152,6005,0.226148453828013,0.237006236882139,5097.04700737319,6.88302814440601
2025-05-30,0.152,6010,0.226422454313671,0.236838253065204,5097.04700737319,6.73339710201037
2025-05-30,0.152,6015,0.226010103822288,0.236644946296428,5097.04700737319,6.5338890361726
2025-05-30,0.152,6020,0.22894221928021,0.236425344216833,5097.04700737319,6.5837660590532
2025-05-30,0.152,6025,0.225069439063624,0.236778975547484,5097.04700737319,6.18474993762852
2025-05-30,0.152,6030,0.22526394752956,0.236515532621843,5097.04700737319,6.035118886815
2025-05-30,0.152,6035,0.225444425038834,0.236222996925202,5097.04700737319,5.88548783732679
2025-05-30,0.152,6040,0.224861126505383,0.235900097347765,5097.04700737319,5.68597977543008
2025-05-30,0.152,6045,0.225000812231408,0.236191550672951,5097.04700737319,5.586225744649
2025-05-30,0.152,6050,0.230340256700782,0.235817987147455,5097.04700737319,5.7857338029133
2025-05-30,0.152,6055,0.224436812156895,0.236079138291966,5097.04700737319,5.2869636518997
2025-05-30,0.152,6060,0.224515050820157,0.235651298742014,5097.04700737319,5.13733259357424
2025-05-30,0.152,6065,0.224575790077763,0.235880161805978,5097.04700737319,5.03757856907876
2025-05-30,0.152,6070,0.223767921586378,0.235393918144257,5097.04700737319,4.83807050225577
2025-05-30,0.152,6075,0.223776331429227,0.2355882161895,5097.04700737319,4.73831648398141
2025-05-30,0.152,6080,0.223764767458752,0.235769325397413,5097.04700737319,4.63856244841348
2025-05-30,0.152,6085,0.222817980563833,0.235936931010071,5097.04700737319,4.48893140595351
2025-05-30,0.152,6090,0.223678722129527,0.23533885602534,5097.04700737319,4.38917736546135
2025-05-30,0.152,6095,0.223602603534794,0.235467249319629,5097.04700737319,4.28942333227079
2025-05-30,0.152,6100,0.223503225013241,0.235580715113757,5097.04700737319,4.18966930421798
2025-05-30,0.152,6105,0.223379601109168,0.235678843189234,5097.04700737319,4.08991527668312
2025-05-30,0.152,6110,0.223230666767901,0.235761199171392,5097.04700737319,3.99016124430005
2025-05-30,0.152,6115,0.223055267149447,0.235827323656266,5097.04700737319,3.89040721085333
2025-05-30,0.152,6120,0.22285214831527,0.235876729154695,5097.04700737319,3.79065318706548
2025-05-30,0.152,6125,0.222619944131569,0.235908897909537,5097.04700737319,3.69089915121271
2025-05-30,0.152,6130,0.222907430022588,0.235923280149434,5097.04700737319,3.61608362458553
2025-05-30,0.152,6135,0.222626656347987,0.235919290305316,5097.04700737319,3.516329601057
2025-05-30,0.152,6140,0.22288547089147,0.235896304100022,5097.04700737319,3.44151406983586
2025-05-30,0.152,6145,0.222552176153389,0.235853655637909,5097.04700737319,3.34176003798853
2025-05-30,0.152,6150,0.222780133651669,0.235790632748248,5097.04700737319,3.26694452211507
2025-05-30,0.152,6155,0.222389745347305,0.235706472474121,5097.04700737319,3.16719048306229
2025-05-30,0.152,6160,0.222584307800847,0.235600357143413,5097.04700737319,3.09237496484472
2025-05-30,0.152,6165,0.222131491052559,0.236442907796437,5097.04700737319,3.04249794822279
2025-05-30,0.152,6170,0.222289686523715,0.236310263887711,5097.04700737319,2.96768242755511
2025-05-30,0.152,6175,0.221768159851775,0.236153801840696,5097.04700737319,2.86792839408421
2025-05-30,0.152,6180,0.221886474344057,0.236987773848655,5097.04700737319,2.842989883618
2025-05-30,0.152,6185,0.221989630251765,0.236802709139145,5097.04700737319,2.76817436689794
2025-05-30,0.152,6190,0.221362997133399,0.236591652962806,5097.04700737319,2.66842032992265
2025-05-30,0.152,6195,0.221420461919039,0.237416932529723,5097.04700737319,2.6434818235879
2025-05-30,0.152,6200,0.221460538621174,0.237174843957603,5097.04700737319,2.56866630131202
2025-05-30,0.152,6205,0.221482563963506,0.237995171362249,5097.04700737319,2.54372779430818
2025-05-30,0.152,6210,0.221485826211861,0.237720656757426,5097.04700737319,2.4689122699517
2025-05-30,0.152,6215,0.2214695599355,0.238536007698102,5097.04700737319,2.44397376249386
2025-05-30,0.152,6220,0.220610163985407,0.238227546676473,5097.04700737319,2.34421972957984
2025-05-30,0.152,6225,0.220533303679555,0.238465873287468,5097.04700737319,2.29434271818641
2025-05-30,0.152,6230,0.221295012477201,0.238693822491156,5097.04700737319,2.26940420687925
2025-05-30,0.152,6235,0.221191697080502,0.238911157091319,5097.04700737319,2.21952719547523
2025-05-30,0.152,6240,0.221063998640166,0.23911762781365,5097.04700737319,2.16965017764273
2025-05-30,0.152,6245,0.220910681407551,0.239312973014712,5097.04700737319,2.1197731577565
2025-05-30,0.152,6250,0.220730394673887,0.239496918099865,5097.04700737319,2.06989614700302
2025-05-30,0.152,6255,0.220521657781798,0.240292044643237,5097.04700737319,2.04495763692435
2025-05-30,0.152,6260,0.220282843099566,0.240461727396275,5097.04700737319,1.99508062541062
2025-05-30,0.152,6265,0.220012154629814,0.240619404091654,5097.04700737319,1.94520360506067
2025-05-30,0.152,6270,0.220749210300277,0.240764753714124,5097.04700737319,1.92026510143484
2025-05-30,0.152,6275,0.220441049484659,0.241551105307094,5097.04700737319,1.8953265918762
2025-05-30,0.152,6280,0.220096743894402,0.241681183858685,5097.04700737319,1.84544957436225
2025-05-30,0.152,6285,0.219713818248725,0.241798224039751,5097.04700737319,1.79557255969875
2025-05-30,0.152,6290,0.220438930580283,0.242578350032349,5097.04700737319,1.79557255816567
2025-05-30,0.152,6295,0.220010775108251,0.242679345126165,5097.04700737319,1.74569554709618
2025-05-30,0.152,6300,0.219538000553746,0.242067210954055,5097.04700737319,1.67088002164438
2025-05-30,0.152,6305,0.220254479379518,0.242839405279739,5097.04700737319,1.67088001992327
2025-05-30,0.152,6310,0.219729510743068,0.242897593295566,5097.04700737319,1.62100300381353
2025-05-30,0.152,6315,0.219152195375083,0.242940590130529,5097.04700737319,1.57112598751146
2025-05-30,0.152,6320,0.219859675441998,0.243706443313633,5097.04700737319,1.5711259914968
2025-05-30,0.152,6325,0.219221099566804,0.243731028337853,5097.04700737319,1.52124897557536
2025-05-30,0.152,6330,0.219923496358691,0.243739348686423,5097.04700737319,1.49631046688036
2025-05-30,0.152,6335,0.219217991859788,0.244498809795244,5097.04700737319,1.47137195995941
2025-05-30,0.152,6340,0.219915190853074,0.244487537590669,5097.04700737319,1.4464334521919
2025-05-30,0.152,6345,0.219136142429799,0.24524331138969,5097.04700737319,1.42149494347561
2025-05-30,0.152,6350,0.219828013821401,0.245211786557097,5097.04700737319,1.39655643775549
2025-05-30,0.152,6355,0.218967628777631,0.245963865624842,5097.04700737319,1.37161793087881
2025-05-30,0.152,6360,0.21965402472009,0.245911380504592,5097.04700737319,1.3466794181752
2025-05-30,0.152,6365,0.218703028538172,0.245839981095967,5097.04700737319,1.2968024029079
2025-05-30,0.152,6370,0.219383779792715,0.246585551237549,5097.04700737319,1.29680240382361
2025-05-30,0.152,6375,0.21833100242252,0.246491638415356,5097.04700737319,1.24692538805704
2025-05-30,0.152,6380,0.219005913556924,0.247233471770626,5097.04700737319,1.24692539085186
2025-05-30,0.152,6385,0.217837719271807,0.247116168345414,5097.04700737319,1.19704837480955
2025-05-30,0.152,6390,0.218506562985157,0.247854250362458,5097.04700737319,1.19704837166975
2025-05-30,0.152,6395,0.21917463879394,0.248591441220213,5097.04700737319,1.19704837162
2025-05-30,0.152,6400,0.219841949026462,0.248446924840409,5097.04700737319,1.17210986695021
2025-05-30,0.152,6405,0.218530306181081,0.249180357520537,5097.04700737319,1.14717135913426
2025-05-30,0.152,6410,0.217070205133099,0.249010453578388,5097.04700737319,1.09729434395744
2025-05-30,0.152,6415,0.217725321297218,0.249740109599957,5097.04700737319,1.0972943436731
2025-05-30,0.152,6420,0.218379697496448,0.250468895562514,5097.04700737319,1.09729434269466
2025-05-30,0.152,6425,0.216731665302694,0.25026956648362,5097.04700737319,1.04741732725772
2025-05-30,0.152,6430,0.21737903490026,0.250994564146087,5097.04700737319,1.04741732457159
2025-05-30,0.152,6435,0.218025680394525,0.250767499553325,5097.04700737319,1.02247882028156
2025-05-30,0.152,6440,0.216152134405615,0.251488685923674,5097.04700737319,0.997540311889034
2025-05-30,0.152,6445,0.216791319132942,0.252209022898731,5097.04700737319,0.997540311104922
2025-05-30,0.152,6450,0.217429795618555,0.251949920227326,5097.04700737319,0.972601802256044
2025-05-30,0.152,6455,0.215279274732515,0.252666429030044,5097.04700737319,0.94766329373453
2025-05-30,0.152,6460,0.215909718560922,0.253382100079002,5097.04700737319,0.947663296425456
2025-05-30,0.152,6465,0.216539470882317,0.253089456552669,5097.04700737319,0.922724788919546
2025-05-30,0.152,6470,0.214038565343433,0.254810938374384,5097.04700737319,0.922724787650321
2025-05-30,0.152,6475,0.21465954387858,0.255524110713979,5097.04700737319,0.922724786257484
2025-05-30,0.152,6480,0.215279848369013,0.255222448201625,5097.04700737319,0.897786280840878
2025-05-30,0.152,6485,0.215899480852001,0.254891569954588,5097.04700737319,0.87284777413743
2025-05-30,0.152,6490,0.212928626158473,0.255597880047518,5097.04700737319,0.847909265714203
2025-05-30,0.152,6495,0.213538504347165,0.256303377124944,5097.04700737319,0.84790926547215
2025-05-30,0.152,6500,0.214147728863824,0.255935463671573,5097.04700737319,0.822970755696167
2025-05-30,0.152,6505,0.210535815883883,0.256637072040693,5097.04700737319,0.798032247562674
2025-05-30,0.152,6510,0.211133872824239,0.257337878599284,5097.04700737319,0.798032250690012
2025-05-30,0.152,6515,0.211731296610763,0.258037885239095,5097.04700737319,0.798032247464604
2025-05-30,0.152,6520,0.212328088989686,0.257627819252883,5097.04700737319,0.773093741712072
2025-05-30,0.152,6525,0.207740116482152,0.258323915647553,5097.04700737319,0.748155233962259
2025-05-30,0.152,6530,0.20832359225793,0.259019223182898,5097.04700737319,0.74815523345986
2025-05-30,0.152,6535,0.208906459763652,0.259713744187225,5097.04700737319,0.748155234441813
2025-05-30,0.152,6540,0.209488720454508,0.259259231704255,5097.04700737319,0.723216724417614
2025-05-30,0.152,6545,0.21007037607673,0.259949816415513,5097.04700737319,0.723216725385283
2025-05-30,0.152,6550,0.203795825971347,0.261792609841971,5097.04700737319,0.723216726064999
2025-05-30,0.152,6555,0.204360423110942,0.261328660150937,5097.04700737319,0.698278217439258
2025-05-30,0.152,6560,0.204924442830541,0.262016923540678,5097.04700737319,0.698278216724296
2025-05-30,0.152,6565,0.205487886730854,0.26151222062897,5097.04700737319,0.673339710420052
2025-05-30,0.152,6570,0.195483060986409,0.262196525606731,5097.04700737319,0.64840120308584
2025-05-30,0.152,6575,0.196020836035856,0.262880069373806,5097.04700737319,0.648401201960902
2025-05-30,0.152,6580,0.196558074265149,0.263562854258501,5097.04700737319,0.648401203828711
2025-05-30,0.152,6585,0.197094776983962,0.264244882007047,5097.04700737319,0.648401201541759
2025-05-30,0.152,6590,0.197630945356448,0.263687055000493,5097.04700737319,0.623462695023679
2025-05-30,0.152,6595,NA,0.264365096979458,5097.04700737319,NA
2025-05-30,0.152,6600,NA,0.265042392299653,5097.04700737319,NA
2025-05-30,0.152,6605,NA,0.265718942998346,5097.04700737319,NA
2025-05-30,0.152,6610,NA,0.266394751112805,5097.04700737319,NA
2025-05-30,0.152,6615,NA,0.267069818680297,5097.04700737319,NA
2025-05-30,0.152,6620,NA,0.267744147447054,5097.04700737319,NA
2025-05-30,0.152,6625,NA,0.26841773974138,5097.04700737319,NA
2025-05-30,0.152,6630,NA,0.269090597455027,5097.04700737319,NA
2025-05-30,0.152,6635,NA,0.269762722334222,5097.04700737319,NA
2025-05-30,0.152,6640,NA,0.270434116561753,5097.04700737319,NA
2025-05-30,0.152,6650,NA,0.270467718680245,5097.04700737319,NA
2025-05-30,0.152,6660,NA,0.271800404322642,5097.04700737319,NA
2025-05-30,0.152,6670,NA,0.273130221637028,5097.04700737319,NA
2025-05-30,0.152,6680,NA,0.273093210877913,5097.04700737319,NA
2025-05-30,0.152,6690,NA,0.274412191817586,5097.04700737319,NA
2025-05-30,0.152,6700,NA,0.274308332033738,5097.04700737319,NA
2025-05-30,0.152,6710,NA,0.275616413297867,5097.04700737319,NA
2025-05-30,0.152,6720,NA,0.27692173188089,5097.04700737319,NA
2025-05-30,0.152,6730,NA,0.278224301752645,5097.04700737319,NA
2025-05-30,0.152,6740,NA,0.279524136882972,5097.04700737319,NA
2025-05-30,0.152,6750,NA,0.279324146710569,5097.04700737319,NA
2025-05-30,0.152,6760,NA,0.280613135716399,5097.04700737319,NA
2025-05-30,0.152,6770,NA,0.281899447169828,5097.04700737319,NA
2025-05-30,0.152,6780,NA,0.283183094167578,5097.04700737319,NA
2025-05-30,0.152,6790,NA,0.284464089951892,5097.04700737319,NA
2025-05-30,0.152,6800,NA,0.285742447473976,5097.04700737319,NA
2025-05-30,0.152,6810,NA,0.285432167899501,5097.04700737319,NA
2025-05-30,0.152,6820,NA,0.286699751765626,5097.04700737319,NA
2025-05-30,0.152,6830,NA,0.287964751648165,5097.04700737319,NA
2025-05-30,0.152,6840,NA,0.289227180352801,5097.04700737319,NA
2025-05-30,0.152,6850,NA,0.290487049957626,5097.04700737319,NA
2025-05-30,0.152,6860,NA,0.291744372686247,5097.04700737319,NA
2025-05-30,0.152,6870,NA,0.292999160762274,5097.04700737319,NA
2025-05-30,0.152,6880,NA,0.294251425827239,5097.04700737319,NA
2025-05-30,0.152,6890,NA,0.29550117995923,5097.04700737319,NA
2025-05-30,0.152,6900,0.229879725836712,0.272215139290855,5097.04700737319,0.224446569490946
2025-05-30,0.152,6910,NA,0.29628815830319,5097.04700737319,NA
2025-05-30,0.152,6920,NA,0.297524842487,5097.04700737319,NA
2025-05-30,0.152,6930,NA,0.298759077728997,5097.04700737319,NA
2025-05-30,0.152,6940,NA,0.299990875379674,5097.04700737319,NA
2025-05-30,0.152,6950,NA,0.301220246644006,5097.04700737319,NA
2025-05-30,0.152,7000,NA,0.305502974394214,5097.04700737319,NA
2025-05-30,0.152,7100,0.262715020241615,0.291468976235361,5097.04700737319,0.224446570349498
2025-05-30,0.152,7200,NA,0.329257100116893,5097.04700737319,NA
2025-05-30,0.152,7300,0.282707629109466,0.338724372874118,5097.04700737319,0.448893140254985
2025-05-30,0.152,7400,0.278216220055485,0.350012181757941,5097.04700737319,0.423954632250619
2025-05-30,0.152,7500,0.287400331896416,0.358807430626262,5097.04700737319,0.399016124823201
2025-05-30,0.152,7600,NA,0.364574904402564,5097.04700737319,NA
2025-05-30,0.152,7800,NA,0.388221470953506,5097.04700737319,NA
2025-05-30,0.152,8000,NA,0.408587458392011,5097.04700737319,NA
2025-05-30,0.152,8200,NA,0.428324105182802,5097.04700737319,NA
2025-05-30,0.152,8400,NA,0.447470791573352,5097.04700737319,NA
2025-06-20,0.208,200,NA,2.03343126778017,5104.63144308714,NA
2025-06-20,0.208,400,NA,1.79586275539823,5104.63144308714,NA
2025-06-20,0.208,600,1.32697698137723,1.39183740132889,5104.63144308714,4504.70817503758
2025-06-20,0.208,800,1.20389354460414,1.31826652797413,5104.63144308714,4304.84885028004
2025-06-20,0.208,1000,1.07690776248829,1.20383879433276,5104.63144308714,4104.9511595472
2025-06-20,0.208,1200,0.957998113462434,1.10423498264737,5104.63144308714,3905.05346881454
2025-06-20,0.208,1400,0.950811980309933,0.992661265062485,5104.63144308714,3705.23251003291
2025-06-20,0.208,1600,0.930213671690329,0.984931517904553,5104.63144308714,3506.16608209666
2025-06-20,0.208,1800,0.900348560990143,0.935074756143576,5104.63144308714,3307.22754074572
2025-06-20,0.208,1900,0.883653973160322,0.913981088688071,5104.63144308714,3207.95649427432
2025-06-20,0.208,2000,0.863362720574931,0.886012574647074,5104.63144308714,3108.62150450981
2025-06-20,0.208,2100,0.842838660046877,0.865221707663693,5104.63144308714,3009.51671059856
2025-06-20,0.208,2200,0.822035764886926,0.842027889321519,5104.63144308714,2910.46307132429
2025-06-20,0.208,2300,0.801856810741024,0.818949866535101,5104.63144308714,2811.53731862969
2025-06-20,0.208,2400,0.781167035767214,0.796634907766194,5104.63144308714,2712.73945251743
2025-06-20,0.208,2500,0.760731584033771,0.774778682699828,5104.63144308714,2614.09505031394
2025-06-20,0.208,2600,0.740368369462713,0.752637602001119,5104.63144308714,2515.57853468813
2025-06-20,0.208,2700,0.719460205165924,0.730741799654349,5104.63144308714,2417.18990565262
2025-06-20,0.208,2800,0.698561458141076,0.709391057336826,5104.63144308714,2318.98031782754
2025-06-20,0.208,2900,0.677204607802655,0.687607214369919,5104.63144308714,2220.87303926847
2025-06-20,0.208,3000,0.656171931934965,0.666137336686576,5104.63144308714,2122.97037925245
2025-06-20,0.208,3100,0.63529703127912,0.644225473536488,5104.63144308714,2025.22118312871
2025-06-20,0.208,3150,0.624729900612767,0.633768175633107,5104.63144308714,1976.44889433466
2025-06-20,0.208,3200,0.614455638299837,0.623292818948446,5104.63144308714,1927.75333749578
2025-06-20,0.208,3250,0.604150499442138,0.612790518083069,5104.63144308714,1879.10893528161
2025-06-20,0.208,3300,0.594059133021273,0.602009145680615,5104.63144308714,1830.51568770832
2025-06-20,0.208,3350,0.583895379407778,0.592137606602992,5104.63144308714,1782.07590402679
2025-06-20,0.208,3400,0.574563192079617,0.581927290789784,5104.63144308714,1733.76400694881
2025-06-20,0.208,3450,0.56419764211,0.571829778222003,5104.63144308714,1685.42653254061
2025-06-20,0.208,3500,0.555180619434256,0.561812550607805,5104.63144308714,1637.34483130853
2025-06-20,0.208,3550,0.544387279100161,0.552035182939909,5104.63144308714,1589.1608208018
2025-06-20,0.208,3600,0.534820060733246,0.542443786420324,5104.63144308714,1541.25816078086
2025-06-20,0.208,3650,0.52558196783518,0.533160269573354,5104.63144308714,1493.5601192902
2025-06-20,0.208,3700,0.516268893429037,0.523793484048103,5104.63144308714,1445.96438707524
2025-06-20,0.208,3725,0.511781665722377,0.519114228686015,5104.63144308714,1422.24325290623
2025-06-20,0.208,3750,0.50670916493289,0.514484308973164,5104.63144308714,1398.47096413555
2025-06-20,0.208,3775,0.502320087566139,0.51004630559359,5104.63144308714,1374.8777165381
2025-06-20,0.208,3800,0.497961185341843,0.505490646632455,5104.63144308714,1351.31004628897
2025-06-20,0.208,3825,0.493771762871367,0.500822261260004,5104.63144308714,1327.79353065846
2025-06-20,0.208,3850,0.48945099161262,0.496461954484851,5104.63144308714,1304.35374698067
2025-06-20,0.208,3875,0.485004581009542,0.492112645610669,5104.63144308714,1280.93954062554
2025-06-20,0.208,3900,0.48084189055286,0.487637502978568,5104.63144308714,1257.60206624618
2025-06-20,0.208,3925,0.476412150769386,0.483298827916439,5104.63144308714,1234.29016913781
2025-06-20,0.208,3950,0.472114740136713,0.479082396509224,5104.63144308714,1211.08058129766
2025-06-20,0.208,3975,0.467935378569388,0.474730081791432,5104.63144308714,1187.92214811187
2025-06-20,0.208,4000,0.463860538752534,0.470605236355165,5104.63144308714,1164.8916015209
2025-06-20,0.208,4025,0.45964037696185,0.466570161247383,5104.63144308714,1141.91220953465
2025-06-20,0.208,4050,0.454817409213274,0.463633284839356,5104.63144308714,1119.11185881501
2025-06-20,0.208,4075,0.450785948364678,0.459497705037301,5104.63144308714,1096.2859307161
2025-06-20,0.208,4100,0.446492117939708,0.455322788498001,5104.63144308714,1073.46000266093
2025-06-20,0.208,4125,0.442702278546752,0.451316677231251,5104.63144308714,1050.86427044223
2025-06-20,0.208,4150,0.438745032611339,0.447359371050909,5104.63144308714,1028.31969285283
2025-06-20,0.208,4175,0.434319407090857,0.443241188791106,5104.63144308714,1005.69838330409
2025-06-20,0.208,4200,0.430852105223688,0.439261732704037,5104.63144308714,983.435156198974
2025-06-20,0.208,4225,0.426903699576776,0.43531001125772,5104.63144308714,961.146351803436
2025-06-20,0.208,4250,0.422977807052394,0.431378243688603,5104.63144308714,938.959856633285
2025-06-20,0.208,4275,0.419066639756551,0.42718457045817,5104.63144308714,916.798938814974
2025-06-20,0.208,4300,0.41534451580936,0.423813696711742,5104.63144308714,895.021680734622
2025-06-20,0.208,4325,0.411436924355646,0.419805722072247,5104.63144308714,873.116536059726
2025-06-20,0.208,4350,0.407696716888921,0.415623237372876,5104.63144308714,851.313700673021
2025-06-20,0.208,4375,0.404021112504332,0.41185705619266,5104.63144308714,829.766638450347
2025-06-20,0.208,4400,0.400564695324235,0.408719586580862,5104.63144308714,808.603236003277
2025-06-20,0.208,4425,0.3967381858325,0.404561062483029,5104.63144308714,787.132905668659
2025-06-20,0.208,4450,0.393193092773461,0.400850729952748,5104.63144308714,766.02065783853
2025-06-20,0.208,4475,0.38959345520713,0.397246665548285,5104.63144308714,745.061873885217
2025-06-20,0.208,4500,0.386087331449477,0.393433750746795,5104.63144308714,724.205399235998
2025-06-20,0.208,4525,0.382586825895255,0.389934226719255,5104.63144308714,703.604697736273
2025-06-20,0.208,4550,0.378937702649441,0.386432588443952,5104.63144308714,683.106305506226
2025-06-20,0.208,4560,0.376516767015174,0.385328763537213,5104.63144308714,674.717676458559
2025-06-20,0.208,4570,0.374506366084309,0.384255409758886,5104.63144308714,666.508088606674
2025-06-20,0.208,4575,0.375355677557149,0.382921379228484,5104.63144308714,662.786954436981
2025-06-20,0.208,4580,0.373183222132728,0.382715883047916,5104.63144308714,658.400810086805
2025-06-20,0.208,4590,0.37182161193947,0.381422766827889,5104.63144308714,650.395840780748
2025-06-20,0.208,4600,0.372110054764434,0.379393437929848,5104.63144308714,642.748953965757
2025-06-20,0.208,4610,0.368984386755887,0.378444279800342,5104.63144308714,634.283592974177
2025-06-20,0.208,4620,0.367509400844856,0.377038542815904,5104.63144308714,626.278623641598
2025-06-20,0.208,4625,0.36820810072268,0.37591039292767,5104.63144308714,622.659798717886
2025-06-20,0.208,4630,0.366823107638918,0.375458628137333,5104.63144308714,618.529427518783
2025-06-20,0.208,4640,0.364858130802476,0.374114463071089,5104.63144308714,610.422148957126
2025-06-20,0.208,4650,0.36523541976379,0.372394616011531,5104.63144308714,603.082189954839
2025-06-20,0.208,4660,0.362721742154429,0.371175670466864,5104.63144308714,594.872602098771
2025-06-20,0.208,4670,0.361320296093234,0.369849068834705,5104.63144308714,587.072251355716
2025-06-20,0.208,4675,0.361470454978168,0.368839734315676,5104.63144308714,583.376694519473
2025-06-20,0.208,4680,0.359348007501467,0.368614392669677,5104.63144308714,579.118436701495
2025-06-20,0.208,4690,0.358926229115245,0.36733822433772,5104.63144308714,571.778477671297
2025-06-20,0.208,4700,0.358646691189286,0.36556511144766,5104.63144308714,564.33620933633
2025-06-20,0.208,4710,0.356946645648374,0.364080374734793,5104.63144308714,556.484703969688
2025-06-20,0.208,4720,0.355726389267183,0.362878002220861,5104.63144308714,548.965703696752
2025-06-20,0.208,4725,0.354585004557568,0.362100475200323,5104.63144308714,544.937641666535
2025-06-20,0.208,4730,0.354206141224546,0.361568802787566,5104.63144308714,541.318816817806
2025-06-20,0.208,4740,0.353092352912489,0.36009074336652,5104.63144308714,533.799816525444
2025-06-20,0.208,4750,0.352059995517339,0.35882502098139,5104.63144308714,526.434280181796
2025-06-20,0.208,4760,0.350540469395216,0.35745359566683,5104.63144308714,518.864125293128
2025-06-20,0.208,4770,0.349042676121929,0.355915410060368,5104.63144308714,511.268393044645
2025-06-20,0.208,4775,0.348559007276089,0.355162248184612,5104.63144308714,507.598413575963
2025-06-20,0.208,4780,0.347752274852726,0.354522856238012,5104.63144308714,503.851702075998
2025-06-20,0.208,4790,0.346046489890929,0.353272889502538,5104.63144308714,496.358279085081
2025-06-20,0.208,4800,0.345407928422131,0.351855940267417,5104.63144308714,489.274093182654
2025-06-20,0.208,4810,0.343922151247325,0.350640162529176,5104.63144308714,481.959711488134
2025-06-20,0.208,4820,0.342636605952233,0.349561090284722,5104.63144308714,474.824371010124
2025-06-20,0.208,4825,0.342158692679904,0.348761877709072,5104.63144308714,471.231123388557
2025-06-20,0.208,4830,0.341063502588623,0.348193604464652,5104.63144308714,467.48441191252
2025-06-20,0.208,4840,0.339447468601264,0.346901881444989,5104.63144308714,460.195607496708
2025-06-20,0.208,4850,0.33898602344036,0.345624476927834,5104.63144308714,453.44392671946
2025-06-20,0.208,4860,0.337576103071332,0.344360632176326,5104.63144308714,446.334163529109
2025-06-20,0.208,4870,0.336298310309079,0.34281370625302,5104.63144308714,439.198822983879
2025-06-20,0.208,4875,0.335759925534384,0.342200841138209,5104.63144308714,435.759039328614
2025-06-20,0.208,4880,0.334619133524277,0.341752866539713,5104.63144308714,432.140214436497
2025-06-20,0.208,4890,0.333130836103272,0.340467215597717,5104.63144308714,425.107183219864
2025-06-20,0.208,4900,0.332531837071924,0.339251154097129,5104.63144308714,418.534543628978
2025-06-20,0.208,4910,0.331179815717687,0.337812517124109,5104.63144308714,411.57824437681
2025-06-20,0.208,4920,0.329895530618454,0.336558859295338,5104.63144308714,404.775408947908
2025-06-20,0.208,4925,0.329119237454809,0.33588492561308,5104.63144308714,401.31004795524
2025-06-20,0.208,4930,0.328619814123465,0.335314339341734,5104.63144308714,398.023728218356
2025-06-20,0.208,4940,0.326776813477734,0.334135772160405,5104.63144308714,391.093006230235
2025-06-20,0.208,4950,0.326205956686285,0.332850123692234,5104.63144308714,384.72498518566
2025-06-20,0.208,4960,0.324723103427805,0.331572111778137,5104.63144308714,377.998881808827
2025-06-20,0.208,4970,0.323646026541967,0.330357964581998,5104.63144308714,371.528551509825
2025-06-20,0.208,4975,0.323087770399433,0.329731891566849,5104.63144308714,368.293386398094
2025-06-20,0.208,4980,0.322289532947623,0.329036459758148,5104.63144308714,364.930334622633
2025-06-20,0.208,4990,0.321108007216408,0.327834091900828,5104.63144308714,358.511158961735
2025-06-20,0.208,5000,0.319930175343355,0.326523858553956,5104.63144308714,352.09198335053
2025-06-20,0.208,5010,0.318643051019942,0.325218506647048,5104.63144308714,345.672807651916
2025-06-20,0.208,5020,0.31741513552921,0.324029524951028,5104.63144308714,339.381518600621
2025-06-20,0.208,5025,0.316837054148407,0.323387257400459,5104.63144308714,336.248662754947
2025-06-20,0.208,5030,0.316133559123478,0.322899586195855,5104.63144308714,333.141384183626
2025-06-20,0.208,5040,0.31490971453103,0.321660409414484,5104.63144308714,326.926827117272
2025-06-20,0.208,5050,0.313241578720869,0.320423536346814,5104.63144308714,320.558806088816
2025-06-20,0.208,5060,0.311853541667481,0.319132848695919,5104.63144308714,314.344248960044
2025-06-20,0.208,5070,0.311187084759267,0.318009979406683,5104.63144308714,308.590083586127
2025-06-20,0.208,5075,0.310361072648938,0.317732764548471,5104.63144308714,305.636268876306
2025-06-20,0.208,5080,0.30996438336528,0.317607460480266,5104.63144308714,302.963804770283
2025-06-20,0.208,5085,0.309553260036907,0.317024894344709,5104.63144308714,300.086722046512
2025-06-20,0.208,5090,0.308685247315732,0.315764724533873,5104.63144308714,296.698092986596
2025-06-20,0.208,5095,0.30807968129608,0.314270368277444,5104.63144308714,293.335041252004
2025-06-20,0.208,5100,0.307570288011056,0.313646976743714,5104.63144308714,290.432381199735
2025-06-20,0.208,5105,0.306726465957198,0.3127999714584,5104.63144308714,287.284422544154
2025-06-20,0.208,5110,0.306174065650871,0.312134332076784,5104.63144308714,284.368608477688
2025-06-20,0.208,5115,0.305386477581663,0.312006213377136,5104.63144308714,281.606258224328
2025-06-20,0.208,5120,0.304749893572626,0.311256863230054,5104.63144308714,278.639289472519
2025-06-20,0.208,5125,0.304264074099234,0.310603565473262,5104.63144308714,275.800207250567
2025-06-20,0.208,5130,0.303543064389136,0.309991042328459,5104.63144308714,272.884393142291
2025-06-20,0.208,5135,0.302917550749608,0.309253894107815,5104.63144308714,269.968579069545
2025-06-20,0.208,5140,0.302222138294954,0.308612485411284,5104.63144308714,267.078342282231
2025-06-20,0.208,5145,0.301401699277119,0.307956529601656,5104.63144308714,264.136950791803
2025-06-20,0.208,5150,0.300621410739628,0.306955485454251,5104.63144308714,261.067672758204
2025-06-20,0.208,5155,0.300211642049044,0.306600712525851,5104.63144308714,258.484363790521
2025-06-20,0.208,5160,0.299566462951277,0.305404990673736,5104.63144308714,255.415085808354
2025-06-20,0.208,5165,0.298740852037251,0.305240954354845,5104.63144308714,252.755044840585
2025-06-20,0.208,5170,0.298230514915005,0.304566298752072,5104.63144308714,250.018271949211
2025-06-20,0.208,5175,0.297264041752608,0.303435844568062,5104.63144308714,246.872261999069
2025-06-20,0.208,5180,0.296502487496301,0.303171962029062,5104.63144308714,244.237798366222
2025-06-20,0.208,5185,0.296001075063665,0.302562372695888,5104.63144308714,241.577757386987
2025-06-20,0.208,5190,0.295318708837571,0.301606704767105,5104.63144308714,238.687520559124
2025-06-20,0.208,5195,0.294896607689869,0.300745863375273,5104.63144308714,235.976325018445
2025-06-20,0.208,5200,0.293851623597875,0.300200668013213,5104.63144308714,233.137242797045
2025-06-20,0.208,5205,0.293508623750971,0.300026737847158,5104.63144308714,230.809707007733
2025-06-20,0.208,5210,0.29281841040459,0.298953659682106,5104.63144308714,227.919470255571
2025-06-20,0.208,5215,0.291614273470936,0.298693923129274,5104.63144308714,225.182697327217
2025-06-20,0.208,5220,0.291334448581208,0.297921041662153,5104.63144308714,222.650542928644
2025-06-20,0.208,5225,0.290651193960689,0.297464508936792,5104.63144308714,220.092811266919
2025-06-20,0.208,5230,0.289951654437357,0.296382828989128,5104.63144308714,217.253729077516
2025-06-20,0.208,5235,0.289291219693742,0.296172054974427,5104.63144308714,214.849461335479
2025-06-20,0.208,5240,0.288669929893128,0.295501928218711,5104.63144308714,212.266152304775
2025-06-20,0.208,5245,0.288032213890605,0.294426657807629,5104.63144308714,209.503802060823
2025-06-20,0.208,5250,0.287266571273715,0.294168942515823,5104.63144308714,207.073957019607
2025-06-20,0.208,5255,0.286707022047994,0.29361736366511,5104.63144308714,204.618534571085
2025-06-20,0.208,5260,0.285963458615522,0.292826657848065,5104.63144308714,201.984070910497
2025-06-20,0.208,5265,0.285258707905827,0.292242574238788,5104.63144308714,199.477493932998
2025-06-20,0.208,5270,0.28436890485575,0.29158628722757,5104.63144308714,196.868607624068
2025-06-20,0.208,5275,0.28407811640757,0.290969423100934,5104.63144308714,194.566649118625
2025-06-20,0.208,5280,0.2834343695093,0.290336020140566,5104.63144308714,192.111226650071
2025-06-20,0.208,5285,0.282548448910206,0.289629792411476,5104.63144308714,189.527917673126
2025-06-20,0.208,5290,0.281813447824654,0.289019067301318,5104.63144308714,187.07249524615
2025-06-20,0.208,5295,0.281512273529057,0.288447908994185,5104.63144308714,184.847268687635
2025-06-20,0.208,5300,0.280912137120015,0.287747167337136,5104.63144308714,182.443000873235
2025-06-20,0.208,5305,0.280237955036564,0.287142241892792,5104.63144308714,180.064310395674
2025-06-20,0.208,5310,0.279545997206585,0.286520317192117,5104.63144308714,177.68561995639
2025-06-20,0.208,5315,0.278665430111584,0.285881244805576,5104.63144308714,175.230197604442
2025-06-20,0.208,5320,0.278279049695713,0.285224868591117,5104.63144308714,173.004970989916
2025-06-20,0.208,5325,0.277818692727029,0.284038128617638,5104.63144308714,170.523971226893
2025-06-20,0.208,5330,0.276539440407678,0.283802433283955,5104.63144308714,168.119703468913
2025-06-20,0.208,5335,0.276272257639824,0.283150236670588,5104.63144308714,165.996786202508
2025-06-20,0.208,5340,0.275758444065031,0.282480291377256,5104.63144308714,163.7715596338
2025-06-20,0.208,5345,0.275111559191761,0.281907424529756,5104.63144308714,161.546332993732
2025-06-20,0.208,5350,0.27456186830653,0.281316999923418,5104.63144308714,159.372261167025
2025-06-20,0.208,5355,0.273936136824831,0.280708847155315,5104.63144308714,157.172611875246
2025-06-20,0.208,5360,0.273291848886353,0.279966904515161,5104.63144308714,154.921808003516
2025-06-20,0.208,5365,0.272803731083469,0.27938053683727,5104.63144308714,152.824468029572
2025-06-20,0.208,5370,0.27200524639462,0.278426607862357,5104.63144308714,150.445777560639
2025-06-20,0.208,5375,0.271362840309819,0.277744656365846,5104.63144308714,148.271705657862
2025-06-20,0.208,5380,0.270819044987523,0.277454182821112,5104.63144308714,146.327829535116
2025-06-20,0.208,5385,0.270138628718069,0.276970849251398,5104.63144308714,144.25606682465
2025-06-20,0.208,5390,0.269557123271613,0.2762929468253,5104.63144308714,142.158726947057
2025-06-20,0.208,5395,0.268956622046057,0.275714304904722,5104.63144308714,140.112541580784
2025-06-20,0.208,5400,0.26845614864851,0.275235830947099,5104.63144308714,138.168665478286
2025-06-20,0.208,5405,0.26757802249177,0.274620403531054,5104.63144308714,136.020170895565
2025-06-20,0.208,5410,0.267158922240027,0.273986067356362,5104.63144308714,134.076294781052
2025-06-20,0.208,5415,0.266540774634469,0.273452453572595,5104.63144308714,132.106841415658
2025-06-20,0.208,5420,0.265963359149307,0.272479239672025,5104.63144308714,129.983924069542
2025-06-20,0.208,5425,0.265062624409472,0.27232941577218,5104.63144308714,128.091202643374
2025-06-20,0.208,5430,0.264688578342467,0.271315361339446,5104.63144308714,126.070594654072
2025-06-20,0.208,5435,0.264173891798279,0.270826323710001,5104.63144308714,124.229027856979
2025-06-20,0.208,5440,0.263455369010493,0.270196569496857,5104.63144308714,122.259574422869
2025-06-20,0.208,5445,0.262900919503464,0.269608371333549,5104.63144308714,120.392430300551
2025-06-20,0.208,5450,0.262822621613906,0.269370023476758,5104.63144308714,118.883368571791
2025-06-20,0.208,5455,0.262043482968756,0.268373095629614,5104.63144308714,116.786028587305
2025-06-20,0.208,5460,0.261179613905442,0.267911772704797,5104.63144308714,114.893307196706
2025-06-20,0.208,5465,0.260669873411721,0.267681097781868,5104.63144308714,113.256358903161
2025-06-20,0.208,5470,0.260140241905074,0.267183124839915,5104.63144308714,111.517101357104
2025-06-20,0.208,5475,0.259526971082867,0.266603058577875,5104.63144308714,109.7266891394
2025-06-20,0.208,5480,0.258956389613653,0.265623717738918,5104.63144308714,107.808390392644
2025-06-20,0.208,5485,0.258429126576729,0.265064983565969,5104.63144308714,106.094710132719
2025-06-20,0.208,5490,0.257623649256055,0.264996621142052,5104.63144308714,104.483339209112
2025-06-20,0.208,5495,0.257053819538782,0.264015254239938,5104.63144308714,102.616195106581
2025-06-20,0.208,5500,0.256983770402372,0.263396016841448,5104.63144308714,101.107133428997
2025-06-20,0.208,5505,0.256439643587447,0.262885359577068,5104.63144308714,99.4701851314827
2025-06-20,0.208,5510,0.255677058327947,0.262810413430144,5104.63144308714,97.9355460847285
2025-06-20,0.208,5515,0.255155616057114,0.262327306870308,5104.63144308714,96.349752453787
2025-06-20,0.208,5520,0.254613174353973,0.261824369542476,5104.63144308714,94.76395881605
2025-06-20,0.208,5525,0.254049385718788,0.260705948046129,5104.63144308714,92.9479692852265
2025-06-20,0.208,5530,0.253531244549925,0.260757797247683,5104.63144308714,91.6179488712136
2025-06-20,0.208,5535,0.252991829063075,0.260260381789603,5104.63144308714,90.0833098573396
2025-06-20,0.208,5540,0.252430773568609,0.259406322608901,5104.63144308714,88.4207842910672
2025-06-20,0.208,5545,0.251847692149733,0.259001256806281,5104.63144308714,86.9372999012867
2025-06-20,0.208,5550,0.251518355678114,0.258236352262531,5104.63144308714,85.4282381580293
2025-06-20,0.208,5555,0.250822338009305,0.257927000518171,5104.63144308714,83.9703311340973
2025-06-20,0.208,5560,0.250312006562307,0.257805702010152,5104.63144308714,82.6658879906113
2025-06-20,0.208,5565,0.249850273273482,0.257321748965407,5104.63144308714,81.2591355562655
2025-06-20,0.208,5570,0.249296388671801,0.256817077049279,5104.63144308714,79.8268057918788
2025-06-20,0.208,5575,0.248719871476366,0.255799971953037,5104.63144308714,78.2154348638344
2025-06-20,0.208,5580,0.248120271887477,0.255249509961818,5104.63144308714,76.7831051186427
2025-06-20,0.208,5585,0.24778677895231,0.254961732741456,5104.63144308714,75.5553939088593
2025-06-20,0.208,5590,0.247214698490309,0.254726939772036,5104.63144308714,74.2765280351499
2025-06-20,0.208,5595,0.246692699754238,0.254474187556437,5104.63144308714,73.0232394886688
2025-06-20,0.208,5600,0.246443907260292,0.253187293735361,5104.63144308714,71.5141778311407
2025-06-20,0.208,5605,0.245729118202916,0.253475879605652,5104.63144308714,70.4143532102198
2025-06-20,0.208,5610,0.245138596098746,0.252502595419332,5104.63144308714,68.930868824585
2025-06-20,0.208,5615,0.244675378223529,0.251796948748217,5104.63144308714,67.6008483876643
2025-06-20,0.208,5620,0.244189868123855,0.251365313040139,5104.63144308714,66.3731371278321
2025-06-20,0.208,5625,0.243604643353385,0.250837307418981,5104.63144308714,65.0942713307573
2025-06-20,0.208,5630,0.242994887109743,0.250362602698441,5104.63144308714,63.8409828071184
2025-06-20,0.208,5635,0.242829546066133,0.2499424926893,5104.63144308714,62.7667354983284
2025-06-20,0.208,5640,0.242094274169439,0.249501250097826,5104.63144308714,61.5134469828503
2025-06-20,0.208,5645,0.24180891183941,0.249116124930162,5104.63144308714,60.4391996483154
2025-06-20,0.208,5650,0.241904168676493,0.248631987949209,5104.63144308714,59.4672616015484
2025-06-20,0.208,5655,0.240854418541224,0.248204351689512,5104.63144308714,58.1628184272536
2025-06-20,0.208,5660,0.24026040383188,0.247675571469907,5104.63144308714,56.9862618625294
2025-06-20,0.208,5665,0.239805594198801,0.247283889063722,5104.63144308714,55.9120145787568
2025-06-20,0.208,5670,0.239410736273675,0.246951916367139,5104.63144308714,54.8889219249652
2025-06-20,0.208,5675,0.238993676345966,0.246273419349785,5104.63144308714,53.7635199977213
2025-06-20,0.208,5680,0.238638571633899,0.24606238834826,5104.63144308714,52.8171592349851
2025-06-20,0.208,5685,0.238090960944949,0.245418089350326,5104.63144308714,51.6917573137372
2025-06-20,0.208,5690,0.237517928060097,0.245082820790464,5104.63144308714,50.6686646366483
2025-06-20,0.208,5695,0.237006004342534,0.244642495406207,5104.63144308714,49.6455719187015
2025-06-20,0.208,5700,0.237172628574029,0.244179647295156,5104.63144308714,48.8270978305732
2025-06-20,0.208,5705,0.236084470404744,0.243865842228179,5104.63144308714,47.7016958723717
2025-06-20,0.208,5710,0.235766983848734,0.243444851391609,5104.63144308714,46.7809124776188
2025-06-20,0.208,5715,0.235155964207811,0.243089048769687,5104.63144308714,45.8089744274487
2025-06-20,0.208,5720,0.234884105909594,0.242711964117263,5104.63144308714,44.9393456635553
2025-06-20,0.208,5725,0.234406453116548,0.24231312842611,5104.63144308714,44.0185622786568
2025-06-20,0.208,5730,0.233810176020943,0.241711724399732,5104.63144308714,43.0210469003383
2025-06-20,0.208,5735,0.233470151313108,0.241357151996724,5104.63144308714,42.1769954335832
2025-06-20,0.208,5740,0.233107861301858,0.241072949745376,5104.63144308714,41.3585213048047
2025-06-20,0.208,5745,0.232722761745565,0.240768486862456,5104.63144308714,40.5400471908611
2025-06-20,0.208,5750,0.232802137786522,0.240255848791375,5104.63144308714,39.7983049834491
2025-06-20,0.208,5755,0.231980568084874,0.239718127147458,5104.63144308714,38.8263669572585
2025-06-20,0.208,5760,0.23152457814595,0.239442042245463,5104.63144308714,38.0334701008377
2025-06-20,0.208,5765,0.230942195946602,0.239145624243358,5104.63144308714,37.2149959654905
2025-06-20,0.208,5770,0.230535984035138,0.238926067565739,5104.63144308714,36.4732537789544
2025-06-20,0.208,5775,0.230105408143046,0.238391225600326,5104.63144308714,35.654779656268
2025-06-20,0.208,5780,0.229859176349622,0.237930097234616,5104.63144308714,34.9130374621064
2025-06-20,0.208,5785,0.229486264895448,0.238049365459423,5104.63144308714,34.2991818395768
2025-06-20,0.208,5790,0.228982342693992,0.23744360910072,5104.63144308714,33.4807077152202
2025-06-20,0.208,5795,0.228559759586859,0.236912751886254,5104.63144308714,32.7133882270862
2025-06-20,0.208,5800,0.228660482996417,0.236563992682341,5104.63144308714,32.1251099313806
2025-06-20,0.208,5805,0.227860524053036,0.236298279512405,5104.63144308714,31.3577904085863
2025-06-20,0.208,5810,0.227362732573466,0.236118486961782,5104.63144308714,30.6927801860502
2025-06-20,0.208,5815,0.225690647519031,0.23570461870564,5104.63144308714,29.7208421588817
2025-06-20,0.208,5820,0.226861292201153,0.235375643121518,5104.63144308714,29.4139143454291
2025-06-20,0.208,5825,0.226636723989449,0.234914230993462,5104.63144308714,28.774481450338
2025-06-20,0.208,5830,0.226627371619051,0.234539008695149,5104.63144308714,28.2117804524529
2025-06-20,0.208,5835,0.224197620871097,0.234478984518658,5104.63144308714,27.2142651211927
2025-06-20,0.208,5840,0.225350732532637,0.234174590611816,5104.63144308714,26.9329146143961
2025-06-20,0.208,5845,0.22354731076802,0.23407908188108,5104.63144308714,26.0888631549587
2025-06-20,0.208,5850,0.225066013833818,0.233499742778244,5104.63144308714,25.8330899986641
2025-06-20,0.208,5855,0.222800236686,0.233600623930563,5104.63144308714,24.9634611985836
2025-06-20,0.208,5860,0.224065407990099,0.232972211404003,5104.63144308714,24.6565334301344
2025-06-20,0.208,5865,0.221950127331648,0.233039647307477,5104.63144308714,23.8380592674157
2025-06-20,0.208,5870,0.223343062123145,0.232482002927459,5104.63144308714,23.5822861002078
2025-06-20,0.208,5875,0.224734825485466,0.231521736156906,5104.63144308714,23.2497809946608
2025-06-20,0.208,5880,0.22440281742773,0.231404603716698,5104.63144308714,22.7638119817198
2025-06-20,0.208,5885,0.224046704413456,0.230630320754622,5104.63144308714,22.149956375603
2025-06-20,0.208,5890,0.223940092134843,0.230858266174812,5104.63144308714,21.7918739489029
2025-06-20,0.208,5895,0.223537489534914,0.230027329841889,5104.63144308714,21.1780183321981
2025-06-20,0.208,5900,0.223390513881436,0.230356948038587,5104.63144308714,20.8455132058886
2025-06-20,0.208,5905,0.222938546528439,0.229603199575128,5104.63144308714,20.2572349159328
2025-06-20,0.208,5910,0.222748738476641,0.229906065385352,5104.63144308714,19.9247298129951
2025-06-20,0.208,5915,0.222538472905857,0.229097054132064,5104.63144308714,19.387606149795
2025-06-20,0.208,5920,0.222307156388985,0.229371873162953,5104.63144308714,19.0551010352315
2025-06-20,0.208,5925,0.222054157518423,0.22907202687514,5104.63144308714,18.6202866607814
2025-06-20,0.208,5930,0.221778803850168,0.228892983457112,5104.63144308714,18.2110495931856
2025-06-20,0.208,5935,0.221480378702396,0.228403474636652,5104.63144308714,17.7506578681229
2025-06-20,0.208,5940,0.221158117080922,0.228475942446893,5104.63144308714,17.3925754372352
2025-06-20,0.208,5945,0.221131871974212,0.227937891929691,5104.63144308714,16.983338378672
2025-06-20,0.208,5950,0.220764630382768,0.227976552730474,5104.63144308714,16.6252559354781
2025-06-20,0.208,5955,0.220701300011137,0.227386933718163,5104.63144308714,16.2160188580396
2025-06-20,0.208,5960,0.220286214341767,0.227700907005281,5104.63144308714,15.9090910752714
2025-06-20,0.208,5965,0.220183486114848,0.227061959037614,5104.63144308714,15.4998539919464
2025-06-20,0.208,5970,0.220062476607865,0.227350291268023,5104.63144308714,15.244080839104
2025-06-20,0.208,5975,0.220271428140704,0.2268214797618,5104.63144308714,14.9115757063185
2025-06-20,0.208,5980,0.219408246800903,0.22692042449076,5104.63144308714,14.527915961438
2025-06-20,0.208,5985,0.219223824849488,0.226507658396677,5104.63144308714,14.1698335248982
2025-06-20,0.208,5990,0.219018640807502,0.226743838454657,5104.63144308714,13.9140603390728
2025-06-20,0.208,5995,0.21879201902952,0.22594456708927,5104.63144308714,13.5048232755521
2025-06-20,0.208,6000,0.219109438501202,0.225802994270879,5104.63144308714,13.2746274137782
2025-06-20,0.208,6005,0.218655670057658,0.225642679458788,5104.63144308714,12.9421223006443
2025-06-20,0.208,6010,0.218366723736426,0.225642204047717,5104.63144308714,12.6607718122193
2025-06-20,0.208,6015,0.218053426094733,0.225626783528669,5104.63144308714,12.3794213447468
2025-06-20,0.208,6020,0.218117386564293,0.225228157821652,5104.63144308714,12.0980708502636
2025-06-20,0.208,6025,0.217964021164839,0.224989896694276,5104.63144308714,11.8167203771687
2025-06-20,0.208,6030,0.217790712656603,0.224919840427427,5104.63144308714,11.5609472158353
2025-06-20,0.208,6035,0.217386022002357,0.2250251652981,5104.63144308714,11.3051740284321
2025-06-20,0.208,6040,0.217381585268923,0.224728976779698,5104.63144308714,11.0494008796573
2025-06-20,0.208,6045,0.217361655402384,0.224804886408928,5104.63144308714,10.844782341126
2025-06-20,0.208,6050,0.216884170538439,0.224467229152181,5104.63144308714,10.5378545397685
2025-06-20,0.208,6055,0.216825430277429,0.224512057200157,5104.63144308714,10.3332359940581
2025-06-20,0.208,6060,0.21697746068418,0.224130318263166,5104.63144308714,10.1030401452417
2025-06-20,0.208,6065,0.216656237487377,0.224560506783275,5104.63144308714,9.92399892751214
2025-06-20,0.208,6070,0.216544724269234,0.223926793867112,5104.63144308714,9.64264844903968
2025-06-20,0.208,6075,0.216414502526797,0.223690182344846,5104.63144308714,9.41245259544451
2025-06-20,0.208,6080,0.216264952785035,0.22365155806937,5104.63144308714,9.20783405118242
2025-06-20,0.208,6085,0.216095413804919,0.224041349308652,5104.63144308714,9.05437014806465
2025-06-20,0.208,6090,0.216156392878087,0.223526426441361,5104.63144308714,8.8241743002002
2025-06-20,0.208,6095,0.216203909101363,0.223896329432582,5104.63144308714,8.69628772464928
2025-06-20,0.208,6100,0.215979276715713,0.22333438045052,5104.63144308714,8.44051454236217
2025-06-20,0.208,6105,0.215731936793945,0.223683382380379,5104.63144308714,8.2870506493729
2025-06-20,0.208,6110,0.215460984352451,0.223311137840479,5104.63144308714,8.05685480483808
2025-06-20,0.208,6115,0.215711107764564,0.223881514709764,5104.63144308714,7.98012284302044
2025-06-20,0.208,6120,0.215677396943265,0.222980394926253,5104.63144308714,7.72434968512977
2025-06-20,0.208,6125,0.215627533787101,0.223036304548713,5104.63144308714,7.57088577928303
2025-06-20,0.208,6130,0.215561016109478,0.223079194863656,5104.63144308714,7.41742187223072
2025-06-20,0.208,6135,0.215477310291664,0.223621618085865,5104.63144308714,7.31511260878617
2025-06-20,0.208,6140,0.215375847790331,0.223124609935892,5104.63144308714,7.11049407015697
2025-06-20,0.208,6145,0.215256022809248,0.22365376908737,5104.63144308714,7.00818480300718
2025-06-20,0.208,6150,0.215117188515784,0.222574591632569,5104.63144308714,6.75241164805713
2025-06-20,0.208,6155,0.214958652966368,0.22362920807381,5104.63144308714,6.70125700487667
2025-06-20,0.208,6160,0.215095018381895,0.223043786124889,5104.63144308714,6.52221578863518
2025-06-20,0.208,6170,0.215010605777558,0.222910948966728,5104.63144308714,6.24086530673989
2025-06-20,0.208,6175,0.214778388497134,0.222819783837168,5104.63144308714,6.08740139496025
2025-06-20,0.208,6180,0.214859897994382,0.222711418343808,5104.63144308714,5.95951481647441
2025-06-20,0.208,6190,0.21498544187815,0.223047165370643,5104.63144308714,5.75489628679752
2025-06-20,0.208,6200,0.214700831009023,0.222721984780494,5104.63144308714,5.47354580133525
2025-06-20,0.208,6210,0.214707290167635,0.222961329588997,5104.63144308714,5.26892726469782
2025-06-20,0.208,6220,0.214269547166255,0.223156899762669,5104.63144308714,5.03873140921085
2025-06-20,0.208,6225,0.214604073141883,0.223237621419227,5104.63144308714,4.9619994689609
2025-06-20,0.208,6230,0.214537554591145,0.223306595169102,5104.63144308714,4.85969018857213
2025-06-20,0.208,6240,0.21476273034531,0.223408095214377,5104.63144308714,4.68064897125375
2025-06-20,0.208,6250,0.214520843026178,0.223458826683322,5104.63144308714,4.47603044597293
2025-06-20,0.208,6260,0.214640465881158,0.223455925322464,5104.63144308714,4.29698921805655
2025-06-20,0.208,6270,0.214709004383249,0.223776293885285,5104.63144308714,4.14352532085246
2025-06-20,0.208,6275,0.214493258270152,0.223730252935176,5104.63144308714,4.04121605299623
2025-06-20,0.208,6280,0.214723321285046,0.223668861606249,5104.63144308714,3.96448410120072
2025-06-20,0.208,6290,0.214679886582954,0.224301966543394,5104.63144308714,3.83659752554045
2025-06-20,0.208,6300,0.21507272921334,0.22450372943011,5104.63144308714,3.70871094215013
2025-06-20,0.208,6310,0.214920363093905,0.224662116986547,5104.63144308714,3.55524703769138
2025-06-20,0.208,6320,0.214964857320945,0.225207246864989,5104.63144308714,3.4401491129558
2025-06-20,0.208,6325,0.214831359505833,0.225033257909196,5104.63144308714,3.35062850066861
2025-06-20,0.208,6330,0.214954530408784,0.225726755186287,5104.63144308714,3.32505119181597
2025-06-20,0.208,6340,0.214885614138974,0.224389312668321,5104.63144308714,3.10764399094532
2025-06-20,0.208,6350,0.214753828502207,0.225757940377179,5104.63144308714,3.04370070106989
2025-06-20,0.208,6360,0.214861610318247,0.226173788566907,5104.63144308714,2.94139143718439
2025-06-20,0.208,6370,0.214919761081172,0.22655927083857,5104.63144308714,2.83908216894154
2025-06-20,0.208,6375,0.214929217788802,0.22723459641152,5104.63144308714,2.81350484775982
2025-06-20,0.208,6380,0.214925007774207,0.2269131838943,5104.63144308714,2.73677289955685
2025-06-20,0.208,6390,0.214873650427388,0.227747410997333,5104.63144308714,2.66004094687149
2025-06-20,0.208,6400,0.214761483246175,0.227784978512724,5104.63144308714,2.54494302107168
2025-06-20,0.208,6410,0.215314286931592,0.228580768332393,5104.63144308714,2.49378839202724
2025-06-20,0.208,6420,0.21509684406518,0.228816460173616,5104.63144308714,2.39147912576682
2025-06-20,0.208,6425,0.214960644978044,0.228920137767485,5104.63144308714,2.34032449349149
2025-06-20,0.208,6430,0.214805034800146,0.229295688939083,5104.63144308714,2.30195851393872
2025-06-20,0.208,6440,0.215249288910477,0.2297494860499,5104.63144308714,2.2380152239537
2025-06-20,0.208,6450,0.215249237833254,0.230469836994796,5104.63144308714,2.17407192741426
2025-06-20,0.208,6460,0.215193425854145,0.231470804599127,5104.63144308714,2.12291729904655
2025-06-20,0.208,6470,0.215528639407768,0.232165203367366,5104.63144308714,2.07176265865455
2025-06-20,0.208,6475,0.215226520692872,0.231589387574245,5104.63144308714,1.99503071156321
2025-06-20,0.208,6480,0.214896558488898,0.232843770379433,5104.63144308714,1.99503071008971
2025-06-20,0.208,6490,0.21513656264468,0.233506171086796,5104.63144308714,1.94387608003595
2025-06-20,0.208,6500,0.215338809237058,0.232869113994994,5104.63144308714,1.8415668126808
2025-06-20,0.208,6525,0.215110003216601,0.234347909306393,5104.63144308714,1.70089156754054
2025-06-20,0.208,6550,0.215694855749079,0.235708577408659,5104.63144308714,1.58579364578155
2025-06-20,0.208,6600,0.215364663042768,0.232498715074503,5104.63144308714,1.17655657123867
2025-06-20,0.208,6650,0.214184405947523,0.242386005872764,5104.63144308714,1.18934522995924
2025-06-20,0.208,6700,0.21310674101879,0.246085058340437,5104.63144308714,1.04866998741994
2025-06-20,0.208,6750,0.211302259438187,0.249515238417378,5104.63144308714,0.920783404391062
2025-06-20,0.208,6800,0.20635513896894,0.253178809823264,5104.63144308714,0.805685480395133
2025-06-20,0.208,6850,0.205373846427113,0.256605004130624,5104.63144308714,0.728953530771913
2025-06-20,0.208,6900,0.186868845801561,0.26096378280916,5104.63144308714,0.652221578637014
2025-06-20,0.208,6950,0.220499252197921,0.265195396520572,5104.63144308714,0.703376212643525
2025-06-20,0.208,7000,0.195100659500718,0.269297533984163,5104.63144308714,0.601066946040033
2025-06-20,0.208,7050,NA,0.273935034808291,5104.63144308714,NA
2025-06-20,0.208,7100,0.212951664023067,0.271002433461919,5104.63144308714,0.460391702689595
2025-06-20,0.208,7200,0.211135627348658,0.276582977409735,5104.63144308714,0.383659752938061
2025-06-20,0.208,7300,0.22935700794499,0.294330980420195,5104.63144308714,0.5115463359481
2025-06-20,0.208,7400,NA,0.301586664597048,5104.63144308714,NA
2025-06-20,0.208,7500,NA,0.31115751919654,5104.63144308714,NA
2025-06-20,0.208,7600,NA,0.319633345958607,5104.63144308714,NA
2025-06-20,0.208,7700,NA,0.327887039917501,5104.63144308714,NA
2025-06-20,0.208,7800,NA,0.336939569411921,5104.63144308714,NA
2025-06-20,0.208,7900,NA,0.344807483075929,5104.63144308714,NA
2025-06-20,0.208,8000,NA,0.352466819045799,5104.63144308714,NA
2025-06-20,0.208,8100,NA,0.36105231005966,5104.63144308714,NA
2025-06-20,0.208,8200,NA,0.354823597032055,5104.63144308714,NA
2025-06-20,0.208,8300,NA,0.375455082854226,5104.63144308714,NA
2025-06-20,0.208,8400,NA,0.339955556288454,5104.63144308714,NA
2025-06-20,0.208,8500,NA,0.391658302274341,5104.63144308714,NA
2025-06-20,0.208,8600,NA,0.398286678851557,5104.63144308714,NA
2025-06-20,0.208,8700,NA,0.406080525886397,5104.63144308714,NA
2025-06-20,0.208,8800,NA,0.413765629514639,5104.63144308714,NA
2025-06-20,0.208,8900,NA,0.419950286764409,5104.63144308714,NA
2025-06-20,0.208,9000,NA,0.36690522948076,5104.63144308714,NA
2025-06-20,0.208,9200,NA,0.379816923255726,5104.63144308714,NA
2025-06-20,0.208,9600,NA,0.466960232319995,5104.63144308714,NA
2025-06-20,0.208,10000,NA,0.472858034213234,5104.63144308714,NA
2025-06-20,0.208,10200,NA,0.508136659795458,5104.63144308714,NA
2025-06-20,0.208,10400,NA,0.517143997007465,5104.63144308714,NA
2025-06-20,0.208,10600,NA,0.529375118079889,5104.63144308714,NA
2025-06-20,0.208,10800,NA,0.539396551779665,5104.63144308714,NA
2025-06-20,0.208,11000,NA,0.553047361921809,5104.63144308714,NA
2025-06-20,0.208,11100,NA,0.558808897643582,5104.63144308714,NA
2025-06-20,0.208,12000,NA,0.603766932056999,5104.63144308714,NA
2025-06-30,0.232,1200,0.918437036761909,1.02136172879793,5108.59322843296,3908.94372914859
2025-06-30,0.232,1400,0.855963486993041,0.929093489848797,5108.59322843296,3709.0438722097
2025-06-30,0.232,1600,0.866779407388477,0.943688903079942,5108.59322843296,3510.14544588643
2025-06-30,0.232,1800,0.862766334631001,0.898839936435314,5108.59322843296,3311.49737721737
2025-06-30,0.232,2000,0.824243290281528,0.851460614231282,5108.59322843296,3112.949451608
2025-06-30,0.232,2200,0.788254860254969,0.807505187859599,5108.59322843296,2914.95231283911
2025-06-30,0.232,2400,0.749161190635017,0.765935702821962,5108.59322843296,2717.45588938057
2025-06-30,0.232,2600,0.710327532017019,0.724068250876362,5108.59322843296,2520.51025275299
2025-06-30,0.232,2800,0.671060656770872,0.681794365102591,5108.59322843296,2324.11540297354
2025-06-30,0.232,2900,0.650304107278135,0.661241962245804,5108.59322843296,2226.11826420852
2025-06-30,0.232,3000,0.630488066984089,0.640866422784625,5108.59322843296,2128.37148309435
2025-06-30,0.232,3100,0.610148021535899,0.620021910456793,5108.59322843296,2030.7248450265
2025-06-30,0.232,3200,0.590376750936648,0.599748847183361,5108.59322843296,1933.37863616624
2025-06-30,0.232,3300,0.570483028444577,0.579385440527022,5108.59322843296,1836.23271342303
2025-06-30,0.232,3400,0.550825143458401,0.559669335656324,5108.59322843296,1739.43729140078
2025-06-30,0.232,3500,0.532720441282521,0.540334494311546,5108.59322843296,1643.19265620116
2025-06-30,0.232,3600,0.514282054522752,0.52181537541784,5108.59322843296,1547.39866479078
2025-06-30,0.232,3650,0.50440661000212,0.512825513455311,5108.59322843296,1499.60181211914
2025-06-30,0.232,3700,0.495456636730981,0.503759933948834,5108.59322843296,1452.05531714936
2025-06-30,0.232,3750,0.487278927198161,0.494885499524125,5108.59322843296,1404.80925133221
2025-06-30,0.232,3800,0.478649010933339,0.486152073740055,5108.59322843296,1357.66332856929
2025-06-30,0.232,3850,0.470120955892327,0.477514789403995,5108.59322843296,1310.71769197839
2025-06-30,0.232,3900,0.462143131176044,0.46917341346197,5108.59322843296,1264.1225560408
2025-06-30,0.232,3950,0.453906380594126,0.460829349344644,5108.59322843296,1217.67763471655
2025-06-30,0.232,3975,0.449948192422202,0.456702452670406,5108.59322843296,1194.58035291873
2025-06-30,0.232,4000,0.445637022226084,0.45266993608036,5108.59322843296,1171.48307108504
2025-06-30,0.232,4025,0.441860097803413,0.448720829322171,5108.59322843296,1148.58607540048
2025-06-30,0.232,4050,0.437940662109337,0.444637386267516,5108.59322843296,1125.68907964608
2025-06-30,0.232,4075,0.434090236253886,0.440626989025174,5108.59322843296,1102.8922269934
2025-06-30,0.232,4100,0.429896713926814,0.436679986910485,5108.59322843296,1080.09537436994
2025-06-30,0.232,4125,0.426165138801721,0.432787243357955,5108.59322843296,1057.49880785413
2025-06-30,0.232,4150,0.422282778040706,0.428940114966494,5108.59322843296,1034.95231287815
2025-06-30,0.232,4175,0.418629381624986,0.425130426906687,5108.59322843296,1012.55603247857
2025-06-30,0.232,4200,0.414818008307875,0.421350447309413,5108.59322843296,990.209823582357
2025-06-30,0.232,4225,0.411032621218903,0.417592859326178,5108.59322843296,967.963757761203
2025-06-30,0.232,4250,0.407265897397768,0.413850732316315,5108.59322843296,945.817835003406
2025-06-30,0.232,4275,0.403681404009615,0.410117493034197,5108.59322843296,923.822126868674
2025-06-30,0.232,4300,0.399927719723159,0.406386895652288,5108.59322843296,901.876490263319
2025-06-30,0.232,4325,0.39633599010412,0.402652992511798,5108.59322843296,880.081068188243
2025-06-30,0.232,4350,0.39273013130299,0.398594813910284,5108.59322843296,858.285646209019
2025-06-30,0.232,4360,0.391206814261432,0.398271150066259,5108.59322843296,849.988078235646
2025-06-30,0.232,4370,0.389969440898916,0.396661310101617,5108.59322843296,841.390081098094
2025-06-30,0.232,4375,0.389260674733733,0.395461296744182,5108.59322843296,836.940867914925
2025-06-30,0.232,4380,0.388544561015514,0.394718631310399,5108.59322843296,832.641869400045
2025-06-30,0.232,4390,0.387090460158738,0.393212224612969,5108.59322843296,824.043872206694
2025-06-30,0.232,4400,0.385607466183238,0.391375833883692,5108.59322843296,815.34573204073
2025-06-30,0.232,4410,0.384398276824618,0.390415633760912,5108.59322843296,807.048164109781
2025-06-30,0.232,4420,0.382855892699574,0.388972554088172,5108.59322843296,798.500238479449
2025-06-30,0.232,4425,0.382223461516104,0.388313893514061,5108.59322843296,794.301382962965
2025-06-30,0.232,4430,0.381582811847471,0.387647301273036,5108.59322843296,790.102527453612
2025-06-30,0.232,4440,0.380129711434867,0.386290504271259,5108.59322843296,781.654744870166
2025-06-30,0.232,4450,0.37879292142478,0.384322963969431,5108.59322843296,773.056747770915
2025-06-30,0.232,4460,0.377279274421929,0.382765010604765,5108.59322843296,764.558893689468
2025-06-30,0.232,4470,0.375880143570447,0.382034261297804,5108.59322843296,756.411540323385
2025-06-30,0.232,4475,0.375311960256863,0.380730181228287,5108.59322843296,752.06247019424
2025-06-30,0.232,4480,0.374592275789685,0.379847312456854,5108.59322843296,747.81354320393
2025-06-30,0.232,4490,0.373271107115076,0.379325487034094,5108.59322843296,739.816404433894
2025-06-30,0.232,4500,0.371776758280124,0.377227103040972,5108.59322843296,731.218407278992
2025-06-30,0.232,4510,0.37053028313119,0.376627197570824,5108.59322843296,723.27134003785
2025-06-30,0.232,4520,0.369111280329792,0.375297852320568,5108.59322843296,715.023843607408
2025-06-30,0.232,4525,0.368458495091454,0.374620746029752,5108.59322843296,710.925131208231
2025-06-30,0.232,4530,0.366975317761822,0.373935403209398,5108.59322843296,706.525989509647
2025-06-30,0.232,4540,0.365633851348258,0.373214281595072,5108.59322843296,698.578922347309
2025-06-30,0.232,4550,0.364933043625514,0.370442823355805,5108.59322843296,690.131139717164
2025-06-30,0.232,4560,0.362984101689981,0.369918128877438,5108.59322843296,682.083929441984
2025-06-30,0.232,4570,0.36167436427238,0.368556068011366,5108.59322843296,673.986647620754
2025-06-30,0.232,4575,0.360940260021364,0.367796717933659,5108.59322843296,669.887935184644
2025-06-30,0.232,4580,0.360329833079949,0.367945407366192,5108.59322843296,666.189795021398
2025-06-30,0.232,4590,0.359081650118244,0.365861234627963,5108.59322843296,657.892227011649
2025-06-30,0.232,4600,0.358316592197308,0.363752854196675,5108.59322843296,649.794945188479
2025-06-30,0.232,4610,0.356477149203812,0.363286355301131,5108.59322843296,641.948020987315
2025-06-30,0.232,4620,0.355121448543329,0.36264492943334,5108.59322843296,634.251311426486
2025-06-30,0.232,4625,0.355067697697493,0.360279836773761,5108.59322843296,629.852169768088
2025-06-30,0.232,4630,0.353857530013611,0.361327531742043,5108.59322843296,626.35431572639
2025-06-30,0.232,4640,0.352556799212903,0.359347756044372,5108.59322843296,618.206962344894
2025-06-30,0.232,4650,0.351720425265816,0.3569669416411,5108.59322843296,610.109680539729
2025-06-30,0.232,4660,0.349970399134784,0.356791853142593,5108.59322843296,602.563185532609
2025-06-30,0.232,4670,0.348683527869177,0.355458865547955,5108.59322843296,594.766332928423
2025-06-30,0.232,4675,0.348149119696357,0.354656251316602,5108.59322843296,590.867906577057
2025-06-30,0.232,4680,0.347481875238491,0.35421157360002,5108.59322843296,587.069623306048
2025-06-30,0.232,4690,0.34624137175901,0.352926554065626,5108.59322843296,579.372913673114
2025-06-30,0.232,4700,0.345325366384854,0.350398705510177,5108.59322843296,571.325703424225
2025-06-30,0.232,4710,0.343644903356265,0.350364018837444,5108.59322843296,564.029566102425
2025-06-30,0.232,4720,0.342408898310338,0.348966457118981,5108.59322843296,556.382928050068
2025-06-30,0.232,4725,0.34177610638489,0.348431761400316,5108.59322843296,552.634716308092
2025-06-30,0.232,4730,0.341133494827045,0.347768531961381,5108.59322843296,548.836433038267
2025-06-30,0.232,4740,0.339936904807667,0.347236083349465,5108.59322843296,541.640438805151
2025-06-30,0.232,4750,0.338582644350234,0.345254206937311,5108.59322843296,533.793514611612
2025-06-30,0.232,4760,0.337422718754389,0.343938235479227,5108.59322843296,526.34716266428
2025-06-30,0.232,4770,0.336105550837834,0.342698783957697,5108.59322843296,518.900810715821
2025-06-30,0.232,4775,0.335489790037411,0.341948845040125,5108.59322843296,515.152598940225
2025-06-30,0.232,4780,0.334863761696642,0.341419215861785,5108.59322843296,511.504530337458
2025-06-30,0.232,4790,0.333695523901299,0.340213897312615,5108.59322843296,504.208393025069
2025-06-30,0.232,4800,0.33259907361416,0.337377019919806,5108.59322843296,496.261325765882
2025-06-30,0.232,4810,0.331232961494888,0.337680304388631,5108.59322843296,489.616118321778
2025-06-30,0.232,4820,0.329938987439458,0.336464711168675,5108.59322843296,482.370052480096
2025-06-30,0.232,4825,0.329332565330633,0.335729150853021,5108.59322843296,478.721983848005
2025-06-30,0.232,4830,0.328715459933243,0.335207343765674,5108.59322843296,475.174058252263
2025-06-30,0.232,4840,0.327449268394367,0.334019574535231,5108.59322843296,468.028135484996
2025-06-30,0.232,4850,0.325696800306441,0.332789174159454,5108.59322843296,460.681926646723
2025-06-30,0.232,4860,0.325010093680592,0.331516259926781,5108.59322843296,453.836433031383
2025-06-30,0.232,4865,0.322115099285301,0.330918846035559,5108.59322843296,449.287076872065
2025-06-30,0.232,4870,0.323835142650196,0.330639548652758,5108.59322843296,446.990939482338
2025-06-30,0.232,4875,0.323231014505288,0.32914438200017,5108.59322843296,443.092513148371
2025-06-30,0.232,4880,0.322615801584474,0.329061537364699,5108.59322843296,439.84501676322
2025-06-30,0.232,4885,0.321989513783056,0.328420778556702,5108.59322843296,436.347162622274
2025-06-30,0.232,4890,0.321352159104588,0.327769203310115,5108.59322843296,432.849308572385
2025-06-30,0.232,4895,0.320812343003512,0.327215267776731,5108.59322843296,429.451597575662
2025-06-30,0.232,4900,0.320152632508717,0.324593463907497,5108.59322843296,425.052455906378
2025-06-30,0.232,4905,0.319481869543268,0.325965600374154,5108.59322843296,422.505960966029
2025-06-30,0.232,4910,0.318907954812353,0.325378107251139,5108.59322843296,419.108249926431
2025-06-30,0.232,4915,0.318322534027585,0.324671813310835,5108.59322843296,415.660467330515
2025-06-30,0.232,4920,0.317725614755962,0.324062048190524,5108.59322843296,412.262756405336
2025-06-30,0.232,4925,0.317117201654095,0.321833877993788,5108.59322843296,408.113972396279
2025-06-30,0.232,4930,0.316497297341331,0.323022640974522,5108.59322843296,405.567477461574
2025-06-30,0.232,4935,0.315865901963187,0.32227202757568,5108.59322843296,402.119694855325
2025-06-30,0.232,4940,0.315223013336877,0.321617095638808,5108.59322843296,398.721983810381
2025-06-30,0.232,4945,0.314568626805787,0.320950916963213,5108.59322843296,395.324272828371
2025-06-30,0.232,4950,0.314008953597748,0.319848911773474,5108.59322843296,391.776347276055
2025-06-30,0.232,4955,0.310786348879023,0.319690738421228,5108.59322843296,387.427277097482
2025-06-30,0.232,4960,0.312748076854871,0.319096351473893,5108.59322843296,385.331425855147
2025-06-30,0.232,4965,0.312152894645368,0.318490319938473,5108.59322843296,382.03385799336
2025-06-30,0.232,4970,0.311545805476749,0.317978056724728,5108.59322843296,378.786361503858
2025-06-30,0.232,4975,0.310926802946171,0.31671704450352,5108.59322843296,375.188364351649
2025-06-30,0.232,4980,0.310295877740409,0.316707375774485,5108.59322843296,372.191225677342
2025-06-30,0.232,4985,0.309548051760928,0.316054527671873,5108.59322843296,368.84358610483
2025-06-30,0.232,4990,0.309103011410618,0.315494751872832,5108.59322843296,365.696232766602
2025-06-30,0.232,4995,0.308540723223413,0.314922960702905,5108.59322843296,362.498807869777
2025-06-30,0.232,5000,0.30786165431579,0.311623023759716,5108.59322843296,357.949451684912
2025-06-30,0.232,5005,0.307274927933188,0.313638984686352,5108.59322843296,356.003815069028
2025-06-30,0.232,5010,0.306675886119209,0.313031232677994,5108.59322843296,352.806390189582
2025-06-30,0.232,5015,0.306064513739862,0.312411415094644,5108.59322843296,349.608965282144
2025-06-30,0.232,5020,0.305440792605252,0.311779513891927,5108.59322843296,346.411540325993
2025-06-30,0.232,5025,0.304804701906141,0.310824177746812,5108.59322843296,343.063900871597
2025-06-30,0.232,5030,0.304259881837975,0.310583027482186,5108.59322843296,340.116833689163
2025-06-30,0.232,5040,0.303028805525736,0.309337450622979,5108.59322843296,333.822126951376
2025-06-30,0.232,5050,0.301747366635603,0.305565792538429,5108.59322843296,326.32570345732
2025-06-30,0.232,5055,0.30113923453122,0.307531251188784,5108.59322843296,324.480209866018
2025-06-30,0.232,5060,0.300518315804445,0.306904204796025,5108.59322843296,321.382928088082
2025-06-30,0.232,5065,0.299987480272332,0.306264619454472,5108.59322843296,318.335717723458
2025-06-30,0.232,5070,0.299340798689318,0.305715278542802,5108.59322843296,315.288507478044
2025-06-30,0.232,5075,0.298783955246714,0.304536765203559,5108.59322843296,311.990939506621
2025-06-30,0.232,5080,0.298111376056725,0.304475581384944,5108.59322843296,309.194086902253
2025-06-30,0.232,5085,0.297528395191584,0.304195629311477,5108.59322843296,306.347162662626
2025-06-30,0.232,5090,0.296932253137753,0.30328734023589,5108.59322843296,303.199809340719
2025-06-30,0.232,5095,0.296322911914734,0.302673875000094,5108.59322843296,300.2026705637
2025-06-30,0.232,5100,0.295700330340605,0.299385678687631,5108.59322843296,295.903671955659
2025-06-30,0.232,5105,0.295064463595469,0.301612702047928,5108.59322843296,294.30853606546
2025-06-30,0.232,5110,0.294522391074418,0.300760488195596,5108.59322843296,291.266094485829
2025-06-30,0.232,5115,0.29323919169358,0.300189879950859,5108.59322843296,288.011445012419
2025-06-30,0.232,5120,0.293373426126641,0.299606053328404,5108.59322843296,285.457796907894
2025-06-30,0.232,5125,0.29267649401548,0.298702540918991,5108.59322843296,282.353362014845
2025-06-30,0.232,5130,0.291966016399548,0.29860278608491,5108.59322843296,279.649499346432
2025-06-30,0.232,5135,0.291446069338005,0.297978974146349,5108.59322843296,276.795422065416
2025-06-30,0.232,5140,0.291116449395077,0.297341759166267,5108.59322843296,274.041487930629
2025-06-30,0.232,5145,0.290160738101586,0.296793122567295,5108.59322843296,271.037196070135
2025-06-30,0.232,5150,0.289905416890873,0.295924857952466,5108.59322843296,268.233190275774
2025-06-30,0.232,5155,0.289330075490188,0.295655152319069,5108.59322843296,265.579399223361
2025-06-30,0.232,5160,0.288740757848042,0.295065714187064,5108.59322843296,262.77539348045
2025-06-30,0.232,5165,0.287933362002864,0.294564582024316,5108.59322843296,259.921316219662
2025-06-30,0.232,5170,0.28762197328141,0.293947666238382,5108.59322843296,257.267525093893
2025-06-30,0.232,5175,0.286786263920292,0.290970024531591,5108.59322843296,253.211731094839
2025-06-30,0.232,5180,0.28573209058487,0.292774317082815,5108.59322843296,251.409156000463
2025-06-30,0.232,5185,0.285378027644414,0.292217785633273,5108.59322843296,248.805436375
2025-06-30,0.232,5190,0.284805464495384,0.291647259606857,5108.59322843296,246.101573750628
2025-06-30,0.232,5195,0.284422792780628,0.291062672064755,5108.59322843296,243.497854109165
2025-06-30,0.232,5200,0.28392357448577,0.290361772082869,5108.59322843296,240.793991457303
2025-06-30,0.232,5205,0.283512128395918,0.28985102517869,5108.59322843296,238.240343425469
2025-06-30,0.232,5210,0.282676993835451,0.289326086373667,5108.59322843296,235.486409177477
2025-06-30,0.232,5215,0.282236366062396,0.28868455675072,5108.59322843296,232.882689646725
2025-06-30,0.232,5220,0.28137139338183,0.288130966243246,5108.59322843296,230.128755472035
2025-06-30,0.232,5225,0.280696216966012,0.287562962645815,5108.59322843296,227.474964222003
2025-06-30,0.232,5230,0.280416366464913,0.286980465340817,5108.59322843296,225.02145928405
2025-06-30,0.232,5235,0.279813991389232,0.286383388326433,5108.59322843296,222.417739664729
2025-06-30,0.232,5240,0.278990992980547,0.285874340940434,5108.59322843296,219.763948517488
2025-06-30,0.232,5245,0.278666781693471,0.285247919697954,5108.59322843296,217.310443544181
2025-06-30,0.232,5250,0.278430862842369,0.284709526919706,5108.59322843296,214.95708155007
2025-06-30,0.232,5255,0.27756193407813,0.284053383535891,5108.59322843296,212.253218967091
2025-06-30,0.232,5260,0.276986650303029,0.283485271963249,5108.59322843296,209.749642414247
2025-06-30,0.232,5265,0.276395987045282,0.282902206114923,5108.59322843296,207.246065872825
2025-06-30,0.232,5270,0.276100206126025,0.282304083108872,5108.59322843296,204.892703899513
2025-06-30,0.232,5275,0.274960864505309,0.281794266072077,5108.59322843296,202.18884127707
2025-06-30,0.232,5280,0.274841801608026,0.281165835064585,5108.59322843296,199.935622408896
2025-06-30,0.232,5285,0.27429279480833,0.280625761685647,5108.59322843296,197.53218883637
2025-06-30,0.232,5290,0.273728130293368,0.280070470204802,5108.59322843296,195.128755384093
2025-06-30,0.232,5295,0.27314768757328,0.279395795539021,5108.59322843296,192.675250427995
2025-06-30,0.232,5300,0.272551339609849,0.277558737895469,5108.59322843296,189.670958603628
2025-06-30,0.232,5305,0.27193895296201,0.278312153847665,5108.59322843296,187.918455007324
2025-06-30,0.232,5310,0.270681748103902,0.277694826679088,5108.59322843296,185.21459232787
2025-06-30,0.232,5315,0.270770454541866,0.277166418988512,5108.59322843296,183.211731051095
2025-06-30,0.232,5320,0.27021445074477,0.275992727717418,5108.59322843296,180.608011503356
2025-06-30,0.232,5325,0.269642238733455,0.27690369550956,5108.59322843296,179.00572248723
2025-06-30,0.232,5330,0.26905367458948,0.275381820562801,5108.59322843296,176.251788348697
2025-06-30,0.232,5335,0.268448606536367,0.274790074206003,5108.59322843296,173.948497857791
2025-06-30,0.232,5340,0.267932934827518,0.274287977542313,5108.59322843296,171.745350515454
2025-06-30,0.232,5345,0.267826080405036,0.2731339170959,5108.59322843296,169.442060135897
2025-06-30,0.232,5350,0.267172053451771,0.272598614271332,5108.59322843296,167.188841264933
2025-06-30,0.232,5355,0.266500895838381,0.272153676075467,5108.59322843296,164.98569386403
2025-06-30,0.232,5360,0.266133620049936,0.271479400859758,5108.59322843296,162.832618050286
2025-06-30,0.232,5365,0.265535817040501,0.271002221731552,5108.59322843296,160.679542289235
2025-06-30,0.232,5370,0.265028523160288,0.270401657205164,5108.59322843296,158.526466395427
2025-06-30,0.232,5375,0.264504519461337,0.269891895611166,5108.59322843296,156.423462149616
2025-06-30,0.232,5380,0.263963640342853,0.269257874630958,5108.59322843296,154.270386311376
2025-06-30,0.232,5385,0.263405712200488,0.268714887522034,5108.59322843296,152.167382009037
2025-06-30,0.232,5390,0.262395068300126,0.268263656786986,5108.59322843296,149.914163087633
2025-06-30,0.232,5395,0.262347156119237,0.267687369657331,5108.59322843296,148.06151646752
2025-06-30,0.232,5400,0.261299110886355,0.267203126447397,5108.59322843296,145.808297585653
2025-06-30,0.232,5405,0.261109611917236,0.266592846043768,5108.59322843296,143.905579462888
2025-06-30,0.232,5410,0.260574136215915,0.266074905254778,5108.59322843296,141.902718195895
2025-06-30,0.232,5415,0.260021140154178,0.265540012794219,5108.59322843296,139.899856999965
2025-06-30,0.232,5420,0.259450417822426,0.264987982252058,5108.59322843296,137.896995796787
2025-06-30,0.232,5425,0.258861753415754,0.264529489383715,5108.59322843296,135.944206021984
2025-06-30,0.232,5430,0.258366730001499,0.263942971966616,5108.59322843296,133.991416325582
2025-06-30,0.232,5435,0.257854136750317,0.263338712272394,5108.59322843296,132.03862662518
2025-06-30,0.232,5440,0.257323764405666,0.262828542060616,5108.59322843296,130.135908445785
2025-06-30,0.232,5445,0.256775393379146,0.26230100486561,5108.59322843296,128.233190255357
2025-06-30,0.232,5450,0.25620879316842,0.261868775148352,5108.59322843296,126.38054365349
2025-06-30,0.232,5455,0.255737712893405,0.261306307681551,5108.59322843296,124.52789704228
2025-06-30,0.232,5460,0.255248855125633,0.260725831346539,5108.59322843296,122.675250344286
2025-06-30,0.232,5465,0.254741997802876,0.260241330713224,5108.59322843296,120.872675295671
2025-06-30,0.232,5470,0.253755071487068,0.259739275522493,5108.59322843296,118.869814084812
2025-06-30,0.232,5475,0.253789267178182,0.259219445603868,5108.59322843296,117.317596619924
2025-06-30,0.232,5480,0.253227488890086,0.258681610309492,5108.59322843296,115.515021525415
2025-06-30,0.232,5485,0.252529723099701,0.258241681610445,5108.59322843296,113.712446398466
2025-06-30,0.232,5490,0.252046680277253,0.257784281299898,5108.59322843296,112.010014311379
2025-06-30,0.232,5495,0.251663281403293,0.257074807475078,5108.59322843296,110.257510754911
2025-06-30,0.232,5500,0.250906285970989,0.255991746987217,5108.59322843296,108.204578019524
2025-06-30,0.232,5505,0.250366499264781,0.256068432961125,5108.59322843296,106.752503621817
2025-06-30,0.232,5510,0.250167038200016,0.255656553951794,5108.59322843296,105.250357718655
2025-06-30,0.232,5515,0.249469774887264,0.255227105833132,5108.59322843296,103.547925605062
2025-06-30,0.232,5520,0.248993615702796,0.254659851513817,5108.59322843296,101.895565103903
2025-06-30,0.232,5525,0.248376793631196,0.254073335697428,5108.59322843296,100.193133069817
2025-06-30,0.232,5530,0.24786189739391,0.253588518559957,5108.59322843296,98.5908440707871
2025-06-30,0.232,5535,0.247450613266874,0.25320698334978,5108.59322843296,97.0886981581923
2025-06-30,0.232,5540,0.247020885896959,0.252562808043125,5108.59322843296,95.4864091237783
2025-06-30,0.232,5545,0.246323435737616,0.252144545981699,5108.59322843296,93.8841201898333
2025-06-30,0.232,5550,0.245854554839068,0.25170815892778,5108.59322843296,92.3819742538435
2025-06-30,0.232,5555,0.245240318642804,0.25125338203651,5108.59322843296,90.8297568297555
2025-06-30,0.232,5560,0.2447316602295,0.250654672297237,5108.59322843296,89.2775393517151
2025-06-30,0.232,5565,0.244458056138013,0.250287531259527,5108.59322843296,87.9256080318563
2025-06-30,0.232,5570,0.243910613814723,0.249649119966494,5108.59322843296,86.3733905688504
2025-06-30,0.232,5575,0.243084096316378,0.24924459564064,5108.59322843296,84.8211731121203
2025-06-30,0.232,5580,0.242883228954525,0.248821671727651,5108.59322843296,83.5193133628725
2025-06-30,0.232,5585,0.242535021850276,0.248251012260172,5108.59322843296,82.1173104618058
2025-06-30,0.232,5590,0.24203677475024,0.247659718176899,5108.59322843296,80.6652360897225
2025-06-30,0.232,5595,0.241518072896084,0.247178154702154,5108.59322843296,79.2632331828287
2025-06-30,0.232,5600,0.241111984675899,0.246018408967981,5108.59322843296,77.6609442121256
2025-06-30,0.232,5605,0.240148770851475,0.246288057412351,5108.59322843296,76.4091559527714
2025-06-30,0.232,5610,0.240106018779726,0.245880568861365,5108.59322843296,75.2575107576952
2025-06-30,0.232,5615,0.239639775852371,0.245319922130196,5108.59322843296,73.9055794274547
2025-06-30,0.232,5620,0.239153041791107,0.244873283543037,5108.59322843296,72.6037196405847
2025-06-30,0.232,5625,0.238230216370841,0.244406993321958,5108.59322843296,71.1516451982163
2025-06-30,0.232,5630,0.238116478892455,0.244057718543688,5108.59322843296,70.0500715337741
2025-06-30,0.232,5635,0.237284715574189,0.243552020717537,5108.59322843296,68.6480686678109
2025-06-30,0.232,5640,0.236851224205881,0.243025558909066,5108.59322843296,67.3962804374822
2025-06-30,0.232,5645,0.236397217401965,0.242477911694809,5108.59322843296,66.1444921534861
2025-06-30,0.232,5650,0.235922281160453,0.241343362165296,5108.59322843296,64.6924177528053
2025-06-30,0.232,5655,0.235280841177304,0.241743964458959,5108.59322843296,63.7410586326819
2025-06-30,0.232,5660,0.234907848523443,0.241276777694382,5108.59322843296,62.5894134836275
2025-06-30,0.232,5665,0.234367403779628,0.240788935795812,5108.59322843296,61.3876967421296
2025-06-30,0.232,5670,0.234101739067571,0.240280010354863,5108.59322843296,60.2861230535204
2025-06-30,0.232,5675,0.233667807503827,0.23974954909801,5108.59322843296,59.1344778408856
2025-06-30,0.232,5680,0.233061383939811,0.239492923744654,5108.59322843296,58.0329041528298
2025-06-30,0.232,5685,0.232735981578473,0.238920509170679,5108.59322843296,56.93133051
2025-06-30,0.232,5690,0.232544966008749,0.238475553366997,5108.59322843296,55.9298998703305
2025-06-30,0.232,5695,0.231871030289223,0.238009739284584,5108.59322843296,54.778254677091
2025-06-30,0.232,5700,0.231641278685315,0.237216450066028,5108.59322843296,53.6766809896787
2025-06-30,0.232,5705,0.231077401428966,0.237168006012638,5108.59322843296,52.7253218975192
2025-06-30,0.232,5710,0.230648970925736,0.236793833198451,5108.59322843296,51.7238912642761
2025-06-30,0.232,5715,0.230037619646666,0.236399691227554,5108.59322843296,50.6723891371954
2025-06-30,0.232,5720,0.229726433196834,0.235826759624031,5108.59322843296,49.6709585420719
2025-06-30,0.232,5725,0.229395540979957,0.235389935867136,5108.59322843296,48.7195994415138
2025-06-30,0.232,5730,0.228878688237669,0.234931751644916,5108.59322843296,47.7181688134791
2025-06-30,0.232,5735,0.228505487200381,0.234614591488363,5108.59322843296,46.8168812775289
2025-06-30,0.232,5740,0.227941953805789,0.234278114100903,5108.59322843296,45.8655221994247
2025-06-30,0.232,5745,0.227524326935463,0.233921911010274,5108.59322843296,44.9642346468662
2025-06-30,0.232,5750,0.227257225949372,0.233378096479451,5108.59322843296,44.0629470441412
2025-06-30,0.232,5755,0.225922056004008,0.233317520203296,5108.59322843296,43.011444927052
2025-06-30,0.232,5760,0.225605547191181,0.233412102704628,5108.59322843296,42.3104434882093
2025-06-30,0.232,5765,0.22526858406079,0.232979312738634,5108.59322843296,41.4592274864776
2025-06-30,0.232,5770,0.224729813805862,0.232177151799441,5108.59322843296,40.4577968558442
2025-06-30,0.232,5775,0.224348488579821,0.232397979877893,5108.59322843296,39.8068669656058
2025-06-30,0.232,5780,0.223945084460401,0.231901562681197,5108.59322843296,38.9556509592552
2025-06-30,0.232,5785,0.223705960404451,0.231560445852124,5108.59322843296,38.2045779510819
2025-06-30,0.232,5790,0.223258781941237,0.230837486767462,5108.59322843296,37.3032904234424
2025-06-30,0.232,5795,0.222787738919125,0.230451414124598,5108.59322843296,36.502145928312
2025-06-30,0.232,5800,0.222485620349748,0.229858960253681,5108.59322843296,35.701001429236
2025-06-30,0.232,5805,0.222162803572709,0.22980106807829,5108.59322843296,35.0500715473495
2025-06-30,0.232,5810,0.221620832187468,0.22935100673515,5108.59322843296,34.2489270511721
2025-06-30,0.232,5815,0.22125265388924,0.228877788929307,5108.59322843296,33.4978540747552
2025-06-30,0.232,5820,0.221064683307778,0.228766732059226,5108.59322843296,32.8969957305491
2025-06-30,0.232,5825,0.220653422172768,0.228444848059953,5108.59322843296,32.1959942617619
2025-06-30,0.232,5830,0.220218456695447,0.228102481075842,5108.59322843296,31.4949928686625
2025-06-30,0.232,5835,0.219969273628096,0.227739106219312,5108.59322843296,30.8440629275169
2025-06-30,0.232,5840,0.219487498568504,0.22735416789824,5108.59322843296,30.143061503781
2025-06-30,0.232,5845,0.219195420529596,0.227150930902511,5108.59322843296,29.5422031491644
2025-06-30,0.232,5850,0.218882278156838,0.226517207508969,5108.59322843296,28.8412017265652
2025-06-30,0.232,5855,0.218547483407336,0.226481443266913,5108.59322843296,28.2904148796184
2025-06-30,0.232,5860,0.218190411712887,0.22622031118541,5108.59322843296,27.6895565266797
2025-06-30,0.232,5865,0.217810398196485,0.225726267406089,5108.59322843296,27.0386265897807
2025-06-30,0.232,5870,0.21763630330275,0.22542312438188,5108.59322843296,26.4878397681123
2025-06-30,0.232,5875,0.217211442966402,0.225317908214014,5108.59322843296,25.9370529089569
2025-06-30,0.232,5880,0.216997156264884,0.224754438120253,5108.59322843296,25.3361945884164
2025-06-30,0.232,5885,0.216524744344106,0.224611767650896,5108.59322843296,24.7854077392219
2025-06-30,0.232,5890,0.216267851963106,0.224452093996191,5108.59322843296,24.2846924136965
2025-06-30,0.232,5895,0.215990256426791,0.224045897073199,5108.59322843296,23.7339055846951
2025-06-30,0.232,5900,0.21569135208445,0.223616125465462,5108.59322843296,23.1831187253967
2025-06-30,0.232,5905,0.215370494722795,0.223397470278992,5108.59322843296,22.6824034205271
2025-06-30,0.232,5910,0.215026997782467,0.223159919430598,5108.59322843296,22.1816881395451
2025-06-30,0.232,5915,0.214919097659356,0.222902973207511,5108.59322843296,21.7310443501509
2025-06-30,0.232,5920,0.214531952685859,0.222626102502093,5108.59322843296,21.2303290273386
2025-06-30,0.232,5925,0.214386187751728,0.222328746338014,5108.59322843296,20.7796852595737
2025-06-30,0.232,5930,0.213952692454403,0.2222606855753,5108.59322843296,20.3290414646756
2025-06-30,0.232,5935,0.213766742697408,0.221923957603859,5108.59322843296,19.8783977146602
2025-06-30,0.232,5940,0.213561607695377,0.221821736802224,5108.59322843296,19.4778254671241
2025-06-30,0.232,5945,0.213055056544916,0.221443460347943,5108.59322843296,18.9771101519762
2025-06-30,0.232,5950,0.213376394119773,0.221305221664368,5108.59322843296,18.6766809609716
2025-06-30,0.232,5955,0.212825339429047,0.221149842425366,5108.59322843296,18.2260372010851
2025-06-30,0.232,5960,0.212537524228186,0.220435626858969,5108.59322843296,17.7253218740608
2025-06-30,0.232,5965,0.21222735481171,0.220237583296266,5108.59322843296,17.32474963214
2025-06-30,0.232,5970,0.212196642703582,0.220020756121387,5108.59322843296,16.9742489253304
2025-06-30,0.232,5975,0.211844311004481,0.220066570061619,5108.59322843296,16.6237482029455
2025-06-30,0.232,5980,0.211467375654707,0.219814466861439,5108.59322843296,16.2231759649692
2025-06-30,0.232,5985,0.211381695433035,0.219542020374808,5108.59322843296,15.8726752565484
2025-06-30,0.232,5990,0.211279361854056,0.219248597011338,5108.59322843296,15.5221745369579
2025-06-30,0.232,5995,0.210834302440738,0.219231206454006,5108.59322843296,15.1716738189497
2025-06-30,0.232,6000,0.210692613498063,0.218898304472117,5108.59322843296,14.8211731073537
2025-06-30,0.232,6005,0.210532646622265,0.218848402316821,5108.59322843296,14.5207439142424
2025-06-30,0.232,6010,0.210353845930184,0.218783466723422,5108.59322843296,14.2203147491258
2025-06-30,0.232,6015,0.210155620031983,0.218389378158054,5108.59322843296,13.8698140249506
2025-06-30,0.232,6020,0.209937338975254,0.218289160136511,5108.59322843296,13.5693848359113
2025-06-30,0.232,6025,0.209698330898068,0.218172605698376,5108.59322843296,13.268955660199
2025-06-30,0.232,6030,0.209437877226854,0.218039274066135,5108.59322843296,12.9685264617865
2025-06-30,0.232,6035,0.2095235139383,0.217556458835642,5108.59322843296,12.6680972994932
2025-06-30,0.232,6040,0.209224192683587,0.217720384996535,5108.59322843296,12.4177396351379
2025-06-30,0.232,6045,0.209280666920358,0.2165039128409,5108.59322843296,12.0171673944257
2025-06-30,0.232,6050,0.208940038308041,0.216283029756208,5108.59322843296,11.7167381998655
2025-06-30,0.232,6055,0.208574175510565,0.21639749046478,5108.59322843296,11.4663805441681
2025-06-30,0.232,6060,0.208580899805072,0.216141550506631,5108.59322843296,11.2160229012792
2025-06-30,0.232,6065,0.208573547449903,0.215864440422208,5108.59322843296,10.9656652292795
2025-06-30,0.232,6070,0.208551750427121,0.215936673364537,5108.59322843296,10.7653791220932
2025-06-30,0.232,6075,0.208515119181955,0.215621240229284,5108.59322843296,10.5150214689635
2025-06-30,0.232,6080,0.208041131725316,0.215664768936749,5108.59322843296,10.2646638053889
2025-06-30,0.232,6085,0.207967246413013,0.215308638605697,5108.59322843296,10.0143061630424
2025-06-30,0.232,6090,0.207876984957389,0.215321757157275,5108.59322843296,9.81402003066056
2025-06-30,0.232,6095,0.207769842698023,0.215321549355925,5108.59322843296,9.61373390352526
2025-06-30,0.232,6100,0.207645282814763,0.214903028415927,5108.59322843296,9.36337623862727
2025-06-30,0.232,6105,0.207502733853898,0.214869628860096,5108.59322843296,9.16309013560844
2025-06-30,0.232,6110,0.207341586235699,0.214821675642806,5108.59322843296,8.96280400964638
2025-06-30,0.232,6115,0.207161189198517,0.21475877178781,5108.59322843296,8.76251789444197
2025-06-30,0.232,6120,0.207440978727091,0.214680496890279,5108.59322843296,8.61230329465813
2025-06-30,0.232,6125,0.207228615206689,0.214586406243681,5108.59322843296,8.41201717443641
2025-06-30,0.232,6130,0.20699515242784,0.214476028511483,5108.59322843296,8.21173105351032
2025-06-30,0.232,6135,0.206739759912742,0.214348863107802,5108.59322843296,8.01144491737287
2025-06-30,0.232,6140,0.206974438504108,0.214204378596693,5108.59322843296,7.8612303362377
2025-06-30,0.232,6145,0.206682626474211,0.21404200934521,5108.59322843296,7.66094422047144
2025-06-30,0.232,6150,0.206895523031268,0.214330846236039,5108.59322843296,7.560801141347
2025-06-30,0.232,6155,0.206564979623799,0.214138813632959,5108.59322843296,7.36051502986047
2025-06-30,0.232,6160,0.206754832786535,0.213927299798887,5108.59322843296,7.21030043968746
2025-06-30,0.232,6165,0.20638295131692,0.214186398541275,5108.59322843296,7.06008584173443
2025-06-30,0.232,6170,0.206548334852123,0.213942587749988,5108.59322843296,6.90987125086168
2025-06-30,0.232,6175,0.206132160699494,0.214182237275596,5108.59322843296,6.75965665785843
2025-06-30,0.232,6180,0.206271453378288,0.213904307772827,5108.59322843296,6.60944205774656
2025-06-30,0.232,6185,0.206400830673085,0.21412352029765,5108.59322843296,6.50929900323895
2025-06-30,0.232,6190,0.206520071249252,0.213809440490514,5108.59322843296,6.3590844115519
2025-06-30,0.232,6195,0.206628942858223,0.213471202903387,5108.59322843296,6.20886981400115
2025-06-30,0.232,6200,0.206109593880396,0.213654605347621,5108.59322843296,6.0586552226119
2025-06-30,0.232,6205,0.206188350300803,0.213829494193851,5108.59322843296,5.95851216153569
2025-06-30,0.232,6210,0.206255695691364,0.213995710389643,5108.59322843296,5.85836909694325
2025-06-30,0.232,6215,0.206311332174376,0.213586707857396,5108.59322843296,5.70815450305855
2025-06-30,0.232,6220,0.206354945282949,0.213728227997855,5108.59322843296,5.60801144024376
2025-06-30,0.232,6225,0.206386203524455,0.213860372339331,5108.59322843296,5.50786838486563
2025-06-30,0.232,6230,0.206404756488775,0.213982943266818,5108.59322843296,5.40772532958631
2025-06-30,0.232,6235,0.206410233102071,0.214095734143118,5108.59322843296,5.30758225421341
2025-06-30,0.232,6240,0.206402241190228,0.214198528581252,5108.59322843296,5.20743919845371
2025-06-30,0.232,6245,0.20638036442295,0.213674074209486,5108.59322843296,5.05722459942517
2025-06-30,0.232,6250,0.205615512120576,0.213747878904179,5108.59322843296,4.90701002357024
2025-06-30,0.232,6255,0.206293161925426,0.213810718876266,5108.59322843296,4.85693848463641
2025-06-30,0.232,6260,0.206226866892106,0.213862318949032,5108.59322843296,4.75679542586717
2025-06-30,0.232,6265,0.206144743740592,0.213902388811766,5108.59322843296,4.65665236059682
2025-06-30,0.232,6270,0.206046224073075,0.2145918343991,5108.59322843296,4.60658083146431
2025-06-30,0.232,6275,0.205930700201577,0.214617619083212,5108.59322843296,4.50643776733583
2025-06-30,0.232,6280,0.206596638188493,0.214631233855099,5108.59322843296,4.45636624522223
2025-06-30,0.232,6285,0.206460701763427,0.214632337763388,5108.59322843296,4.35622317260399
2025-06-30,0.232,6290,0.206306386414947,0.214620571084735,5108.59322843296,4.25608011478082
2025-06-30,0.232,6295,0.206132940245593,0.214595553141036,5108.59322843296,4.15593705829862
2025-06-30,0.232,6300,0.205939554023359,0.214556880553202,5108.59322843296,4.05579398874571
2025-06-30,0.232,6305,0.20659344069616,0.215230532073824,5108.59322843296,4.05579399280734
2025-06-30,0.232,6310,0.206376374433314,0.215175248765795,5108.59322843296,3.95565093217247
2025-06-30,0.232,6315,0.206137516968451,0.215105412523904,5108.59322843296,3.85550787092246
2025-06-30,0.232,6320,0.206784797944854,0.215020540370085,5108.59322843296,3.80543633873005
2025-06-30,0.232,6325,0.206520193776378,0.21568567872926,5108.59322843296,3.75536481141572
2025-06-30,0.232,6330,0.206231619984177,0.215582678381525,5108.59322843296,3.65522174346665
2025-06-30,0.232,6335,0.206872181613723,0.215463559459369,5108.59322843296,3.60515021706563
2025-06-30,0.232,6340,0.206555419015495,0.216122664448971,5108.59322843296,3.55507868301147
2025-06-30,0.232,6350,0.206845805394257,0.215828433599725,5108.59322843296,3.4048640859351
2025-06-30,0.232,6360,0.206587377495161,0.216304970842951,5108.59322843296,3.27968526078609
2025-06-30,0.232,6370,0.206790927648106,0.216756571196645,5108.59322843296,3.17954220590499
2025-06-30,0.232,6375,0.206877977496039,0.21653906706667,5108.59322843296,3.10443490951282
2025-06-30,0.232,6380,0.206954853808998,0.217182398071203,5108.59322843296,3.0793991409823
2025-06-30,0.232,6390,0.207076926478907,0.217581548520283,5108.59322843296,2.97925607687745
2025-06-30,0.232,6400,0.207154660627269,0.217953045964855,5108.59322843296,2.8791130154592
2025-06-30,0.232,6410,0.207185274946526,0.218295831898605,5108.59322843296,2.77896995804841
2025-06-30,0.232,6420,0.2071656415025,0.21860875672023,5108.59322843296,2.67882689802892
2025-06-30,0.232,6425,0.20713589462291,0.219237074659341,5108.59322843296,2.65379112794259
2025-06-30,0.232,6430,0.207092224034272,0.218890569547097,5108.59322843296,2.57868383183867
2025-06-30,0.232,6440,0.206961003302854,0.219139905264039,5108.59322843296,2.47854077279349
2025-06-30,0.232,6450,0.207465085284339,0.219355270699033,5108.59322843296,2.40343347708183
2025-06-30,0.232,6460,0.207233858989341,0.220065303899475,5108.59322843296,2.32832618347254
2025-06-30,0.232,6470,0.206931874588623,0.220761783737111,5108.59322843296,2.25321888720126
2025-06-30,0.232,6475,0.207514935634817,0.220834044473598,5108.59322843296,2.22818311470686
2025-06-30,0.232,6480,0.207333048772554,0.22089669483423,5108.59322843296,2.17811158583071
2025-06-30,0.232,6490,0.207708572295512,0.221556179919858,5108.59322843296,2.12804006186146
2025-06-30,0.232,6500,0.207234315482922,0.222201058811614,5108.59322843296,2.05293276040157
2025-06-30,0.232,6510,0.207532072115709,0.222247236986284,5108.59322843296,1.97782546433171
2025-06-30,0.232,6520,0.207799180377757,0.222851619353151,5108.59322843296,1.92775393652113
2025-06-30,0.232,6525,0.207470562334192,0.223448639615066,5108.59322843296,1.90271816880163
2025-06-30,0.232,6530,0.207113744279626,0.223440084544104,5108.59322843296,1.85264663910183
2025-06-30,0.232,6540,0.207285233070863,0.224012253772788,5108.59322843296,1.80257510680062
2025-06-30,0.232,6550,0.207418745146852,0.224567724533228,5108.59322843296,1.75250357382349
2025-06-30,0.232,6560,0.207511884534751,0.22510606856256,5108.59322843296,1.70243204557611
2025-06-30,0.232,6570,0.207561961604069,0.225626829658241,5108.59322843296,1.65236051685355
2025-06-30,0.232,6575,0.208109620168819,0.226210793796294,5108.59322843296,1.65236051496014
2025-06-30,0.232,6580,0.20756594213496,0.226129521640782,5108.59322843296,1.60228898740809
2025-06-30,0.232,6600,0.207421362308806,0.22777038134104,5108.59322843296,1.52718168916027
2025-06-30,0.232,6625,0.207573875693623,0.229242128868855,5108.59322843296,1.42703862655488
2025-06-30,0.232,6650,0.207431970946046,0.23062101713314,5108.59322843296,1.32689556384312
2025-06-30,0.232,6675,0.206930643933152,0.232679196221755,5108.59322843296,1.25178826972792
2025-06-30,0.232,6700,0.20778443594069,0.233892723215267,5108.59322843296,1.17668097322878
2025-06-30,0.232,6725,0.206526685967838,0.235838225369078,5108.59322843296,1.10157367707626
2025-06-30,0.232,6750,0.206873597078517,0.237736760343375,5108.59322843296,1.05150214705787
2025-06-30,0.232,6775,0.204409355672127,0.23958723441621,5108.59322843296,0.976394848292684
2025-06-30,0.232,6800,0.20389915795723,0.241388431192988,5108.59322843296,0.926323320723664
2025-06-30,0.232,6850,0.201304814570665,0.244837422967302,5108.59322843296,0.826180257938735
2025-06-30,0.232,6900,0.205804635068206,0.249098417723155,5108.59322843296,0.801144491603698
2025-06-30,0.232,6950,NA,0.252175357624927,5108.59322843296,NA
2025-06-30,0.232,7000,0.203036967311817,0.256163979381322,5108.59322843296,0.6759656644593
2025-06-30,0.232,7100,0.200887267008277,0.2466993393566,5108.59322843296,0.325464949611459
2025-06-30,0.232,7200,0.208712084156702,0.251539231273623,5108.59322843296,0.275393419375959
2025-06-30,0.232,7300,0.216403264664743,0.280435020128487,5108.59322843296,0.550786838720186
2025-06-30,0.232,7400,0.235435277597719,0.286793487054454,5108.59322843296,0.525751072355179
2025-06-30,0.232,7500,0.243193871308247,0.294279608375942,5108.59322843296,0.500715308209321
2025-06-30,0.232,7600,0.238722462988632,0.303192251327907,5108.59322843296,0.4756795423837
2025-06-30,0.232,7800,0.253015843215662,0.318762490811829,5108.59322843296,0.45064377602165
2025-06-30,0.232,8000,0.26687563486759,0.305337432388655,5108.59322843296,0.17525035778155
2025-07-18,0.284,200,NA,1.74047967347252,5118.60489199079,NA
2025-07-18,0.284,400,1.35536780334864,1.55873678392965,5118.60489199079,4718.79517635593
2025-07-18,0.284,600,1.13627884785952,1.32098148956668,5118.60489199079,4518.82054760451
2025-07-18,0.284,800,1.01040199968233,1.17113846501259,5118.60489199079,4318.89666135074
2025-07-18,0.284,1000,NA,1.03971303165828,5118.60489199079,NA
2025-07-18,0.284,1200,0.850435493212536,0.939376410696807,5118.60489199079,3919.03620321863
2025-07-18,0.284,1400,0.858309435443984,0.907137720223524,5118.60489199079,3719.72122693244
2025-07-18,0.284,1600,0.838870400639942,0.883352841501836,5118.60489199079,3520.96441811951
2025-07-18,0.284,1800,0.812017804438277,0.842740595854307,5118.60489199079,3322.53743553466
2025-07-18,0.284,2000,0.778297225352975,0.799612565189054,5118.60489199079,3124.46565043598
2025-07-18,0.284,2200,0.74277982263246,0.759561304022645,5118.60489199079,2926.95203280836
2025-07-18,0.284,2300,0.725864151047036,0.740287747195736,5118.60489199079,2828.47430772966
2025-07-18,0.284,2400,0.707532006947233,0.721083803966415,5118.60489199079,2730.09806764202
2025-07-18,0.284,2500,0.689135446029808,0.701466454358741,5118.60489199079,2631.8486838067
2025-07-18,0.284,2600,0.6706442186465,0.681922537062249,5118.60489199079,2533.75152744551
2025-07-18,0.284,2700,0.651330276762373,0.662405242931225,5118.60489199079,2435.75585609945
2025-07-18,0.284,2800,0.632682357848348,0.64288021562141,5118.60489199079,2337.96315472907
2025-07-18,0.284,2900,0.613324818280678,0.623049441804233,5118.60489199079,2240.24656711335
2025-07-18,0.284,3000,0.594702328838514,0.60345993190214,5118.60489199079,2142.78369197882
2025-07-18,0.284,3100,0.57564058576065,0.584457146781938,5118.60489199079,2045.52378684265
2025-07-18,0.284,3200,0.557044074834108,0.565034212071385,5118.60489199079,1948.46685167623
2025-07-18,0.284,3300,0.537974342318227,0.546348489318865,5118.60489199079,1851.66362902492
2025-07-18,0.284,3350,0.52922924822645,0.537027321282991,5118.60489199079,1803.46498768697
2025-07-18,0.284,3400,0.519870227457645,0.527816570269486,5118.60489199079,1755.26634633055
2025-07-18,0.284,3450,0.511443656454801,0.518849833919599,5118.60489199079,1707.32141746996
2025-07-18,0.284,3500,0.502405383180691,0.510082536661087,5118.60489199079,1659.40185985366
2025-07-18,0.284,3550,0.493419552098681,0.501618680595526,5118.60489199079,1611.63452975892
2025-07-18,0.284,3600,0.484891581458778,0.492989434591919,5118.60489199079,1564.01942713595
2025-07-18,0.284,3650,0.476608917401528,0.484200989180524,5118.60489199079,1516.53118073834
2025-07-18,0.284,3700,0.468263045208735,0.476261739699762,5118.60489199079,1469.32201810495
2025-07-18,0.284,3750,0.459721054089547,0.468083065666001,5118.60489199079,1422.16359795723
2025-07-18,0.284,3800,0.452279753831115,0.45956232485414,5118.60489199079,1375.30963277721
2025-07-18,0.284,3850,0.444092559214431,0.451706495100538,5118.60489199079,1328.60789512706
2025-07-18,0.284,3875,0.440629647951124,0.448059931973171,5118.60489199079,1305.53611003795
2025-07-18,0.284,3900,0.437259669001963,0.44388590659316,5118.60489199079,1282.41358242413
2025-07-18,0.284,3925,0.433038273499906,0.440030719205527,5118.60489199079,1259.21494105406
2025-07-18,0.284,3950,0.429237913217759,0.436271084349896,5118.60489199079,1236.19389849798
2025-07-18,0.284,3975,0.424436895432595,0.433664874458539,5118.60489199079,1213.2743408387
2025-07-18,0.284,4000,0.420835757563804,0.429948506666937,5118.60489199079,1190.43089701347
2025-07-18,0.284,4025,0.417211789486249,0.426304688612858,5118.60489199079,1167.6635669219
2025-07-18,0.284,4050,0.413655432953786,0.422634397860115,5118.60489199079,1144.97235050062
2025-07-18,0.284,4075,0.409976941178178,0.418935614020797,5118.60489199079,1122.30650539605
2025-07-18,0.284,4100,0.406534811796047,0.415293037972683,5118.60489199079,1099.79288773579
2025-07-18,0.284,4125,0.402789675450115,0.411868664109918,5118.60489199079,1077.33001262583
2025-07-18,0.284,4150,0.399603917490419,0.408229779591659,5118.60489199079,1055.0447362465
2025-07-18,0.284,4175,0.396191391797033,0.40479162899419,5118.60489199079,1032.83557358116
2025-07-18,0.284,4200,0.393371023115493,0.401299047539886,5118.60489199079,1010.88012341061
2025-07-18,0.284,4225,0.38943908485241,0.397751111618689,5118.60489199079,988.645589582758
2025-07-18,0.284,4250,0.386705866718057,0.394299115310437,5118.60489199079,966.9184806045
2025-07-18,0.284,4275,0.382743617106592,0.390932672622196,5118.60489199079,944.912287974488
2025-07-18,0.284,4300,0.379699727951244,0.387568926840404,5118.60489199079,923.312035338841
2025-07-18,0.284,4325,0.376206119859321,0.384203002345864,5118.60489199079,901.661040097219
2025-07-18,0.284,4350,0.37313821931625,0.380970438878433,5118.60489199079,880.314499910541
2025-07-18,0.284,4375,0.369908120943259,0.377583599061654,5118.60489199079,858.967959711815
2025-07-18,0.284,4400,0.366724951478244,0.374518115591703,5118.60489199079,837.875132065202
2025-07-18,0.284,4425,0.363714264409238,0.371353952237649,5118.60489199079,816.934531819039
2025-07-18,0.284,4450,0.360598499852118,0.368285978352926,5118.60489199079,796.120787848123
2025-07-18,0.284,4475,0.357635211135875,0.365112781751974,5118.60489199079,775.45927138815
2025-07-18,0.284,4500,0.354936128884263,0.36220940589007,5118.60489199079,755.1529523837
2025-07-18,0.284,4525,0.351429755561264,0.359004155639926,5118.60489199079,734.542178370576
2025-07-18,0.284,4550,0.348064947635179,0.355989349360277,5118.60489199079,714.210488127302
2025-07-18,0.284,4575,0.345544474863483,0.353031212749619,5118.60489199079,694.4115941656
2025-07-18,0.284,4600,0.342235473241261,0.349946686352362,5118.60489199079,674.384358838835
2025-07-18,0.284,4625,0.339382531698192,0.347366082447599,5118.60489199079,654.940662365759
2025-07-18,0.284,4650,0.336446785391901,0.344132833875999,5118.60489199079,635.344738288206
2025-07-18,0.284,4660,0.334924371151163,0.343459597667038,5118.60489199079,627.678893192787
2025-07-18,0.284,4670,0.333598339954081,0.342303668900229,5118.60489199079,619.911563071824
2025-07-18,0.284,4675,0.333593556739546,0.341214574315199,5118.60489199079,616.104011812576
2025-07-18,0.284,4680,0.332464603003514,0.341115933721267,5118.60489199079,612.245717971974
2025-07-18,0.284,4690,0.330634431762806,0.340006499342246,5118.60489199079,604.326160345818
2025-07-18,0.284,4700,0.330812887865535,0.338208654162583,5118.60489199079,597.040883936944
2025-07-18,0.284,4710,0.329194713873523,0.337689634931156,5118.60489199079,589.552637546487
2025-07-18,0.284,4720,0.327928776556605,0.336590583925727,5118.60489199079,581.988277424814
2025-07-18,0.284,4725,0.328041299095589,0.33554387514074,5118.60489199079,578.332953611977
2025-07-18,0.284,4730,0.326846586564313,0.335350743722542,5118.60489199079,574.474659813869
2025-07-18,0.284,4740,0.32583722003107,0.334185663110726,5118.60489199079,567.062527187351
2025-07-18,0.284,4750,0.325165645505309,0.332562654535918,5118.60489199079,559.625023250337
2025-07-18,0.284,4760,0.32360615109282,0.331967693078969,5118.60489199079,552.28900441381
2025-07-18,0.284,4770,0.322491519351757,0.330807772430775,5118.60489199079,544.927614265622
2025-07-18,0.284,4775,0.322394419223571,0.329691146786287,5118.60489199079,541.221547918919
2025-07-18,0.284,4780,0.321237054473767,0.329718610761416,5118.60489199079,537.566224155686
2025-07-18,0.284,4790,0.320157647098705,0.328490773996545,5118.60489199079,530.255576508818
2025-07-18,0.284,4800,0.31971714971081,0.32691902250586,5118.60489199079,523.12252758396
2025-07-18,0.284,4810,0.318098294398127,0.326243501064131,5118.60489199079,515.887993753309
2025-07-18,0.284,4820,0.31680829374315,0.325016336161186,5118.60489199079,508.577346043478
2025-07-18,0.284,4825,0.317072797794449,0.324083267647791,5118.60489199079,505.226477165912
2025-07-18,0.284,4830,0.316404116625992,0.323703940836269,5118.60489199079,501.698009643301
2025-07-18,0.284,4840,0.315295463684819,0.322560827795682,5118.60489199079,494.590332040176
2025-07-18,0.284,4850,0.314200904128026,0.321129580139696,5118.60489199079,487.381169367217
2025-07-18,0.284,4860,0.313119833032495,0.320268680103645,5118.60489199079,480.50183294911
2025-07-18,0.284,4870,0.3120516613367,0.319219055842442,5118.60489199079,473.571754071691
2025-07-18,0.284,4875,0.311253164424242,0.318605388626063,5118.60489199079,469.941801464179
2025-07-18,0.284,4880,0.310246517643955,0.318082515610926,5118.60489199079,466.261106387968
2025-07-18,0.284,4890,0.310001469794354,0.317008737062193,5118.60489199079,459.813081199284
2025-07-18,0.284,4900,0.308126339683953,0.315501940373435,5118.60489199079,452.350206084512
2025-07-18,0.284,4910,0.307798046875693,0.314749288833346,5118.60489199079,446.10515091075
2025-07-18,0.284,4920,0.306540743501119,0.313612781925715,5118.60489199079,439.225814398142
2025-07-18,0.284,4925,0.306045192434418,0.312711968460019,5118.60489199079,435.697346908039
2025-07-18,0.284,4930,0.305588677462393,0.312487587240426,5118.60489199079,432.549448073842
2025-07-18,0.284,4940,0.304596611119088,0.311421911925688,5118.60489199079,425.923824115825
2025-07-18,0.284,4950,0.30351600321102,0.310317615973453,5118.60489199079,419.272828955468
2025-07-18,0.284,4960,0.302395816130799,0.309223103855903,5118.60489199079,412.647205006663
2025-07-18,0.284,4970,0.301332587720606,0.308041386330446,5118.60489199079,406.046952350093
2025-07-18,0.284,4975,0.30073767734088,0.307532373869044,5118.60489199079,402.77219730075
2025-07-18,0.284,4980,0.300277232187591,0.306965283549813,5118.60489199079,399.548184671154
2025-07-18,0.284,4990,0.298989360477812,0.305897520908354,5118.60489199079,392.973303184734
2025-07-18,0.284,5000,0.298188259063566,0.304885472893692,5118.60489199079,386.728248068812
2025-07-18,0.284,5010,0.297058297461886,0.30364209759374,5118.60489199079,380.229480355158
2025-07-18,0.284,5020,0.295982464473761,0.30273977247509,5118.60489199079,373.984425176395
2025-07-18,0.284,5025,0.295238807617993,0.301702716266513,5118.60489199079,370.455957546081
2025-07-18,0.284,5030,0.294912460255281,0.301511043386778,5118.60489199079,367.612513727304
2025-07-18,0.284,5040,0.293847839226801,0.300431416714353,5118.60489199079,361.367458507494
2025-07-18,0.284,5050,0.292882691452843,0.299168667431024,5118.60489199079,355.122403392377
2025-07-18,0.284,5060,0.291685837025165,0.29824235522635,5118.60489199079,348.97883309856
2025-07-18,0.284,5070,0.290634861182075,0.297273511702481,5118.60489199079,342.936747925486
2025-07-18,0.284,5075,0.290116656275824,0.29627915124974,5118.60489199079,339.661992857627
2025-07-18,0.284,5080,0.289540557011394,0.296121016169032,5118.60489199079,336.818548952233
2025-07-18,0.284,5090,0.288215019997353,0.295066975110519,5118.60489199079,330.674978822033
2025-07-18,0.284,5100,0.286096448132235,0.2938762215733,5118.60489199079,324.074726095464
2025-07-18,0.284,5110,0.285012657574787,0.293017011160127,5118.60489199079,318.260982120429
2025-07-18,0.284,5120,0.284047414631303,0.291575691250496,5118.60489199079,312.243957524004
2025-07-18,0.284,5125,0.28363143169084,0.290875761881355,5118.60489199079,309.300892674219
2025-07-18,0.284,5130,0.28329743118487,0.290445263405452,5118.60489199079,306.56079779127
2025-07-18,0.284,5140,0.282081310603507,0.289457369387281,5118.60489199079,300.75078187036
2025-07-18,0.284,5150,0.281006106840197,0.288051440026524,5118.60489199079,294.839280871502
2025-07-18,0.284,5160,0.28011783319641,0.287113839755688,5118.60489199079,289.333719962837
2025-07-18,0.284,5170,0.278903064487972,0.286224027974462,5118.60489199079,283.726673995558
2025-07-18,0.284,5175,0.278231454892095,0.285505514790941,5118.60489199079,280.758237871559
2025-07-18,0.284,5180,0.277594662936189,0.28510192702635,5118.60489199079,277.992771834016
2025-07-18,0.284,5190,0.276565213886816,0.284026987816859,5118.60489199079,272.48721078617
2025-07-18,0.284,5195,0.274913068157665,0.283122310090073,5118.60489199079,268.935235980233
2025-07-18,0.284,5200,0.275627888501659,0.282765621110995,5118.60489199079,266.98164992229
2025-07-18,0.284,5205,0.273811159156085,0.282957180340272,5118.60489199079,263.9624712536
2025-07-18,0.284,5210,0.274362347578912,0.28187724604036,5118.60489199079,261.552202676259
2025-07-18,0.284,5215,0.272753906198843,0.281065296609869,5118.60489199079,258.127084126385
2025-07-18,0.284,5220,0.273374866835134,0.280848423305418,5118.60489199079,256.249611683518
2025-07-18,0.284,5225,0.272956270807253,0.280526443409023,5118.60489199079,253.763229245348
2025-07-18,0.284,5230,0.272198131012336,0.279678539106386,5118.60489199079,250.820164470797
2025-07-18,0.284,5235,0.270585125569574,0.279005388171648,5118.60489199079,247.5219021212
2025-07-18,0.284,5240,0.271065240692197,0.278928317590621,5118.60489199079,245.695172219229
2025-07-18,0.284,5245,0.269472720708098,0.2779969288048,5118.60489199079,242.2954248691
2025-07-18,0.284,5250,0.269694644109209,0.277380828508195,5118.60489199079,240.062755048447
2025-07-18,0.284,5255,0.268122038566619,0.277314992005724,5118.60489199079,237.170432706375
2025-07-18,0.284,5260,0.269023952157107,0.276721492725218,5118.60489199079,235.343702728018
2025-07-18,0.284,5265,0.267095516634995,0.276303416200711,5118.60489199079,232.096182938281
2025-07-18,0.284,5270,0.267880349590092,0.275497230201765,5118.60489199079,230.117225480976
2025-07-18,0.284,5275,0.267195048533734,0.274913334748752,5118.60489199079,227.478615664516
2025-07-18,0.284,5280,0.266496544961247,0.274411040470053,5118.60489199079,224.89074833002
2025-07-18,0.284,5285,0.264888002881925,0.2742261821067,5118.60489199079,221.998425945426
2025-07-18,0.284,5290,0.265484689031866,0.273368993100071,5118.60489199079,219.9433547509
2025-07-18,0.284,5295,0.263800239215062,0.272403984296903,5118.60489199079,216.619721221701
2025-07-18,0.284,5300,0.264373376728185,0.272087327054541,5118.60489199079,214.86910509826
2025-07-18,0.284,5305,0.262659501774636,0.271758427576936,5118.60489199079,211.900668951967
2025-07-18,0.284,5310,0.263493925183006,0.271180214646819,5118.60489199079,210.175424097712
2025-07-18,0.284,5315,0.261560125679421,0.270683965379226,5118.60489199079,207.029389199044
2025-07-18,0.284,5320,0.262228829548865,0.270174906788253,5118.60489199079,205.278773057769
2025-07-18,0.284,5325,0.261551837199545,0.269652950834812,5118.60489199079,202.817761960448
2025-07-18,0.284,5330,0.261434268638438,0.269022658491843,5118.60489199079,200.610463273822
2025-07-18,0.284,5335,0.259677037126581,0.268569973292868,5118.60489199079,197.642027174207
2025-07-18,0.284,5340,0.260347500613615,0.268008753652798,5118.60489199079,195.916782307106
2025-07-18,0.284,5345,0.258606578597308,0.267625853909529,5118.60489199079,193.024459983179
2025-07-18,0.284,5350,0.259253903083937,0.266606367537879,5118.60489199079,191.07087381276
2025-07-18,0.284,5355,0.257480707975556,0.266437177367172,5118.60489199079,188.305407752495
2025-07-18,0.284,5360,0.258008136613275,0.265774291935512,5118.60489199079,186.504049069034
2025-07-18,0.284,5365,0.256492167415791,0.265386995476577,5118.60489199079,183.789325433297
2025-07-18,0.284,5370,0.256996074774293,0.264599961689821,5118.60489199079,181.937224273705
2025-07-18,0.284,5375,0.256712203870055,0.263895211853241,5118.60489199079,179.729925699207
2025-07-18,0.284,5380,0.256269120170267,0.263224642428265,5118.60489199079,177.471884498132
2025-07-18,0.284,5385,0.254346679455152,0.262442408736265,5118.60489199079,174.401963428008
2025-07-18,0.284,5390,0.255096724892743,0.262181814056992,5118.60489199079,173.006544790804
2025-07-18,0.284,5395,0.253285836831461,0.262201811444418,5118.60489199079,170.444048618784
2025-07-18,0.284,5400,0.254111787096151,0.2609366399948,5118.60489199079,168.591947479967
2025-07-18,0.284,5405,0.252265625628913,0.260930967512724,5118.60489199079,166.029451369759
2025-07-18,0.284,5410,0.253069632915111,0.260126054515323,5118.60489199079,164.431062678458
2025-07-18,0.284,5415,0.251187177807141,0.259897985403853,5118.60489199079,161.767081616202
2025-07-18,0.284,5420,0.251869647497353,0.259162444878804,5118.60489199079,160.168692917734
2025-07-18,0.284,5425,0.251346700558486,0.258659694252044,5118.60489199079,158.088250486055
2025-07-18,0.284,5430,0.251009054652233,0.258043278615436,5118.60489199079,156.058550668282
2025-07-18,0.284,5435,0.249151895720581,0.257861095476179,5118.60489199079,153.496054530042
2025-07-18,0.284,5440,0.249990465260637,0.257066005458114,5118.60489199079,151.999150845099
2025-07-18,0.284,5445,0.248095018639309,0.256857106894247,5118.60489199079,149.436654724805
2025-07-18,0.284,5450,0.248861427705574,0.255578356907009,5118.60489199079,147.686038522148
2025-07-18,0.284,5455,0.247078872077722,0.255896397745471,5118.60489199079,145.4787399776
2025-07-18,0.284,5460,0.247925458122359,0.255039951323076,5118.60489199079,144.007207515691
2025-07-18,0.284,5465,0.24610409821184,0.254878021830472,5118.60489199079,141.571567644631
2025-07-18,0.284,5470,0.246929641313942,0.254091924022903,5118.60489199079,140.150777688231
2025-07-18,0.284,5475,0.246357330786161,0.253544949689206,5118.60489199079,138.171820340265
2025-07-18,0.284,5480,0.245872577822636,0.252572090709849,5118.60489199079,136.040635370777
2025-07-18,0.284,5485,0.243969790778709,0.252044781979912,5118.60489199079,133.452768084597
2025-07-18,0.284,5490,0.24485696342459,0.25160576903289,5118.60489199079,132.285690564866
2025-07-18,0.284,5495,0.24301673317248,0.251048349771,5118.60489199079,129.748565731056
2025-07-18,0.284,5500,0.243988669123854,0.25052751475159,5118.60489199079,128.606859553455
2025-07-18,0.284,5505,0.242106793327629,0.249991351908832,5118.60489199079,126.095105942086
2025-07-18,0.284,5510,0.242847593351399,0.24970222368866,5118.60489199079,124.978771015417
2025-07-18,0.284,5515,0.241027913168456,0.2490831529096,5118.60489199079,122.492388645241
2025-07-18,0.284,5520,0.241960828595703,0.248712395138879,5118.60489199079,121.452167411258
2025-07-18,0.284,5525,0.241494153185427,0.24822095848069,5118.60489199079,119.701551234919
2025-07-18,0.284,5530,0.240688322398732,0.247820807441918,5118.60489199079,117.84945013576
2025-07-18,0.284,5535,0.23899587630451,0.247191555560888,5118.60489199079,115.48992398506
2025-07-18,0.284,5540,0.240107211891255,0.246545490542522,5118.60489199079,114.449702795385
2025-07-18,0.284,5545,0.238154442947537,0.245774140664479,5118.60489199079,111.937949191711
2025-07-18,0.284,5550,0.239138931380987,0.245527909016575,5118.60489199079,111.049955494975
2025-07-18,0.284,5555,0.237249586523233,0.244831361221494,5118.60489199079,108.639686794286
2025-07-18,0.284,5560,0.238160437026938,0.244775076159622,5118.60489199079,107.827806926504
2025-07-18,0.284,5565,0.236167768768932,0.243935587520599,5118.60489199079,105.341424537243
2025-07-18,0.284,5570,0.237227447967,0.243796409510897,5118.60489199079,104.580287086727
2025-07-18,0.284,5575,0.236764402968536,0.243255130069225,5118.60489199079,102.956527160841
2025-07-18,0.284,5580,0.236284856243722,0.242808969658,5118.60489199079,101.383509709091
2025-07-18,0.284,5585,0.234135515518007,0.24206600678307,5118.60489199079,98.9478698293843
2025-07-18,0.284,5590,0.235389656615883,0.241981940077758,5118.60489199079,98.3389598893214
2025-07-18,0.284,5595,0.233418995946872,0.241204368819398,5118.60489199079,96.0048050116891
2025-07-18,0.284,5600,0.234196345288525,0.240978067329071,5118.60489199079,95.1421825599663
2025-07-18,0.284,5605,0.23228865352157,0.240278910666629,5118.60489199079,92.9095126711532
2025-07-18,0.284,5610,0.233280130948866,0.240137872485603,5118.60489199079,92.199117701179
2025-07-18,0.284,5615,0.231675524435017,0.239403764887646,5118.60489199079,90.1186752986209
2025-07-18,0.284,5620,0.232295453631557,0.239291944769611,5118.60489199079,89.2814240544875
2025-07-18,0.284,5625,0.231955634542283,0.238874168160077,5118.60489199079,87.9113767283313
2025-07-18,0.284,5630,0.231540018746642,0.238381304104523,5118.60489199079,86.4905867172085
2025-07-18,0.284,5635,0.229655857717649,0.237812028233144,5118.60489199079,84.4355156331593
2025-07-18,0.284,5640,0.230597371144009,0.237582971919745,5118.60489199079,83.7251206073595
2025-07-18,0.284,5645,0.228597577540711,0.236979498174465,5118.60489199079,81.6446782709111
2025-07-18,0.284,5650,0.229645182869195,0.236719996052987,5118.60489199079,80.9850257511073
2025-07-18,0.284,5655,0.227962042579242,0.236081160426107,5118.60489199079,79.0568109176739
2025-07-18,0.284,5660,0.22868331669764,0.235912605737537,5118.60489199079,78.3210446682406
2025-07-18,0.284,5665,0.227009810503164,0.235361186957892,5118.60489199079,76.4689435376524
2025-07-18,0.284,5670,0.227901556088405,0.235039310525614,5118.60489199079,75.7585485419997
2025-07-18,0.284,5675,0.227389471135622,0.234639614088675,5118.60489199079,74.4646148820044
2025-07-18,0.284,5680,0.22698694100423,0.234223403265219,5118.60489199079,73.2214236991217
2025-07-18,0.284,5685,0.225010901656312,0.23372717553446,5118.60489199079,71.3439513190147
2025-07-18,0.284,5690,0.22599915146881,0.233467547829954,5118.60489199079,70.7350413377379
2025-07-18,0.284,5695,0.22435793859357,0.232936837007755,5118.60489199079,69.0097964074451
2025-07-18,0.284,5700,0.225199893927743,0.232193706349243,5118.60489199079,68.17254522893
2025-07-18,0.284,5705,0.223504204066097,0.232209124831023,5118.60489199079,66.6756415048368
2025-07-18,0.284,5710,0.22446396443,0.231820643991707,5118.60489199079,66.0413603243038
2025-07-18,0.284,5715,0.222576817930079,0.231415354671669,5118.60489199079,64.341486652535
2025-07-18,0.284,5720,0.223521954492293,0.230992944441288,5118.60489199079,63.7072053968
2025-07-18,0.284,5725,0.223228701677269,0.230486170646524,5118.60489199079,62.5908705043304
2025-07-18,0.284,5730,0.22284983426971,0.230230252661768,5118.60489199079,61.5506493036249
2025-07-18,0.284,5735,0.220910481464236,0.229891334045009,5118.60489199079,59.9268893469804
2025-07-18,0.284,5740,0.221968094290342,0.229399191909969,5118.60489199079,59.3433506943556
2025-07-18,0.284,5745,0.220179136983943,0.229026162439762,5118.60489199079,57.7957044665251
2025-07-18,0.284,5750,0.221153481859364,0.228566578468815,5118.60489199079,57.212165776189
2025-07-18,0.284,5760,0.220337186208352,0.227803549666938,5118.60489199079,55.1570945893747
2025-07-18,0.284,5770,0.219519798290582,0.227114130855129,5118.60489199079,53.1781372248522
2025-07-18,0.284,5775,0.219120271528975,0.226707860299447,5118.60489199079,52.1886585513165
2025-07-18,0.284,5780,0.21870197497951,0.226356635419017,5118.60489199079,51.2245510827212
2025-07-18,0.284,5790,0.217961571931987,0.225676779834857,5118.60489199079,49.3724498949633
2025-07-18,0.284,5800,0.217068028748658,0.224852639100826,5118.60489199079,47.4696062451014
2025-07-18,0.284,5810,0.216012782355007,0.224338743162193,5118.60489199079,45.6682476246497
2025-07-18,0.284,5820,0.215196433007427,0.223682897947121,5118.60489199079,43.9430027137964
2025-07-18,0.284,5825,0.214841419972426,0.223408183107945,5118.60489199079,43.131122735316
2025-07-18,0.284,5830,0.214467688663347,0.223037566490801,5118.60489199079,42.293871576341
2025-07-18,0.284,5840,0.213833058539967,0.222404190742514,5118.60489199079,40.720854121243
2025-07-18,0.284,5850,0.21312513260237,0.221535955231516,5118.60489199079,39.0970941894703
2025-07-18,0.284,5860,0.212340168971074,0.221179714014869,5118.60489199079,37.6509330524125
2025-07-18,0.284,5870,0.211656412746037,0.220506150969892,5118.60489199079,36.1794006161146
2025-07-18,0.284,5875,0.211285848952346,0.219968553308293,5118.60489199079,35.3928918981165
2025-07-18,0.284,5880,0.210988728674812,0.219935969969386,5118.60489199079,34.783981953574
2025-07-18,0.284,5890,0.210339432694708,0.219386986016197,5118.60489199079,33.4393057503086
2025-07-18,0.284,5900,0.209613438080529,0.218312409731471,5118.60489199079,31.9677733332193
2025-07-18,0.284,5910,0.209006463726521,0.218175604993623,5118.60489199079,30.8260671346598
2025-07-18,0.284,5920,0.208323743743368,0.217605857931229,5118.60489199079,29.582875962839
2025-07-18,0.284,5925,0.207952630323839,0.21715027573697,5118.60489199079,28.9232234984613
2025-07-18,0.284,5930,0.207770914737618,0.216966221512453,5118.60489199079,28.3904273020304
2025-07-18,0.284,5940,0.207144052281068,0.216552151566766,5118.60489199079,27.2740923531688
2025-07-18,0.284,5950,0.206438853517904,0.215564504349078,5118.60489199079,26.0309011618758
2025-07-18,0.284,5960,0.205877215801309,0.215425830126681,5118.60489199079,25.0667937036778
2025-07-18,0.284,5970,0.206626122114976,0.214273887857048,5118.60489199079,24.1787999779075
2025-07-18,0.284,5975,0.206296368730985,0.214039581067116,5118.60489199079,23.6713750247089
2025-07-18,0.284,5980,0.20618216413612,0.213788623684741,5118.60489199079,23.2146925609785
2025-07-18,0.284,5990,0.205668387959749,0.213235001017535,5118.60489199079,22.2505850702137
2025-07-18,0.284,6000,0.205080717303368,0.212724484761213,5118.60489199079,21.3118488907648
2025-07-18,0.284,6010,0.204158884614759,0.212261728181709,5118.60489199079,20.3477414389295
2025-07-18,0.284,6020,0.203927378631951,0.21197254277251,5118.60489199079,19.5866039846241
2025-07-18,0.284,6025,0.203789359682296,0.211561082276262,5118.60489199079,19.1552927451413
2025-07-18,0.284,6030,0.203635984969617,0.211127756945307,5118.60489199079,18.7239815464054
2025-07-18,0.284,6040,0.203004805396376,0.210703443033376,5118.60489199079,17.9121015526356
2025-07-18,0.284,6050,0.202575884202564,0.210342724920009,5118.60489199079,17.1763353329254
2025-07-18,0.284,6060,0.202075658042058,0.209918017815328,5118.60489199079,16.4405691441243
2025-07-18,0.284,6070,0.201801319951967,0.209425695673097,5118.60489199079,15.7555454209562
2025-07-18,0.284,6075,0.201487932379437,0.209362142366125,5118.60489199079,15.4257191810381
2025-07-18,0.284,6080,0.201153731348076,0.209144530988534,5118.60489199079,15.0705217332697
2025-07-18,0.284,6090,0.20074070492023,0.208803039156606,5118.60489199079,14.4362405038765
2025-07-18,0.284,6100,0.200421031211361,0.208546630917825,5118.60489199079,13.8527017920129
2025-07-18,0.284,6110,0.200035265031831,0.208231021995436,5118.60489199079,13.2691630549257
2025-07-18,0.284,6120,0.199754025113866,0.20785289047823,5118.60489199079,12.7109955973211
2025-07-18,0.284,6125,0.199412103854919,0.20763923241945,5118.60489199079,12.4065405889105
2025-07-18,0.284,6130,0.199408707001347,0.207730746940494,5118.60489199079,12.2035706260721
2025-07-18,0.284,6140,0.198995173148217,0.207225733636435,5118.60489199079,11.645403140929
2025-07-18,0.284,6150,0.198700428761882,0.20698741401036,5118.60489199079,11.1633494172087
2025-07-18,0.284,6160,0.198340311351576,0.206865212410482,5118.60489199079,10.7066669509581
2025-07-18,0.284,6170,0.198114210095603,0.206690755465096,5118.60489199079,10.2753557034136
2025-07-18,0.284,6175,0.197978428066357,0.206673841337469,5118.60489199079,10.0723857255072
2025-07-18,0.284,6180,0.19782685022417,0.206461226942048,5118.60489199079,9.84404449464826
2025-07-18,0.284,6190,0.197474194162878,0.206173483773168,5118.60489199079,9.41273325693119
2025-07-18,0.284,6200,0.197498765799337,0.20601903236428,5118.60489199079,9.05753577865845
2025-07-18,0.284,6210,0.197017351627242,0.205810618815747,5118.60489199079,8.65159580070393
2025-07-18,0.284,6220,0.196695364600408,0.205751020428296,5118.60489199079,8.2963983199369
2025-07-18,0.284,6225,0.196630292364525,0.20538987477966,5118.60489199079,8.09342832841627
2025-07-18,0.284,6230,0.196305144370665,0.205642842509124,5118.60489199079,7.94120083445328
2025-07-18,0.284,6240,0.196097099858703,0.205265853608302,5118.60489199079,7.58600336065436
2025-07-18,0.284,6250,0.19635312931113,0.205493203127564,5118.60489199079,7.35766211519638
2025-07-18,0.284,6260,0.196038072488405,0.205458433945471,5118.60489199079,7.05320712757165
2025-07-18,0.284,6270,0.195654861625189,0.205141164649554,5118.60489199079,6.72338090032513
2025-07-18,0.284,6275,0.195720737563351,0.205317712996197,5118.60489199079,6.62189590731438
2025-07-18,0.284,6280,0.195488336637756,0.205245893182741,5118.60489199079,6.46966842260548
2025-07-18,0.284,6290,0.195263974335652,0.204812861654954,5118.60489199079,6.16521343312026
2025-07-18,0.284,6300,0.195286811674854,0.205080706971509,5118.60489199079,5.96224343380239
2025-07-18,0.284,6310,0.195264230158322,0.204791531166574,5118.60489199079,5.70853096049887
2025-07-18,0.284,6320,0.194864657558181,0.20525397677165,5118.60489199079,5.50556096324238
2025-07-18,0.284,6325,0.194804936934642,0.205340800919379,5118.60489199079,5.40407596588896
2025-07-18,0.284,6330,0.195071696969359,0.205142413058362,5118.60489199079,5.30259096674336
2025-07-18,0.284,6340,0.194895315242146,0.205265314750881,5118.60489199079,5.09962098279365
2025-07-18,0.284,6350,0.194660528675568,0.205351059292019,5118.60489199079,4.89665099671667
2025-07-18,0.284,6360,0.194362940262921,0.205397850393358,5118.60489199079,4.69368100910307
2025-07-18,0.284,6370,0.194775113803016,0.205710926700421,5118.60489199079,4.5668247621381
2025-07-18,0.284,6375,0.194581114654113,0.205390609796898,5118.60489199079,4.43996851565517
2025-07-18,0.284,6380,0.19436868594113,0.205366438774666,5118.60489199079,4.33848351945027
2025-07-18,0.284,6390,0.194714891865997,0.205283611019417,5118.60489199079,4.18625603649296
2025-07-18,0.284,6400,0.194612292714566,0.205821877632559,5118.60489199079,4.05939978988758
2025-07-18,0.284,6410,0.194456958877539,0.205661185489307,5118.60489199079,3.88180105117984
2025-07-18,0.284,6420,0.194015841287017,0.206151493646471,5118.60489199079,3.74225918374884
2025-07-18,0.284,6425,0.194348797693069,0.206035582985065,5118.60489199079,3.67883105961783
2025-07-18,0.284,6430,0.194444563701666,0.206265571639672,5118.60489199079,3.62808856025115
2025-07-18,0.284,6440,0.193879893365938,0.20671078399362,5118.60489199079,3.48854669136116
2025-07-18,0.284,6450,0.194242935274647,0.206761392498882,5118.60489199079,3.37437607155533
2025-07-18,0.284,6460,0.194323322673713,0.207158073487948,5118.60489199079,3.27289108339959
2025-07-18,0.284,6475,0.194369026892504,0.207712175495242,5118.60489199079,3.12066358964748
2025-07-18,0.284,6500,0.1942235972345,0.208520388575979,5118.60489199079,2.86695109810154
2025-07-18,0.284,6525,0.194082605910641,0.209613772046984,5118.60489199079,2.65129548353048
2025-07-18,0.284,6550,0.194331729024102,0.210586604250817,5118.60489199079,2.46101112316151
2025-07-18,0.284,6600,0.193204973645904,0.212642053254615,5118.60489199079,2.08044238982394
2025-07-18,0.284,6650,0.194435162145795,0.215041245562667,5118.60489199079,1.8394155255023
2025-07-18,0.284,6700,0.194335658332252,0.217648614223033,5118.60489199079,1.61107428780282
2025-07-18,0.284,6750,0.194414711175171,0.220572540008585,5118.60489199079,1.43347554796147
2025-07-18,0.284,6800,0.194192397200655,0.223581382767855,5118.60489199079,1.28124805686577
2025-07-18,0.284,6850,0.193729936170549,0.227095429461273,5118.60489199079,1.1670774402895
2025-07-18,0.284,6900,0.191774416187257,0.229673557357661,5118.60489199079,1.02753556952351
2025-07-18,0.284,6950,0.189130201349937,0.233242330166274,5118.60489199079,0.93873620202271
2025-07-18,0.284,7000,0.185843853858303,0.230562771491728,5118.60489199079,0.697709338123448
2025-07-18,0.284,7100,0.172434518634014,0.243171935023636,5118.60489199079,0.735766210138163
2025-07-18,0.284,7200,0.206462159428776,0.241369635939279,5118.60489199079,0.570853095349799
2025-07-18,0.284,7400,0.201602190379831,0.264725690382912,5118.60489199079,0.634281215860407
2025-07-18,0.284,7600,0.214954334976562,0.278167541134183,5118.60489199079,0.570853096050724
2025-07-18,0.284,7800,0.217773681531577,0.29196342557656,5118.60489199079,0.520110597975843
2025-07-18,0.284,8000,0.229837524263916,0.305743215018619,5118.60489199079,0.494739348877251
2025-07-18,0.284,8200,0.241550566304154,0.319714923704338,5118.60489199079,0.482053724858824
2025-07-18,0.284,8400,NA,0.32942109438075,5118.60489199079,NA
2025-07-18,0.284,8600,NA,0.310195620865252,5118.60489199079,NA
2025-07-18,0.284,8800,NA,0.357590197259942,5118.60489199079,NA
2025-07-18,0.284,9000,NA,0.369569347409095,5118.60489199079,NA
2025-07-18,0.284,9200,NA,0.366551470093255,5118.60489199079,NA
2025-07-18,0.284,9400,NA,0.334200326057068,5118.60489199079,NA
2025-07-18,0.284,9600,NA,0.344708674989453,5118.60489199079,NA
2025-07-18,0.284,10000,NA,0.425996284925775,5118.60489199079,NA
2025-07-18,0.284,10400,NA,0.446564711332977,5118.60489199079,NA
2025-07-18,0.284,10800,NA,0.466019898326365,5118.60489199079,NA
2025-07-18,0.284,11000,NA,0.476116889353503,5118.60489199079,NA
2025-07-18,0.284,12000,NA,0.521936686149467,5118.60489199079,NA
2025-07-31,0.32,1400,0.826236947778731,0.894708275900588,5124.81387792425,3726.40105709567
2025-07-31,0.32,1600,0.807970210172305,0.849811530516133,5124.81387792425,3527.63552978355
2025-07-31,0.32,1800,0.77836304919528,0.808056311235366,5124.81387792425,3329.29828891398
2025-07-31,0.32,2000,0.745812121478367,0.766649413000343,5124.81387792425,3131.41452781287
2025-07-31,0.32,2200,0.711360609004377,0.728921810679764,5124.81387792425,2934.13540639083
2025-07-31,0.32,2400,0.677564853706373,0.69084937889998,5124.81387792425,2737.46092465263
2025-07-31,0.32,2600,0.64216863220544,0.653899825577138,5124.81387792425,2541.39108260326
2025-07-31,0.32,2800,0.605770669520362,0.616261626003666,5124.81387792425,2345.82510696003
2025-07-31,0.32,2900,0.587614527197266,0.597555817970152,5124.81387792425,2248.29405232153
2025-07-31,0.32,3000,0.568666610073432,0.579013549889701,5124.81387792425,2150.86377097591
2025-07-31,0.32,3100,0.550781411897238,0.560560113102645,5124.81387792425,2053.73580949121
2025-07-31,0.32,3200,0.533635341002158,0.542497410664497,5124.81387792425,1956.9605544644
2025-07-31,0.32,3300,0.515604513661203,0.524678614914758,5124.81387792425,1860.33645936512
2025-07-31,0.32,3400,0.499038121219623,0.50758577710837,5124.81387792425,1764.31700394463
2025-07-31,0.32,3500,0.482351230479842,0.490690108294581,5124.81387792425,1668.65025503615
2025-07-31,0.32,3600,0.465740750391733,0.47410628047577,5124.81387792425,1573.43698586174
2025-07-31,0.32,3700,0.450026894563965,0.458342830120193,5124.81387792425,1479.02990295265
2025-07-31,0.32,3800,0.434437776298341,0.443079575220581,5124.81387792425,1385.32823297081
2025-07-31,0.32,3900,0.419781033874947,0.428245977114095,5124.81387792425,1292.63429584521
2025-07-31,0.32,4000,0.405666036408994,0.413929187948634,5124.81387792425,1201.04886476359
2025-07-31,0.32,4050,0.398689089948282,0.406931006023548,5124.81387792425,1155.68443569721
2025-07-31,0.32,4100,0.391939062852218,0.399988681916105,5124.81387792425,1110.67271309574
2025-07-31,0.32,4150,0.385359143279597,0.39337402415697,5124.81387792425,1066.11447023861
2025-07-31,0.32,4200,0.378898285585624,0.386725816084162,5124.81387792425,1021.90893385306
2025-07-31,0.32,4250,0.3725106016153,0.380299279227774,5124.81387792425,978.156877276029
2025-07-31,0.32,4300,0.366291607229799,0.373767282895498,5124.81387792425,934.807913793328
2025-07-31,0.32,4350,0.360187346255762,0.36749884488555,5124.81387792425,892.01320334543
2025-07-31,0.32,4400,0.355662579118908,0.361305853171851,5124.81387792425,850.326999044477
2025-07-31,0.32,4450,0.348254773149276,0.35538561397156,5124.81387792425,808.086541689714
2025-07-31,0.32,4500,0.342450497870401,0.349324896547942,5124.81387792425,766.954590364511
2025-07-31,0.32,4550,0.33691377614218,0.343548962142608,5124.81387792425,726.628825324515
2025-07-31,0.32,4575,0.335333035642419,0.340416132700019,5124.81387792425,707.120969106327
2025-07-31,0.32,4600,0.331359405269093,0.337882931077034,5124.81387792425,686.958086562304
2025-07-31,0.32,4625,0.328643779381616,0.335062115797216,5124.81387792425,667.399843760503
2025-07-31,0.32,4650,0.32574841012899,0.332487219153605,5124.81387792425,648.043147413614
2025-07-31,0.32,4675,0.323196023552007,0.329728235689186,5124.81387792425,628.938384333673
2025-07-31,0.32,4700,0.320351378928925,0.326482242841268,5124.81387792425,609.632074693335
2025-07-31,0.32,4725,0.317827297427772,0.3242724284304,5124.81387792425,591.182338034596
2025-07-31,0.32,4750,0.315206763649699,0.321365165315381,5124.81387792425,572.531054691595
2025-07-31,0.32,4775,0.312390148489172,0.318761636323367,5124.81387792425,554.131704530163
2025-07-31,0.32,4800,0.310929830035577,0.315284889972176,5124.81387792425,536.185834190526
2025-07-31,0.32,4810,0.308738382615553,0.315383452422324,5124.81387792425,529.007486058907
2025-07-31,0.32,4820,0.307676635590331,0.314385594707796,5124.81387792425,521.879524523552
2025-07-31,0.32,4825,0.307229159977008,0.313444532245289,5124.81387792425,518.13919054887
2025-07-31,0.32,4830,0.306677524228307,0.313354851411082,5124.81387792425,514.801949710825
2025-07-31,0.32,4840,0.305644749775266,0.312291338510947,5124.81387792425,507.724374835489
2025-07-31,0.32,4850,0.305524484598747,0.309778381948986,5124.81387792425,500.394866786114
2025-07-31,0.32,4860,0.303572836443539,0.310160390096408,5124.81387792425,493.669998441555
2025-07-31,0.32,4870,0.302533036180307,0.309092291887785,5124.81387792425,486.693196804814
2025-07-31,0.32,4875,0.302000333928509,0.308172024839735,5124.81387792425,483.003249459269
2025-07-31,0.32,4880,0.301459108328924,0.308084165468757,5124.81387792425,479.766781900059
2025-07-31,0.32,4890,0.300444112823832,0.307042072260242,5124.81387792425,472.890753641522
2025-07-31,0.32,4900,0.299394340133094,0.30559606634287,5124.81387792425,465.81317869466
2025-07-31,0.32,4910,0.298402101495112,0.304948361469176,5124.81387792425,459.239470330405
2025-07-31,0.32,4920,0.297374464595743,0.303896122810884,5124.81387792425,452.46421520658
2025-07-31,0.32,4925,0.296847386222623,0.302990501828953,5124.81387792425,448.875041235229
2025-07-31,0.32,4930,0.296311472217615,0.302900866251203,5124.81387792425,445.739346888187
2025-07-31,0.32,4940,0.295304379566646,0.301870489517234,5124.81387792425,439.064865147146
2025-07-31,0.32,4950,0.294988644042594,0.299078695558512,5124.81387792425,431.836130392551
2025-07-31,0.32,4960,0.293182272604761,0.299704436062398,5124.81387792425,425.715901604502
2025-07-31,0.32,4970,0.292157568352867,0.298659001734147,5124.81387792425,419.142193157827
2025-07-31,0.32,4975,0.292352936836993,0.296410223406103,5124.81387792425,415.301085969405
2025-07-31,0.32,4980,0.29082613068272,0.297667844303467,5124.81387792425,412.467711468468
2025-07-31,0.32,4990,0.290088112694104,0.296640403127357,5124.81387792425,406.145936265872
2025-07-31,0.32,5000,0.288863708871554,0.294860712771614,5124.81387792425,399.169134693216
2025-07-31,0.32,5010,0.288049410616426,0.29456577600896,5124.81387792425,393.300839117094
2025-07-31,0.32,5020,0.287018268306197,0.293518002023778,5124.81387792425,386.928677273446
2025-07-31,0.32,5025,0.287111046806598,0.291112877190927,5124.81387792425,383.037183378764
2025-07-31,0.32,5030,0.286393392477114,0.290745723638569,5124.81387792425,379.851102382798
2025-07-31,0.32,5040,0.282183529658913,0.291400041048061,5124.81387792425,372.72314082803
2025-07-31,0.32,5050,0.283874026960648,0.289621836588382,5124.81387792425,367.610644960522
2025-07-31,0.32,5060,0.28277855325254,0.289308999805844,5124.81387792425,361.792736131128
2025-07-31,0.32,5070,0.281820473198288,0.288338656270554,5124.81387792425,355.722894170153
2025-07-31,0.32,5075,0.281282599486857,0.287178946334092,5124.81387792425,352.284879972408
2025-07-31,0.32,5080,0.280119404366698,0.287241750799506,5124.81387792425,349.199572312594
2025-07-31,0.32,5090,0.278732027388184,0.286194154929767,5124.81387792425,342.928183687101
2025-07-31,0.32,5100,0.279146484269297,0.283266605135247,5124.81387792425,336.656795058343
2025-07-31,0.32,5110,0.277678381705207,0.284157047596479,5124.81387792425,331.544299155649
2025-07-31,0.32,5120,0.276608029259396,0.283254160191824,5124.81387792425,325.676003656695
2025-07-31,0.32,5125,0.275869405474548,0.282075019228477,5124.81387792425,322.22256509745
2025-07-31,0.32,5130,0.275187944668619,0.281827403547916,5124.81387792425,319.350526531898
2025-07-31,0.32,5140,0.274405450642857,0.280864783150594,5124.81387792425,313.707222802089
2025-07-31,0.32,5150,0.27270880821284,0.279599828524512,5124.81387792425,307.408892842786
2025-07-31,0.32,5160,0.272453004315098,0.278817403329308,5124.81387792425,302.269455542817
2025-07-31,0.32,5170,0.271369998542439,0.277819279314732,5124.81387792425,296.575765102891
2025-07-31,0.32,5175,0.270246158931495,0.277304671641925,5124.81387792425,293.401406798881
2025-07-31,0.32,5180,0.270418731840416,0.276866787632486,5124.81387792425,291.033234624276
2025-07-31,0.32,5190,0.269424555905961,0.27587247098101,5124.81387792425,285.490704223777
2025-07-31,0.32,5200,0.268387139100924,0.274574588426669,5124.81387792425,279.797013805909
2025-07-31,0.32,5210,0.266957378505154,0.273844258069348,5124.81387792425,274.254483432477
2025-07-31,0.32,5220,0.266442722083431,0.274205036573163,5124.81387792425,269.921232392428
2025-07-31,0.32,5225,0.265645472561146,0.272276260245196,5124.81387792425,266.243007627099
2025-07-31,0.32,5230,0.265447920853178,0.271906501900013,5124.81387792425,263.824448903769
2025-07-31,0.32,5240,0.264233724617084,0.270872636926445,5124.81387792425,258.382691661968
2025-07-31,0.32,5250,0.26341136110846,0.270057161857932,5124.81387792425,253.344027687564
2025-07-31,0.32,5260,0.262193684490802,0.269548043895145,5124.81387792425,248.305363686216
2025-07-31,0.32,5270,0.261368118105636,0.26785638447746,5124.81387792425,242.863606430502
2025-07-31,0.32,5275,0.260894355476087,0.267300002330569,5124.81387792425,240.293887879604
2025-07-31,0.32,5280,0.260409050849455,0.266820052372184,5124.81387792425,237.774555807068
2025-07-31,0.32,5290,0.259403547267629,0.265826257988946,5124.81387792425,232.735891735013
2025-07-31,0.32,5300,0.25799817422659,0.26478682909059,5124.81387792425,227.495681226296
2025-07-31,0.32,5310,0.257427716448656,0.263789490879436,5124.81387792425,222.809723631332
2025-07-31,0.32,5320,0.256368324505395,0.262834236516084,5124.81387792425,217.922219532349
2025-07-31,0.32,5325,0.255864845846316,0.262339170755755,5124.81387792425,215.503660763303
2025-07-31,0.32,5330,0.25499370373577,0.261832377461426,5124.81387792425,212.883555514451
2025-07-31,0.32,5340,0.254370563222578,0.260783279979554,5124.81387792425,208.298371219538
2025-07-31,0.32,5350,0.252985125723325,0.259864750575702,5124.81387792425,203.410867129625
2025-07-31,0.32,5355,0.252496876225609,0.259298310290524,5124.81387792425,201.042695037355
2025-07-31,0.32,5360,0.251996222966391,0.258809145040782,5124.81387792425,198.72490956916
2025-07-31,0.32,5365,0.251842711756746,0.259473608045572,5124.81387792425,197.263696980836
2025-07-31,0.32,5370,0.250957304985779,0.257794531377946,5124.81387792425,194.089338632663
2025-07-31,0.32,5375,0.250509088388932,0.257358897822197,5124.81387792425,191.872326444588
2025-07-31,0.32,5380,0.249957965158685,0.256821072277605,5124.81387792425,189.554541033267
2025-07-31,0.32,5385,0.249846997346325,0.257986734238434,5124.81387792425,188.44603489057
2025-07-31,0.32,5390,0.249361645134931,0.255888989947505,5124.81387792425,185.32206323994
2025-07-31,0.32,5395,0.248863532349073,0.255404538063106,5124.81387792425,183.105051049339
2025-07-31,0.32,5400,0.248352545483813,0.254907678342668,5124.81387792425,180.888038817991
2025-07-31,0.32,5405,0.247554313416212,0.254398304702731,5124.81387792425,178.519866724594
2025-07-31,0.32,5410,0.247016563250541,0.253876305821141,5124.81387792425,176.302854537714
2025-07-31,0.32,5415,0.246557410307323,0.253433061468208,5124.81387792425,174.186615707157
2025-07-31,0.32,5420,0.246085313289991,0.252885674442196,5124.81387792425,172.019990196694
2025-07-31,0.32,5425,0.245600152145244,0.252417234030123,5124.81387792425,169.903751220241
2025-07-31,0.32,5430,0.245101801726611,0.251936133742839,5124.81387792425,167.787512332499
2025-07-31,0.32,5435,0.244961353480228,0.251442257310543,5124.81387792425,165.872819984993
2025-07-31,0.32,5440,0.244251141727787,0.251028100635441,5124.81387792425,163.706194473096
2025-07-31,0.32,5445,0.243806269743136,0.250508548658396,5124.81387792425,161.640342300872
2025-07-31,0.32,5450,0.243441789668645,0.24997584786179,5124.81387792425,159.62487668949
2025-07-31,0.32,5455,0.242782948505266,0.249523230911298,5124.81387792425,157.508637742493
2025-07-31,0.32,5460,0.242297815154677,0.249057714415551,5124.81387792425,155.493172122608
2025-07-31,0.32,5465,0.241987945071096,0.248579171772888,5124.81387792425,153.578479766204
2025-07-31,0.32,5470,0.241476037215121,0.248087471288476,5124.81387792425,151.56301425258
2025-07-31,0.32,5475,0.241045262834906,0.247582474719119,5124.81387792425,149.59793519391
2025-07-31,0.32,5480,0.240601051652726,0.247158791341675,5124.81387792425,147.683242878861
2025-07-31,0.32,5485,0.240047598078774,0.246722114850162,5124.81387792425,145.718163843856
2025-07-31,0.32,5490,0.239575750626788,0.24617696445352,5124.81387792425,143.753084916156
2025-07-31,0.32,5495,0.239090008569585,0.245713591745925,5124.81387792425,141.838392540792
2025-07-31,0.32,5500,0.238590208343638,0.245236806392545,5124.81387792425,139.923700297102
2025-07-31,0.32,5505,0.237979135879263,0.244842769340957,5124.81387792425,138.009007897431
2025-07-31,0.32,5510,0.237645140757503,0.244339041116532,5124.81387792425,136.195088814784
2025-07-31,0.32,5515,0.237200253347822,0.2438214404058,5124.81387792425,134.330783214065
2025-07-31,0.32,5520,0.236741353171372,0.243387142424831,5124.81387792425,132.516864110273
2025-07-31,0.32,5525,0.236268269825226,0.242939349288717,5124.81387792425,130.702945085273
2025-07-31,0.32,5530,0.235780825048422,0.242477905728524,5124.81387792425,128.889026033752
2025-07-31,0.32,5535,0.235278832139888,0.242002649926954,5124.81387792425,127.075106918889
2025-07-31,0.32,5540,0.234861845553832,0.241612234264989,5124.81387792425,125.361961192962
2025-07-31,0.32,5545,0.234430765292358,0.241109237128785,5124.81387792425,123.598428767606
2025-07-31,0.32,5550,0.233884814540379,0.240392637522116,5124.81387792425,121.683736470942
2025-07-31,0.32,5555,0.233424564673791,0.240160091222888,5124.81387792425,120.071363967946
2025-07-31,0.32,5560,0.23305115146958,0.2397143983647,5124.81387792425,118.40860480428
2025-07-31,0.32,5565,0.23256184346555,0.239254655777877,5124.81387792425,116.6954590909
2025-07-31,0.32,5570,0.232057471318876,0.23888198690413,5124.81387792425,115.032699907657
2025-07-31,0.32,5575,0.231640739682374,0.238394041541442,5124.81387792425,113.369940806808
2025-07-31,0.32,5580,0.231002637180983,0.237993692596623,5124.81387792425,111.656795001189
2025-07-31,0.32,5585,0.230763522147221,0.237579463452984,5124.81387792425,110.145195856632
2025-07-31,0.32,5590,0.230093727466211,0.237151175267485,5124.81387792425,108.43204998921
2025-07-31,0.32,5595,0.229826583115413,0.236708641775611,5124.81387792425,106.920450865171
2025-07-31,0.32,5600,0.229335162900888,0.236251667545142,5124.81387792425,105.308078324998
2025-07-31,0.32,5605,0.228934185749889,0.235780048849264,5124.81387792425,103.746092502496
2025-07-31,0.32,5610,0.228305217631206,0.235398707761636,5124.81387792425,102.133720046287
2025-07-31,0.32,5615,0.228087812163215,0.234897689976941,5124.81387792425,100.672507388905
2025-07-31,0.32,5620,0.227426401568164,0.234487580189464,5124.81387792425,99.0601349307533
2025-07-31,0.32,5625,0.227180726385498,0.234063044069787,5124.81387792425,97.6493089625881
2025-07-31,0.32,5630,0.22670381879603,0.233623873525523,5124.81387792425,96.1377098215323
2025-07-31,0.32,5635,0.226101355826782,0.233277715767496,5124.81387792425,94.6261105600998
2025-07-31,0.32,5640,0.22581224128541,0.232809204633114,5124.81387792425,93.2152846443086
2025-07-31,0.32,5645,0.225398335630846,0.232434429224118,5124.81387792425,91.8044587489076
2025-07-31,0.32,5650,0.224969034486528,0.232045323671082,5124.81387792425,90.3936328174221
2025-07-31,0.32,5655,0.224524084649131,0.231641678426426,5124.81387792425,88.9828068616234
2025-07-31,0.32,5660,0.224176142971816,0.231223273756231,5124.81387792425,87.6223675861647
2025-07-31,0.32,5665,0.223699808582288,0.230789880322312,5124.81387792425,86.2115416728515
2025-07-31,0.32,5670,0.223321359542293,0.230341257435992,5124.81387792425,84.851102359675
2025-07-31,0.32,5675,0.2228125583747,0.229989985407358,5124.81387792425,83.4906630389424
2025-07-31,0.32,5680,0.222402549431996,0.229510837696059,5124.81387792425,82.1302238106806
2025-07-31,0.32,5685,0.221976716591153,0.229129906099326,5124.81387792425,80.8201711504068
2025-07-31,0.32,5690,0.221652150382865,0.228734128784196,5124.81387792425,79.5605050949713
2025-07-31,0.32,5695,0.221194622888578,0.228323264916472,5124.81387792425,78.2504525033706
2025-07-31,0.32,5700,0.220720408131023,0.228013406765462,5124.81387792425,76.9907864129442
2025-07-31,0.32,5705,0.220349015460241,0.227572362371074,5124.81387792425,75.7311204345719
2025-07-31,0.32,5710,0.219961992286274,0.227115459153951,5124.81387792425,74.4714544012518
2025-07-31,0.32,5715,0.219559057466119,0.226761060646329,5124.81387792425,73.2621750967709
2025-07-31,0.32,5720,0.21913991530486,0.226391821367963,5124.81387792425,72.0528956632521
2025-07-31,0.32,5725,0.218704255992222,0.226007492044542,5124.81387792425,70.8436163484826
2025-07-31,0.32,5730,0.218251753274264,0.225607811178152,5124.81387792425,69.6343369733804
2025-07-31,0.32,5735,0.217782064744421,0.225192504756228,5124.81387792425,68.4250576377291
2025-07-31,0.32,5740,0.2174210058252,0.224761285523964,5124.81387792425,67.2661649101239
2025-07-31,0.32,5745,0.217044014013995,0.224437488675434,5124.81387792425,66.1576587793713
2025-07-31,0.32,5750,0.216650782265396,0.224098954083717,5124.81387792425,65.0491526780014
2025-07-31,0.32,5755,0.216240987526884,0.223620030617433,5124.81387792425,63.8902599732155
2025-07-31,0.32,5760,0.215814290156757,0.223250327424008,5124.81387792425,62.7817538346208
2025-07-31,0.32,5765,0.215370333196536,0.222865058919979,5124.81387792425,61.6732477711433
2025-07-31,0.32,5770,0.215041081853621,0.222592156376326,5124.81387792425,60.6655150162324
2025-07-31,0.32,5775,0.214562611097419,0.222175856495149,5124.81387792425,59.5570088840143
2025-07-31,0.32,5780,0.214200333600817,0.221873274301753,5124.81387792425,58.5492760922622
2025-07-31,0.32,5785,0.213821576496776,0.221424761573432,5124.81387792425,57.491156673531
2025-07-31,0.32,5790,0.213425991557965,0.221091372247902,5124.81387792425,56.4834238105432
2025-07-31,0.32,5795,0.213013212221639,0.22074264214782,5124.81387792425,55.4756910269877
2025-07-31,0.32,5800,0.21272215063401,0.22037827499619,5124.81387792425,54.5183448655899
2025-07-31,0.32,5805,0.212275093533769,0.220133350983388,5124.81387792425,53.5609986875907
2025-07-31,0.32,5810,0.211951480475928,0.219737896866295,5124.81387792425,52.6036525252912
2025-07-31,0.32,5815,0.211611682632451,0.219463464770832,5124.81387792425,51.6966930410207
2025-07-31,0.32,5820,0.211255351921526,0.219035687939634,5124.81387792425,50.7393468425811
2025-07-31,0.32,5825,0.210882121925927,0.218730578951678,5124.81387792425,49.8323872805324
2025-07-31,0.32,5830,0.210491606874381,0.218410243421704,5124.81387792425,48.9254277926705
2025-07-31,0.32,5835,0.210083399458782,0.218074376923645,5124.81387792425,48.0184682463464
2025-07-31,0.32,5840,0.209806986847656,0.217866136397384,5124.81387792425,47.2122819953868
2025-07-31,0.32,5845,0.209363609490219,0.217499513262337,5124.81387792425,46.3053224754832
2025-07-31,0.32,5850,0.209054115282609,0.217116390001651,5124.81387792425,45.4487496019286
2025-07-31,0.32,5855,0.208728230088724,0.216863714183607,5124.81387792425,44.6425633279523
2025-07-31,0.32,5860,0.208385577596036,0.216447860464151,5124.81387792425,43.785990441269
2025-07-31,0.32,5865,0.208025760828299,0.216164416804144,5124.81387792425,42.9798042273582
2025-07-31,0.32,5870,0.207648360981391,0.215865761154035,5124.81387792425,42.1736179783209
2025-07-31,0.32,5875,0.207413582127329,0.215551573953763,5124.81387792425,41.4178183661642
2025-07-31,0.32,5880,0.207001405531332,0.215221519490646,5124.81387792425,40.6116321195841
2025-07-31,0.32,5885,0.206734311821199,0.214875244298663,5124.81387792425,39.8558325059486
2025-07-31,0.32,5890,0.206285620395359,0.214512376139821,5124.81387792425,39.0496462747087
2025-07-31,0.32,5895,0.205984599913505,0.214291183535893,5124.81387792425,38.3442332968455
2025-07-31,0.32,5900,0.205666845893293,0.213895556105489,5124.81387792425,37.588433681765
2025-07-31,0.32,5905,0.205331942586503,0.213643942722776,5124.81387792425,36.8830207291994
2025-07-31,0.32,5910,0.204979450379776,0.213377373609187,5124.81387792425,36.1776077832113
2025-07-31,0.32,5915,0.204783803954069,0.213095523674936,5124.81387792425,35.5225814444877
2025-07-31,0.32,5920,0.204396750075561,0.212798051386573,5124.81387792425,34.8171684998659
2025-07-31,0.32,5925,0.204169503874897,0.212484596729714,5124.81387792425,34.1621421207844
2025-07-31,0.32,5930,0.203746092763787,0.212154781063526,5124.81387792425,33.4567292062281
2025-07-31,0.32,5935,0.203485612317048,0.211808204646897,5124.81387792425,32.801702881732
2025-07-31,0.32,5940,0.203208869377447,0.211617971242617,5124.81387792425,32.1970631705992
2025-07-31,0.32,5945,0.202915450379551,0.211238512445224,5124.81387792425,31.5420368946434
2025-07-31,0.32,5950,0.202982746584639,0.21101823559332,5124.81387792425,31.0381704655283
2025-07-31,0.32,5955,0.202276809311777,0.210783300888246,5124.81387792425,30.3327574946513
2025-07-31,0.32,5960,0.201930634382489,0.210352480960535,5124.81387792425,29.6777311740321
2025-07-31,0.32,5965,0.201761980886415,0.210085293972626,5124.81387792425,29.1234781313204
2025-07-31,0.32,5970,0.201380605310748,0.209987154546654,5124.81387792425,28.569225066155
2025-07-31,0.32,5975,0.201180486062857,0.209690101498969,5124.81387792425,28.0149720319504
2025-07-31,0.32,5980,0.200761943149468,0.209376550944989,5124.81387792425,27.410332359119
2025-07-31,0.32,5985,0.201348722501041,0.209046072002505,5124.81387792425,27.0576258693291
2025-07-31,0.32,5990,0.200279199368878,0.208891341778921,5124.81387792425,26.3522128746632
2025-07-31,0.32,6000,0.200581046545036,0.208343814472446,5124.81387792425,25.4956400263638
2025-07-31,0.32,6010,0.199330654602599,0.20793265068975,5124.81387792425,24.336747284573
2025-07-31,0.32,6020,0.199538691693085,0.207461999550715,5124.81387792425,23.5305610405465
2025-07-31,0.32,6025,0.199629308506479,0.207203435591212,5124.81387792425,23.1274679183367
2025-07-31,0.32,6030,0.199027946244098,0.206928841969489,5124.81387792425,22.5732148961898
2025-07-31,0.32,6040,0.198682944344697,0.206546148135822,5124.81387792425,21.7166420103444
2025-07-31,0.32,6050,0.198517487322323,0.206104613050852,5124.81387792425,20.910455739321
2025-07-31,0.32,6060,0.197562337296203,0.205601170043965,5124.81387792425,19.9531095856381
2025-07-31,0.32,6070,0.197019512150096,0.204799501541583,5124.81387792425,19.0461500566304
2025-07-31,0.32,6075,0.197235322437139,0.204368102738685,5124.81387792425,18.6934435551456
2025-07-31,0.32,6080,0.195879878617959,0.204155226117752,5124.81387792425,18.088803893826
2025-07-31,0.32,6090,0.195442845022446,0.20392842244083,5124.81387792425,17.3833909167402
2025-07-31,0.32,6100,0.194938901720714,0.203649240163679,5124.81387792425,16.6779779430962
2025-07-31,0.32,6110,0.194650241926694,0.203057498463494,5124.81387792425,15.9725650167736
2025-07-31,0.32,6120,0.194302671177697,0.202658728838035,5124.81387792425,15.3175386755707
2025-07-31,0.32,6125,0.194105711005083,0.20257046914387,5124.81387792425,15.0152188319167
2025-07-31,0.32,6130,0.193892670238546,0.202469805833721,5124.81387792425,14.7128989862181
2025-07-31,0.32,6140,0.193416273421303,0.20223005546334,5124.81387792425,14.1082593132009
2025-07-31,0.32,6150,0.192868988695255,0.201936887194944,5124.81387792425,13.5036196255113
2025-07-31,0.32,6160,0.192577826990449,0.201587420767951,5124.81387792425,12.9493665728087
2025-07-31,0.32,6170,0.192226731767585,0.201478572151005,5124.81387792425,12.4455001865147
2025-07-31,0.32,6175,0.192200596964392,0.201254952287616,5124.81387792425,12.193566957859
2025-07-31,0.32,6180,0.19216299874446,0.201015229274836,5124.81387792425,11.9416337678366
2025-07-31,0.32,6190,0.191691548850798,0.200802328206686,5124.81387792425,11.4377673499882
2025-07-31,0.32,6200,0.191521062977559,0.200537106163889,5124.81387792425,10.9842876035812
2025-07-31,0.32,6210,0.191297509616423,0.200549751487184,5124.81387792425,10.581194482736
2025-07-31,0.32,6220,0.191017663626418,0.200180482231872,5124.81387792425,10.1277147052615
2025-07-31,0.32,6225,0.190855513817817,0.200146368322522,5124.81387792425,9.92616814403162
2025-07-31,0.32,6230,0.19067789343158,0.200101224206947,5124.81387792425,9.72462158757723
2025-07-31,0.32,6240,0.190274087824818,0.199976754545562,5124.81387792425,9.32152846999777
2025-07-31,0.32,6250,0.190236200603849,0.199804747124066,5124.81387792425,8.96882198605751
2025-07-31,0.32,6260,0.189705812397611,0.199582619123027,5124.81387792425,8.56572885516208
2025-07-31,0.32,6270,0.189561283212121,0.198915482640372,5124.81387792425,8.16263572408363
2025-07-31,0.32,6275,0.189704143438453,0.19954441394271,5124.81387792425,8.11224911322336
2025-07-31,0.32,6280,0.189365018330017,0.199377502601927,5124.81387792425,7.91070252885629
2025-07-31,0.32,6290,0.189113689873804,0.199410261436932,5124.81387792425,7.60838268935835
2025-07-31,0.32,6300,0.188803536318915,0.198557634746765,5124.81387792425,7.20528957194337
2025-07-31,0.32,6310,0.189475653049038,0.198488189514836,5124.81387792425,7.00374301056988
2025-07-31,0.32,6320,0.188534303768282,0.199267138403011,5124.81387792425,6.75180980831902
2025-07-31,0.32,6325,0.188572631912282,0.198980429729785,5124.81387792425,6.60064989553861
2025-07-31,0.32,6330,0.188601536963577,0.198674825685672,5124.81387792425,6.44948996407747
2025-07-31,0.32,6340,0.188053686459064,0.198478542904712,5124.81387792425,6.14717012182453
2025-07-31,0.32,6350,0.188024363331246,0.198715891190446,5124.81387792425,5.94562355661063
2025-07-31,0.32,6360,0.1879507770608,0.198428802566713,5124.81387792425,5.69369035439532
2025-07-31,0.32,6370,0.187830202510564,0.199104491646505,5124.81387792425,5.54253042970626
2025-07-31,0.32,6375,0.187751352375823,0.198669328408657,5124.81387792425,5.39137051766354
2025-07-31,0.32,6380,0.187659577084458,0.198733793393118,5124.81387792425,5.29059723763724
2025-07-31,0.32,6390,0.188111225022915,0.198838143430989,5124.81387792425,5.13943731334733
2025-07-31,0.32,6400,0.187854550193047,0.19890848782576,5124.81387792425,4.93789074690493
2025-07-31,0.32,6410,0.18753818573522,0.198943222519814,5124.81387792425,4.73634419986796
2025-07-31,0.32,6420,0.18790124117721,0.198940582656873,5124.81387792425,4.58518427196505
2025-07-31,0.32,6425,0.187700146223403,0.198924646563468,5124.81387792425,4.48441098779658
2025-07-31,0.32,6430,0.187481517957976,0.198898621190678,5124.81387792425,4.38363770106439
2025-07-31,0.32,6440,0.187782149758174,0.199423828769576,5124.81387792425,4.28286443304219
2025-07-31,0.32,6450,0.187245182340023,0.199314881199607,5124.81387792425,4.08131786478948
2025-07-31,0.32,6460,0.187475374575924,0.199160711515798,5124.81387792425,3.93015795008841
2025-07-31,0.32,6470,0.187243167336321,0.199616896741424,5124.81387792425,3.80419134949341
2025-07-31,0.32,6475,0.187327794872446,0.199507588283957,5124.81387792425,3.7286113933234
2025-07-31,0.32,6480,0.187404842752485,0.200056013443601,5124.81387792425,3.70341806766109
2025-07-31,0.32,6490,0.187070583513463,0.200477623318645,5124.81387792425,3.577451463155
2025-07-31,0.32,6500,0.187154675975665,0.200881259250075,5124.81387792425,3.47667818536809
2025-07-31,0.32,6525,0.187205369900669,0.201444183647014,5124.81387792425,3.19955165837169
2025-07-31,0.32,6550,0.186998376036986,0.202611091397306,5124.81387792425,2.97281178262152
2025-07-31,0.32,6600,0.186971326354883,0.204645095098114,5124.81387792425,2.56971865149591
2025-07-31,0.32,6650,0.186587502710517,0.206230509236487,5124.81387792425,2.19181885204924
2025-07-31,0.32,6700,0.186829378242598,0.20831491669711,5124.81387792425,1.91469233002593
2025-07-31,0.32,6750,0.186045273610858,0.210560531875341,5124.81387792425,1.66275912861621
2025-07-31,0.32,6800,0.18518281273638,0.213063378057639,5124.81387792425,1.46121257182807
2025-07-31,0.32,6850,0.1845481894524,0.215288492352178,5124.81387792425,1.28485932859687
2025-07-31,0.32,6900,0.184685951851789,0.217901393068637,5124.81387792425,1.1588927288674
2025-07-31,0.32,6950,0.180847807376233,0.221022169741919,5124.81387792425,1.03292612435892
2025-07-31,0.32,7000,0.176916171647468,0.223994371942798,5124.81387792425,0.932152845492514
2025-07-31,0.32,7100,NA,0.229462707818519,5124.81387792425,NA
2025-07-31,0.32,7200,NA,0.236156480120694,5124.81387792425,NA
2025-07-31,0.32,7300,0.192224486989142,0.225738548640465,5124.81387792425,0.377899803128883
2025-07-31,0.32,7400,0.189242032236389,0.229697505881109,5124.81387792425,0.302319841579813
2025-07-31,0.32,7500,NA,0.255217627588668,5124.81387792425,NA
2025-07-31,0.32,7600,NA,0.246461508238318,5124.81387792425,NA
2025-07-31,0.32,7800,NA,0.274126368482882,5124.81387792425,NA
2025-07-31,0.32,8000,0.225809194987476,0.28710919085533,5124.81387792425,0.503866402918264
2025-07-31,0.32,8200,NA,0.301057288330995,5124.81387792425,NA
2025-07-31,0.32,8400,NA,0.312937791919931,5124.81387792425,NA
2025-08-15,0.364,200,NA,1.76211640152412,5131.50655336395,NA
2025-08-15,0.364,400,1.19768634760183,1.38583367429848,5131.50655336395,4731.70819530552
2025-08-15,0.364,600,1.03214786258705,1.17987744613581,5131.50655336395,4531.75860579068
2025-08-15,0.364,800,0.911339312897263,1.05198992374279,5131.50655336395,4331.85942676152
2025-08-15,0.364,1000,0.82656156026211,0.948271876859076,5131.50655336395,4131.97285035383
2025-08-15,0.364,1200,0.791273801461331,0.846630658507495,5131.50655336395,3932.09887656673
2025-08-15,0.364,1400,0.792796629558538,0.851003002917964,5131.50655336395,3733.35913870156
2025-08-15,0.364,1600,0.774487425679977,0.807123918512913,5131.50655336395,3534.73282442598
2025-08-15,0.364,1800,0.745222708666695,0.770585185256531,5131.50655336395,3336.64842287417
2025-08-15,0.364,2000,0.713182748315475,0.732522900236197,5131.50655336395,3139.01771568635
2025-08-15,0.364,2200,0.680631951711318,0.696410829861901,5131.50655336395,2942.01713956787
2025-08-15,0.364,2300,0.664351171310633,0.678092270411521,5131.50655336395,2843.73109607151
2025-08-15,0.364,2400,0.64786431803698,0.660300314359748,5131.50655336395,2745.6214892684
2025-08-15,0.364,2500,0.630844197169622,0.642191503741642,5131.50655336395,2647.61270344905
2025-08-15,0.364,2600,0.613432608536829,0.624451674541965,5131.50655336395,2549.75514906777
2025-08-15,0.364,2700,0.59629121520938,0.606693172179148,5131.50655336395,2452.07403140279
2025-08-15,0.364,2800,0.57881139308264,0.588905690695789,5131.50655336395,2354.51893994016
2025-08-15,0.364,2900,0.561293075173835,0.570861926993234,5131.50655336395,2257.08987470129
2025-08-15,0.364,3000,0.544751896690251,0.553400802767889,5131.50655336395,2160.01368284397
2025-08-15,0.364,3100,0.527395891280459,0.535985631308047,5131.50655336395,2063.03831196178
2025-08-15,0.364,3200,0.510754261217094,0.518896978777999,5131.50655336395,1966.41581447133
2025-08-15,0.364,3300,0.49428912478517,0.502159582414997,5131.50655336395,1870.12098517069
2025-08-15,0.364,3350,0.485611955395699,0.494144422868447,5131.50655336395,1822.06178885149
2025-08-15,0.364,3400,0.477758070505568,0.486312682500833,5131.50655336395,1774.25464495416
2025-08-15,0.364,3450,0.469670876213774,0.4779819885377,5131.50655336395,1726.39709058161
2025-08-15,0.364,3500,0.462395222443654,0.470198937423248,5131.50655336395,1678.8924096437
2025-08-15,0.364,3550,0.454589454479858,0.462052590178128,5131.50655336395,1631.31211290096
2025-08-15,0.364,3600,0.447126902458908,0.454372439294234,5131.50655336395,1584.00907387313
2025-08-15,0.364,3650,0.439057529606656,0.446870021428401,5131.50655336395,1536.73124010089
2025-08-15,0.364,3700,0.4325779581497,0.439508740114542,5131.50655336395,1489.98271640449
2025-08-15,0.364,3750,0.425226127577185,0.43225551055475,5131.50655336395,1443.2089874551
2025-08-15,0.364,3800,0.417777622956562,0.425080439768205,5131.50655336395,1396.58648998832
2025-08-15,0.364,3850,0.410786203015445,0.41768366182201,5131.50655336395,1350.19083970619
2025-08-15,0.364,3875,0.407346763118287,0.414539353974208,5131.50655336395,1327.23246431972
2025-08-15,0.364,3900,0.403997465496567,0.41112026784088,5131.50655336395,1304.27408902148
2025-08-15,0.364,3925,0.399248874769511,0.408207237365298,5131.50655336395,1281.11407174165
2025-08-15,0.364,3950,0.395916997245511,0.404433091776359,5131.50655336395,1258.15569638428
2025-08-15,0.364,3975,0.392574045131946,0.401642026432032,5131.50655336395,1235.55019444032
2025-08-15,0.364,4000,0.389870885433688,0.397536259138706,5131.50655336395,1212.79346103373
2025-08-15,0.364,4025,0.386165955156416,0.394616098370182,5131.50655336395,1190.16275386756
2025-08-15,0.364,4050,0.383004762430337,0.390586615272384,5131.50655336395,1167.40602045877
2025-08-15,0.364,4075,0.379890972568113,0.388061591534719,5131.50655336395,1145.22900763568
2025-08-15,0.364,4100,0.377192124456818,0.384450006991505,5131.50655336395,1122.90076336377
2025-08-15,0.364,4125,0.373707475833582,0.381755566218775,5131.50655336395,1100.69854530056
2025-08-15,0.364,4150,0.370629225095287,0.378159436391609,5131.50655336395,1078.39550625904
2025-08-15,0.364,4175,0.367578017490732,0.375574758532659,5131.50655336395,1056.54616161152
2025-08-15,0.364,4200,0.365098022762992,0.372045400750595,5131.50655336395,1034.64640646287
2025-08-15,0.364,4225,0.361737967346902,0.369412175228617,5131.50655336395,1012.84747226134
2025-08-15,0.364,4250,0.359260482242463,0.366190517257496,5131.50655336395,991.250180031315
2025-08-15,0.364,4275,0.356188688334473,0.363683962228563,5131.50655336395,969.804119254119
2025-08-15,0.364,4300,0.353502729582091,0.360287372046505,5131.50655336395,948.25723748733
2025-08-15,0.364,4325,0.350680049183298,0.357822957326804,5131.50655336395,927.13884485842
2025-08-15,0.364,4350,0.347298972652545,0.353710981895403,5131.50655336395,905.213884504828
2025-08-15,0.364,4375,0.34446091873739,0.35210895790995,5131.50655336395,884.675212424781
2025-08-15,0.364,4400,0.342365101847633,0.34859072463052,5131.50655336395,863.758461759681
2025-08-15,0.364,4425,0.338899122895077,0.345870662882724,5131.50655336395,842.715684886648
2025-08-15,0.364,4450,0.336951832747442,0.342953135137741,5131.50655336395,822.378654710978
2025-08-15,0.364,4475,0.33333776899443,0.340886757645606,5131.50655336395,801.814777489491
2025-08-15,0.364,4500,0.33047857929552,0.337952197611444,5131.50655336395,781.326515929041
2025-08-15,0.364,4525,0.327903433523121,0.335196164547838,5131.50655336395,761.191127726951
2025-08-15,0.364,4550,0.325278030237655,0.332397031767229,5131.50655336395,741.156560577961
2025-08-15,0.364,4575,0.322548706050297,0.330475830438734,5131.50655336395,721.65130344078
2025-08-15,0.364,4600,0.320173539681883,0.327316965000457,5131.50655336395,701.868788737303
2025-08-15,0.364,4625,0.317480609543473,0.324464378669639,5131.50655336395,682.237505396463
2025-08-15,0.364,4650,0.314775636385539,0.322046884126767,5131.50655336395,662.984300734419
2025-08-15,0.364,4675,0.312442711025611,0.319220170664668,5131.50655336395,643.882327544874
2025-08-15,0.364,4700,0.31007819040182,0.31723490642113,5131.50655336395,625.385280124609
2025-08-15,0.364,4710,0.307722202730081,0.315224281099732,5131.50655336395,616.645542233099
2025-08-15,0.364,4720,0.306725387223722,0.314845595445594,5131.50655336395,609.518939900738
2025-08-15,0.364,4725,0.307301563467783,0.314643276239159,5131.50655336395,606.535359333758
2025-08-15,0.364,4730,0.30570031364422,0.313870340347876,5131.50655336395,602.08987465349
2025-08-15,0.364,4740,0.304834374134407,0.31286700805732,5131.50655336395,594.761630391922
2025-08-15,0.364,4750,0.304822759523267,0.31174302540105,5131.50655336395,587.861875296223
2025-08-15,0.364,4760,0.303012726823562,0.311330091232347,5131.50655336395,580.407604784029
2025-08-15,0.364,4770,0.301965249115375,0.31033236215675,5131.50655336395,573.079360561058
2025-08-15,0.364,4775,0.302303671366305,0.309090410179626,5131.50655336395,569.490854077019
2025-08-15,0.364,4780,0.300980906055558,0.308849594318013,5131.50655336395,565.54947431896
2025-08-15,0.364,4790,0.299784799450804,0.307797332522174,5131.50655336395,558.170819499502
2025-08-15,0.364,4800,0.299967799243544,0.307214327791892,5131.50655336395,551.850784964916
2025-08-15,0.364,4810,0.297852271930129,0.306148353144258,5131.50655336395,544.018435837407
2025-08-15,0.364,4820,0.297020880267778,0.304829850380519,5131.50655336395,536.791012464513
2025-08-15,0.364,4825,0.297489990941067,0.304339555029042,5131.50655336395,533.782226732812
2025-08-15,0.364,4830,0.296068542690315,0.304198764230574,5131.50655336395,529.916462599701
2025-08-15,0.364,4840,0.294996632461978,0.302824344713937,5131.50655336395,522.588218290889
2025-08-15,0.364,4850,0.29518059311768,0.301069615403904,5131.50655336395,515.789284134433
2025-08-15,0.364,4860,0.293117137795642,0.300789097843011,5131.50655336395,508.587066080027
2025-08-15,0.364,4870,0.29221871826552,0.29985848860329,5131.50655336395,501.712516252385
2025-08-15,0.364,4875,0.292634707317787,0.299600532040729,5131.50655336395,498.905372277092
2025-08-15,0.364,4880,0.291113545851431,0.299246659148285,5131.50655336395,494.938787253473
2025-08-15,0.364,4890,0.290239758784774,0.297905226640683,5131.50655336395,487.913005853007
2025-08-15,0.364,4900,0.290202042548808,0.296189028473868,5131.50655336395,481.189687426753
2025-08-15,0.364,4910,0.288309072808971,0.296002399870028,5131.50655336395,474.31513750939
2025-08-15,0.364,4920,0.287252962613632,0.29500426072146,5131.50655336395,467.490998054199
2025-08-15,0.364,4925,0.28778835464144,0.294536484604316,5131.50655336395,464.734264717809
2025-08-15,0.364,4930,0.286423031235974,0.293288830895769,5131.50655336395,460.414806324728
2025-08-15,0.364,4940,0.285474276922116,0.292316303845598,5131.50655336395,453.741898240841
2025-08-15,0.364,4950,0.285473518330775,0.291610236042056,5131.50655336395,447.825147611417
2025-08-15,0.364,4960,0.283563948348122,0.290360938403645,5131.50655336395,440.496903370187
2025-08-15,0.364,4970,0.282432382979865,0.28937756144548,5131.50655336395,433.823995367664
2025-08-15,0.364,4975,0.282954242890664,0.289634628449464,5131.50655336395,431.596572114468
2025-08-15,0.364,4980,0.281606566010719,0.288277470560189,5131.50655336395,427.302318875066
2025-08-15,0.364,4990,0.280662341417033,0.288071479760023,5131.50655336395,421.284747266136
2025-08-15,0.364,5000,0.280524185388337,0.286485367275237,5131.50655336395,414.964712688752
2025-08-15,0.364,5010,0.278756517388398,0.286125422305127,5131.50655336395,408.443036113168
2025-08-15,0.364,5020,0.277710852266771,0.284727009154104,5131.50655336395,401.770128138925
2025-08-15,0.364,5025,0.278093065887236,0.284349723830769,5131.50655336395,399.189831410386
2025-08-15,0.364,5030,0.276714649250524,0.283463888942455,5131.50655336395,395.24845168376
2025-08-15,0.364,5040,0.276390741661919,0.283332236019156,5131.50655336395,389.861011111851
2025-08-15,0.364,5050,0.275738921943157,0.282167678257655,5131.50655336395,383.69220796191
2025-08-15,0.364,5060,0.273560798111196,0.281094030676159,5131.50655336395,376.691631810802
2025-08-15,0.364,5070,0.273541741068533,0.280151721987632,5131.50655336395,371.127754580485
2025-08-15,0.364,5075,0.272547663213986,0.27964694093214,5131.50655336395,367.740890151724
2025-08-15,0.364,5080,0.272659001372588,0.279257240060252,5131.50655336395,365.110182930241
2025-08-15,0.364,5090,0.271740319464664,0.278327716538925,5131.50655336395,359.092611263052
2025-08-15,0.364,5100,0.270703366574685,0.276787477657224,5131.50655336395,352.6717557091
2025-08-15,0.364,5110,0.268809454598336,0.276445184742362,5131.50655336395,346.502952619703
2025-08-15,0.364,5120,0.268193339022221,0.275286646089557,5131.50655336395,340.661817687812
2025-08-15,0.364,5125,0.267318015127796,0.274776094763119,5131.50655336395,337.451389865256
2025-08-15,0.364,5130,0.266925304919838,0.274420425145703,5131.50655336395,334.644245991813
2025-08-15,0.364,5140,0.265967950569599,0.273292286899001,5131.50655336395,328.701569912022
2025-08-15,0.364,5150,0.265091148055068,0.272123414640154,5131.50655336395,322.828748417938
2025-08-15,0.364,5160,0.264380815958288,0.271285950609098,5131.50655336395,317.308800215254
2025-08-15,0.364,5170,0.263223902026818,0.270574801131239,5131.50655336395,311.637620603953
2025-08-15,0.364,5175,0.262998635323183,0.270062310907617,5131.50655336395,308.940659590203
2025-08-15,0.364,5180,0.26251875535951,0.269458858553652,5131.50655336395,306.042056698134
2025-08-15,0.364,5190,0.261285172770911,0.269081088360501,5131.50655336395,300.62292953465
2025-08-15,0.364,5200,0.260665815028083,0.267400267500317,5131.50655336395,294.825723810995
2025-08-15,0.364,5210,0.259721636709487,0.266905942723512,5131.50655336395,289.608238553931
2025-08-15,0.364,5220,0.258819706966374,0.265638608713771,5131.50655336395,283.987469406477
2025-08-15,0.364,5225,0.258210925846572,0.265072093340711,5131.50655336395,281.139276987853
2025-08-15,0.364,5230,0.257673814509979,0.264700084250799,5131.50655336395,278.467521266803
2025-08-15,0.364,5240,0.256937321562078,0.263722686674602,5131.50655336395,273.224830757828
2025-08-15,0.364,5250,0.255915289187339,0.26274696358729,5131.50655336395,267.856114023947
2025-08-15,0.364,5260,0.254811461952294,0.262427625154547,5131.50655336395,262.890681251136
2025-08-15,0.364,5270,0.25411731638738,0.261373167911258,5131.50655336395,257.774017041208
2025-08-15,0.364,5275,0.253652416601801,0.260420803994828,5131.50655336395,254.900619333405
2025-08-15,0.364,5280,0.253218222521506,0.260155336897779,5131.50655336395,252.480915999961
2025-08-15,0.364,5290,0.252236466501179,0.259512752988574,5131.50655336395,247.54068850725
2025-08-15,0.364,5300,0.251336168900878,0.258007287945579,5131.50655336395,242.171971724365
2025-08-15,0.364,5310,0.250187263761473,0.257530859550679,5131.50655336395,237.332565155173
2025-08-15,0.364,5320,0.249201613357592,0.256229921676217,5131.50655336395,232.140285106209
2025-08-15,0.364,5325,0.249003224186902,0.256204326021483,5131.50655336395,230.123865767108
2025-08-15,0.364,5330,0.248338526168682,0.255755232089668,5131.50655336395,227.578136240628
2025-08-15,0.364,5340,0.247390782776375,0.254410695949586,5131.50655336395,222.486677233724
2025-08-15,0.364,5350,0.246482547106317,0.253645881045634,5131.50655336395,217.823707314945
2025-08-15,0.364,5360,0.245530291601655,0.25258897340534,5131.50655336395,213.009505957923
2025-08-15,0.364,5370,0.244701161743488,0.25165569970994,5131.50655336395,208.396946522805
2025-08-15,0.364,5375,0.244101982122872,0.251193784522174,5131.50655336395,206.002448523818
2025-08-15,0.364,5380,0.243785719528451,0.250804960985255,5131.50655336395,203.834797574908
2025-08-15,0.364,5390,0.242571639998718,0.249784667709905,5131.50655336395,199.04580153482
2025-08-15,0.364,5400,0.24198820540486,0.248761907157328,5131.50655336395,194.685294534928
2025-08-15,0.364,5410,0.241361415998924,0.248075824226565,5131.50655336395,190.551634777413
2025-08-15,0.364,5420,0.24051974413606,0.247091233202113,5131.50655336395,186.165922502737
2025-08-15,0.364,5425,0.240103126586574,0.246603204456951,5131.50655336395,183.998271688527
2025-08-15,0.364,5430,0.239846763895288,0.246103747656203,5131.50655336395,181.931441717183
2025-08-15,0.364,5440,0.238870170894483,0.245242010011911,5131.50655336395,177.646550544819
2025-08-15,0.364,5450,0.237975617953757,0.244205383375871,5131.50655336395,173.361659189194
2025-08-15,0.364,5460,0.237120595145228,0.243858683413482,5131.50655336395,169.55566759563
2025-08-15,0.364,5470,0.236174136541517,0.242642834370857,5131.50655336395,165.245571049066
2025-08-15,0.364,5475,0.235726520938769,0.242125422252947,5131.50655336395,163.17874121094
2025-08-15,0.364,5480,0.235310840096066,0.241639739713077,5131.50655336395,161.162321711055
2025-08-15,0.364,5490,0.234443355172856,0.241205228109992,5131.50655336395,157.457151040028
2025-08-15,0.364,5500,0.23352688617468,0.239620193922125,5131.50655336395,153.121849340391
2025-08-15,0.364,5510,0.232650177665522,0.239049312537939,5131.50655336395,149.441883910303
2025-08-15,0.364,5520,0.231723501954005,0.238299307263634,5131.50655336395,145.686302754065
2025-08-15,0.364,5525,0.231286434889087,0.237839213975654,5131.50655336395,143.795909548784
2025-08-15,0.364,5530,0.230791235687696,0.237366816461273,5131.50655336395,141.880311084628
2025-08-15,0.364,5540,0.230036575837787,0.236248061871587,5131.50655336395,138.124729953951
2025-08-15,0.364,5550,0.228955194058866,0.235397123349106,5131.50655336395,134.394353987042
2025-08-15,0.364,5560,0.228377654154829,0.234773533763809,5131.50655336395,131.117672478406
2025-08-15,0.364,5570,0.227564905242115,0.233963929083419,5131.50655336395,127.664554254872
2025-08-15,0.364,5575,0.227139262303766,0.233517235926578,5131.50655336395,125.925392501015
2025-08-15,0.364,5580,0.226700559167019,0.233104650276244,5131.50655336395,124.211435994384
2025-08-15,0.364,5590,0.225878770895604,0.232241732471628,5131.50655336395,120.833933457079
2025-08-15,0.364,5600,0.225052516786924,0.231089172473194,5131.50655336395,117.355609982816
2025-08-15,0.364,5610,0.22431893072961,0.230360387238232,5131.50655336395,114.204954585654
2025-08-15,0.364,5620,0.223582558562605,0.229581641494794,5131.50655336395,111.079504571469
2025-08-15,0.364,5625,0.223170204433243,0.229294919724844,5131.50655336395,109.567189977268
2025-08-15,0.364,5630,0.22274435965983,0.22875166646139,5131.50655336395,107.928849197087
2025-08-15,0.364,5640,0.221901465872644,0.227967907146599,5131.50655336395,104.853809575713
2025-08-15,0.364,5650,0.221154964262968,0.227082106018728,5131.50655336395,101.829180416108
2025-08-15,0.364,5660,0.220099063178651,0.226393688524206,5131.50655336395,98.8045513117767
2025-08-15,0.364,5670,0.219499101101553,0.225654244011339,5131.50655336395,96.0319746258416
2025-08-15,0.364,5675,0.218841976918652,0.225239356248016,5131.50655336395,94.4692496245542
2025-08-15,0.364,5680,0.218690932695196,0.224862350466973,5131.50655336395,93.1837822178335
2025-08-15,0.364,5690,0.217667474960361,0.224120501686672,5131.50655336395,90.3103845717903
2025-08-15,0.364,5700,0.216849518644783,0.222640848248833,5131.50655336395,87.235345002893
2025-08-15,0.364,5710,0.216027943122368,0.222581670120693,5131.50655336395,84.8912573832356
2025-08-15,0.364,5720,0.215312713432999,0.221837656015407,5131.50655336395,82.3203226304214
2025-08-15,0.364,5725,0.2148235409073,0.221499443457574,5131.50655336395,81.0096500513567
2025-08-15,0.364,5730,0.214541275806907,0.221093533498352,5131.50655336395,79.7745930864379
2025-08-15,0.364,5740,0.213655250288504,0.220349555918372,5131.50655336395,77.228863546146
2025-08-15,0.364,5750,0.212821751799867,0.219494223299569,5131.50655336395,74.7083393177055
2025-08-15,0.364,5760,0.212159381214968,0.218919792994297,5131.50655336395,72.4398675197339
2025-08-15,0.364,5770,0.211381583237769,0.218178811653663,5131.50655336395,70.0957799216714
2025-08-15,0.364,5775,0.211029468071166,0.217873819372067,5131.50655336395,68.986749237214
2025-08-15,0.364,5780,0.210662845227157,0.217439309515212,5131.50655336395,67.8273080885284
2025-08-15,0.364,5790,0.209763623304429,0.21681963133921,5131.50655336395,65.5840415046897
2025-08-15,0.364,5800,0.209168807366633,0.215307372443553,5131.50655336395,63.1391329563213
2025-08-15,0.364,5810,0.208455191484663,0.215416110174904,5131.50655336395,61.3747659757777
2025-08-15,0.364,5820,0.207681126364758,0.214812993533623,5131.50655336395,59.3331413030206
2025-08-15,0.364,5825,0.207366848651574,0.213807771094799,5131.50655336395,58.072879152484
2025-08-15,0.364,5830,0.206844042284208,0.214155220917379,5131.50655336395,57.2915166165829
2025-08-15,0.364,5840,0.206336049329987,0.213377254429001,5131.50655336395,55.3759181822715
2025-08-15,0.364,5850,0.205639373623572,0.212538228104326,5131.50655336395,53.4099092720496
2025-08-15,0.364,5860,0.204812726176623,0.212225922903251,5131.50655336395,51.6455422612092
2025-08-15,0.364,5870,0.204265790696541,0.211533895224079,5131.50655336395,49.8811752851273
2025-08-15,0.364,5875,0.203935990164345,0.210593818217272,5131.50655336395,48.7721446231642
2025-08-15,0.364,5880,0.203449624994131,0.211053265254696,5131.50655336395,48.1420135177899
2025-08-15,0.364,5890,0.201697676846137,0.210175661220674,5131.50655336395,45.9743626661519
2025-08-15,0.364,5900,0.20153572712637,0.209300989688609,5131.50655336395,44.4116375910605
2025-08-15,0.364,5910,0.200878630883146,0.208930510732584,5131.50655336395,42.8993230614729
2025-08-15,0.364,5920,0.199773904048702,0.208292252525699,5131.50655336395,41.1853665805723
2025-08-15,0.364,5925,0.199423450128741,0.207877494128903,5131.50655336395,40.3787987775986
2025-08-15,0.364,5930,0.199135076570894,0.207742413793009,5131.50655336395,39.6982572466796
2025-08-15,0.364,5940,0.19851237567106,0.207211257536685,5131.50655336395,38.2615583803641
2025-08-15,0.364,5950,0.197907731806277,0.206470020809939,5131.50655336395,36.7996543358476
2025-08-15,0.364,5960,0.197239599681582,0.205977421308204,5131.50655336395,35.4385712020626
2025-08-15,0.364,5970,0.196675732029497,0.205429317745886,5131.50655336395,34.1278986054227
2025-08-15,0.364,5975,0.196413764231503,0.20493174541816,5131.50655336395,33.4221517909476
2025-08-15,0.364,5980,0.196485769145321,0.20490471072453,5131.50655336395,32.9684574282579
2025-08-15,0.364,5990,0.195535915579786,0.204654996948831,5131.50655336395,31.7081953013794
2025-08-15,0.364,6000,0.195235586895983,0.203595593946113,5131.50655336395,30.4227279553007
2025-08-15,0.364,6010,0.194322740160546,0.203322272889378,5131.50655336395,29.2380815355647
2025-08-15,0.364,6020,0.193903879287808,0.202912563570608,5131.50655336395,28.1794613234511
2025-08-15,0.364,6025,0.193576036424768,0.202508964746562,5131.50655336395,27.5745355155759
2025-08-15,0.364,6030,0.193231024484545,0.202449168889621,5131.50655336395,27.0704306675286
2025-08-15,0.364,6040,0.193491403358915,0.201929556376609,5131.50655336395,26.2134524077009
2025-08-15,0.364,6050,0.192494939426828,0.200403175138261,5131.50655336395,24.8019588166648
2025-08-15,0.364,6060,0.192881798018634,0.199934302825343,5131.50655336395,24.045801519011
2025-08-15,0.364,6070,0.192497196283361,0.199507279346797,5131.50655336395,23.1384127855105
2025-08-15,0.364,6075,0.192446035823955,0.199222584804157,5131.50655336395,22.7099236752997
2025-08-15,0.364,6080,0.191946037255403,0.199126038085307,5131.50655336395,22.2310240637827
2025-08-15,0.364,6090,0.191441725644696,0.198690695422344,5131.50655336395,21.3488405336289
2025-08-15,0.364,6100,0.191794514128417,0.198305068795681,5131.50655336395,20.6935042475464
2025-08-15,0.364,6110,0.190475731967906,0.197864738172735,5131.50655336395,19.6852945208188
2025-08-15,0.364,6120,0.190019135796194,0.197254891852738,5131.50655336395,18.8535215288503
2025-08-15,0.364,6125,0.189085136542301,0.197038572685219,5131.50655336395,18.3242114571669
2025-08-15,0.364,6130,0.188997487737536,0.196808015196245,5131.50655336395,17.9713380431402
2025-08-15,0.364,6140,0.188657162241613,0.196537796025759,5131.50655336395,17.290796488776
2025-08-15,0.364,6150,0.188260395541766,0.196217695363697,5131.50655336395,16.6102549422202
2025-08-15,0.364,6160,0.187666820009224,0.195968361975062,5131.50655336395,15.9297133881088
2025-08-15,0.364,6170,0.187283605071472,0.195543774341605,5131.50655336395,15.2743770797906
2025-08-15,0.364,6175,0.187212759072184,0.195309862199614,5131.50655336395,14.9719141761894
2025-08-15,0.364,6180,0.187130470610913,0.195190630209077,5131.50655336395,14.6946565057206
2025-08-15,0.364,6190,0.186633092842293,0.194915776108072,5131.50655336395,14.0897306715162
2025-08-15,0.364,6200,0.186984892086816,0.194590294729834,5131.50655336395,13.6360362965389
2025-08-15,0.364,6210,0.186064968900523,0.194490595629589,5131.50655336395,13.0311104704332
2025-08-15,0.364,6220,0.185698475423041,0.194348878456198,5131.50655336395,12.527005615037
2025-08-15,0.364,6225,0.185657535501295,0.194117120579737,5131.50655336395,12.2749531772093
2025-08-15,0.364,6230,0.185439358054202,0.194163150033834,5131.50655336395,12.0481059962005
2025-08-15,0.364,6240,0.185126991589564,0.193931209385318,5131.50655336395,11.5692063890158
2025-08-15,0.364,6250,0.185462129618747,0.193650617609657,5131.50655336395,11.1911277436064
2025-08-15,0.364,6260,0.184693202343552,0.193634262421094,5131.50655336395,10.7122281431008
2025-08-15,0.364,6270,0.184399107845751,0.19325700605607,5131.50655336395,10.2585337809479
2025-08-15,0.364,6275,0.184421194160608,0.193211306057335,5131.50655336395,10.082097055808
2025-08-15,0.364,6280,0.184049178667854,0.193155380427768,5131.50655336395,9.85524988918058
2025-08-15,0.364,6290,0.184037474416916,0.193011846884318,5131.50655336395,9.50237649090987
2025-08-15,0.364,6300,0.184189573945265,0.192824264693473,5131.50655336395,9.17470833698657
2025-08-15,0.364,6310,0.183473921959316,0.192948212959736,5131.50655336395,8.79662969778802
2025-08-15,0.364,6320,0.183325577698211,0.192675361056747,5131.50655336395,8.44375630312435
2025-08-15,0.364,6325,0.18323392697124,0.192705796969524,5131.50655336395,8.29252486278975
2025-08-15,0.364,6330,0.183130154498883,0.192351238681873,5131.50655336395,8.09088292063447
2025-08-15,0.364,6340,0.182884708363363,0.192554073899222,5131.50655336395,7.81362523922444
2025-08-15,0.364,6350,0.183296251077932,0.192334643532228,5131.50655336395,7.56157280506703
2025-08-15,0.364,6360,0.182964905423377,0.192270746945576,5131.50655336395,7.25910990083834
2025-08-15,0.364,6370,0.182574324597175,0.192167338125581,5131.50655336395,6.95664698584588
2025-08-15,0.364,6375,0.182611165098882,0.192521791057365,5131.50655336395,6.88103126198814
2025-08-15,0.364,6380,0.182639618458728,0.19266220277844,5131.50655336395,6.7802102861156
2025-08-15,0.364,6390,0.18240436492119,0.192273025629981,5131.50655336395,6.47774737709337
2025-08-15,0.364,6400,0.18239165527843,0.192050707144371,5131.50655336395,6.2256949344236
2025-08-15,0.364,6425,0.181889489347624,0.192717488705814,5131.50655336395,5.72159009139028
2025-08-15,0.364,6450,0.182021152602783,0.192481350993908,5131.50655336395,5.21748522881357
2025-08-15,0.364,6475,0.181928947884399,0.193061382331351,5131.50655336395,4.81420134600226
2025-08-15,0.364,6500,0.181949264540845,0.192920737488594,5131.50655336395,4.38571222095825
2025-08-15,0.364,6550,0.181884861256505,0.194139020339041,5131.50655336395,3.74297853887497
2025-08-15,0.364,6600,0.181518319903221,0.195112475364845,5131.50655336395,3.16325795522452
2025-08-15,0.364,6650,0.181475529559935,0.197021669326009,5131.50655336395,2.74737145215935
2025-08-15,0.364,6700,0.181452271815902,0.198531043886549,5131.50655336395,2.36929281344134
2025-08-15,0.364,6750,0.181653060888451,0.200281707245948,5131.50655336395,2.06682990265399
2025-08-15,0.364,6800,0.181428652602296,0.202406121705031,5131.50655336395,1.81477747369716
2025-08-15,0.364,6850,0.18128921585954,0.20477633649325,5131.50655336395,1.61313553462312
2025-08-15,0.364,6900,0.181503946248954,0.20690164414889,5131.50655336395,1.43669883302325
2025-08-15,0.364,6950,0.180847368635989,0.209701714509397,5131.50655336395,1.29806999809321
2025-08-15,0.364,7000,0.179934350770029,0.212011465944324,5131.50655336395,1.15944116576172
2025-08-15,0.364,7100,0.17618363158182,0.217484449119693,5131.50655336395,0.957799219680799
2025-08-15,0.364,7200,0.164654926509812,0.223202190124991,5131.50655336395,0.806567766449216
2025-08-15,0.364,7300,NA,0.229354768987313,5131.50655336395,NA
2025-08-15,0.364,7400,0.185921980035261,0.235184301443374,5131.50655336395,0.730952039963716
2025-08-15,0.364,7600,NA,0.247468657641757,5131.50655336395,NA
2025-08-15,0.364,7800,0.200064444241208,0.259407752916649,5131.50655336395,0.592323201819927
2025-08-15,0.364,8000,0.201843502607273,0.270529909636913,5131.50655336395,0.529310095929051
2025-08-15,0.364,8200,0.212189193432658,0.284372315679161,5131.50655336395,0.541912717383639
2025-08-15,0.364,8400,0.222243019259174,0.28385396292545,5131.50655336395,0.340270776667122
2025-08-15,0.364,8600,0.232021462459125,0.307338024018983,5131.50655336395,0.50410485299254
2025-08-15,0.364,8800,NA,0.317720704648725,5131.50655336395,NA
2025-08-15,0.364,9000,NA,0.327612032584829,5131.50655336395,NA
2025-08-15,0.364,9200,NA,0.338868846034734,5131.50655336395,NA
2025-08-15,0.364,9400,NA,0.328273847723123,5131.50655336395,NA
2025-08-15,0.364,9600,NA,0.33843400468525,5131.50655336395,NA
2025-08-15,0.364,9800,NA,0.368957904743997,5131.50655336395,NA
2025-08-15,0.364,10000,NA,0.356247619225573,5131.50655336395,NA
2025-08-15,0.364,10400,NA,0.396431703871342,5131.50655336395,NA
2025-08-15,0.364,10800,NA,0.412628884392156,5131.50655336395,NA
2025-08-15,0.364,11000,NA,0.421589296770722,5131.50655336395,NA
2025-08-15,0.364,12000,NA,0.462340835679122,5131.50655336395,NA
2025-08-29,0.404,1200,0.746499552644076,0.807888905129465,5136.810293548,3937.40859311742
2025-08-29,0.404,1400,0.755186327607269,0.817223865616111,5136.810293548,3738.80462544627
2025-08-29,0.404,1600,0.740965695314848,0.778737161182461,5136.810293548,3540.37516181804
2025-08-29,0.404,1800,0.713830033657453,0.739993661574604,5136.810293548,3342.34456456591
2025-08-29,0.404,2000,0.685291538268226,0.703777470937178,5136.810293548,3144.9371960352
2025-08-29,0.404,2200,0.653964088144458,0.66860606299324,5136.810293548,2948.07826878168
2025-08-29,0.404,2400,0.621213510187882,0.63458089718822,5136.810293548,2751.81764107641
2025-08-29,0.404,2600,0.589975974747599,0.60048927322291,5136.810293548,2556.3048878583
2025-08-29,0.404,2800,0.556917034576898,0.566300892700133,5136.810293548,2361.29071760702
2025-08-29,0.404,3000,0.523896659746416,0.532689947016565,5136.810293548,2167.02442181935
2025-08-29,0.404,3100,0.507801152147629,0.516125856251416,5136.810293548,2070.2652111532
2025-08-29,0.404,3200,0.492253560391454,0.499828701453639,5136.810293548,1973.85500856632
2025-08-29,0.404,3300,0.476503037957365,0.483965104817462,5136.810293548,1877.74395578284
2025-08-29,0.404,3400,0.459515659190309,0.468627655959425,5136.810293548,1781.78247786815
2025-08-29,0.404,3500,0.444844480248376,0.453625796530981,5136.810293548,1686.66859099231
2025-08-29,0.404,3600,0.430350183328501,0.439012211304657,5136.810293548,1592.1031454505
2025-08-29,0.404,3700,0.416095820569695,0.424988609616119,5136.810293548,1498.23571602408
2025-08-29,0.404,3800,0.403537699335642,0.411313469981386,5136.810293548,1405.51502745328
2025-08-29,0.404,3900,0.389674886269556,0.398109603434544,5136.810293548,1313.29292189047
2025-08-29,0.404,3950,0.383411607059075,0.391646034136688,5136.810293548,1267.73031033822
2025-08-29,0.404,4000,0.377244580618756,0.385431593918578,5136.810293548,1222.51670686377
2025-08-29,0.404,4050,0.371140709345009,0.378992444626223,5136.810293548,1177.50253667568
2025-08-29,0.404,4100,0.365208388708139,0.373012436344516,5136.810293548,1132.98694937894
2025-08-29,0.404,4150,0.359403630451197,0.366894824424814,5136.810293548,1088.77051186732
2025-08-29,0.404,4200,0.353686823533337,0.361007971683632,5136.810293548,1045.00279901979
2025-08-29,0.404,4250,0.348022233834967,0.3551812666647,5136.810293548,1001.63395255735
2025-08-29,0.404,4300,0.342612489208645,0.349382866721598,5136.810293548,958.763689170376
2025-08-29,0.404,4350,0.338079064264306,0.343918959721277,5136.810293548,916.840733326726
2025-08-29,0.404,4400,0.331903449720177,0.338403588999636,5136.810293548,874.618627715519
2025-08-29,0.404,4450,0.326644796756554,0.332918087393674,5136.810293548,833.293971531872
2025-08-29,0.404,4500,0.321469465440183,0.327732512256578,5136.810293548,792.667331397857
2025-08-29,0.404,4550,0.316436424788182,0.322398641170736,5136.810293548,752.58913266329
2025-08-29,0.404,4600,0.311975295504927,0.317371923762459,5136.810293548,713.557958048636
2025-08-29,0.404,4650,0.30643677748829,0.312135649607189,5136.810293548,674.476925256726
2025-08-29,0.404,4700,0.301670708746892,0.307299774309806,5136.810293548,636.692208091836
2025-08-29,0.404,4725,0.29922657575904,0.30486871418052,5136.810293548,618.024211898513
2025-08-29,0.404,4750,0.297580544890188,0.302018353128579,5136.810293548,599.755082101142
2025-08-29,0.404,4775,0.293341981620621,0.300047545630743,5136.810293548,580.688219417794
2025-08-29,0.404,4800,0.292043041869638,0.297648193833701,5136.810293548,563.266680588238
2025-08-29,0.404,4825,0.289708857914562,0.29508266294825,5136.810293548,545.346558915653
2025-08-29,0.404,4850,0.286204211321823,0.292601014686383,5136.810293548,526.97771249871
2025-08-29,0.404,4860,0.286250410596771,0.292040197697807,5136.810293548,520.816801359179
2025-08-29,0.404,4870,0.285270619812595,0.291119172494973,5136.810293548,513.858157526007
2025-08-29,0.404,4875,0.283865053667642,0.290524867329402,5136.810293548,509.755606827199
2025-08-29,0.404,4880,0.284016306274524,0.290169974784258,5136.810293548,506.749938801715
2025-08-29,0.404,4890,0.282817549766006,0.289192661609169,5136.810293548,499.69157830269
2025-08-29,0.404,4900,0.283058315132474,0.287373515772553,5136.810293548,493.032084220894
2025-08-29,0.404,4910,0.281232138538016,0.287315981574277,5136.810293548,486.223015227585
2025-08-29,0.404,4920,0.280110997870789,0.286334715080377,5136.810293548,479.314229702651
2025-08-29,0.404,4925,0.279216949153925,0.28583336129196,5136.810293548,475.660403762095
2025-08-29,0.404,4930,0.27920345923747,0.285405367782744,5136.810293548,472.604877322876
2025-08-29,0.404,4940,0.278266058036835,0.284446897882684,5136.810293548,465.895525047529
2025-08-29,0.404,4950,0.277618959104892,0.282899466716881,5136.810293548,459.036597731412
2025-08-29,0.404,4960,0.276381506870996,0.282522346266746,5136.810293548,452.576536859383
2025-08-29,0.404,4970,0.275433841185916,0.281635234447871,5136.810293548,446.016759364572
2025-08-29,0.404,4975,0.275186843961752,0.280426410196804,5136.810293548,442.412791647402
2025-08-29,0.404,4980,0.274455808709657,0.280638771534419,5136.810293548,439.407123540313
2025-08-29,0.404,4990,0.273526440311747,0.279691674829224,5136.810293548,432.897204471982
2025-08-29,0.404,5000,0.272802700080276,0.278399196856199,5136.810293548,426.33742693936
2025-08-29,0.404,5010,0.271653637489148,0.277785626846614,5136.810293548,419.977082585415
2025-08-29,0.404,5020,0.270709701023384,0.276826179785446,5136.810293548,413.566880114431
2025-08-29,0.404,5025,0.270225947194358,0.276021697524735,5136.810293548,410.162345504254
2025-08-29,0.404,5030,0.269969025709527,0.275914265391218,5136.810293548,407.356110640197
2025-08-29,0.404,5040,0.268805490074552,0.27489319082354,5136.810293548,400.846191510858
2025-08-29,0.404,5050,0.267922582449506,0.273685518502081,5136.810293548,394.435988893998
2025-08-29,0.404,5060,0.266929593660294,0.272991537664847,5136.810293548,388.324936116545
2025-08-29,0.404,5070,0.265982029693102,0.272032245436058,5136.810293548,382.114166768947
2025-08-29,0.404,5075,0.265496045492029,0.271308194521196,5136.810293548,378.859207081394
2025-08-29,0.404,5080,0.26507933073575,0.271118596016977,5136.810293548,376.003113951905
2025-08-29,0.404,5090,0.264066389087973,0.270172778279612,5136.810293548,369.842202840636
2025-08-29,0.404,5100,0.264101023228293,0.268036980584842,5136.810293548,363.631433456065
2025-08-29,0.404,5110,0.262173020916697,0.268184145413218,5136.810293548,357.669955592743
2025-08-29,0.404,5120,0.261137690565265,0.267217997340607,5136.810293548,351.608760997142
2025-08-29,0.404,5125,0.260722813861398,0.266722575058355,5136.810293548,348.652951205352
2025-08-29,0.404,5130,0.260222511885413,0.26629577451515,5136.810293548,345.697141427218
2025-08-29,0.404,5140,0.258581138357029,0.265646527720519,5136.810293548,339.535005680251
2025-08-29,0.404,5150,0.257773372020089,0.264525592817374,5136.810293548,333.651726636035
2025-08-29,0.404,5160,0.257160713105917,0.263984648942868,5136.810293548,328.316888756806
2025-08-29,0.404,5170,0.256359475485744,0.26310269781521,5136.810293548,322.682901264736
2025-08-29,0.404,5175,0.25609883991559,0.262610586093673,5136.810293548,319.940694795107
2025-08-29,0.404,5180,0.255676118128704,0.262339695497819,5136.810293548,317.248346779254
2025-08-29,0.404,5190,0.254497782468346,0.262154715334935,5136.810293548,311.913508900685
2025-08-29,0.404,5200,0.253590063391278,0.260709847668372,5136.810293548,305.980371570052
2025-08-29,0.404,5210,0.252799465403925,0.259766072001271,5136.810293548,300.495958843137
2025-08-29,0.404,5220,0.252125781869089,0.258940245427861,5136.810293548,295.210979249188
2025-08-29,0.404,5225,0.25154556775959,0.258667220211562,5136.810293548,292.518631264752
2025-08-29,0.404,5230,0.251109342668488,0.258079026704866,5136.810293548,289.726566580672
2025-08-29,0.404,5240,0.250285925455682,0.257258775988814,5136.810293548,284.441587080364
2025-08-29,0.404,5250,0.24942554230366,0.256402678666866,5136.810293548,279.156607528458
2025-08-29,0.404,5260,0.248604631076176,0.255510452577384,5136.810293548,273.921486337165
2025-08-29,0.404,5270,0.247746250558727,0.254658566288664,5136.810293548,268.7362233161
2025-08-29,0.404,5275,0.247302903614793,0.254295729561959,5136.810293548,266.193450211925
2025-08-29,0.404,5280,0.246850057762674,0.253846913426205,5136.810293548,263.600818665451
2025-08-29,0.404,5290,0.245992689913006,0.2529984714303,5136.810293548,258.515272409554
2025-08-29,0.404,5300,0.245174078324685,0.252112899204057,5136.810293548,253.479584374273
2025-08-29,0.404,5310,0.244316933555879,0.251267002047087,5136.810293548,248.493754582314
2025-08-29,0.404,5320,0.243498250517654,0.250383449335639,5136.810293548,243.55778311932
2025-08-29,0.404,5325,0.243035535556627,0.250004811702822,5136.810293548,241.11472652482
2025-08-29,0.404,5330,0.242950750423261,0.249539291423578,5136.810293548,238.871103157363
2025-08-29,0.404,5340,0.241743174726519,0.248656937353387,5136.810293548,233.785556885977
2025-08-29,0.404,5350,0.240883763205877,0.247813736229752,5136.810293548,228.99916028927
2025-08-29,0.404,5360,0.240374866141163,0.246931780736519,5136.810293548,224.462055171237
2025-08-29,0.404,5370,0.239278968535764,0.246088774899586,5136.810293548,219.625800359888
2025-08-29,0.404,5375,0.238715242328295,0.245691703337115,5136.810293548,217.232602025551
2025-08-29,0.404,5380,0.238298080828218,0.245049611719202,5136.810293548,214.789545521956
2025-08-29,0.404,5390,0.237748405368017,0.244362883702037,5136.810293548,210.501731919236
2025-08-29,0.404,5400,0.236922031497075,0.243558293611635,5136.810293548,206.014485104168
2025-08-29,0.404,5410,0.236054165022648,0.242634571356833,5136.810293548,201.477380047467
2025-08-29,0.404,5420,0.235144165805983,0.241828634486676,5136.810293548,197.039991585031
2025-08-29,0.404,5425,0.234713087581777,0.241410488112976,5136.810293548,194.846226549297
2025-08-29,0.404,5430,0.234351412388946,0.240982123529922,5136.810293548,192.7023197249
2025-08-29,0.404,5440,0.233436076984967,0.240094421630885,5136.810293548,188.314789571438
2025-08-29,0.404,5450,0.232315604687207,0.239245262225559,5136.810293548,183.87740111026
2025-08-29,0.404,5460,0.231717101876169,0.238434987138434,5136.810293548,179.838878969413
2025-08-29,0.404,5470,0.230914195878915,0.237582866272841,5136.810293548,175.700640294146
2025-08-29,0.404,5475,0.230455556327267,0.237140890992436,5136.810293548,173.606591737385
2025-08-29,0.404,5480,0.230067646214067,0.23676970146639,5136.810293548,171.612259954411
2025-08-29,0.404,5490,0.2290118222549,0.235914020620255,5136.810293548,167.424162949815
2025-08-29,0.404,5500,0.22832315708678,0.235015046953201,5136.810293548,163.485357355443
2025-08-29,0.404,5510,0.227424365464186,0.234237588181146,5136.810293548,159.546551897274
2025-08-29,0.404,5520,0.22664706807287,0.233333706735162,5136.810293548,155.657604638753
2025-08-29,0.404,5525,0.225904924907324,0.232948510990709,5136.810293548,153.563556206694
2025-08-29,0.404,5530,0.225740219927929,0.232552461700283,5136.810293548,151.818515814299
2025-08-29,0.404,5540,0.224871137204426,0.231727378147665,5136.810293548,148.029285136925
2025-08-29,0.404,5550,0.224040488417347,0.230857561425558,5136.810293548,144.28991292752
2025-08-29,0.404,5560,0.22324901396814,0.23002747376033,5136.810293548,140.650257159676
2025-08-29,0.404,5570,0.222410698941081,0.229237858172774,5136.810293548,137.060459729573
2025-08-29,0.404,5575,0.221973632603759,0.228826108384451,5136.810293548,135.265561069859
2025-08-29,0.404,5580,0.221524431715366,0.228402896780099,5136.810293548,133.470662387131
2025-08-29,0.404,5590,0.220677230561273,0.227608840093534,5136.810293548,129.980581532897
2025-08-29,0.404,5600,0.219870010794269,0.226768641903125,5136.810293548,126.54035896178
2025-08-29,0.404,5610,0.219014058554915,0.225969850314383,5136.810293548,123.149994726804
2025-08-29,0.404,5620,0.218198602258373,0.225124081796344,5136.810293548,119.809488754261
2025-08-29,0.404,5625,0.217635887117975,0.224772974058833,5136.810293548,118.114306717397
2025-08-29,0.404,5630,0.217424746686048,0.224320296426854,5136.810293548,116.568699527838
2025-08-29,0.404,5640,0.216601493764365,0.223559592293435,5136.810293548,113.377768456152
2025-08-29,0.404,5650,0.216192819086768,0.222751416174562,5136.810293548,110.436128900485
2025-08-29,0.404,5660,0.215365270003152,0.221987114080103,5136.810293548,107.34491445225
2025-08-29,0.404,5670,0.214580992785697,0.221267990880295,5136.810293548,104.353416542196
2025-08-29,0.404,5675,0.214169745329488,0.220890586376775,5136.810293548,102.857667682158
2025-08-29,0.404,5680,0.213841435641007,0.220501073370112,5136.810293548,101.411777074877
2025-08-29,0.404,5690,0.213051203197764,0.219685040672208,5136.810293548,98.4701375203138
2025-08-29,0.404,5700,0.212208740874865,0.218914809399888,5136.810293548,95.5783562216403
2025-08-29,0.404,5710,0.211411574735054,0.218191947813059,5136.810293548,92.7862915904664
2025-08-29,0.404,5720,0.210661451444716,0.21741971667103,5136.810293548,90.044085244586
2025-08-29,0.404,5725,0.210317235057699,0.217113601563655,5136.810293548,88.7477695029716
2025-08-29,0.404,5730,0.209858650366772,0.216696164886861,5136.810293548,87.3517371041469
2025-08-29,0.404,5740,0.209104287230413,0.215922455706802,5136.810293548,84.7092474537951
2025-08-29,0.404,5750,0.208296218650194,0.215198891407986,5136.810293548,82.1166159827617
2025-08-29,0.404,5760,0.207538153361083,0.214527486703075,5136.810293548,79.6237010452884
2025-08-29,0.404,5770,0.206725324267316,0.213806033014044,5136.810293548,77.1307861543087
2025-08-29,0.404,5775,0.206351643162345,0.213478548419156,5136.810293548,75.934187081888
2025-08-29,0.404,5780,0.205964257209131,0.213032893250428,5136.810293548,74.687729604459
2025-08-29,0.404,5790,0.205147342083088,0.212313405670663,5136.810293548,72.2945313507074
2025-08-29,0.404,5800,0.20660866345468,0.210998063146354,5136.810293548,70.6990658199812
2025-08-29,0.404,5810,0.203677475099277,0.210935219536288,5136.810293548,67.7574262129269
2025-08-29,0.404,5820,0.202799884161979,0.210278840265927,5136.810293548,65.5138028587528
2025-08-29,0.404,5825,0.202512289859191,0.209931304296008,5136.810293548,64.4667786346537
2025-08-29,0.404,5830,0.20209471886822,0.209683658347463,5136.810293548,63.4197543328062
2025-08-29,0.404,5840,0.201332891763502,0.20903798928671,5136.810293548,61.3257058512481
2025-08-29,0.404,5850,0.200512018953074,0.20834002180678,5136.810293548,59.2316574058569
2025-08-29,0.404,5860,0.199752520300312,0.207705964301265,5136.810293548,57.2373254611966
2025-08-29,0.404,5870,0.199183161628535,0.207139179863292,5136.810293548,55.3925684759741
2025-08-29,0.404,5875,0.198752250751355,0.206897221530813,5136.810293548,54.4452608378661
2025-08-29,0.404,5880,0.198432634085993,0.206521456155024,5136.810293548,53.497953196899
2025-08-29,0.404,5890,0.19775086841744,0.20597459474419,5136.810293548,51.7030544765658
2025-08-29,0.404,5900,0.197274006375466,0.205376817346126,5136.810293548,50.0078723575279
2025-08-29,0.404,5910,0.196476984590655,0.204853904749779,5136.810293548,48.2628319246588
2025-08-29,0.404,5920,0.195889495833214,0.204150383531402,5136.810293548,46.5676497899564
2025-08-29,0.404,5925,0.195574696579389,0.203908339779181,5136.810293548,45.7699170865117
2025-08-29,0.404,5930,0.195245437814996,0.20365393490257,5136.810293548,44.9721843212179
2025-08-29,0.404,5940,0.196098175972834,0.202972650902411,5136.810293548,43.8753017956516
2025-08-29,0.404,5950,0.195508481872641,0.202370950016963,5136.810293548,42.3296945521059
2025-08-29,0.404,5960,0.193390466036203,0.201853817004787,5136.810293548,40.3353626795037
2025-08-29,0.404,5970,0.19280309791414,0.201284655948019,5136.810293548,38.8894720267239
2025-08-29,0.404,5975,0.194154647931843,0.201051468345887,5136.810293548,38.7398971587728
2025-08-29,0.404,5980,0.192311187882148,0.200805752272339,5136.810293548,37.5432979796999
2025-08-29,0.404,5990,0.191764315702897,0.200128413878475,5136.810293548,36.1472656382224
2025-08-29,0.404,6000,0.193072251156835,0.199090554113138,5136.810293548,35.249816298201
2025-08-29,0.404,6010,0.190494674486996,0.199205943815978,5136.810293548,33.5546342038338
2025-08-29,0.404,6020,0.189933748504575,0.198667397078468,5136.810293548,32.3081767225968
2025-08-29,0.404,6025,0.189800979449378,0.198456560053973,5136.810293548,31.7597355272264
2025-08-29,0.404,6030,0.189485116013991,0.19807416235178,5136.810293548,31.1115776069266
2025-08-29,0.404,6040,0.188981780691277,0.197748561938876,5136.810293548,30.0146950808442
2025-08-29,0.404,6050,0.188420921938704,0.197210784852162,5136.810293548,28.8679542320431
2025-08-29,0.404,6060,0.187983367384626,0.196786622280149,5136.810293548,27.8209299539206
2025-08-29,0.404,6070,0.18953879249954,0.195792267211617,5136.810293548,27.1727721249705
2025-08-29,0.404,6075,0.187222888078297,0.196141273070493,5136.810293548,26.2753227392887
2025-08-29,0.404,6080,0.186940121082349,0.195959247965035,5136.810293548,25.7767397828268
2025-08-29,0.404,6090,0.186525788329073,0.195378619999067,5136.810293548,24.7795738327952
2025-08-29,0.404,6100,0.188057066286895,0.194369394328363,5136.810293548,24.1812742668957
2025-08-29,0.404,6110,0.187580603986033,0.194603360021403,5136.810293548,23.4333998215569
2025-08-29,0.404,6120,0.187046556700711,0.194235735132511,5136.810293548,22.5359504266146
2025-08-29,0.404,6125,0.187281952992536,0.194130546904322,5136.810293548,22.2368006608402
2025-08-29,0.404,6130,0.18666479375306,0.193818394934915,5136.810293548,21.6883593885106
2025-08-29,0.404,6140,0.186229692506371,0.193549825224021,5136.810293548,20.8906266574259
2025-08-29,0.404,6150,0.185962100684179,0.193235698850755,5136.810293548,20.1427521887746
2025-08-29,0.404,6160,0.183792479390768,0.192241808861434,5136.810293548,18.8464364423905
2025-08-29,0.404,6170,0.183377900855644,0.192030968344479,5136.810293548,18.14842030221
2025-08-29,0.404,6175,0.183027356277252,0.191800110795013,5136.810293548,17.7495538886885
2025-08-29,0.404,6180,0.18290656985113,0.19155554577796,5136.810293548,17.4005457929775
2025-08-29,0.404,6190,0.182629343933461,0.191250723462734,5136.810293548,16.7523879664382
2025-08-29,0.404,6200,0.182302435594417,0.191129781622157,5136.810293548,16.1540883821309
2025-08-29,0.404,6210,0.181923010848505,0.190732334474755,5136.810293548,15.505930511288
2025-08-29,0.404,6220,0.1814878950499,0.190525207897605,5136.810293548,14.9076309465213
2025-08-29,0.404,6225,0.181248353645022,0.190405461642383,5136.810293548,14.6084811668039
2025-08-29,0.404,6250,0.182770377457875,0.188845564869439,5136.810293548,13.4617403323239
2025-08-29,0.404,6275,0.179871938333211,0.189379158280525,5136.810293548,12.0657079860576
2025-08-29,0.404,6300,0.179366381515119,0.188874490438934,5136.810293548,10.9688254253484
2025-08-29,0.404,6350,0.178190966569666,0.187647329465006,5136.810293548,8.974493540723
2025-08-29,0.404,6400,0.17748474145992,0.187428487577463,5136.810293548,7.47874462024558
2025-08-29,0.404,6450,0.176626711207072,0.187517012844082,5136.810293548,6.23228718316115
2025-08-29,0.404,6500,0.176361876827297,0.187690215268856,5136.810293548,5.23512123353785
2025-08-29,0.404,6550,0.176475470969318,0.188106113371653,5136.810293548,4.43738846613832
2025-08-29,0.404,6600,0.176088143805841,0.188374658344292,5136.810293548,3.71444316917262
2025-08-29,0.404,6650,0.175586522407703,0.189230198618925,5136.810293548,3.14107274044346
2025-08-29,0.404,6700,0.175682511788199,0.190985129472985,5136.810293548,2.74220636112319
2025-08-29,0.404,6750,0.174882482704587,0.192367189181674,5136.810293548,2.34333997546354
2025-08-29,0.404,6800,0.175261319844161,0.19376356084451,5136.810293548,2.04419019189873
2025-08-29,0.404,6900,0.17456432428665,0.197402348155975,5136.810293548,1.57053637149051
2025-08-29,0.404,7000,0.171984429496715,0.202213699110623,5136.810293548,1.2464574392866
2025-08-29,0.404,7100,0.166585768627664,0.206955177298074,5136.810293548,0.997165948808502
2025-08-29,0.404,7200,NA,0.211777205429483,5136.810293548,NA
2025-08-29,0.404,7300,NA,0.216859106610688,5136.810293548,NA
2025-08-29,0.404,7400,NA,0.222396738415688,5136.810293548,NA
2025-08-29,0.404,7600,NA,0.233550760919919,5136.810293548,NA
2025-08-29,0.404,7800,NA,0.244827171143024,5136.810293548,NA
2025-08-29,0.404,8000,NA,0.255320864696063,5136.810293548,NA
2025-08-29,0.404,8200,NA,0.267779464072198,5136.810293548,NA
2025-09-19,0.46,200,NA,1.36757111032686,5142.99041723595,NA
2025-09-19,0.46,400,1.06539505913882,1.15164153017512,5142.99041723595,4743.09009198152
2025-09-19,0.46,600,0.89347992356136,1.01915266846731,5142.99041723595,4543.16484804067
2025-09-19,0.46,800,0.810869089928961,0.920729659573979,5142.99041723595,4343.2894414725
2025-09-19,0.46,1000,0.765119961016843,0.83567380688761,5142.99041723595,4143.46387227775
2025-09-19,0.46,1200,0.73359592339501,0.776756486467467,5142.99041723595,3943.83765257303
2025-09-19,0.46,1400,0.730509788429044,0.778806752515619,5142.99041723595,3745.4075298159
2025-09-19,0.46,1600,0.714528179252825,0.744514648123882,5142.99041723595,3547.27643129345
2025-09-19,0.46,1800,0.684803152273545,0.706959702531256,5142.99041723595,3349.41943832119
2025-09-19,0.46,2000,0.655748640877156,0.671710843037149,5142.99041723595,3152.21033119722
2025-09-19,0.46,2200,0.625587848501775,0.639113983800529,5142.99041723595,2955.69894729437
2025-09-19,0.46,2300,0.610051803835853,0.622621004316084,5142.99041723595,2857.64260483721
2025-09-19,0.46,2400,0.594744888679463,0.605857026697131,5142.99041723595,2759.73577448389
2025-09-19,0.46,2500,0.579572307927791,0.589445758399479,5142.99041723595,2662.028293638
2025-09-19,0.46,2600,0.562957158712162,0.573284760633804,5142.99041723595,2564.37065016005
2025-09-19,0.46,2700,0.547584940380994,0.556866196878971,5142.99041723595,2466.96219354642
2025-09-19,0.46,2800,0.531863017262461,0.540644576416532,5142.99041723595,2369.70324903891
2025-09-19,0.46,2900,0.516237429860007,0.524557907068978,5142.99041723595,2272.64365403861
2025-09-19,0.46,3000,0.500661216669365,0.508878644199609,5142.99041723595,2175.83324590418
2025-09-19,0.46,3100,0.485401280625059,0.493480463359925,5142.99041723595,2079.32186198767
2025-09-19,0.46,3200,0.470345048401923,0.477993627596057,5142.99041723595,1983.05966495634
2025-09-19,0.46,3250,0.463229204492434,0.470533408538156,5142.99041723595,1935.1528346175
2025-09-19,0.46,3300,0.455401813110206,0.463386243231849,5142.99041723595,1887.24600429445
2025-09-19,0.46,3350,0.448403892391999,0.45603550172467,5142.99041723595,1839.53852343914
2025-09-19,0.46,3400,0.441657099168056,0.449620914755549,5142.99041723595,1792.17990417952
2025-09-19,0.46,3450,0.434455389499976,0.441653953480541,5142.99041723595,1744.47242333932
2025-09-19,0.46,3500,0.426846664654711,0.434581008471626,5142.99041723595,1696.96429196084
2025-09-19,0.46,3550,0.420295514655054,0.427496040961387,5142.99041723595,1649.80502218889
2025-09-19,0.46,3600,0.41349314839445,0.420768766657897,5142.99041723595,1602.79526457404
2025-09-19,0.46,3650,0.406645288772306,0.413982297637085,5142.99041723595,1555.88518168252
2025-09-19,0.46,3700,0.400102006993213,0.407825611933247,5142.99041723595,1509.37379779027
2025-09-19,0.46,3750,0.393642313306939,0.400879269896489,5142.99041723595,1462.812576467
2025-09-19,0.46,3800,0.387405177339762,0.394500084972254,5142.99041723595,1416.65005419783
2025-09-19,0.46,3825,0.384336651209856,0.391438855900239,5142.99041723595,1393.69338646422
2025-09-19,0.46,3850,0.381816376780765,0.388300751242861,5142.99041723595,1370.93606827017
2025-09-19,0.46,3875,0.376130852988186,0.38583632109813,5142.99041723595,1347.43118943725
2025-09-19,0.46,3900,0.373481383308758,0.382390878826979,5142.99041723595,1324.62403387849
2025-09-19,0.46,3925,0.370441554137759,0.379599951725847,5142.99041723595,1301.96639041684
2025-09-19,0.46,3950,0.367754811037146,0.376578545134008,5142.99041723595,1279.40842166422
2025-09-19,0.46,3975,0.364690646552791,0.373338128288966,5142.99041723595,1256.70094081216
2025-09-19,0.46,4000,0.361961250478972,0.370564592181724,5142.99041723595,1234.34232156394
2025-09-19,0.46,4025,0.359137340879899,0.367698644718901,5142.99041723595,1211.98370230936
2025-09-19,0.46,4050,0.356487182458324,0.365002534841495,5142.99041723595,1189.82443255678
2025-09-19,0.46,4075,0.354645120702163,0.361955505091802,5142.99041723595,1167.91434967178
2025-09-19,0.46,4100,0.35203540845585,0.359073771565821,5142.99041723595,1145.85475463699
2025-09-19,0.46,4125,0.348328438000064,0.356223123550112,5142.99041723595,1123.44629806784
2025-09-19,0.46,4150,0.345781282691086,0.353399169276659,5142.99041723595,1101.58605254597
2025-09-19,0.46,4175,0.343486311781976,0.350244783208928,5142.99041723595,1079.7756443635
2025-09-19,0.46,4200,0.340839885490098,0.347930167941855,5142.99041723595,1058.26426050196
2025-09-19,0.46,4225,0.336938872229663,0.345159792365081,5142.99041723595,1036.10499072266
2025-09-19,0.46,4250,0.335800497874751,0.342622773192656,5142.99041723595,1015.34116738205
2025-09-19,0.46,4275,0.332064913842532,0.339976193087035,5142.99041723595,993.480921938309
2025-09-19,0.46,4300,0.330216482422038,0.337437185395393,5142.99041723595,972.617423855721
2025-09-19,0.46,4325,0.326844583493182,0.334996954503611,5142.99041723595,951.205714732136
2025-09-19,0.46,4350,0.32516791473097,0.332027425635079,5142.99041723595,930.441891370541
2025-09-19,0.46,4375,0.323344411177819,0.329263544432552,5142.99041723595,909.827580172756
2025-09-19,0.46,4400,0.320170150540826,0.327091079549386,5142.99041723595,888.964082128664
2025-09-19,0.46,4425,0.316998984659645,0.324593785795862,5142.99041723595,868.050746758044
2025-09-19,0.46,4450,0.315873651585642,0.32197762574143,5142.99041723595,848.233833429446
2025-09-19,0.46,4475,0.312761609990514,0.319814576529493,5142.99041723595,827.769034403535
2025-09-19,0.46,4500,0.310864801746478,0.317332534347281,5142.99041723595,807.902283759871
2025-09-19,0.46,4525,0.30771260370472,0.314451213950173,5142.99041723595,787.287972567384
2025-09-19,0.46,4550,0.306278320082659,0.312452979439073,5142.99041723595,768.21861998046
2025-09-19,0.46,4575,0.303157886980096,0.309689521115202,5142.99041723595,747.953170365172
2025-09-19,0.46,4600,0.301959570375976,0.307684875321291,5142.99041723595,729.332354050899
2025-09-19,0.46,4625,0.298763704510444,0.30519037728172,5142.99041723595,709.46560347844
2025-09-19,0.46,4650,0.296999785374906,0.303162593942596,5142.99041723595,690.844787187327
2025-09-19,0.46,4675,0.294234433992384,0.300820818980941,5142.99041723595,671.625922444963
2025-09-19,0.46,4700,0.292341576738851,0.298257173732665,5142.99041723595,652.955268767872
2025-09-19,0.46,4725,0.289552559285555,0.296051228385019,5142.99041723595,634.135103000102
2025-09-19,0.46,4750,0.287769328157799,0.293699495111216,5142.99041723595,616.01266046004
2025-09-19,0.46,4760,0.286136417295716,0.292766790686739,5142.99041723595,608.255342209153
2025-09-19,0.46,4770,0.284808691673625,0.291891000257912,5142.99041723595,600.747210848888
2025-09-19,0.46,4775,0.284780589451493,0.291363905586647,5142.99041723595,597.342006768467
2025-09-19,0.46,4780,0.283942101984239,0.290991124372114,5142.99041723595,593.53810373235
2025-09-19,0.46,4790,0.283449978912208,0.290067262709965,5142.99041723595,586.578183489434
2025-09-19,0.46,4800,0.283088355233157,0.289198761917552,5142.99041723595,579.767775372814
2025-09-19,0.46,4810,0.281194049627501,0.288305746386669,5142.99041723595,572.010457114599
2025-09-19,0.46,4820,0.280859064829986,0.287388304447442,5142.99041723595,565.249886360205
2025-09-19,0.46,4825,0.280287356897015,0.286881243834429,5142.99041723595,561.595495362109
2025-09-19,0.46,4830,0.279553041788747,0.286368267431319,5142.99041723595,557.841429675222
2025-09-19,0.46,4840,0.279084346718157,0.285558350466828,5142.99041723595,551.130696295019
2025-09-19,0.46,4850,0.278975412099393,0.284567717778211,5142.99041723595,544.569475129084
2025-09-19,0.46,4860,0.277286028746769,0.28378478748603,5142.99041723595,537.161018377575
2025-09-19,0.46,4870,0.276425787184882,0.282898897736996,5142.99041723595,530.250935544148
2025-09-19,0.46,4875,0.275485534973015,0.282408039517437,5142.99041723595,526.447032454246
2025-09-19,0.46,4880,0.275539533783487,0.282217820810591,5142.99041723595,523.490364795099
2025-09-19,0.46,4890,0.274703856436582,0.281280539808775,5142.99041723595,516.630119343352
2025-09-19,0.46,4900,0.274146663311455,0.280394210009825,5142.99041723595,510.019060609621
2025-09-19,0.46,4910,0.27242130369537,0.279558046774471,5142.99041723595,502.710278698519
2025-09-19,0.46,4920,0.272038116842814,0.278620074556682,5142.99041723595,496.248732250136
2025-09-19,0.46,4925,0.271646300995566,0.278216952889936,5142.99041723595,492.943202909441
2025-09-19,0.46,4930,0.271247634979744,0.277731808916449,5142.99041723595,489.58783618227
2025-09-19,0.46,4940,0.270354596165797,0.276817402506738,5142.99041723595,482.87710274651
2025-09-19,0.46,4950,0.26980940385964,0.275951744576484,5142.99041723595,476.465393672771
2025-09-19,0.46,4960,0.268562697771811,0.274984845334009,5142.99041723595,469.555310842127
2025-09-19,0.46,4970,0.267588894082118,0.274140658609155,5142.99041723595,462.944252089135
2025-09-19,0.46,4975,0.267129098526324,0.273522624217497,5142.99041723595,459.539048024444
2025-09-19,0.46,4980,0.266439698195447,0.273195225187871,5142.99041723595,456.18368133779
2025-09-19,0.46,4990,0.265560607537765,0.272297180224047,5142.99041723595,449.672297393086
2025-09-19,0.46,5000,0.265318276530737,0.271445891291448,5142.99041723595,443.659287220223
2025-09-19,0.46,5010,0.264160835383379,0.270419883770026,5142.99041723595,436.948553823082
2025-09-19,0.46,5020,0.263270534221243,0.269513994159741,5142.99041723595,430.536844613167
2025-09-19,0.46,5025,0.262447929005307,0.269050720841727,5142.99041723595,427.081803244186
2025-09-19,0.46,5030,0.261985549029369,0.268653824338796,5142.99041723595,423.925785961948
2025-09-19,0.46,5040,0.261624428410027,0.267692608492332,5142.99041723595,417.912775813525
2025-09-19,0.46,5050,0.26086752800173,0.266995517037699,5142.99041723595,411.849928347369
2025-09-19,0.46,5060,0.259426024301409,0.265905458679324,5142.99041723595,405.089357532395
2025-09-19,0.46,5070,0.258974922787369,0.265005819262149,5142.99041723595,399.176022096978
2025-09-19,0.46,5075,0.258447417024499,0.264617909439987,5142.99041723595,396.06984227878
2025-09-19,0.46,5080,0.257622620581168,0.264150199679577,5142.99041723595,392.714475588454
2025-09-19,0.46,5090,0.257183707896841,0.263265725104299,5142.99041723595,386.900814856531
2025-09-19,0.46,5100,0.256930529892203,0.262424598938256,5142.99041723595,381.286503701725
2025-09-19,0.46,5110,0.255274235266501,0.261482015946127,5142.99041723595,374.675445116196
2025-09-19,0.46,5120,0.25402253787175,0.260582346988564,5142.99041723595,368.413248053173
2025-09-19,0.46,5125,0.253277637118268,0.260121456837706,5142.99041723595,365.207393500503
2025-09-19,0.46,5130,0.253173397383914,0.259653173440798,5142.99041723595,362.450075195188
2025-09-19,0.46,5140,0.252005977406207,0.258838200995438,5142.99041723595,356.387227655968
2025-09-19,0.46,5150,0.253130626831233,0.258303878096841,5142.99041723595,352.150876054678
2025-09-19,0.46,5160,0.249985808502245,0.25651841950742,5142.99041723595,344.127059146179
2025-09-19,0.46,5170,0.249252067758071,0.256784469263155,5142.99041723595,339.242996569746
2025-09-19,0.46,5175,0.250450943883331,0.256475148077817,5142.99041723595,337.598363155011
2025-09-19,0.46,5180,0.248558317132136,0.256014691282995,5142.99041723595,333.71104816561
2025-09-19,0.46,5190,0.247904318264068,0.254282385892252,5142.99041723595,327.581051304615
2025-09-19,0.46,5200,0.249367435050962,0.253594365810534,5142.99041723595,323.693736249604
2025-09-19,0.46,5210,0.247860869301099,0.253877834936393,5142.99041723595,318.460812076932
2025-09-19,0.46,5220,0.245534327866382,0.252840394848291,5142.99041723595,311.782604067577
2025-09-19,0.46,5225,0.245146764234283,0.252811256238757,5142.99041723595,309.340572830193
2025-09-19,0.46,5230,0.24632707240675,0.252057909699197,5142.99041723595,307.496590036088
2025-09-19,0.46,5240,0.244364864508738,0.251386957267811,5142.99041723595,301.416430532962
2025-09-19,0.46,5250,0.245666531143115,0.250755799231405,5142.99041723595,297.678627625722
2025-09-19,0.46,5260,0.24241843146891,0.249734099950006,5142.99041723595,290.551883365091
2025-09-19,0.46,5270,0.2433688659469,0.24932557952271,5142.99041723595,286.814080439794
2025-09-19,0.46,5275,0.243114422362194,0.248858097063216,5142.99041723595,284.272374351907
2025-09-19,0.46,5280,0.242564358220338,0.24866965165276,5142.99041723595,281.730668330831
2025-09-19,0.46,5290,0.241870016495606,0.246759269091161,5142.99041723595,275.899695728203
2025-09-19,0.46,5300,0.241934020766431,0.247044292507085,5142.99041723595,272.161892767461
2025-09-19,0.46,5310,0.239370691585754,0.246217947739973,5142.99041723595,265.882383753138
2025-09-19,0.46,5320,0.237995266968332,0.245502441564215,5142.99041723595,260.549785006864
2025-09-19,0.46,5325,0.239317568946098,0.245096101595897,5142.99041723595,259.254013175496
2025-09-19,0.46,5330,0.23788534834906,0.24482584313524,5142.99041723595,256.164096090626
2025-09-19,0.46,5340,0.2365107782201,0.243971084735011,5142.99041723595,250.831497258617
2025-09-19,0.46,5350,0.235752291653043,0.242429406523375,5142.99041723595,245.498898300439
2025-09-19,0.46,5360,0.236632300536575,0.242449090462547,5142.99041723595,242.40898124747
2025-09-19,0.46,5370,0.234201719892895,0.241054062523563,5142.99041723595,236.129472268125
2025-09-19,0.46,5375,0.235599421600783,0.240634139652052,5142.99041723595,234.983212643849
2025-09-19,0.46,5380,0.233628618177483,0.240132431961057,5142.99041723595,231.494596582948
2025-09-19,0.46,5390,0.232873714874032,0.239394656261828,5142.99041723595,226.909558225305
2025-09-19,0.46,5400,0.23443555927531,0.238548462391307,5142.99041723595,223.869478569231
2025-09-19,0.46,5410,0.232877494442974,0.237887194550545,5142.99041723595,218.885741201565
2025-09-19,0.46,5420,0.230537307677347,0.237117075473492,5142.99041723595,213.35379288113
2025-09-19,0.46,5425,0.231795944152875,0.237568758482065,5142.99041723595,212.805581829584
2025-09-19,0.46,5430,0.229783279671596,0.237125598530241,5142.99041723595,209.466477766557
2025-09-19,0.46,5440,0.228991922074268,0.236360239239141,5142.99041723595,205.080789006568
2025-09-19,0.46,5450,0.230706179888707,0.234365385137948,5142.99041723595,201.592172916229
2025-09-19,0.46,5460,0.227520458745357,0.234869954899631,5142.99041723595,196.558598328946
2025-09-19,0.46,5470,0.226765553550156,0.234069995083135,5142.99041723595,192.322421596992
2025-09-19,0.46,5475,0.226978829475643,0.232940718294585,5142.99041723595,190.129577222454
2025-09-19,0.46,5480,0.225972235518808,0.23255361930514,5142.99041723595,187.637708624561
2025-09-19,0.46,5490,0.225216044807416,0.231827097184034,5142.99041723595,183.551043996451
2025-09-19,0.46,5500,0.225951008931103,0.23053009574816,5142.99041723595,180.112265267541
2025-09-19,0.46,5510,0.223509026134246,0.230108432904145,5142.99041723595,175.228202682891
2025-09-19,0.46,5520,0.222710668920174,0.229574892025473,5142.99041723595,171.390725026323
2025-09-19,0.46,5525,0.222296391464176,0.228947683960936,5142.99041723595,169.247717991437
2025-09-19,0.46,5530,0.222882922123518,0.228850619630461,5142.99041723595,168.101458372689
2025-09-19,0.46,5540,0.22138323389983,0.228088015016914,5142.99041723595,163.765606946997
2025-09-19,0.46,5550,0.222272361013445,0.228301591002893,5142.99041723595,161.622599919625
2025-09-19,0.46,5560,0.221321480519253,0.22660216348182,5142.99041723595,157.137236370552
2025-09-19,0.46,5570,0.220566059604176,0.225879265660722,5142.99041723595,153.449270869123
2025-09-19,0.46,5575,0.220212911979188,0.225542734140137,5142.99041723595,151.655125329186
2025-09-19,0.46,5580,0.219929733164038,0.225196504495648,5142.99041723595,149.910817319313
2025-09-19,0.46,5590,0.21763957180843,0.224474582817023,5142.99041723595,145.375616405337
2025-09-19,0.46,5600,0.218455801539266,0.223632147706205,5142.99041723595,142.734235682669
2025-09-19,0.46,5610,0.216715035228452,0.222910103063896,5142.99041723595,138.647571124301
2025-09-19,0.46,5620,0.215988979205191,0.222065803270661,5142.99041723595,135.158955005318
2025-09-19,0.46,5625,0.215610087932492,0.222201689200581,5142.99041723595,133.763508606826
2025-09-19,0.46,5630,0.215553074692781,0.221755004774889,5142.99041723595,132.218550003433
2025-09-19,0.46,5640,0.21449230424659,0.220828883782381,5142.99041723595,128.580421799539
2025-09-19,0.46,5650,0.214650307195908,0.220025311598449,5142.99041723595,125.789528903649
2025-09-19,0.46,5660,0.21290541308882,0.219347204426903,5142.99041723595,122.001888593703
2025-09-19,0.46,5670,0.212130478055423,0.21888253194224,5142.99041723595,118.961808827625
2025-09-19,0.46,5675,0.211812637742353,0.219104514569646,5142.99041723595,117.765711944016
2025-09-19,0.46,5680,0.211397317496109,0.218123018737563,5142.99041723595,115.822054347486
2025-09-19,0.46,5690,0.210619473680377,0.217061038008582,5142.99041723595,112.532787728015
2025-09-19,0.46,5700,0.210945421301978,0.216385904666433,5142.99041723595,110.140593851684
2025-09-19,0.46,5710,0.209282420280624,0.215668313783299,5142.99041723595,106.651977800078
2025-09-19,0.46,5720,0.208547166864863,0.214640485526244,5142.99041723595,103.562060629508
2025-09-19,0.46,5725,0.208116905439659,0.214331224440316,5142.99041723595,102.116776789381
2025-09-19,0.46,5730,0.207765736729622,0.214011465748261,5142.99041723595,100.721330442677
2025-09-19,0.46,5740,0.207029020118784,0.213339909557913,5142.99041723595,97.9304375449886
2025-09-19,0.46,5750,0.206991137117871,0.212624669682203,5142.99041723595,95.5382436644231
2025-09-19,0.46,5760,0.205601907098472,0.211957087037827,5142.99041723595,92.4981639068735
2025-09-19,0.46,5770,0.204817402143544,0.211245271955366,5142.99041723595,89.8069457827046
2025-09-19,0.46,5775,0.204454783841087,0.210919422704712,5142.99041723595,88.5111740764449
2025-09-19,0.46,5780,0.204080205610542,0.210582545139583,5142.99041723595,87.2154023657392
2025-09-19,0.46,5790,0.203587901221647,0.209970740131796,5142.99041723595,84.8232084691765
2025-09-19,0.46,5800,0.203547027220078,0.209315036506859,5142.99041723595,82.6802014857143
2025-09-19,0.46,5810,0.201871296474321,0.208614106256989,5142.99041723595,79.7397964870524
2025-09-19,0.46,5820,0.20113667111922,0.207965658071466,5142.99041723595,77.3476025758155
2025-09-19,0.46,5825,0.200750609535811,0.207724119125184,5142.99041723595,76.2013430035705
2025-09-19,0.46,5830,0.200867245173634,0.207371869207847,5142.99041723595,75.2544329372308
2025-09-19,0.46,5840,0.199619299699185,0.206733447873992,5142.99041723595,72.7127268840069
2025-09-19,0.46,5850,0.200001007495077,0.204913801305973,5142.99041723595,70.4202077149932
2025-09-19,0.46,5860,0.198214502331913,0.205629678992127,5142.99041723595,68.3768754387202
2025-09-19,0.46,5870,0.197435205361926,0.204958276470004,5142.99041723595,66.1840310989134
2025-09-19,0.46,5875,0.197025432596806,0.203431301950072,5142.99041723595,64.5393977438691
2025-09-19,0.46,5880,0.197267785140668,0.2044531404933,5142.99041723595,64.3898856874839
2025-09-19,0.46,5890,0.196050986149017,0.20390440043021,5142.99041723595,62.1472038962472
2025-09-19,0.46,5900,0.196594943143091,0.20286988862401,5142.99041723595,60.5025705871958
2025-09-19,0.46,5910,0.194920708770776,0.202670184396741,5142.99041723595,58.3097261518252
2025-09-19,0.46,5920,0.194104605059526,0.202094773437902,5142.99041723595,56.366068602986
2025-09-19,0.46,5925,0.194033173491169,0.200931282622825,5142.99041723595,55.1699716567098
2025-09-19,0.46,5930,0.193712381031056,0.2015877007468,5142.99041723595,54.6715979195129
2025-09-19,0.46,5940,0.193031814440318,0.200918957878223,5142.99041723595,52.8276151569229
2025-09-19,0.46,5950,0.193414850680551,0.199843288162587,5142.99041723595,51.2826565508084
2025-09-19,0.46,5960,0.191633457459688,0.199790474460091,5142.99041723595,49.3389990844299
2025-09-19,0.46,5970,0.191044573173577,0.19921595480606,5142.99041723595,47.6943657140511
2025-09-19,0.46,5975,0.190600410885832,0.198972501264292,5142.99041723595,46.8471304186811
2025-09-19,0.46,6000,0.190319732817314,0.196677794035885,5142.99041723595,43.0594901054394
2025-09-19,0.46,6025,0.187817895810336,0.195745179687764,5142.99041723595,39.222012382014
2025-09-19,0.46,6050,0.18726874654739,0.194537639788734,5142.99041723595,36.1819326203286
2025-09-19,0.46,6075,0.184880327022182,0.193025545475238,5142.99041723595,32.6434791744361
2025-09-19,0.46,6100,0.18487779193303,0.191796235183431,5142.99041723595,30.1516105106514
2025-09-19,0.46,6125,0.182911843756247,0.190578707140827,5142.99041723595,27.2610429184901
2025-09-19,0.46,6150,0.181826471551132,0.188343980869722,5142.99041723595,24.5199874462847
2025-09-19,0.46,6175,0.180210567803415,0.187506297541303,5142.99041723595,22.2274682827698
2025-09-19,0.46,6200,0.179255343271489,0.186576875301307,5142.99041723595,20.2339733423433
2025-09-19,0.46,6225,0.178204568826906,0.185759483017963,5142.99041723595,18.3899905692431
2025-09-19,0.46,6250,0.177299002269139,0.18508881522204,5142.99041723595,16.7453572419392
2025-09-19,0.46,6275,0.176587733029018,0.1843757056012,5142.99041723595,15.2502360547019
2025-09-19,0.46,6300,0.176675350401646,0.183871343640867,5142.99041723595,14.0541391343668
2025-09-19,0.46,6325,0.175111678716372,0.183370748007233,5142.99041723595,12.658692699049
2025-09-19,0.46,6350,0.174378221734545,0.182615037945601,5142.99041723595,11.462595758699
2025-09-19,0.46,6375,0.174014420797937,0.181272305951969,5142.99041723595,10.3163361716116
2025-09-19,0.46,6400,0.173396499911218,0.182063350683119,5142.99041723595,9.56877557090571
2025-09-19,0.46,6425,0.172874662264849,0.18176819345895,5142.99041723595,8.72154023393095
2025-09-19,0.46,6450,0.172491483997923,0.181938605699498,5142.99041723595,8.02381701639088
2025-09-19,0.46,6475,0.172297772685903,0.181572562603792,5142.99041723595,7.32609380632503
2025-09-19,0.46,6500,0.171874911637189,0.181750278014036,5142.99041723595,6.72804534077351
2025-09-19,0.46,6525,0.171703692929498,0.181761743468044,5142.99041723595,6.17983423171646
2025-09-19,0.46,6550,0.171307657317873,0.182023230325239,5142.99041723595,5.68146050143618
2025-09-19,0.46,6575,0.17124837165108,0.182131730569334,5142.99041723595,5.23292413659076
2025-09-19,0.46,6600,0.172241841090051,0.182070484177484,5142.99041723595,4.88406252712594
2025-09-19,0.46,6650,0.171184937669813,0.182454379126234,5142.99041723595,4.08666457229707
2025-09-19,0.46,6700,0.171043420439738,0.184000510369449,5142.99041723595,3.56337215659644
2025-09-19,0.46,6750,0.170519294504699,0.185826018303404,5142.99041723595,3.11483579923223
2025-09-19,0.46,6800,0.17072507677592,0.187352023083705,5142.99041723595,2.74105550407187
2025-09-19,0.46,6850,0.170194387490555,0.189297534259704,5142.99041723595,2.4171125812036
2025-09-19,0.46,6900,0.17956174403296,0.190992904415772,5142.99041723595,2.49186863601144
2025-09-19,0.46,6950,0.170471506597166,0.19240918309864,5142.99041723595,1.89382016463204
2025-09-19,0.46,7000,0.174024224423227,0.194465717384276,5142.99041723595,1.79414542533831
2025-09-19,0.46,7100,0.168836692053532,0.198513735984096,5142.99041723595,1.37052775430788
2025-09-19,0.46,7200,0.18360719974947,0.203009176064115,5142.99041723595,1.3954464361063
2025-09-19,0.46,7400,NA,0.212457405894034,5142.99041723595,NA
2025-09-19,0.46,7600,NA,0.223541609618672,5142.99041723595,NA
2025-09-19,0.46,7800,NA,0.226611098066732,5142.99041723595,NA
2025-09-19,0.46,8000,0.196092909489194,0.245150804428027,5142.99041723595,0.697723217444246
2025-09-19,0.46,8200,0.196340165882968,0.25497300843849,5142.99041723595,0.6229671587131
2025-09-19,0.46,8400,0.205627435959914,0.265322110669362,5142.99041723595,0.598048474574734
2025-09-19,0.46,8600,0.214657791682467,0.275220343198203,5142.99041723595,0.573129787581461
2025-09-19,0.46,8800,0.22344541010852,0.250969779033032,5142.99041723595,0.149512118871308
2025-09-19,0.46,9000,NA,0.293729085557717,5142.99041723595,NA
2025-09-19,0.46,9200,NA,0.303837112611846,5142.99041723595,NA
2025-09-19,0.46,9400,NA,0.297174365575014,5142.99041723595,NA
2025-09-19,0.46,9600,NA,0.26856538114498,5142.99041723595,NA
2025-09-19,0.46,10000,NA,0.338468134310669,5142.99041723595,NA
2025-09-19,0.46,10400,NA,0.354136151896507,5142.99041723595,NA
2025-09-19,0.46,11000,NA,0.378837365302193,5142.99041723595,NA
2025-09-19,0.46,12000,NA,0.414525459077953,5142.99041723595,NA
2025-09-30,0.488,1200,0.734543284362985,0.757565926343542,5148.15698477861,3949.14246195757
2025-09-30,0.488,1400,0.717018595334655,0.771303005768887,5148.15698477861,3750.9318810459
2025-09-30,0.488,1600,0.7022457389596,0.736233552326536,5148.15698477861,3552.98063623201
2025-09-30,0.488,1800,0.673582417241546,0.698628204574806,5148.15698477861,3355.31466112665
2025-09-30,0.488,2000,0.64527844866721,0.663473969491548,5148.15698477861,3158.32295988301
2025-09-30,0.488,2200,0.615035326066562,0.630330418810464,5148.15698477861,2961.95366528144
2025-09-30,0.488,2400,0.585098900940937,0.598188936586097,5148.15698477861,2766.31051174658
2025-09-30,0.488,2600,0.554191686409338,0.566092213288109,5148.15698477861,2571.23789764897
2025-09-30,0.488,2800,0.523532529208928,0.534392614667081,5148.15698477861,2376.89142460994
2025-09-30,0.488,2900,0.508177562173263,0.518741963627915,5148.15698477861,2280.00345783483
2025-09-30,0.488,3000,0.493225721751995,0.503161554392517,5148.15698477861,2183.3748271029
2025-09-30,0.488,3100,0.478547724801219,0.488186444149127,5148.15698477861,2087.10926696285
2025-09-30,0.488,3200,0.464312956196269,0.473639649012278,5148.15698477861,1991.25864455173
2025-09-30,0.488,3300,0.45011936689207,0.459139095059893,5148.15698477861,1895.71922544939
2025-09-30,0.488,3400,0.435679143870549,0.44528605564215,5148.15698477861,1800.59474413139
2025-09-30,0.488,3500,0.423084663075587,0.431469586933606,5148.15698477861,1706.3001383442
2025-09-30,0.488,3600,0.410102724440951,0.418171759979808,5148.15698477861,1612.52420469266
2025-09-30,0.488,3700,0.39691563756204,0.405539439112083,5148.15698477861,1519.42254495773
2025-09-30,0.488,3800,0.384771292179467,0.393332733825106,5148.15698477861,1427.41009684685
2025-09-30,0.488,3900,0.373180687625652,0.381499227683668,5148.15698477861,1336.48686036193
2025-09-30,0.488,4000,0.361900159792615,0.370110517565883,5148.15698477861,1246.75656983602
2025-09-30,0.488,4050,0.3564922334281,0.364512497349955,5148.15698477861,1202.41009684762
2025-09-30,0.488,4100,0.351107593765929,0.359069517458923,5148.15698477861,1158.42669439281
2025-09-30,0.488,4150,0.345965818292959,0.353746233910044,5148.15698477861,1114.91009682075
2025-09-30,0.488,4200,0.341715892160386,0.348510613572325,5148.15698477861,1072.17150758568
2025-09-30,0.488,4250,0.335890793963934,0.343333569350012,5148.15698477861,1029.1217150798
2025-09-30,0.488,4300,0.331547837728345,0.337762425066319,5148.15698477861,986.953665291426
2025-09-30,0.488,4325,0.328883618082123,0.335829784622782,5148.15698477861,966.206777357125
2025-09-30,0.488,4350,0.326430009323633,0.333360067185173,5148.15698477861,945.408022163792
2025-09-30,0.488,4375,0.324377587845797,0.330377355591116,5148.15698477861,924.661134193787
2025-09-30,0.488,4400,0.32159799814182,0.328496655007565,5148.15698477861,904.225449537315
2025-09-30,0.488,4425,0.319606290746776,0.326192733506436,5148.15698477861,884.100968237791
2025-09-30,0.488,4450,0.3172919299927,0.323868426372783,5148.15698477861,863.924619743115
2025-09-30,0.488,4475,0.315049841616644,0.321521786123791,5148.15698477861,843.903872804503
2025-09-30,0.488,4500,0.312967543019577,0.318590555276795,5148.15698477861,823.779391485575
2025-09-30,0.488,4525,0.310664240556921,0.316937810445294,5148.15698477861,804.381051219876
2025-09-30,0.488,4550,0.308511597419564,0.314691343834503,5148.15698477861,784.878976528616
2025-09-30,0.488,4575,0.306320143014621,0.312499265588954,5148.15698477861,765.532503469374
2025-09-30,0.488,4600,0.304707915662767,0.309651712474576,5148.15698477861,746.289764975132
2025-09-30,0.488,4625,0.302076869144575,0.308083672449869,5148.15698477861,727.358229697302
2025-09-30,0.488,4650,0.299498443079445,0.305940697022913,5148.15698477861,708.271092766533
2025-09-30,0.488,4675,0.297901621549205,0.303750060435606,5148.15698477861,689.910096823883
2025-09-30,0.488,4700,0.295735752467135,0.301594055369274,5148.15698477861,671.393499355958
2025-09-30,0.488,4725,0.293764515251242,0.299550882361161,5148.15698477861,653.239972402271
2025-09-30,0.488,4750,0.291241402762124,0.297450379172624,5148.15698477861,634.878976575387
2025-09-30,0.488,4775,0.289071961184866,0.29537214667171,5148.15698477861,616.932918494115
2025-09-30,0.488,4800,0.28748081402845,0.292274839618347,5148.15698477861,598.883125905866
2025-09-30,0.488,4825,0.284230371059335,0.291267589370135,5148.15698477861,581.300138407028
2025-09-30,0.488,4850,0.283755509905706,0.288139116479927,5148.15698477861,564.339557458154
2025-09-30,0.488,4875,0.281548985100795,0.286046512653053,5148.15698477861,547.119640469533
2025-09-30,0.488,4900,0.279501990905263,0.283959515242558,5148.15698477861,530.210926771883
2025-09-30,0.488,4910,0.277628863138397,0.284368792951522,5148.15698477861,523.634163282888
2025-09-30,0.488,4920,0.277647402860474,0.283601110738194,5148.15698477861,517.576071987288
2025-09-30,0.488,4925,0.277302144701846,0.281874873932658,5148.15698477861,513.405947536377
2025-09-30,0.488,4930,0.27687432625217,0.282808733779204,5148.15698477861,510.999308424523
2025-09-30,0.488,4940,0.275393116050439,0.281991709950353,5148.15698477861,503.95573999526
2025-09-30,0.488,4950,0.275479339786145,0.281225659734318,5148.15698477861,498.053250352996
2025-09-30,0.488,4960,0.27455450401879,0.279077938782286,5148.15698477861,490.542876935489
2025-09-30,0.488,4970,0.272853035446088,0.279618494120656,5148.15698477861,484.381051260777
2025-09-30,0.488,4975,0.273421228072898,0.279201083782829,5148.15698477861,481.818810536212
2025-09-30,0.488,4980,0.272855593963824,0.278777429509215,5148.15698477861,478.47856164871
2025-09-30,0.488,4990,0.271332495346512,0.277986134048565,5148.15698477861,471.590594902454
2025-09-30,0.488,5000,0.272099212767861,0.276051144052795,5148.15698477861,465.53250355278
2025-09-30,0.488,5010,0.270525971888652,0.276401815087331,5148.15698477861,459.47441232082
2025-09-30,0.488,5020,0.268485169824088,0.275608428079905,5148.15698477861,452.327109359717
2025-09-30,0.488,5025,0.268531869102843,0.275276192430214,5148.15698477861,449.557399754853
2025-09-30,0.488,5030,0.267756532291066,0.274863331457645,5148.15698477861,446.165283651828
2025-09-30,0.488,5040,0.268035227224576,0.274092161586793,5148.15698477861,440.72959892743
2025-09-30,0.488,5050,0.26754556153447,0.273294909590683,5148.15698477861,434.77524210419
2025-09-30,0.488,5060,0.266660147050988,0.273207178276559,5148.15698477861,429.080221363076
2025-09-30,0.488,5070,0.26582168243024,0.271695474973025,5148.15698477861,422.451590698799
2025-09-30,0.488,5075,0.265575781547369,0.271297517198917,5148.15698477861,419.526279461931
2025-09-30,0.488,5080,0.263857095148569,0.27096623368104,5148.15698477861,415.615491022904
2025-09-30,0.488,5085,0.263451944362764,0.270554968617013,5148.15698477861,412.586445389588
2025-09-30,0.488,5090,0.264137399960461,0.270137072972812,5148.15698477861,410.335408072464
2025-09-30,0.488,5095,0.262694266009078,0.269785651059451,5148.15698477861,406.632088563438
2025-09-30,0.488,5100,0.263656422200304,0.268039425161081,5148.15698477861,403.654910207471
2025-09-30,0.488,5105,0.263076832804526,0.268989519706332,5148.15698477861,401.507607281648
2025-09-30,0.488,5110,0.262053013891154,0.268617854914735,5148.15698477861,398.115491046513
2025-09-30,0.488,5115,0.261679147394783,0.268239412277582,5148.15698477861,395.190179862361
2025-09-30,0.488,5120,0.260715629144292,0.267854184518916,5148.15698477861,391.849930871809
2025-09-30,0.488,5125,0.260764925648877,0.267462163635183,5148.15698477861,389.235823052055
2025-09-30,0.488,5130,0.261170412001847,0.267063340458676,5148.15698477861,386.881051303363
2025-09-30,0.488,5135,0.260768234317842,0.266657704803055,5148.15698477861,383.955740086731
2025-09-30,0.488,5140,0.259923097643962,0.26646327331675,5148.15698477861,380.8748272258
2025-09-30,0.488,5145,0.259361915111276,0.265898587410473,5148.15698477861,377.742047141281
2025-09-30,0.488,5150,0.25928501420558,0.265673269193057,5148.15698477861,375.207468956008
2025-09-30,0.488,5155,0.257781155111949,0.265980320861697,5148.15698477861,372.043568539151
2025-09-30,0.488,5160,0.257358973346637,0.264829135437175,5148.15698477861,368.620332113715
2025-09-30,0.488,5165,0.256929674676145,0.264396726585841,5148.15698477861,365.715767818747
2025-09-30,0.488,5170,0.256493241347135,0.263884925977481,5148.15698477861,362.759336265585
2025-09-30,0.488,5175,0.256991308439979,0.263438693388757,5148.15698477861,360.52904569866
2025-09-30,0.488,5180,0.255960948149674,0.263057931467355,5148.15698477861,357.261410878994
2025-09-30,0.488,5185,0.255068548019287,0.262597747957501,5148.15698477861,354.045643240526
2025-09-30,0.488,5190,0.254675763014485,0.262854409981684,5148.15698477861,351.711618410514
2025-09-30,0.488,5195,0.254203346291575,0.261728743814341,5148.15698477861,348.340249056831
2025-09-30,0.488,5200,0.254953445280214,0.261247496407194,5148.15698477861,346.317427482541
2025-09-30,0.488,5205,0.254104616057846,0.260831523798591,5148.15698477861,343.205394228048
2025-09-30,0.488,5210,0.252887015692223,0.260336115631698,5148.15698477861,339.782157778194
2025-09-30,0.488,5215,0.25281920871491,0.259905910958963,5148.15698477861,337.240664016244
2025-09-30,0.488,5220,0.252816268354919,0.25946855125503,5148.15698477861,334.751037439367
2025-09-30,0.488,5225,0.252516680800158,0.259024013236834,5148.15698477861,332.05394197037
2025-09-30,0.488,5230,0.251631258167603,0.258572272457157,5148.15698477861,328.941908751628
2025-09-30,0.488,5235,0.25102759088185,0.258113303304629,5148.15698477861,326.03734449239
2025-09-30,0.488,5240,0.250344114781181,0.257719382959401,5148.15698477861,323.132780156041
2025-09-30,0.488,5245,0.250231604756845,0.257245878480828,5148.15698477861,320.591286397465
2025-09-30,0.488,5250,0.25003930367093,0.256765062392449,5148.15698477861,317.997925394595
2025-09-30,0.488,5255,0.248971478165198,0.256349228463598,5148.15698477861,314.834024996104
2025-09-30,0.488,5260,0.24934283489275,0.25592604188854,5148.15698477861,312.707468920168
2025-09-30,0.488,5265,0.248910889083358,0.256218971068969,5148.15698477861,310.529045735358
2025-09-30,0.488,5270,0.248471310794429,0.255781157781838,5148.15698477861,307.831950283252
2025-09-30,0.488,5275,0.247155164422323,0.25461208994525,5148.15698477861,303.993775984997
2025-09-30,0.488,5280,0.247569125810723,0.254159209168535,5148.15698477861,301.91908723913
2025-09-30,0.488,5285,0.246816613677981,0.253698826588481,5148.15698477861,299.014522951606
2025-09-30,0.488,5290,0.246128576716042,0.253303363740239,5148.15698477861,296.213692990805
2025-09-30,0.488,5295,0.245867656510425,0.252900385991934,5148.15698477861,293.724066453578
2025-09-30,0.488,5300,0.246614804807213,0.252417348699215,5148.15698477861,291.90871382029
2025-09-30,0.488,5305,0.245395396802681,0.25199921687743,5148.15698477861,288.744813342816
2025-09-30,0.488,5310,0.244457770920474,0.251573473967424,5148.15698477861,285.788381856217
2025-09-30,0.488,5315,0.244020386478285,0.251067462110942,5148.15698477861,283.143153526107
2025-09-30,0.488,5320,0.243356876332905,0.25069901503884,5148.15698477861,280.446058143458
2025-09-30,0.488,5325,0.242976178003373,0.25025022567861,5148.15698477861,277.904564379834
2025-09-30,0.488,5330,0.242806011690192,0.249793677964776,5148.15698477861,275.51867228216
2025-09-30,0.488,5335,0.24226380019835,0.249402134529381,5148.15698477861,272.925311304329
2025-09-30,0.488,5340,0.242005092465925,0.248929997785321,5148.15698477861,270.487551966354
2025-09-30,0.488,5345,0.241884547165038,0.248522887293092,5148.15698477861,268.205394289908
2025-09-30,0.488,5350,0.242559865607549,0.248034995044894,5148.15698477861,266.441908738137
2025-09-30,0.488,5355,0.240231366940234,0.247612155387495,5148.15698477861,262.603734445161
2025-09-30,0.488,5360,0.24037952028021,0.247181417387067,5148.15698477861,260.529045791932
2025-09-30,0.488,5365,0.239714660735731,0.246742737678904,5148.15698477861,257.883817426161
2025-09-30,0.488,5370,0.239481105406701,0.246369295225343,5148.15698477861,255.601659808954
2025-09-30,0.488,5375,0.239900314797809,0.245914667782242,5148.15698477861,253.734439831127
2025-09-30,0.488,5380,0.238696373878453,0.245451961843403,5148.15698477861,250.726141153934
2025-09-30,0.488,5385,0.238438785188309,0.245054572903661,5148.15698477861,248.443983480655
2025-09-30,0.488,5390,0.23758391357418,0.244649162802726,5148.15698477861,245.746888056225
2025-09-30,0.488,5395,0.237457164646312,0.244162077749267,5148.15698477861,243.516597632757
2025-09-30,0.488,5400,0.237101178233701,0.243740401808528,5148.15698477861,241.182572728876
2025-09-30,0.488,5405,0.236515082385586,0.243310560206079,5148.15698477861,238.692946205266
2025-09-30,0.488,5410,0.235771946197345,0.242872501573657,5148.15698477861,236.09958505533
2025-09-30,0.488,5415,0.235464318272863,0.242500144547453,5148.15698477861,233.869294626879
2025-09-30,0.488,5420,0.235074186518765,0.242045589718409,5148.15698477861,231.535269786746
2025-09-30,0.488,5425,0.234749920807526,0.241582655314501,5148.15698477861,229.253112086699
2025-09-30,0.488,5430,0.234193870153264,0.241185559013774,5148.15698477861,226.867219994945
2025-09-30,0.488,5435,0.23385254232142,0.240780178598747,5148.15698477861,224.636929429892
2025-09-30,0.488,5440,0.232904930914984,0.240291964753223,5148.15698477861,221.939834154894
2025-09-30,0.488,5445,0.232994817222233,0.239869738313531,5148.15698477861,220.020746919369
2025-09-30,0.488,5450,0.232627751126887,0.239439056629015,5148.15698477861,217.790456493423
2025-09-30,0.488,5455,0.232327173750852,0.239074709559029,5148.15698477861,215.663900385332
2025-09-30,0.488,5460,0.231717241720074,0.238627059177204,5148.15698477861,213.278008403003
2025-09-30,0.488,5465,0.231323882205659,0.238170768450193,5148.15698477861,211.047717877929
2025-09-30,0.488,5470,0.230921717763897,0.237705769857109,5148.15698477861,208.81742748638
2025-09-30,0.488,5475,0.230586349377896,0.23738273843932,5148.15698477861,206.74273858819
2025-09-30,0.488,5480,0.230090704305823,0.236900393526727,5148.15698477861,204.46058095519
2025-09-30,0.488,5485,0.229509755470124,0.236484785152562,5148.15698477861,202.178423214099
2025-09-30,0.488,5490,0.229299768859555,0.236060476333801,5148.15698477861,200.155601762139
2025-09-30,0.488,5495,0.228928981839485,0.235703347595845,5148.15698477861,198.080912945005
2025-09-30,0.488,5500,0.228549285845873,0.235261584045806,5148.15698477861,195.95435689649
2025-09-30,0.488,5505,0.227470809647866,0.234810910503592,5148.15698477861,193.360995872774
2025-09-30,0.488,5510,0.227225183068597,0.234427673737967,5148.15698477861,191.390041626934
2025-09-30,0.488,5515,0.227279049893197,0.233959115164342,5148.15698477861,189.574688862556
2025-09-30,0.488,5520,0.226862805163779,0.233558172646902,5148.15698477861,187.49999997475
2025-09-30,0.488,5525,0.226514617995654,0.233148350841828,5148.15698477861,185.477178440101
2025-09-30,0.488,5530,0.226002350125297,0.232729574952275,5148.15698477861,183.350622458508
2025-09-30,0.488,5535,0.225402462408486,0.232301767416536,5148.15698477861,181.172199132833
2025-09-30,0.488,5540,0.225181968878565,0.231864847762519,5148.15698477861,179.253112072334
2025-09-30,0.488,5545,0.22424954574261,0.231418732171193,5148.15698477861,176.86721997191
2025-09-30,0.488,5550,0.224480521453627,0.231041200047376,5148.15698477861,175.311203367761
2025-09-30,0.488,5555,0.223683852843798,0.230576631317868,5148.15698477861,173.029045722741
2025-09-30,0.488,5560,0.222875318747811,0.230180872192632,5148.15698477861,170.798755183976
2025-09-30,0.488,5565,0.222845519190288,0.229775975483267,5148.15698477861,169.087137020329
2025-09-30,0.488,5570,0.222649631348307,0.229361856497625,5148.15698477861,167.271784279793
2025-09-30,0.488,5575,0.222604224134105,0.228938427633178,5148.15698477861,165.560166023363
2025-09-30,0.488,5580,0.22215274747169,0.228505597940456,5148.15698477861,163.589211662299
2025-09-30,0.488,5585,0.221211441410122,0.228063272686489,5148.15698477861,161.307053978929
2025-09-30,0.488,5590,0.220979081084371,0.227690943599962,5148.15698477861,159.543568534163
2025-09-30,0.488,5595,0.220335522342365,0.227309393110274,5148.15698477861,157.520746939713
2025-09-30,0.488,5600,0.220730173775814,0.226838470869058,5148.15698477861,156.120331961698
2025-09-30,0.488,5605,0.219419193042576,0.226437965345632,5148.15698477861,153.682572727301
2025-09-30,0.488,5610,0.218904910022997,0.2260279577126,5148.15698477861,151.763485505236
2025-09-30,0.488,5615,0.218706325565605,0.225608349599016,5148.15698477861,150.051867322857
2025-09-30,0.488,5620,0.218499088684938,0.225179037831799,5148.15698477861,148.340249059842
2025-09-30,0.488,5625,0.218365249627414,0.224821266190228,5148.15698477861,146.732365226666
2025-09-30,0.488,5630,0.217728729646803,0.224372500258582,5148.15698477861,144.761410811946
2025-09-30,0.488,5635,0.2168319377484,0.223995607109362,5148.15698477861,142.686722029597
2025-09-30,0.488,5640,0.216835190829049,0.225086713205634,5148.15698477861,142.116182689021
2025-09-30,0.488,5645,0.216414289632277,0.223130516849322,5148.15698477861,139.367219939066
2025-09-30,0.488,5650,0.217320627878109,0.222724286020368,5148.15698477861,138.433609911403
2025-09-30,0.488,5655,0.215625179432737,0.222391218001127,5148.15698477861,135.943983466077
2025-09-30,0.488,5660,0.215173019121344,0.221965371335965,5148.15698477861,134.180497951515
2025-09-30,0.488,5665,0.214455864650147,0.221529391735672,5148.15698477861,132.261410840401
2025-09-30,0.488,5670,0.214065980569646,0.221167161096236,5148.15698477861,130.601659810551
2025-09-30,0.488,5675,0.214263516270508,0.220710868914034,5148.15698477861,129.253112001353
2025-09-30,0.488,5680,0.213083201695197,0.220328730672489,5148.15698477861,127.126556007596
2025-09-30,0.488,5685,0.212833367284121,0.219936624223495,5148.15698477861,125.570539513019
2025-09-30,0.488,5690,0.21240104880018,0.21953442922271,5148.15698477861,123.91078837469
2025-09-30,0.488,5695,0.212218590775244,0.219122021396781,5148.15698477861,122.406639001847
2025-09-30,0.488,5700,0.212289003855055,0.218785317581519,5148.15698477861,121.109958564073
2025-09-30,0.488,5705,0.211476357533344,0.218352459221524,5148.15698477861,119.242738613274
2025-09-30,0.488,5710,0.211089430693055,0.217995771697637,5148.15698477861,117.686721991232
2025-09-30,0.488,5715,0.211045686471726,0.21754193849807,5148.15698477861,116.286307075094
2025-09-30,0.488,5720,0.210638846063043,0.217164757803006,5148.15698477861,114.730290481303
2025-09-30,0.488,5725,0.210934755039154,0.21598524416511,5148.15698477861,113.122406655907
2025-09-30,0.488,5730,0.209792037228585,0.216379495857447,5148.15698477861,111.618257295716
2025-09-30,0.488,5735,0.209441926588305,0.215971141176466,5148.15698477861,110.114107892025
2025-09-30,0.488,5740,0.208990609123842,0.21564126162737,5148.15698477861,108.609958540857
2025-09-30,0.488,5745,0.208618741333028,0.215211838246964,5148.15698477861,107.105809206543
2025-09-30,0.488,5750,0.208327539755974,0.214861442534665,5148.15698477861,105.705394177533
2025-09-30,0.488,5755,0.207842185361793,0.214500794124972,5148.15698477861,104.201244911365
2025-09-30,0.488,5760,0.207437172382625,0.214129755793326,5148.15698477861,102.748962743395
2025-09-30,0.488,5765,0.207020774567059,0.213748184930956,5148.15698477861,101.296680505757
2025-09-30,0.488,5770,0.206686358894948,0.213355933253847,5148.15698477861,99.8962656311908
2025-09-30,0.488,5775,0.206341225882791,0.212952845929621,5148.15698477861,98.4958506341189
2025-09-30,0.488,5780,0.205985219388537,0.212538762305134,5148.15698477861,97.0954357359225
2025-09-30,0.488,5790,0.205048614177664,0.21186435248421,5148.15698477861,94.2946058786711
2025-09-30,0.488,5800,0.204352324242522,0.211053275149998,5148.15698477861,91.5975103698269
2025-09-30,0.488,5810,0.203513250187565,0.210292650906594,5148.15698477861,88.9004149128009
2025-09-30,0.488,5820,0.202823809402363,0.209584304127608,5148.15698477861,86.3589211651843
2025-09-30,0.488,5825,0.202462148906966,0.209165102885573,5148.15698477861,85.0622407163115
2025-09-30,0.488,5830,0.201888048057055,0.208832211235545,5148.15698477861,83.7136930075455
2025-09-30,0.488,5840,0.201103584138527,0.208134121665046,5148.15698477861,81.2240664196198
2025-09-30,0.488,5850,0.200579716791022,0.207391821193297,5148.15698477861,78.8900415365479
2025-09-30,0.488,5860,0.199804701431053,0.206705449843574,5148.15698477861,76.5041494133453
2025-09-30,0.488,5870,0.198874293007761,0.205974449370557,5148.15698477861,74.0663900624279
2025-09-30,0.488,5875,0.198815697974865,0.205643517281433,5148.15698477861,73.0809128576354
2025-09-30,0.488,5880,0.198212085113275,0.205301526464331,5148.15698477861,71.8360996030493
2025-09-30,0.488,5890,0.197393700680351,0.204583616166657,5148.15698477861,69.5539418776471
2025-09-30,0.488,5900,0.196855308629699,0.203926179408617,5148.15698477861,67.4792531501029
2025-09-30,0.488,5910,0.195710620344288,0.203331960244864,5148.15698477861,65.1970954886832
2025-09-30,0.488,5920,0.194844970999665,0.202693910857963,5148.15698477861,63.0705394367949
2025-09-30,0.488,5925,0.195140067687867,0.202357972764481,5148.15698477861,62.3443983531365
2025-09-30,0.488,5930,0.194620836871592,0.202010487726266,5148.15698477861,61.2551867375884
2025-09-30,0.488,5940,0.193181195088825,0.201393207560374,5148.15698477861,58.9730291124654
2025-09-30,0.488,5950,0.19334648549177,0.200845322567823,5148.15698477861,57.4688796932912
2025-09-30,0.488,5960,0.192513695681404,0.200253778482647,5148.15698477861,55.5497925777406
2025-09-30,0.488,5970,0.191872448074575,0.199616977067996,5148.15698477861,53.7344398432836
2025-09-30,0.488,5975,0.192343499536797,0.199281065604519,5148.15698477861,53.1639004171231
2025-09-30,0.488,5980,0.190928718391526,0.199053337589942,5148.15698477861,51.8672199072615
2025-09-30,0.488,5990,0.189535741836032,0.198444707082462,5148.15698477861,49.844398327024
2025-09-30,0.488,6000,0.190812438111473,0.197292331311275,5148.15698477861,48.7033195063026
2025-09-30,0.488,6010,0.189979919839845,0.197211403599597,5148.15698477861,47.1991701217136
2025-09-30,0.488,6020,0.189358436789798,0.19658709325794,5148.15698477861,45.5912863345156
2025-09-30,0.488,6025,0.189096736456006,0.196386245832211,5148.15698477861,44.8651452642116
2025-09-30,0.488,6030,0.188823256492356,0.196044907231949,5148.15698477861,44.0871369735785
2025-09-30,0.488,6040,0.188239925071577,0.195456945100707,5148.15698477861,42.5829875606318
2025-09-30,0.488,6050,0.187748873020507,0.194956290677335,5148.15698477861,41.1825725881837
2025-09-30,0.488,6060,0.187210756001052,0.19441076673303,5148.15698477861,39.7821577029492
2025-09-30,0.488,6070,0.186623427751237,0.193818482974002,5148.15698477861,38.3817427361016
2025-09-30,0.488,6075,0.186385439472271,0.193504165243051,5148.15698477861,37.7074688860733
2025-09-30,0.488,6080,0.186135770516471,0.193319857815209,5148.15698477861,37.0850622350235
2025-09-30,0.488,6090,0.185600316643022,0.192775638304585,5148.15698477861,35.7883817477721
2025-09-30,0.488,6100,0.185172189983782,0.192331639580367,5148.15698477861,34.5954357016585
2025-09-30,0.488,6110,0.18453752420821,0.191692975811605,5148.15698477861,33.2987552134444
2025-09-30,0.488,6120,0.184012027628276,0.191309640529514,5148.15698477861,32.1576763905908
2025-09-30,0.488,6125,0.183813431965909,0.191024770345258,5148.15698477861,31.5871369382098
2025-09-30,0.488,6130,0.183435879905969,0.190884141946165,5148.15698477861,31.0165975005399
2025-09-30,0.488,6140,0.18280640799998,0.190414676642702,5148.15698477861,29.8755186404601
2025-09-30,0.488,6150,0.182647247736843,0.189246082470955,5148.15698477861,28.6825726132468
2025-09-30,0.488,6160,0.180102469628738,0.189501853481368,5148.15698477861,27.2821576822707
2025-09-30,0.488,6170,0.179634473632155,0.189060990694882,5148.15698477861,26.2966805057092
2025-09-30,0.488,6175,0.181164705598311,0.188823647211279,5148.15698477861,26.2966804677678
2025-09-30,0.488,6180,0.179116114039045,0.188574675437738,5148.15698477861,25.311203322551
2025-09-30,0.488,6190,0.178741162115317,0.188217346174389,5148.15698477861,24.4294605928696
2025-09-30,0.488,6200,0.17872087659997,0.187275583619241,5148.15698477861,23.495850631589
2025-09-30,0.488,6210,0.17784954109447,0.187557630731943,5148.15698477861,22.7178423497849
2025-09-30,0.488,6220,0.177538754094711,0.18707135476497,5148.15698477861,21.8879668150234
2025-09-30,0.488,6225,0.177686323029773,0.186524651824493,5148.15698477861,21.4730290362463
2025-09-30,0.488,6230,0.177184063675671,0.185957777164646,5148.15698477861,20.9024896345224
2025-09-30,0.488,6240,0.177004123423108,0.185753212452172,5148.15698477861,20.2282157904308
2025-09-30,0.488,6250,0.176560222342241,0.185713184644473,5148.15698477861,19.5539419112591
2025-09-30,0.488,6260,0.176297211608483,0.185026252172899,5148.15698477861,18.7759336378441
2025-09-30,0.488,6270,0.175754324180178,0.18491270066799,5148.15698477861,18.1016597518512
2025-09-30,0.488,6275,0.175582331165079,0.18484359391361,5148.15698477861,17.7904564397522
2025-09-30,0.488,6280,0.175398875751873,0.184551129521353,5148.15698477861,17.4273858857782
2025-09-30,0.488,6290,0.175246726164937,0.184365559714865,5148.15698477861,16.8568464966924
2025-09-30,0.488,6300,0.174801179990053,0.184143856920788,5148.15698477861,16.2344398460408
2025-09-30,0.488,6310,0.174303085248571,0.183884405439975,5148.15698477861,15.6120331988693
2025-09-30,0.488,6320,0.174020857110043,0.183585430811884,5148.15698477861,15.0414937694229
2025-09-30,0.488,6325,0.174000728318822,0.18342051948633,5148.15698477861,14.7821576994253
2025-09-30,0.488,6330,0.173694759894753,0.183485077748568,5148.15698477861,14.5228215870322
2025-09-30,0.488,6340,0.173322243670596,0.183106985812572,5148.15698477861,13.9522821823005
2025-09-30,0.488,6350,0.173194584083873,0.182934821084873,5148.15698477861,13.4854771796935
2025-09-30,0.488,6360,0.172729335634405,0.182983296715919,5148.15698477861,13.0186722129398
2025-09-30,0.488,6370,0.172519855721525,0.182481707186475,5148.15698477861,12.4999999945323
2025-09-30,0.488,6375,0.17240008938466,0.182477408259679,5148.15698477861,12.2925311362221
2025-09-30,0.488,6380,0.172269935599667,0.182466044814596,5148.15698477861,12.0850622365003
2025-09-30,0.488,6390,0.171977263115023,0.18242158085554,5148.15698477861,11.6701244921335
2025-09-30,0.488,6400,0.17163925675783,0.181502209623391,5148.15698477861,11.0995850618476
2025-09-30,0.488,6410,0.171599764169573,0.181377615834169,5148.15698477861,10.7365145249687
2025-09-30,0.488,6420,0.171528601520609,0.182103383292951,5148.15698477861,10.5290456405254
2025-09-30,0.488,6425,0.171301040416499,0.182021625103471,5148.15698477861,10.3215767533215
2025-09-30,0.488,6430,0.171059672164183,0.181931155992016,5148.15698477861,10.1141078974986
2025-09-30,0.488,6440,0.170910656914268,0.181106404077545,5148.15698477861,9.64730289273611
2025-09-30,0.488,6450,0.170724234220028,0.181162361866845,5148.15698477861,9.33609958520771
2025-09-30,0.488,6460,0.17049825738293,0.180869087078429,5148.15698477861,8.97302905279378
2025-09-30,0.488,6475,0.170287289245679,0.181355425473118,5148.15698477861,8.60995849338278
2025-09-30,0.488,6500,0.173857325015014,0.180686523552108,5148.15698477861,8.29875518334222
2025-09-30,0.488,6525,0.169567982982777,0.180883857708943,5148.15698477861,7.20954356435145
2025-09-30,0.488,6550,0.16934701506042,0.180927881909121,5148.15698477861,6.63900414282864
2025-09-30,0.488,6575,0.169450879500881,0.180802359416669,5148.15698477861,6.12033194553108
2025-09-30,0.488,6600,0.16938220872188,0.180930794038397,5148.15698477861,5.65352696813148
2025-09-30,0.488,6625,0.169117508365245,0.180902395248233,5148.15698477861,5.18672198827034
2025-09-30,0.488,6650,0.168626373222739,0.18119443399697,5148.15698477861,4.77178424411797
2025-09-30,0.488,6675,0.168599703782181,0.181351658127785,5148.15698477861,4.40871370175174
2025-09-30,0.488,6700,0.168773508365207,0.181908340335168,5148.15698477861,4.12344398914869
2025-09-30,0.488,6725,0.168375674718936,0.182361783688926,5148.15698477861,3.81224067003979
2025-09-30,0.488,6750,0.168182965451799,0.182703324997367,5148.15698477861,3.52697095511545
2025-09-30,0.488,6775,0.167778061175437,0.183553174308993,5148.15698477861,3.29356846786988
2025-09-30,0.488,6800,0.167656363799422,0.183675062606136,5148.15698477861,3.03423236613725
2025-09-30,0.488,6825,0.167335734902837,0.184349773360668,5148.15698477861,2.8267634825951
2025-09-30,0.488,6850,0.167406069547824,0.184941477953469,5148.15698477861,2.64522821389843
2025-09-30,0.488,6900,0.167025420985842,0.18663891258975,5148.15698477861,2.33402489571416
2025-09-30,0.488,6950,0.166600941909673,0.188073354973206,5148.15698477861,2.04875518639784
2025-09-30,0.488,7000,0.165231220624386,0.190125221149957,5148.15698477861,1.81535269670917
2025-09-30,0.488,7100,0.164076993704063,0.193660028769793,5148.15698477861,1.45228215694944
2025-09-30,0.488,7200,0.160036701007076,0.19808662824996,5148.15698477861,1.19294605666608
2025-09-30,0.488,7300,NA,0.2026155589808,5148.15698477861,NA
2025-09-30,0.488,7400,NA,0.207389771119479,5148.15698477861,NA
2025-09-30,0.488,7500,NA,0.211806430040835,5148.15698477861,NA
2025-09-30,0.488,7600,NA,0.216667288793878,5148.15698477861,NA
2025-09-30,0.488,7800,0.186190352713224,0.219273376449146,5148.15698477861,0.57053941786791
2025-09-30,0.488,8000,0.181441154007149,0.228437590437752,5148.15698477861,0.466804980001023
2025-10-17,0.54,200,NA,1.26581878068103,5156.22879771762,NA
2025-10-17,0.54,400,1.03485974062876,1.09043841819399,5156.22879771762,4756.38321856605
2025-10-17,0.54,600,0.867686333822722,0.977092196716701,5156.22879771762,4556.51190260638
2025-10-17,0.54,800,0.77366099258274,0.867199702789018,5156.22879771762,4356.61484983851
2025-10-17,0.54,1000,0.719515817929314,0.797314121756412,5156.22879771762,4156.87221791971
2025-10-17,0.54,1200,0.706294105495713,0.774576044078853,5156.22879771762,3957.82447981731
2025-10-17,0.54,1400,0.703281580665333,0.745333944670852,5156.22879771762,3759.5488459584
2025-10-17,0.54,1600,0.681959812666221,0.708092558363356,5156.22879771762,3561.63352741359
2025-10-17,0.54,1800,0.652829330668076,0.673602302579224,5156.22879771762,3364.20720822207
2025-10-17,0.54,2000,0.623372314460627,0.639597664578941,5156.22879771762,3167.34709880143
2025-10-17,0.54,2200,0.593662792692543,0.607422574269797,5156.22879771762,2971.15614639229
2025-10-17,0.54,2300,0.57922053924229,0.591370220375619,5156.22879771762,2873.31803827847
2025-10-17,0.54,2400,0.564363502656984,0.575706134280719,5156.22879771762,2775.63435099417
2025-10-17,0.54,2500,0.54921411372917,0.560327162114654,5156.22879771762,2678.10508457308
2025-10-17,0.54,2600,0.534304530032456,0.544733723821957,5156.22879771762,2580.73023901308
2025-10-17,0.54,2700,0.519158678529714,0.52936937924108,5156.22879771762,2483.50981428551
2025-10-17,0.54,2800,0.504565847535926,0.514172126735773,5156.22879771762,2386.54675762872
2025-10-17,0.54,2900,0.490035162533389,0.499092089471072,5156.22879771762,2289.7895954456
2025-10-17,0.54,3000,0.47613352379332,0.484377024135597,5156.22879771762,2193.39274859083
2025-10-17,0.54,3100,0.461576267866691,0.470182693993394,5156.22879771762,2097.20179618133
2025-10-17,0.54,3200,0.4482519079693,0.456113316199604,5156.22879771762,2001.52557991712
2025-10-17,0.54,3300,0.434216004673705,0.442325492208591,5156.22879771762,1906.05525812944
2025-10-17,0.54,3400,0.421276219445025,0.428914785029733,5156.22879771762,1811.25409340239
2025-10-17,0.54,3450,0.414312951639109,0.42242856305648,5156.22879771762,1763.93072140914
2025-10-17,0.54,3500,0.407771286723317,0.415930310141792,5156.22879771762,1716.81324393711
2025-10-17,0.54,3550,0.401592294679663,0.409413016046028,5156.22879771762,1669.90166090822
2025-10-17,0.54,3600,0.395368094928566,0.40321412600453,5156.22879771762,1623.19597234488
2025-10-17,0.54,3650,0.389433103142136,0.396956288773787,5156.22879771762,1576.69617822899
2025-10-17,0.54,3700,0.384065202693572,0.391111075901473,5156.22879771762,1530.65964669396
2025-10-17,0.54,3750,0.378248973161856,0.3842499279069,5156.22879771762,1484.31427340545
2025-10-17,0.54,3800,0.372472644836176,0.378964982251804,5156.22879771762,1438.68953077672
2025-10-17,0.54,3850,0.364563996432428,0.373376428784328,5156.22879771762,1392.39563117331
2025-10-17,0.54,3900,0.359177589731191,0.367100408935507,5156.22879771762,1346.92530934119
2025-10-17,0.54,3950,0.354153165995792,0.361628763081148,5156.22879771762,1302.12414462663
2025-10-17,0.54,3975,0.351579371659759,0.36017776120024,5156.22879771762,1280.31550877687
2025-10-17,0.54,4000,0.349049777747599,0.355983326759121,5156.22879771762,1257.47740068884
2025-10-17,0.54,4025,0.346559564810505,0.355190549913501,5156.22879771762,1236.13202744765
2025-10-17,0.54,4050,0.344104163401578,0.35148952988137,5156.22879771762,1213.65423456344
2025-10-17,0.54,4075,0.341799026670008,0.349979924236416,5156.22879771762,1192.257387761
2025-10-17,0.54,4100,0.339398136153449,0.345691137941822,5156.22879771762,1169.67664766146
2025-10-17,0.54,4125,0.335866791307361,0.344892736344408,5156.22879771762,1148.22832722663
2025-10-17,0.54,4150,0.333529528021503,0.341051600722677,5156.22879771762,1126.0079024928
2025-10-17,0.54,4175,0.331206954311992,0.339898592088697,5156.22879771762,1105.12579172248
2025-10-17,0.54,4200,0.328786775086279,0.335819112393673,5156.22879771762,1082.90536702345
2025-10-17,0.54,4225,0.326485832362197,0.334864717466434,5156.22879771762,1062.33209801878
2025-10-17,0.54,4250,0.324085046910466,0.331177109061455,5156.22879771762,1040.47198860283
2025-10-17,0.54,4275,0.321793480712961,0.330284623947882,5156.22879771762,1020.15608766747
2025-10-17,0.54,4300,0.319602701516885,0.325845484936843,5156.22879771762,998.193031043037
2025-10-17,0.54,4325,0.317305796512721,0.325701159332648,5156.22879771762,978.494813519289
2025-10-17,0.54,4350,0.315198859631424,0.323836006597403,5156.22879771762,958.127438968409
2025-10-17,0.54,4375,0.313173346827632,0.32052564728149,5156.22879771762,937.142380988346
2025-10-17,0.54,4400,0.311033600470665,0.317236066499812,5156.22879771762,916.208796656021
2025-10-17,0.54,4425,0.307946355339086,0.316081160005047,5156.22879771762,896.047316576721
2025-10-17,0.54,4450,0.30578301421573,0.312520474423322,5156.22879771762,875.165205910137
2025-10-17,0.54,4475,0.303597032349547,0.31156715808404,5156.22879771762,855.878777334654
2025-10-17,0.54,4500,0.302626127546886,0.308708674589577,5156.22879771762,836.334980576614
2025-10-17,0.54,4525,0.299586302159384,0.307401437336531,5156.22879771762,816.636763023263
2025-10-17,0.54,4550,0.298517601646989,0.303567312973076,5156.22879771762,796.732651079708
2025-10-17,0.54,4575,0.296623016353524,0.303113041760861,5156.22879771762,778.527168376247
2025-10-17,0.54,4600,0.294519451150984,0.299343451648983,5156.22879771762,758.314214663955
2025-10-17,0.54,4625,0.291390322114919,0.299017844833237,5156.22879771762,739.748416759075
2025-10-17,0.54,4650,0.290600411414522,0.295214225795194,5156.22879771762,720.616408903354
2025-10-17,0.54,4675,0.287490767247428,0.296353728360093,5156.22879771762,703.337451343833
2025-10-17,0.54,4700,0.285546535912373,0.291150584986781,5156.22879771762,682.867129636384
2025-10-17,0.54,4725,0.283315643197817,0.292042480602268,5156.22879771762,666.360276238556
2025-10-17,0.54,4750,0.28165437821995,0.287048944616613,5156.22879771762,646.507637855382
2025-10-17,0.54,4775,0.279700836715052,0.287849147304575,5156.22879771762,630.515520697951
2025-10-17,0.54,4800,0.278141116165801,0.283115567605672,5156.22879771762,611.229092123222
2025-10-17,0.54,4825,0.275989372773362,0.283743964125125,5156.22879771762,595.391395741939
2025-10-17,0.54,4850,0.274369592977504,0.279170356249671,5156.22879771762,576.516756055737
2025-10-17,0.54,4875,0.272018888960666,0.278091447423225,5156.22879771762,559.752534683889
2025-10-17,0.54,4900,0.271348731063852,0.275336956135037,5156.22879771762,543.194207756631
2025-10-17,0.54,4925,0.268284512446372,0.275618746260917,5156.22879771762,527.305037718927
2025-10-17,0.54,4950,0.266379028059439,0.271445236164224,5156.22879771762,509.253975973534
2025-10-17,0.54,4975,0.264539523220303,0.270347891079817,5156.22879771762,493.673647714354
2025-10-17,0.54,5000,0.262902558922233,0.267616722728243,5156.22879771762,477.269741554971
2025-10-17,0.54,5025,0.261111972965482,0.266426547629655,5156.22879771762,462.101202337399
2025-10-17,0.54,5050,0.25902889234849,0.264035938477762,5156.22879771762,446.057611430362
2025-10-17,0.54,5075,0.25713946789176,0.264059495263653,5156.22879771762,432.175912547322
2025-10-17,0.54,5100,0.255575865037045,0.260192313750931,5156.22879771762,415.87495373402
2025-10-17,0.54,5125,0.253096134426567,0.260304571154019,5156.22879771762,402.09620194748
2025-10-17,0.54,5150,0.25121210814831,0.258056706104175,5156.22879771762,387.236504445131
2025-10-17,0.54,5175,0.24911946925132,0.255948190194556,5156.22879771762,372.566033680521
2025-10-17,0.54,5200,0.247168762459508,0.25344101074294,5156.22879771762,357.947526716369
2025-10-17,0.54,5225,0.245117804322268,0.251520738845271,5156.22879771762,343.946702978936
2025-10-17,0.54,5250,0.243168183830928,0.249502164685698,5156.22879771762,330.203247507675
2025-10-17,0.54,5275,0.241180839391108,0.247450767808214,5156.22879771762,316.665686563209
2025-10-17,0.54,5300,0.239152908495563,0.245431961545594,5156.22879771762,303.385493587931
2025-10-17,0.54,5325,0.237218218996843,0.243648373459357,5156.22879771762,290.620036736897
2025-10-17,0.54,5350,0.235168929818761,0.241413613718848,5156.22879771762,277.700159092816
2025-10-17,0.54,5375,0.233345824697049,0.239822147147892,5156.22879771762,265.706806526286
2025-10-17,0.54,5400,0.231333855069722,0.237427265553688,5156.22879771762,253.250191447702
2025-10-17,0.54,5425,0.229336684303625,0.235883772281666,5156.22879771762,241.720101311205
2025-10-17,0.54,5450,0.227352139361257,0.233734428645567,5156.22879771762,230.035590492223
2025-10-17,0.54,5475,0.225236538124113,0.232234665479516,5156.22879771762,219.020236675678
2025-10-17,0.54,5500,0.22319841041053,0.229619234476037,5156.22879771762,207.541620234411
2025-10-17,0.54,5525,0.221237698303884,0.228586234904867,5156.22879771762,197.555738818696
2025-10-17,0.54,5550,0.219501156559579,0.225841314265806,5156.22879771762,186.79775288394
2025-10-17,0.54,5575,0.217329418544579,0.224853054266968,5156.22879771762,177.275134004701
2025-10-17,0.54,5600,0.215604150169002,0.222037037044638,5156.22879771762,167.083358055588
2025-10-17,0.54,5625,0.213657721785787,0.221018309700886,5156.22879771762,158.281369622904
2025-10-17,0.54,5650,0.211478397129782,0.218577650837276,5156.22879771762,148.655803391098
2025-10-17,0.54,5675,0.209605407169553,0.217687490974238,5156.22879771762,140.574445681215
2025-10-17,0.54,5700,0.20797500418454,0.214856314439738,5156.22879771762,131.669510110879
2025-10-17,0.54,5725,0.206026483526954,0.21385967050046,5156.22879771762,124.051414862863
2025-10-17,0.54,5750,0.204916907994355,0.211171948929067,5156.22879771762,116.175951681583
2025-10-17,0.54,5775,0.203070700397546,0.209472337908344,5156.22879771762,108.763750854042
2025-10-17,0.54,5800,0.201317459602922,0.207617635485502,5156.22879771762,101.608918309489
2025-10-17,0.54,5825,0.199484598731722,0.205952939166024,5156.22879771762,94.8144008971341
2025-10-17,0.54,5850,0.197660483270536,0.204221083138423,5156.22879771762,88.277251689652
2025-10-17,0.54,5875,0.195751603339703,0.202606390692129,5156.22879771762,82.048944126578
2025-10-17,0.54,5900,0.193951619901617,0.201025187004908,5156.22879771762,76.1809518830242
2025-10-17,0.54,5925,0.19217192503478,0.199483849890164,5156.22879771762,70.6218013806945
2025-10-17,0.54,5950,0.190418746376833,0.197886892299517,5156.22879771762,65.3200189115757
2025-10-17,0.54,5975,0.188364867670207,0.19558991220747,5156.22879771762,59.8123419316065
2025-10-17,0.54,6000,0.187141238737143,0.194741123002868,5156.22879771762,55.6429790777333
2025-10-17,0.54,6025,0.185527532183106,0.19320619484263,5156.22879771762,51.2162481090448
2025-10-17,0.54,6050,0.183985106876142,0.191147457542547,5156.22879771762,46.8409906591682
2025-10-17,0.54,6075,0.182266290092182,0.190384285404305,5156.22879771762,43.1863639507903
2025-10-17,0.54,6100,0.180772144984042,0.189133367410133,5156.22879771762,39.6346844314811
2025-10-17,0.54,6125,0.179253967387904,0.187473079447855,5156.22879771762,36.1344785326727
2025-10-17,0.54,6150,0.178028583639383,0.186211815332994,5156.22879771762,33.0975351832778
2025-10-17,0.54,6175,0.177642512742748,0.185418188218966,5156.22879771762,30.6782752379997
2025-10-17,0.54,6200,0.176189354268003,0.183279167566012,5156.22879771762,27.6413318824433
2025-10-17,0.54,6225,0.175126021375059,0.18291886912988,5156.22879771762,25.4794399694953
2025-10-17,0.54,6250,0.174153086725743,0.181483154326957,5156.22879771762,23.1631272487301
2025-10-17,0.54,6275,0.173097309187186,0.180651996222846,5156.22879771762,21.1556562186213
2025-10-17,0.54,6300,0.172173662020267,0.179955708761529,5156.22879771762,19.3540796891852
2025-10-17,0.54,6325,0.171422909796153,0.179632708630357,5156.22879771762,17.8098711827844
2025-10-17,0.54,6350,0.170649472009313,0.179108655891452,5156.22879771762,16.3171363403535
2025-10-17,0.54,6375,0.169863951185183,0.178360984889869,5156.22879771762,14.8758750714223
2025-10-17,0.54,6400,0.169079765644794,0.177602898354961,5156.22879771762,13.5375610398679
2025-10-17,0.54,6425,0.168610334392813,0.177609886330173,5156.22879771762,12.5080887080686
2025-10-17,0.54,6450,0.167904950674806,0.176647049545872,5156.22879771762,11.3241955500246
2025-10-17,0.54,6475,0.167605054910481,0.177111029941447,5156.22879771762,10.5520913041295
2025-10-17,0.54,6500,0.167091508508851,0.176267196100537,5156.22879771762,9.57409259150096
2025-10-17,0.54,6550,0.166532585306522,0.175773902181407,5156.22879771762,8.08135772815146
2025-10-17,0.54,6600,0.166008573604018,0.17597613771433,5156.22879771762,6.89746456580884
2025-10-17,0.54,6650,0.165666436685687,0.176382815578119,5156.22879771762,5.91946584104298
2025-10-17,0.54,6700,0.165717641382916,0.17668343311744,5156.22879771762,5.09588801035935
2025-10-17,0.54,6750,0.168407581539304,0.177423079028813,5156.22879771762,4.63262545990342
2025-10-17,0.54,6800,0.165511332332363,0.178806507927207,5156.22879771762,3.88625802365651
2025-10-17,0.54,6850,0.165392929946513,0.180464081229699,5156.22879771762,3.44873228226236
2025-10-17,0.54,6900,0.165070691608104,0.181865025831895,5156.22879771762,3.03694335841444
2025-10-17,0.54,6950,0.165176964245015,0.18297820179936,5156.22879771762,2.67662803144489
2025-10-17,0.54,7000,0.164641460312979,0.183762058611983,5156.22879771762,2.31631272780866
2025-10-17,0.54,7100,0.164590331285709,0.187268158213457,5156.22879771762,1.87878698800667
2025-10-17,0.54,7200,0.162661281672774,0.192401298870969,5156.22879771762,1.59568209621321
2025-10-17,0.54,7300,0.161691229612346,0.195632428101635,5156.22879771762,1.31257720888719
2025-10-17,0.54,7400,0.155822327386193,0.198736702175453,5156.22879771762,1.05520913229543
2025-10-17,0.54,7600,NA,0.187385597844596,5156.22879771762,NA
2025-10-17,0.54,7800,NA,0.217736345682676,5156.22879771762,NA
2025-10-17,0.54,8000,NA,0.227589020530512,5156.22879771762,NA
2025-10-17,0.54,8200,NA,0.240441982630098,5156.22879771762,NA
2025-10-17,0.54,8400,NA,0.249463024399309,5156.22879771762,NA
2025-10-17,0.54,8600,0.197599768751187,0.258942101670167,5156.22879771762,0.720630624291114
2025-10-17,0.54,8800,0.20572741998666,0.268035269716169,5156.22879771762,0.694893816276813
2025-10-17,0.54,9000,NA,0.27675830470517,5156.22879771762,NA
2025-10-17,0.54,9200,NA,0.244126116037721,5156.22879771762,NA
2025-10-17,0.54,9400,NA,0.294361985167338,5156.22879771762,NA
2025-10-17,0.54,9600,NA,0.302119042777694,5156.22879771762,NA
2025-10-17,0.54,9800,NA,0.309553792200447,5156.22879771762,NA
2025-10-17,0.54,10000,NA,0.318062848115418,5156.22879771762,NA
2025-10-17,0.54,10400,NA,0.333041007858164,5156.22879771762,NA
2025-10-17,0.54,11000,NA,0.354662382475046,5156.22879771762,NA
2025-10-17,0.54,12000,NA,0.367834254307951,5156.22879771762,NA
2025-11-21,0.64,200,NA,1.16321521259775,5168.89709906951,NA
2025-11-21,0.64,400,0.951136048697202,1.00218493929691,5168.89709906951,4769.05103995625
2025-11-21,0.64,600,0.797622690607733,0.906465021998869,5168.89709906951,4569.20498084313
2025-11-21,0.64,800,0.711291864301648,0.808536629211686,5168.89709906951,4369.33326491481
2025-11-21,0.64,1000,0.684604972359397,0.761959008106327,5168.89709906951,4169.84640120383
2025-11-21,0.64,1200,0.676131723469113,0.761389126584235,5168.89709906951,3971.59106458594
2025-11-21,0.64,1400,0.676617415322209,0.710331443717351,5168.89709906951,3773.464012041
2025-11-21,0.64,1600,0.646790102639752,0.671481730116801,5168.89709906951,3575.67049808681
2025-11-21,0.64,1800,0.617486382273602,0.636359799994311,5168.89709906951,3378.4927476685
2025-11-21,0.64,2000,0.588402450106043,0.603360598200486,5168.89709906951,3181.93076081752
2025-11-21,0.64,2200,0.559497157249825,0.572261761429817,5168.89709906951,2986.03585111909
2025-11-21,0.64,2400,0.531239985306556,0.541853909839113,5168.89709906951,2790.80801860943
2025-11-21,0.64,2500,0.516989084448384,0.527353635137982,5168.89709906951,2693.47632732154
2025-11-21,0.64,2600,0.502949844253109,0.512683075962117,5168.89709906951,2596.29857690386
2025-11-21,0.64,2700,0.489064575399037,0.498555698745322,5168.89709906951,2499.37739462737
2025-11-21,0.64,2800,0.474971888201916,0.484228839654522,5168.89709906951,2402.55883962429
2025-11-21,0.64,2900,0.46158307947269,0.470573703955576,5168.89709906951,2306.15079365376
2025-11-21,0.64,3000,0.448444468806902,0.456659967044225,5168.89709906951,2209.94800220412
2025-11-21,0.64,3100,0.435232511686232,0.443687676183866,5168.89709906951,2114.15571976264
2025-11-21,0.64,3200,0.42237871459775,0.430564053408686,5168.89709906951,2018.67131910443
2025-11-21,0.64,3300,0.409968396584594,0.417877031018503,5168.89709906951,1923.70005470668
2025-11-21,0.64,3400,0.397857621597338,0.405490423604981,5168.89709906951,1829.24192663818
2025-11-21,0.64,3500,0.385928972996869,0.393456998013448,5168.89709906951,1735.34824848171
2025-11-21,0.64,3550,0.380185401177888,0.387570454063907,5168.89709906951,1688.68363436519
2025-11-21,0.64,3600,0.374555032054407,0.381949921162006,5168.89709906951,1642.27558843005
2025-11-21,0.64,3650,0.36901536399991,0.376263813401069,5168.89709906951,1596.02148331498
2025-11-21,0.64,3700,0.363258114835805,0.370791097689902,5168.89709906951,1549.92131905646
2025-11-21,0.64,3750,0.358266684657803,0.365362735779794,5168.89709906951,1504.28297757151
2025-11-21,0.64,3800,0.351015196380187,0.360611223755756,5168.89709906951,1458.23412697575
2025-11-21,0.64,3850,0.346104509686616,0.355202169908849,5168.89709906951,1413.00629446524
2025-11-21,0.64,3900,0.341166152817277,0.349916191940887,5168.89709906951,1368.03503010125
2025-11-21,0.64,3950,0.336899659911293,0.344843700464625,5168.89709906951,1323.67952924191
2025-11-21,0.64,4000,0.331963521044873,0.339837769303098,5168.89709906951,1279.32402841554
2025-11-21,0.64,4050,0.327621231432521,0.334555926552887,5168.89709906951,1235.37903665177
2025-11-21,0.64,4075,0.32414382093192,0.333396971569787,5168.89709906951,1213.61179524004
2025-11-21,0.64,4100,0.323160662980079,0.331393647526336,5168.89709906951,1192.71688562084
2025-11-21,0.64,4125,0.319669578626814,0.328996222111831,5168.89709906951,1170.48782149724
2025-11-21,0.64,4150,0.318680485676348,0.326920901303635,5168.89709906951,1149.74685273967
2025-11-21,0.64,4175,0.315269419831097,0.324365818693318,5168.89709906951,1127.62041604222
2025-11-21,0.64,4200,0.314362558734951,0.322219693940868,5168.89709906951,1107.08470169674
2025-11-21,0.64,4225,0.311015676876679,0.319986810087751,5168.89709906951,1085.31746027906
2025-11-21,0.64,4250,0.310079397628708,0.318134521536607,5168.89709906951,1065.14094149448
2025-11-21,0.64,4275,0.306969540712613,0.315910262167088,5168.89709906951,1043.68158180683
2025-11-21,0.64,4300,0.306084305508726,0.313869868283746,5168.89709906951,1023.65900384516
2025-11-21,0.64,4325,0.302913366055346,0.311825398263429,5168.89709906951,1002.4562124024
2025-11-21,0.64,4350,0.302507723996882,0.309339483962094,5168.89709906951,982.690202463322
2025-11-21,0.64,4375,0.299004453869805,0.307459542115403,5168.89709906951,961.590038300295
2025-11-21,0.64,4400,0.298354105640711,0.305480077246641,5168.89709906951,942.234537499372
2025-11-21,0.64,4425,0.295042961103452,0.303735982621776,5168.89709906951,921.544882361744
2025-11-21,0.64,4450,0.294403171016451,0.301641458960725,5168.89709906951,902.394635990652
2025-11-21,0.64,4475,0.292156513630051,0.299532432860958,5168.89709906951,882.372057972488
2025-11-21,0.64,4500,0.290859380935902,0.297805023462094,5168.89709906951,863.324438979841
2025-11-21,0.64,4525,0.287385412545328,0.295892011660451,5168.89709906951,842.891351911863
2025-11-21,0.64,4550,0.28681309823405,0.293721542863497,5168.89709906951,824.305555544408
2025-11-21,0.64,4575,0.28425342929661,0.291683300044264,5168.89709906951,804.642173001534
2025-11-21,0.64,4600,0.282893616992479,0.289920508682156,5168.89709906951,786.107690195769
2025-11-21,0.64,4625,0.280065133871969,0.288048485405656,5168.89709906951,766.649562133755
2025-11-21,0.64,4650,0.279736718100026,0.286289503298397,5168.89709906951,749.141351923911
2025-11-21,0.64,4675,0.276415188733983,0.284129220405546,5168.89709906951,729.426655688648
2025-11-21,0.64,4700,0.275539242308625,0.282440327015907,5168.89709906951,711.918445631794
2025-11-21,0.64,4725,0.272818105319813,0.280353261647968,5168.89709906951,692.973453784727
2025-11-21,0.64,4750,0.271974167141671,0.278440205899542,5168.89709906951,675.670497998965
2025-11-21,0.64,4775,0.269321374532401,0.27655439861238,5168.89709906951,657.238642582477
2025-11-21,0.64,4800,0.268016355136755,0.27496765850349,5168.89709906951,640.192255156704
2025-11-21,0.64,4825,0.265831994208409,0.272784060968617,5168.89709906951,622.222222232592
2025-11-21,0.64,4850,0.26475149631282,0.270894926240519,5168.89709906951,605.483716445946
2025-11-21,0.64,4875,0.262264282962012,0.269022450836013,5168.89709906951,587.872879013766
2025-11-21,0.64,4900,0.261458902266055,0.267163890700443,5168.89709906951,571.750136853391
2025-11-21,0.64,4925,0.258801422775928,0.265316599859065,5168.89709906951,554.395867466202
2025-11-21,0.64,4950,0.257861450251872,0.264000299673215,5168.89709906951,538.991516135134
2025-11-21,0.64,4975,0.255355193391682,0.261905006506887,5168.89709906951,521.945128554776
2025-11-21,0.64,5000,0.25440563814041,0.260332462082341,5168.89709906951,506.746031769426
2025-11-21,0.64,5025,0.251458540467126,0.258118194785414,5168.89709906951,489.648330571366
2025-11-21,0.64,5050,0.250876767847506,0.256353333413365,5168.89709906951,475.013683726435
2025-11-21,0.64,5075,0.248248395389257,0.254584849487539,5168.89709906951,458.942255046844
2025-11-21,0.64,5100,0.247006797023674,0.25331534535068,5168.89709906951,444.615489774492
2025-11-21,0.64,5125,0.24474432869034,0.251154277818559,5168.89709906951,428.954570337928
2025-11-21,0.64,5150,0.243912276953114,0.24942456208665,5168.89709906951,415.038314235797
2025-11-21,0.64,5175,0.240402530932723,0.248399067083683,5168.89709906951,399.733169153523
2025-11-21,0.64,5200,0.240506315337649,0.246616512037908,5168.89709906951,387.00738915991
2025-11-21,0.64,5225,0.236848849478835,0.245005093335983,5168.89709906951,371.561986850625
2025-11-21,0.64,5250,0.235038578418759,0.242193501787631,5168.89709906951,356.886288946866
2025-11-21,0.64,5275,0.233265266895056,0.241042196600848,5168.89709906951,343.852627255191
2025-11-21,0.64,5300,0.231464473060811,0.23918446010368,5168.89709906951,330.459770134085
2025-11-21,0.64,5325,0.229696284975421,0.237551818015472,5168.89709906951,317.528735544121
2025-11-21,0.64,5350,0.227896247695249,0.235706310947862,5168.89709906951,304.649014760937
2025-11-21,0.64,5375,0.226563622588819,0.234020329687499,5168.89709906951,292.538998407937
2025-11-21,0.64,5400,0.224505830290111,0.232242137887986,5168.89709906951,280.018472803521
2025-11-21,0.64,5425,0.222723577924173,0.230305798347598,5168.89709906951,267.857142875945
2025-11-21,0.64,5450,0.220710029414044,0.228651188106084,5168.89709906951,256.003694557069
2025-11-21,0.64,5475,0.218906990510317,0.227345032496898,5168.89709906951,244.868637182162
2025-11-21,0.64,5500,0.217123265781596,0.225172319794615,5168.89709906951,233.323070547419
2025-11-21,0.64,5525,0.215292499804113,0.223796057132395,5168.89709906951,222.649835845894
2025-11-21,0.64,5550,0.213805964037965,0.221470927524493,5168.89709906951,211.7713463674
2025-11-21,0.64,5575,0.21200893463867,0.219487969905038,5168.89709906951,201.200738911074
2025-11-21,0.64,5600,0.210293030420543,0.218122206304136,5168.89709906951,191.451149339041
2025-11-21,0.64,5625,0.208523964272589,0.216516588577697,5168.89709906951,181.752873591845
2025-11-21,0.64,5650,0.20676754330241,0.214866915218944,5168.89709906951,172.311165838266
2025-11-21,0.64,5675,0.206073439210454,0.213240081964256,5168.89709906951,163.947044344769
2025-11-21,0.64,5700,0.205211068121293,0.211144669326704,5168.89709906951,155.37766829214
2025-11-21,0.64,5725,0.202585348331671,0.209414667067584,5168.89709906951,146.089901540125
2025-11-21,0.64,5750,0.201854720678722,0.206612831123202,5168.89709906951,137.674466370276
2025-11-21,0.64,5775,0.198998883304524,0.205792568183541,5168.89709906951,129.464285719296
2025-11-21,0.64,5800,0.19848894927033,0.203136777152138,5168.89709906951,121.869868632402
2025-11-21,0.64,5825,0.196636257776653,0.202162556841111,5168.89709906951,114.788587834595
2025-11-21,0.64,5850,0.194552680357276,0.200610944327987,5168.89709906951,107.450738864049
2025-11-21,0.64,5875,0.193211112953419,0.199009755331429,5168.89709906951,100.83128085013
2025-11-21,0.64,5900,0.19174043208099,0.196941438942109,5168.89709906951,94.1091953924947
2025-11-21,0.64,5925,0.189783176781807,0.195392952325895,5168.89709906951,87.6949917964367
2025-11-21,0.64,5950,0.188286147484069,0.19388347546539,5168.89709906951,81.8452381311205
2025-11-21,0.64,5975,0.186367037556831,0.192418916874736,5168.89709906951,76.0467979835363
2025-11-21,0.64,6000,0.185331828568372,0.190913107242388,5168.89709906951,70.9667487467601
2025-11-21,0.64,6025,0.182787494148162,0.189557902220137,5168.89709906951,65.4248768545852
2025-11-21,0.64,6050,0.182190638468408,0.188073610359318,5168.89709906951,61.0632183679522
2025-11-21,0.64,6075,0.179251115358038,0.186553636620283,5168.89709906951,55.7779146279155
2025-11-21,0.64,6100,0.179077684177157,0.184998333741457,5168.89709906951,52.0320196502545
2025-11-21,0.64,6125,0.176283893695666,0.183520132293719,5168.89709906951,47.3624795028674
2025-11-21,0.64,6150,0.176170175862366,0.182250793466617,5168.89709906951,44.181034517285
2025-11-21,0.64,6175,0.173070064072861,0.180980773318844,5168.89709906951,39.9733169069172
2025-11-21,0.64,6200,0.173319996127289,0.179589857169027,5168.89709906951,37.2536945974354
2025-11-21,0.64,6225,0.170461859113927,0.17873170657184,5168.89709906951,33.764367808644
2025-11-21,0.64,6250,0.169717318665867,0.177656969197413,5168.89709906951,31.1473727421348
2025-11-21,0.64,6275,0.169066787228159,0.176632738755879,5168.89709906951,28.735632198008
2025-11-21,0.64,6300,0.168201545191643,0.175522811649008,5168.89709906951,26.3752052932156
2025-11-21,0.64,6325,0.166919472274563,0.174643505914019,5168.89709906951,24.1174055996719
2025-11-21,0.64,6350,0.165904515623085,0.17387217771833,5168.89709906951,22.1161740726627
2025-11-21,0.64,6375,0.165021125311011,0.173235182908726,5168.89709906951,20.3201970695399
2025-11-21,0.64,6400,0.164306412214632,0.172391719123021,5168.89709906951,18.6268472728399
2025-11-21,0.64,6425,0.163581450349877,0.171905490013215,5168.89709906951,17.1387520581133
2025-11-21,0.64,6450,0.162856793493266,0.17060544518979,5168.89709906951,15.5480295704594
2025-11-21,0.64,6475,0.162145552192822,0.170768263222338,5168.89709906951,14.4191297064584
2025-11-21,0.64,6500,0.161463958527907,0.169658243274249,5168.89709906951,13.0849753847592
2025-11-21,0.64,6525,0.161117029372853,0.169498399362135,5168.89709906951,12.1100164277712
2025-11-21,0.64,6550,0.16057785137326,0.169179928805616,5168.89709906951,11.1350574601277
2025-11-21,0.64,6575,0.160143039273126,0.169758467844153,5168.89709906951,10.4166666515705
2025-11-21,0.64,6600,0.159847008060927,0.168566364907836,5168.89709906951,9.44170771276687
2025-11-21,0.64,6625,0.159364693270799,0.168893281250434,5168.89709906951,8.77463055286991
2025-11-21,0.64,6650,0.159449461087386,0.168487269864362,5168.89709906951,8.10755335220252
2025-11-21,0.64,6675,0.158985821061108,0.169545488486699,5168.89709906951,7.64573069804131
2025-11-21,0.64,6700,0.158754593747477,0.168507921796934,5168.89709906951,6.92733990511113
2025-11-21,0.64,6750,0.158741561197717,0.169117178473327,5168.89709906951,6.05500820645955
2025-11-21,0.64,6800,0.158674908187283,0.169718788554824,5168.89709906951,5.2853037667053
2025-11-21,0.64,6850,0.160472944288073,0.170362564556925,5168.89709906951,4.77216749276368
2025-11-21,0.64,6900,0.158676341841971,0.171608435655857,5168.89709906951,4.10509031038315
2025-11-21,0.64,6950,0.15856699293018,0.173115397363333,5168.89709906951,3.66892446416144
2025-11-21,0.64,7000,0.158308876733109,0.173831034942887,5168.89709906951,3.20710180685628
2025-11-21,0.64,7100,0.158109860374873,0.176222775651707,5168.89709906951,2.54002463019949
2025-11-21,0.64,7200,0.157610028280231,0.181364992338747,5168.89709906951,2.20648604237866
2025-11-21,0.64,7300,0.156344015293355,0.18426758050548,5168.89709906951,1.79597701605815
2025-11-21,0.64,7400,0.154550894829528,0.186460869470376,5168.89709906951,1.4367816101591
2025-11-21,0.64,7500,0.150448962984498,0.189400455445019,5168.89709906951,1.18021346254679
2025-11-21,0.64,7600,NA,0.192947043567828,5168.89709906951,NA
2025-11-21,0.64,7800,NA,0.201604060155418,5168.89709906951,NA
2025-11-21,0.64,8000,NA,0.210915664381566,5168.89709906951,NA
2025-11-21,0.64,8200,0.18265752051588,0.188798782790286,5168.89709906951,0.256568144931497
2025-11-21,0.64,8400,NA,0.231234263944688,5168.89709906951,NA
2025-11-21,0.64,8600,0.189489317151918,0.240135923838635,5168.89709906951,0.846674874817176
2025-11-21,0.64,8800,0.188108155587436,0.24869012721612,5168.89709906951,0.795361248747247
2025-11-21,0.64,9000,0.195379157837854,0.255997888186481,5168.89709906951,0.744047617916228
2025-11-21,0.64,9200,0.202464795609308,0.263852763334444,5168.89709906951,0.718390803826631
2025-11-21,0.64,9400,NA,0.272415543610765,5168.89709906951,NA
2025-11-21,0.64,9600,0.216116570397912,0.279718956759894,5168.89709906951,0.692733991455121
2025-11-21,0.64,9800,NA,0.28673641255118,5168.89709906951,NA
2025-11-21,0.64,10000,NA,0.252202190483493,5168.89709906951,NA
2025-11-21,0.64,10400,NA,0.307423143264324,5168.89709906951,NA
2025-11-21,0.64,11000,NA,0.327529044176435,5168.89709906951,NA
2025-11-21,0.64,12000,NA,0.358784977312104,5168.89709906951,NA
2025-12-19,0.716,200,1.10144548614502,1.1570100249239,5178.00141032517,4978.07962378083
2025-12-19,0.716,400,0.900805723958953,0.928313346830459,5178.00141032517,4778.13176608472
2025-12-19,0.716,500,0.820466526220962,0.89306604992101,5178.00141032517,4678.20997954031
2025-12-19,0.716,600,0.755499037351587,0.872978316201946,5178.00141032517,4578.36640645177
2025-12-19,0.716,800,0.701104903293747,0.76615505533621,5178.00141032517,4378.49676221134
2025-12-19,0.716,1000,0.674958319598345,0.756036741242168,5178.00141032517,4179.48746598321
2025-12-19,0.716,1200,0.675225819015874,0.712505913563398,5178.00141032517,3980.97352163992
2025-12-19,0.716,1400,0.657790271382254,0.684845571397474,5178.00141032517,3783.42420991602
2025-12-19,0.716,1600,0.625815543629024,0.647380891480528,5178.00141032517,3585.82275588973
2025-12-19,0.716,1800,0.596600234442477,0.613320710420528,5178.00141032517,3388.89915181436
2025-12-19,0.716,2000,0.567207743464418,0.581315943876288,5178.00141032517,3192.54911308176
2025-12-19,0.716,2200,0.539630112638422,0.550671054101164,5178.00141032517,2996.92906659699
2025-12-19,0.716,2400,0.511690008156006,0.521801531307768,5178.00141032517,2801.98687007444
2025-12-19,0.716,2500,0.498704919031723,0.507798478815283,5178.00141032517,2704.90683909104
2025-12-19,0.716,2600,0.485083105617939,0.493664349218783,5178.00141032517,2607.87895040511
2025-12-19,0.716,2700,0.471315327908786,0.480052427323856,5178.00141032517,2511.05963094208
2025-12-19,0.716,2800,0.458604892360116,0.466555369080035,5178.00141032517,2414.6053075671
2025-12-19,0.716,2900,0.445616200327142,0.453396111429325,5178.00141032517,2318.35955346836
2025-12-19,0.716,3000,0.432646609720172,0.440251204731895,5178.00141032517,2222.32236855469
2025-12-19,0.716,3100,0.420120868243732,0.427318226452601,5178.00141032517,2126.65017974926
2025-12-19,0.716,3200,0.408116813073742,0.414728211349385,5178.00141032517,2031.44727172305
2025-12-19,0.716,3250,0.402091106102971,0.40956904430045,5178.00141032517,1984.2629560961
2025-12-19,0.716,3300,0.396295431879111,0.403468752943368,5178.00141032517,1936.97435590977
2025-12-19,0.716,3350,0.390517587825941,0.397576407727301,5178.00141032517,1889.84218264363
2025-12-19,0.716,3400,0.38474968651437,0.391862674901533,5178.00141032517,1842.86643626181
2025-12-19,0.716,3450,0.379149498936188,0.386140542710296,5178.00141032517,1796.04711677488
2025-12-19,0.716,3500,0.372898170486088,0.380712662468582,5178.00141032517,1749.22779731534
2025-12-19,0.716,3550,0.368197204539595,0.375242168543832,5178.00141032517,1703.03418549651
2025-12-19,0.716,3600,0.362519521901018,0.369868533185476,5178.00141032517,1656.6841467558
2025-12-19,0.716,3650,0.357372898603009,0.364572848799019,5178.00141032517,1610.69910413675
2025-12-19,0.716,3700,0.352283356793194,0.359469416167484,5178.00141032517,1564.97477303619
2025-12-19,0.716,3750,0.347234824754317,0.354401179234678,5178.00141032517,1519.45901123352
2025-12-19,0.716,3800,0.341714071424753,0.349354627711464,5178.00141032517,1473.94324925409
2025-12-19,0.716,3825,0.339371179312565,0.347700861772071,5178.00141032517,1451.8110759985
2025-12-19,0.716,3850,0.337083818618562,0.344669137726816,5178.00141032517,1429.15747971159
2025-12-19,0.716,3875,0.334847269720076,0.341942644760085,5178.00141032517,1406.71245254899
2025-12-19,0.716,3900,0.332541756967016,0.339730212605187,5178.00141032517,1384.52813699135
2025-12-19,0.716,3925,0.330395845400124,0.3374479335855,5178.00141032517,1362.44810602116
2025-12-19,0.716,3950,0.328177007637662,0.335098108213303,5178.00141032517,1340.36807501529
2025-12-19,0.716,3975,0.325996545895002,0.333323686669506,5178.00141032517,1318.65304016058
2025-12-19,0.716,4000,0.323102463322719,0.330519050645596,5178.00141032517,1296.15587074803
2025-12-19,0.716,4025,0.320055484795768,0.329311927513418,5178.00141032517,1274.44083586715
2025-12-19,0.716,4050,0.318102695333849,0.326076700754462,5178.00141032517,1252.3086625463
2025-12-19,0.716,4075,0.316068194976175,0.324494779657819,5178.00141032517,1231.0629084247
2025-12-19,0.716,4100,0.313656010718207,0.321842230938648,5178.00141032517,1209.13930438885
2025-12-19,0.716,4125,0.311764496897488,0.320379861101563,5178.00141032517,1188.20640401889
2025-12-19,0.716,4150,0.310075932235615,0.317592790112448,5178.00141032517,1166.75208071878
2025-12-19,0.716,4175,0.307257439586986,0.316142695252415,5178.00141032517,1145.50632653385
2025-12-19,0.716,4200,0.306239062216795,0.31331647728303,5178.00141032517,1124.57342636113
2025-12-19,0.716,4225,0.303556452878741,0.311961017165705,5178.00141032517,1103.64052596158
2025-12-19,0.716,4250,0.301619710686859,0.309178873018529,5178.00141032517,1082.39477183918
2025-12-19,0.716,4275,0.299773555913503,0.30781577809336,5178.00141032517,1062.13972148854
2025-12-19,0.716,4300,0.298790160765444,0.30506739322536,5178.00141032517,1041.67610186893
2025-12-19,0.716,4325,0.295816528984413,0.304278112040816,5178.00141032517,1021.31676695529
2025-12-19,0.716,4350,0.295134388749562,0.301048256684809,5178.00141032517,1000.95743208064
2025-12-19,0.716,4375,0.292181677674979,0.300381759176751,5178.00141032517,980.91095092603
2025-12-19,0.716,4400,0.291525722592947,0.297259540117632,5178.00141032517,960.864469677073
2025-12-19,0.716,4425,0.288664034039154,0.296222814674087,5178.00141032517,940.870130908534
2025-12-19,0.716,4450,0.288101922948757,0.293119558652259,5178.00141032517,921.13650362316
2025-12-19,0.716,4475,0.285160073278181,0.29273184746374,5178.00141032517,901.767872388261
2025-12-19,0.716,4500,0.284678806953544,0.289782160713698,5178.00141032517,882.451383569725
2025-12-19,0.716,4525,0.281728473807428,0.289315389115263,5178.00141032517,863.291321573682
2025-12-19,0.716,4550,0.281240957435201,0.286132414936951,5178.00141032517,844.079117325069
2025-12-19,0.716,4575,0.278347686132193,0.285661387485389,5178.00141032517,825.231909164844
2025-12-19,0.716,4600,0.276398537850502,0.282683886932175,5178.00141032517,805.393997125588
2025-12-19,0.716,4625,0.275498524740144,0.281914883841502,5178.00141032517,788.05891583666
2025-12-19,0.716,4650,0.272993909190472,0.278633051809163,5178.00141032517,767.856007828745
2025-12-19,0.716,4675,0.2711733686983,0.277719591856019,5178.00141032517,750.051645694752
2025-12-19,0.716,4700,0.269527916995674,0.275105697243749,5178.00141032517,731.25657991584
2025-12-19,0.716,4725,0.268867653673619,0.274312610733373,5178.00141032517,714.755775456383
2025-12-19,0.716,4750,0.266393461522077,0.271647917713348,5178.00141032517,695.595713478249
2025-12-19,0.716,4775,0.264630243061257,0.270829445386856,5178.00141032517,678.573485809269
2025-12-19,0.716,4800,0.262827179419275,0.268240016473102,5178.00141032517,660.299843034521
2025-12-19,0.716,4825,0.261375968718382,0.267389962998105,5178.00141032517,643.851180928658
2025-12-19,0.716,4850,0.259616386781178,0.264863826912041,5178.00141032517,625.994676583523
2025-12-19,0.716,4875,0.257876110578869,0.263976452431096,5178.00141032517,609.650298911755
2025-12-19,0.716,4900,0.256662317285308,0.264048075066101,5178.00141032517,594.713763599398
2025-12-19,0.716,4925,0.255138596282582,0.260698664958076,5178.00141032517,576.90940151308
2025-12-19,0.716,4950,0.252996746591788,0.258202721331247,5178.00141032517,559.470035524463
2025-12-19,0.716,4975,0.251992382861482,0.259029972537158,5178.00141032517,545.941342464738
2025-12-19,0.716,5000,0.250367583236947,0.254885171477462,5178.00141032517,527.928411064817
2025-12-19,0.716,5025,0.24880921979931,0.254099470355102,5178.00141032517,512.991875798666
2025-12-19,0.716,5050,0.247253100121482,0.254166191322981,5178.00141032517,498.99390180289
2025-12-19,0.716,5075,0.245636513306863,0.252576282097993,5178.00141032517,483.744512730412
2025-12-19,0.716,5100,0.243534288190197,0.250867461024602,5178.00141032517,468.182269613738
2025-12-19,0.716,5125,0.242157532218051,0.24934129326285,5178.00141032517,453.610730392101
2025-12-19,0.716,5150,0.240834506719059,0.247873737123178,5178.00141032517,439.352045001787
2025-12-19,0.716,5175,0.238423610596628,0.245202687244505,5178.00141032517,423.320521252216
2025-12-19,0.716,5200,0.236962619990068,0.24294816527552,5178.00141032517,408.691377145406
2025-12-19,0.716,5225,0.235178911268454,0.242050789699797,5178.00141032517,395.186520517441
2025-12-19,0.716,5250,0.233264131700149,0.239591256129021,5178.00141032517,380.430248457596
2025-12-19,0.716,5275,0.231633998071088,0.238137185685748,5178.00141032517,367.029676399368
2025-12-19,0.716,5300,0.22998802293607,0.236074625306497,5178.00141032517,353.316250515778
2025-12-19,0.716,5325,0.228204966431296,0.234535494116583,5178.00141032517,340.176389930876
2025-12-19,0.716,5350,0.226461912122851,0.232443194424737,5178.00141032517,326.827960127661
2025-12-19,0.716,5375,0.224637211092596,0.230991332380119,5178.00141032517,314.209522730843
2025-12-19,0.716,5400,0.222848535511276,0.228860799131721,5178.00141032517,301.278231298727
2025-12-19,0.716,5425,0.220792327916136,0.228033211194492,5178.00141032517,289.494070596492
2025-12-19,0.716,5450,0.219130316716057,0.225252682018867,5178.00141032517,276.614921634593
2025-12-19,0.716,5475,0.217378445693213,0.224567733118858,5178.00141032517,265.717180068564
2025-12-19,0.716,5500,0.215779061425181,0.221603546403926,5178.00141032517,253.255169551285
2025-12-19,0.716,5525,0.214024606564269,0.220505992499536,5178.00141032517,242.513854959525
2025-12-19,0.716,5550,0.212297085843254,0.21814600276007,5178.00141032517,230.99040581667
2025-12-19,0.716,5575,0.210344031681996,0.216808782740888,5178.00141032517,220.405518224807
2025-12-19,0.716,5600,0.208602041264073,0.214687021823548,5178.00141032517,209.612061150229
2025-12-19,0.716,5625,0.207011976624631,0.213416594513187,5178.00141032517,199.913592818602
2025-12-19,0.716,5650,0.205122834329537,0.211409611099613,5178.00141032517,189.641558978889
2025-12-19,0.716,5675,0.203449215357718,0.210469120090817,5178.00141032517,180.673082650066
2025-12-19,0.716,5700,0.201998934669728,0.208053460253417,5178.00141032517,170.974614137573
2025-12-19,0.716,5725,0.20023863066649,0.207055508533517,5178.00141032517,162.423276335538
2025-12-19,0.716,5750,0.198359815429076,0.204673988944433,5178.00141032517,152.985519411748
2025-12-19,0.716,5775,0.196847318900642,0.203822523206063,5178.00141032517,145.268458370786
2025-12-19,0.716,5800,0.195076890838942,0.201476039826717,5178.00141032517,136.508551346245
2025-12-19,0.716,5825,0.193617736975122,0.200714179398114,5178.00141032517,129.417198004795
2025-12-19,0.716,5850,0.191967387825426,0.198258627813422,5178.00141032517,121.230856337291
2025-12-19,0.716,5875,0.191105921137796,0.196473776329904,5178.00141032517,114.348072251857
2025-12-19,0.716,5900,0.189528227954604,0.194944949205644,5178.00141032517,107.41314576934
2025-12-19,0.716,5925,0.187903444337176,0.193455426658897,5178.00141032517,100.738930889367
2025-12-19,0.716,5950,0.186229030248709,0.192009431364422,5178.00141032517,94.3254275422169
2025-12-19,0.716,5975,0.184586939747461,0.190529374693011,5178.00141032517,88.1726357421186
2025-12-19,0.716,6000,0.182981959976986,0.189014328814549,5178.00141032517,82.2805553995757
2025-12-19,0.716,6025,0.181239315450474,0.187550844155238,5178.00141032517,76.5970442300703
2025-12-19,0.716,6050,0.179908027374016,0.186055908878102,5178.00141032517,71.3828139072691
2025-12-19,0.716,6075,0.178358075234419,0.184622463737397,5178.00141032517,66.3250104040479
2025-12-19,0.716,6100,0.176869875020208,0.183163579666086,5178.00141032517,61.5279184833835
2025-12-19,0.716,6125,0.175350551606264,0.181680097037273,5178.00141032517,56.9393957281404
2025-12-19,0.716,6150,0.174560280454927,0.180380564295745,5178.00141032517,53.0287229900635
2025-12-19,0.716,6175,0.172449238623863,0.179075570220432,5178.00141032517,48.7009117202464
2025-12-19,0.716,6200,0.171682225216558,0.177881380248432,5178.00141032517,45.2595197068791
2025-12-19,0.716,6225,0.170103638109213,0.176700671607258,5178.00141032517,41.6617007192818
2025-12-19,0.716,6250,0.168898291329328,0.175297834528486,5178.00141032517,38.3245932487135
2025-12-19,0.716,6275,0.167586219056928,0.174284732809642,5178.00141032517,35.3003396993972
2025-12-19,0.716,6300,0.167015082868706,0.173323395163648,5178.00141032517,32.7453667394788
2025-12-19,0.716,6325,0.165360359413292,0.172566530553062,5178.00141032517,30.0339669814135
2025-12-19,0.716,6350,0.164350568255162,0.17161527578361,5178.00141032517,27.6354210144622
2025-12-19,0.716,6375,0.164267759126365,0.170752773145135,5178.00141032517,25.7061557584335
2025-12-19,0.716,6400,0.163348174272101,0.169039360069376,5178.00141032517,23.3597520956373
2025-12-19,0.716,6425,0.161453774661073,0.169048488340279,5178.00141032517,21.4304868537229
2025-12-19,0.716,6450,0.161565037295236,0.167695736334378,5178.00141032517,19.761933155781
2025-12-19,0.716,6475,0.160936681230107,0.167193294790298,5178.00141032517,18.2498063343745
2025-12-19,0.716,6500,0.159224939441811,0.166512339663423,5178.00141032517,16.529110321302
2025-12-19,0.716,6525,0.158573405813702,0.166046115944596,5178.00141032517,15.2255527125123
2025-12-19,0.716,6550,0.157960349195686,0.165621215444962,5178.00141032517,14.0262797195995
2025-12-19,0.716,6575,0.157404791705831,0.165480883468382,5178.00141032517,12.9834336275463
2025-12-19,0.716,6600,0.156929507819064,0.165198991479096,5178.00141032517,11.9927298657901
2025-12-19,0.716,6625,0.15656139587757,0.165012502719161,5178.00141032517,11.1063107269212
2025-12-19,0.716,6650,0.156331642090874,0.164944305459483,5178.00141032517,10.3241761427194
2025-12-19,0.716,6675,0.155941271830885,0.165294261412904,5178.00141032517,9.64632620683672
2025-12-19,0.716,6700,0.155726295950661,0.165265952990134,5178.00141032517,8.96847624441403
2025-12-19,0.716,6725,0.155730009453909,0.165111154809106,5178.00141032517,8.34276860610071
2025-12-19,0.716,6750,0.155603033661683,0.16513487064743,5178.00141032517,7.76920325451159
2025-12-19,0.716,6775,0.155329997240409,0.165371243809325,5178.00141032517,7.24778022880248
2025-12-19,0.716,6800,0.155341846864979,0.16516227801561,5178.00141032517,6.72635719301409
2025-12-19,0.716,6825,0.155226296945552,0.165543332430508,5178.00141032517,6.30921876581508
2025-12-19,0.716,6850,0.155470779744284,0.165842294252914,5178.00141032517,5.94422263768867
2025-12-19,0.716,6875,0.155086126495231,0.166053037999632,5178.00141032517,5.52708420357469
2025-12-19,0.716,6900,0.155092505181752,0.166582851550738,5178.00141032517,5.21423037887197
2025-12-19,0.716,6925,0.154974030909441,0.167046689483063,5178.00141032517,4.9013765621233
2025-12-19,0.716,6950,0.15535398301676,0.166991210451774,5178.00141032517,4.58852274519113
2025-12-19,0.716,6975,0.15498182258693,0.168222571108437,5178.00141032517,4.37995352081819
2025-12-19,0.716,7000,0.155158385048931,0.167997639826448,5178.00141032517,4.0670996911279
2025-12-19,0.716,7050,0.155200191973786,0.169265742468351,5178.00141032517,3.64996126012949
2025-12-19,0.716,7100,0.155199271565147,0.170879634995865,5178.00141032517,3.31103628448271
2025-12-19,0.716,7150,0.155211701520097,0.172338343716598,5178.00141032517,2.9981824741731
2025-12-19,0.716,7200,0.155318239147385,0.173629299995848,5178.00141032517,2.71139979366414
2025-12-19,0.716,7250,0.154958519731961,0.174736782089922,5178.00141032517,2.42461713120953
2025-12-19,0.716,7300,0.154773981074185,0.1770653078238,5178.00141032517,2.26819021713239
2025-12-19,0.716,7400,0.154684098695953,0.180401853747724,5178.00141032517,1.9292652406676
2025-12-19,0.716,7500,0.153672815966512,0.182842658276005,5178.00141032517,1.59034027071811
2025-12-19,0.716,7600,0.149107907080462,0.185131010974069,5178.00141032517,1.27748644556169
2025-12-19,0.716,7700,0.142926387660172,0.18789777549308,5178.00141032517,1.06891723127512
2025-12-19,0.716,7800,NA,0.192010733469797,5178.00141032517,NA
2025-12-19,0.716,7900,NA,0.195941968293297,5178.00141032517,NA
2025-12-19,0.716,8000,NA,0.20034340329198,5178.00141032517,NA
2025-12-19,0.716,8200,NA,0.211481585890966,5178.00141032517,NA
2025-12-19,0.716,8400,NA,0.219683034836213,5178.00141032517,NA
2025-12-19,0.716,8600,NA,0.227449866094912,5178.00141032517,NA
2025-12-19,0.716,8800,0.186127238437534,0.226502534812844,5178.00141032517,0.599636492994192
2025-12-19,0.716,9000,NA,0.242576720072324,5178.00141032517,NA
2025-12-19,0.716,9200,0.191060263630653,0.250061223948434,5178.00141032517,0.756063405273639
2025-12-19,0.716,9400,0.197599791015617,0.257255890489544,5178.00141032517,0.729992253462427
2025-12-19,0.716,10000,0.216296807072988,0.269806997845976,5178.00141032517,0.495351887399986
2025-12-19,0.716,10400,NA,0.238740376250759,5178.00141032517,NA
2025-12-19,0.716,11000,NA,0.309433788376326,5178.00141032517,NA
2025-12-19,0.716,12000,NA,0.282786987106048,5178.00141032517,NA
2025-12-31,0.744,1200,0.670143687186812,0.698602756767532,5183.78099173651,3986.85433884406
2025-12-31,0.744,1400,0.646798222753968,0.680124738012158,5183.78099173651,3789.51446281531
2025-12-31,0.744,1600,0.616113099261544,0.640016118580128,5183.78099173651,3591.89049587086
2025-12-31,0.744,1800,0.587641717741908,0.606084892518345,5183.78099173651,3395.04132231788
2025-12-31,0.744,2000,0.558825012580025,0.573614936168855,5183.78099173651,3198.70867769276
2025-12-31,0.744,2200,0.53115773729961,0.543767229850321,5183.78099173651,3003.15082644854
2025-12-31,0.744,2400,0.50374992164908,0.515089025888563,5183.78099173651,2808.26446281816
2025-12-31,0.744,2600,0.475890454567633,0.487182694218604,5183.78099173651,2613.94628099067
2025-12-31,0.744,2800,0.450149244593378,0.460320426959597,5183.78099173651,2420.71280993193
2025-12-31,0.744,2900,0.437621720216284,0.447165218961377,5183.78099173651,2324.48347107753
2025-12-31,0.744,3000,0.425311393796869,0.434504346362859,5183.78099173651,2228.61570250546
2025-12-31,0.744,3100,0.413147121021583,0.422001998254301,5183.78099173651,2133.05785124912
2025-12-31,0.744,3200,0.40067502547167,0.409792139421775,5183.78099173651,2037.75826446143
2025-12-31,0.744,3300,0.389217068901118,0.398133516596839,5183.78099173651,1943.18181819066
2025-12-31,0.744,3400,0.378004548861822,0.385576360445804,5183.78099173651,1848.76033057059
2025-12-31,0.744,3500,0.367400242999712,0.374527645932024,5183.78099173651,1755.42355374467
2025-12-31,0.744,3600,0.356220867857732,0.363788587443152,5183.78099173651,1662.50000001529
2025-12-31,0.744,3700,0.346113330184513,0.353621093696404,5183.78099173651,1570.76446282419
2025-12-31,0.744,3800,0.336901060533134,0.343602978706416,5183.78099173651,1480.1652892656
2025-12-31,0.744,3900,0.327751863538967,0.334291372006442,5183.78099173651,1390.75413229029
2025-12-31,0.744,4000,0.319500528445531,0.325257665705408,5183.78099173651,1302.89256202445
2025-12-31,0.744,4050,0.314597785496964,0.320947082824589,5183.78099173651,1259.09090917845
2025-12-31,0.744,4100,0.310518488719515,0.316739282740372,5183.78099173651,1216.06404966453
2025-12-31,0.744,4150,0.306513249403525,0.312886532798539,5183.78099173651,1173.60537191713
2025-12-31,0.744,4200,0.302560847073095,0.308542102017381,5183.78099173651,1131.25000000674
2025-12-31,0.744,4250,0.298728867225388,0.304856194003695,5183.78099173651,1089.72107445911
2025-12-31,0.744,4300,0.294991320430843,0.300921784097811,5183.78099173651,1048.50206621182
2025-12-31,0.744,4350,0.291324747983479,0.297392284143535,5183.78099173651,1008.00619847898
2025-12-31,0.744,4375,0.289521367546302,0.295416449686584,5183.78099173651,987.809917425627
2025-12-31,0.744,4400,0.287707925041821,0.29359236303819,5183.78099173651,967.820247974495
2025-12-31,0.744,4425,0.285882974300701,0.292757856683904,5183.78099173651,948.605371919706
2025-12-31,0.744,4450,0.284121570172672,0.290820906254115,5183.78099173651,928.822314105741
2025-12-31,0.744,4475,0.282343673486,0.289022657549843,5183.78099173651,909.245867853005
2025-12-31,0.744,4500,0.280622342713164,0.287281827356121,5183.78099173651,889.876033060754
2025-12-31,0.744,4525,0.278880039865621,0.285521535285454,5183.78099173651,870.609504132939
2025-12-31,0.744,4550,0.277115695668639,0.283740725450872,5183.78099173651,851.446281102772
2025-12-31,0.744,4575,0.275399537374072,0.281938346767539,5183.78099173651,832.438016631999
2025-12-31,0.744,4600,0.273727735354388,0.280253307452649,5183.78099173651,813.688016608256
2025-12-31,0.744,4625,0.272027189227593,0.278472072411104,5183.78099173651,794.989669442088
2025-12-31,0.744,4650,0.27029703126298,0.276801158058249,5183.78099173651,776.497933929468
2025-12-31,0.744,4675,0.268604182080706,0.275032311935254,5183.78099173651,758.10950417756
2025-12-31,0.744,4700,0.266945376522032,0.273367294455007,5183.78099173651,739.979338912566
2025-12-31,0.744,4725,0.265317516775243,0.271668755910436,5183.78099173651,722.004132337313
2025-12-31,0.744,4750,0.262930825872045,0.269935923158285,5183.78099173651,703.564049693679
2025-12-31,0.744,4775,0.262013285270832,0.268297376048396,5183.78099173651,686.518595048869
2025-12-31,0.744,4800,0.260334083747774,0.266620345962128,5183.78099173651,669.008264557354
2025-12-31,0.744,4825,0.25797760087436,0.264967572754393,5183.78099173651,651.136363785559
2025-12-31,0.744,4850,0.257229556470632,0.262267035165739,5183.78099173651,633.884297673046
2025-12-31,0.744,4875,0.255421076023724,0.261600202236036,5183.78099173651,617.613636472996
2025-12-31,0.744,4900,0.254002518947489,0.259078695550763,5183.78099173651,600.309917417357
2025-12-31,0.744,4925,0.251426257043192,0.258305316408142,5183.78099173651,583.677685971986
2025-12-31,0.744,4950,0.250888118341384,0.255582475390057,5183.78099173651,567.303719081704
2025-12-31,0.744,4975,0.248223931291452,0.255065174594298,5183.78099173651,551.188016601634
2025-12-31,0.744,5000,0.247024604493377,0.252257705166974,5183.78099173651,534.55578520481
2025-12-31,0.744,5025,0.244928092895187,0.251803622256541,5183.78099173651,519.36983488643
2025-12-31,0.744,5050,0.243315749419049,0.250212651323818,5183.78099173651,503.822314218683
2025-12-31,0.744,5075,0.242236747751383,0.248566449469961,5183.78099173651,488.894628204656
2025-12-31,0.744,5100,0.240680848826109,0.24574512661934,5183.78099173651,472.727272868713
2025-12-31,0.744,5125,0.238535534906376,0.245338978008707,5183.78099173651,458.367768708613
2025-12-31,0.744,5150,0.237383108640043,0.243753716519924,5183.78099173651,444.0599174873
2025-12-31,0.744,5160,0.23625661345009,0.24308618495277,5183.78099173651,437.778925765712
2025-12-31,0.744,5170,0.235636151362415,0.242457805895615,5183.78099173651,432.014462869062
2025-12-31,0.744,5175,0.235755428172851,0.242165508122788,5183.78099173651,429.545454754714
2025-12-31,0.744,5180,0.234995741800383,0.241810088507275,5183.78099173651,426.250000165178
2025-12-31,0.744,5190,0.234172440566341,0.241329206935277,5183.78099173651,420.50619839156
2025-12-31,0.744,5200,0.233654866631134,0.240689010122246,5183.78099173651,414.927686037349
2025-12-31,0.744,5210,0.232884574677328,0.240029247677114,5183.78099173651,409.142562176757
2025-12-31,0.744,5220,0.232268280112655,0.239407910146218,5183.78099173651,403.564049700294
2025-12-31,0.744,5225,0.232242572117136,0.239031794942387,5183.78099173651,400.981405042691
2025-12-31,0.744,5230,0.231747552195341,0.238708780695858,5183.78099173651,398.037190184675
2025-12-31,0.744,5240,0.231148219779616,0.238047858026524,5183.78099173651,392.510330618409
2025-12-31,0.744,5250,0.23058620284011,0.237424971735291,5183.78099173651,387.086776997236
2025-12-31,0.744,5260,0.229655840255351,0.236724091544009,5183.78099173651,381.301653085253
2025-12-31,0.744,5270,0.228994399683355,0.23611895771624,5183.78099173651,375.878099316277
2025-12-31,0.744,5275,0.228974378867345,0.235750880408304,5183.78099173651,373.398760400648
2025-12-31,0.744,5280,0.228369940912162,0.235435654492324,5183.78099173651,370.454545543385
2025-12-31,0.744,5290,0.227724433814226,0.234789932462599,5183.78099173651,365.082644708114
2025-12-31,0.744,5300,0.227231529886424,0.234181682487703,5183.78099173651,359.91735541742
2025-12-31,0.744,5310,0.22642775543087,0.233494970914202,5183.78099173651,354.442148863018
2025-12-31,0.744,5320,0.225776362810819,0.232845527523196,5183.78099173651,349.17355385351
2025-12-31,0.744,5325,0.225761400240543,0.231904580457377,5183.78099173651,346.280991849773
2025-12-31,0.744,5330,0.225393336465889,0.232175320440909,5183.78099173651,344.163223298188
2025-12-31,0.744,5340,0.224756942504864,0.231542204444309,5183.78099173651,338.997934024494
2025-12-31,0.744,5350,0.22415688889622,0.230249949115586,5183.78099173651,333.316115767209
2025-12-31,0.744,5360,0.223186551181695,0.230909536064621,5183.78099173651,329.080578711066
2025-12-31,0.744,5370,0.222775069148612,0.229632683647129,5183.78099173651,323.657024925636
2025-12-31,0.744,5375,0.222648455408037,0.228579031124753,5183.78099173651,320.661157098304
2025-12-31,0.744,5380,0.221876380699097,0.228973079381316,5183.78099173651,318.388429883018
2025-12-31,0.744,5390,0.221479246126833,0.227709973576063,5183.78099173651,313.068181807771
2025-12-31,0.744,5400,0.220827031178054,0.226773561323587,5183.78099173651,307.851239757821
2025-12-31,0.744,5410,0.220210733848517,0.226398121037584,5183.78099173651,303.20247945776
2025-12-31,0.744,5420,0.219279466571188,0.225709408575739,5183.78099173651,298.037190125696
2025-12-31,0.744,5425,0.219214742853674,0.225122935687501,5183.78099173651,295.609504206156
2025-12-31,0.744,5430,0.218617482776197,0.225057086815902,5183.78099173651,293.181818149245
2025-12-31,0.744,5440,0.218225955493428,0.224441219058902,5183.78099173651,288.63636373552
2025-12-31,0.744,5450,0.217635943288368,0.223451066874526,5183.78099173651,283.626033048367
2025-12-31,0.744,5460,0.216905199511135,0.2230840624793,5183.78099173651,279.080578624292
2025-12-31,0.744,5470,0.216268869869576,0.222401045928114,5183.78099173651,274.380165383919
2025-12-31,0.744,5475,0.216030578037658,0.221815141292166,5183.78099173651,271.900826445979
2025-12-31,0.744,5480,0.215609148897402,0.221754265683115,5183.78099173651,269.73140508426
2025-12-31,0.744,5490,0.214807199543056,0.221143856640556,5183.78099173651,265.030991743233
2025-12-31,0.744,5500,0.214872258100139,0.220154972655592,5183.78099173651,260.795454689061
2025-12-31,0.744,5510,0.213606232453096,0.219854558115488,5183.78099173651,256.043388581159
2025-12-31,0.744,5520,0.212970098098239,0.219056031808161,5183.78099173651,251.446281112101
2025-12-31,0.744,5525,0.21321140203109,0.218528412831391,5183.78099173651,249.535124035703
2025-12-31,0.744,5530,0.212309836231377,0.218412579586174,5183.78099173651,247.00413228446
2025-12-31,0.744,5540,0.211685259444151,0.21786546075196,5183.78099173651,242.716942302031
2025-12-31,0.744,5550,0.211639177748679,0.216934818915948,5183.78099173651,238.636363661127
2025-12-31,0.744,5560,0.210120708677678,0.216460782710393,5183.78099173651,233.729338943965
2025-12-31,0.744,5570,0.209664103629298,0.215177865054634,5183.78099173651,229.08057852976
2025-12-31,0.744,5575,0.209609358451095,0.214889219084933,5183.78099173651,227.221074434766
2025-12-31,0.744,5580,0.209001059145206,0.21453395910393,5183.78099173651,224.845041444062
2025-12-31,0.744,5590,0.208496186412648,0.214048413643102,5183.78099173651,220.919421542265
2025-12-31,0.744,5600,0.207967076883201,0.212989535236929,5183.78099173651,216.528925723952
2025-12-31,0.744,5610,0.207043653379219,0.212700429426707,5183.78099173651,212.500000031943
2025-12-31,0.744,5620,0.206525524288445,0.212019773487209,5183.78099173651,208.52272742092
2025-12-31,0.744,5625,0.206350230316896,0.211731714105211,5183.78099173651,206.663223156749
2025-12-31,0.744,5630,0.205734008802837,0.211437553541715,5183.78099173651,204.44214889785
2025-12-31,0.744,5640,0.205102518837244,0.210582395691414,5183.78099173651,200.309917336201
2025-12-31,0.744,5650,0.204695896998328,0.209949601001101,5183.78099173651,196.590909087157
2025-12-31,0.744,5660,0.203823962972556,0.209291459784845,5183.78099173651,192.510330568606
2025-12-31,0.744,5670,0.203113284394674,0.208796391550691,5183.78099173651,188.739669422668
2025-12-31,0.744,5675,0.203065278062894,0.208445114428886,5183.78099173651,187.035124068126
2025-12-31,0.744,5680,0.202629934817854,0.208150486312354,5183.78099173651,185.072314127951
2025-12-31,0.744,5690,0.201993323742254,0.207478621184846,5183.78099173651,181.301652999371
2025-12-31,0.744,5700,0.20171582759552,0.206844232332221,5183.78099173651,177.892562113626
2025-12-31,0.744,5710,0.200703316538915,0.206247863122993,5183.78099173651,173.966942141686
2025-12-31,0.744,5720,0.199984535163596,0.20549639145219,5183.78099173651,170.196281038373
2025-12-31,0.744,5725,0.200071547031031,0.205142611255447,5183.78099173651,168.698347142163
2025-12-31,0.744,5730,0.199368197234216,0.204846920994622,5183.78099173651,166.632231476556
2025-12-31,0.744,5740,0.198724311801712,0.204170523236559,5183.78099173651,163.068181816413
2025-12-31,0.744,5750,0.198450270425173,0.203532397161065,5183.78099173651,159.865702534094
2025-12-31,0.744,5760,0.19748525216326,0.203065423727565,5183.78099173651,156.301653019898
2025-12-31,0.744,5770,0.196688991443615,0.202440194869019,5183.78099173651,152.789256319369
2025-12-31,0.744,5775,0.196852671386102,0.202083987558334,5183.78099173651,151.446280956331
2025-12-31,0.744,5780,0.196200421512725,0.201787603462192,5183.78099173651,149.535123906001
2025-12-31,0.744,5790,0.195753245377818,0.201039686242203,5183.78099173651,146.280991760499
2025-12-31,0.744,5800,0.195073828242863,0.200126490842877,5183.78099173651,142.768595088136
2025-12-31,0.744,5810,0.194364541119116,0.199864938793101,5183.78099173651,139.772727399149
2025-12-31,0.744,5820,0.193694395882468,0.1993049672708,5183.78099173651,136.621900879457
2025-12-31,0.744,5825,0.193592992898468,0.199014747365948,5183.78099173651,135.227272760463
2025-12-31,0.744,5830,0.19313459199823,0.198648282555739,5183.78099173651,133.52272730318
2025-12-31,0.744,5850,0.191999742699263,0.197317586887749,5183.78099173651,127.427685974982
2025-12-31,0.744,5875,0.190360304430085,0.195791019821444,5183.78099173651,119.989669446328
2025-12-31,0.744,5900,0.188821370273104,0.194152647771094,5183.78099173651,112.809917395121
2025-12-31,0.744,5925,0.187314525126468,0.192620848709187,5183.78099173651,105.991735499745
2025-12-31,0.744,5950,0.185843443203255,0.191127186433596,5183.78099173651,99.4834710808849
2025-12-31,0.744,5975,0.184331930966368,0.18967579441584,5183.78099173651,93.2334711057974
2025-12-31,0.744,6000,0.182944311261908,0.188271617396714,5183.78099173651,87.3450412918947
2025-12-31,0.744,6025,0.18109521452785,0.186753936020885,5183.78099173651,81.3533058015341
2025-12-31,0.744,6050,0.18015558251861,0.185372247240514,5183.78099173651,76.2396694997901
2025-12-31,0.744,6075,0.17875932319656,0.18396470028886,5183.78099173651,71.074380266326
2025-12-31,0.744,6100,0.177428836785112,0.182531656198939,5183.78099173651,66.1673554053765
2025-12-31,0.744,6125,0.175588063018968,0.181168184524685,5183.78099173651,61.260330581209
2025-12-31,0.744,6150,0.174300231909033,0.179885268615156,5183.78099173651,56.9214876179023
2025-12-31,0.744,6175,0.173001912069639,0.178594391207287,5183.78099173651,52.7892562072425
2025-12-31,0.744,6200,0.171586638778594,0.177404397571082,5183.78099173651,48.8636363744954
2025-12-31,0.744,6225,0.168766875165689,0.176332057915727,5183.78099173651,44.5764463215133
2025-12-31,0.744,6250,0.167876376970621,0.175169360034511,5183.78099173651,41.3223140543626
2025-12-31,0.744,6275,0.166525793054571,0.174266120619027,5183.78099173651,38.1714876316827
2025-12-31,0.744,6300,0.16691982472195,0.173291163835571,5183.78099173651,35.8471074380676
2025-12-31,0.744,6325,0.164020522086637,0.172498776544721,5183.78099173651,32.4896694293353
2025-12-31,0.744,6350,0.163053488821023,0.171651259905106,5183.78099173651,30.0103306186804
2025-12-31,0.744,6375,0.16201750290581,0.171028217471822,5183.78099173651,27.7376033086427
2025-12-31,0.744,6400,0.161075496460562,0.16993486266809,5183.78099173651,25.4648760260812
2025-12-31,0.744,6425,0.160079004006721,0.169386551886499,5183.78099173651,23.502066119937
2025-12-31,0.744,6450,0.160492772291206,0.168343317662311,5183.78099173651,21.9008264411055
2025-12-31,0.744,6475,0.158707689723275,0.167584650651505,5183.78099173651,19.886363634256
2025-12-31,0.744,6500,0.158833973717451,0.16698600479514,5183.78099173651,18.5433884178018
2025-12-31,0.744,6525,0.157336826112643,0.166580303219343,5183.78099173651,16.9421487714607
2025-12-31,0.744,6550,0.156679115051,0.16620866185633,5183.78099173651,15.6508264687479
2025-12-31,0.744,6575,0.156304149302953,0.165883843608869,5183.78099173651,14.5144628004806
2025-12-31,0.744,6600,0.156014734264532,0.164972275841262,5183.78099173651,13.3264462813493
2025-12-31,0.744,6625,0.155288941485418,0.165209855065891,5183.78099173651,12.3966942198025
2025-12-31,0.744,6650,0.15492771376398,0.165111257836666,5183.78099173651,11.518595032002
2025-12-31,0.744,6675,0.154703172618838,0.16438331108306,5183.78099173651,10.5888429853754
2025-12-31,0.744,6700,0.15464955783341,0.164510932834803,5183.78099173651,9.91735536807495
2025-12-31,0.744,6750,0.154125046418136,0.164435594222726,5183.78099173651,8.57438018392976
2025-12-31,0.744,6800,0.153750026391445,0.164798440117137,5183.78099173651,7.4896694415995
2025-12-31,0.744,6825,0.153771355715672,0.165320409603858,5183.78099173651,7.07644629158516
2025-12-31,0.744,6850,0.153670998577819,0.165094048159641,5183.78099173651,6.55991736116697
2025-12-31,0.744,6900,0.154078607764183,0.165724194983458,5183.78099173651,5.83677685635073
2025-12-31,0.744,6950,0.154072930479976,0.166419297191279,5183.78099173651,5.16528926166286
2025-12-31,0.744,7000,0.154199824053881,0.167234374992506,5183.78099173651,4.59710743720515
2025-12-31,0.744,7100,0.154153785577597,0.169493467135987,5183.78099173651,3.69318182534672
2025-12-31,0.744,7200,0.153935912120013,0.171973921995286,5183.78099173651,2.99586776458161
2025-12-31,0.744,7300,0.153417532881817,0.174966479269667,5183.78099173651,2.47933884737149
2025-12-31,0.744,7400,0.152151554819537,0.178099233769893,5183.78099173651,2.06611570049047
2025-12-31,0.744,7600,0.145762811615303,0.183710806038954,5183.78099173651,1.42045454518035
2025-12-31,0.744,7800,0.164310442949631,0.190428150406531,5183.78099173651,1.34297520754677
2025-12-31,0.744,8000,0.16323428661795,0.198303999084393,5183.78099173651,1.11053719100624
2025-12-31,0.744,8200,NA,0.206152017660938,5183.78099173651,NA
2026-01-16,0.788,200,1.05015793846033,1.13755043059195,5193.44921366944,4993.55267825497
2026-01-16,0.788,400,0.859019461659506,0.921461013221978,5193.44921366944,4793.63027669427
2026-01-16,0.788,600,0.68703731538553,0.844364628738429,5193.44921366944,4593.83720586533
2026-01-16,0.788,800,0.595021919601467,0.763058264730318,5193.44921366944,4394.04413503594
2026-01-16,0.788,1000,0.672330922991531,0.741384618469783,5193.44921366944,4195.44090694055
2026-01-16,0.788,1200,0.660603731542039,0.684219246197634,5193.44921366944,3996.78594655223
2026-01-16,0.788,1400,0.637841991140647,0.664441884748745,5193.44921366944,3799.55362421771
2026-01-16,0.788,1600,0.605464967978418,0.626806849780277,5193.44921366944,3602.03677426831
2026-01-16,0.788,1800,0.576202099058369,0.592894233580803,5193.44921366944,3405.19244413529
2026-01-16,0.788,2000,0.548483163023703,0.56129786362706,5193.44921366944,3209.02063379797
2026-01-16,0.788,2200,0.520640634808139,0.532185988580841,5193.44921366944,3013.52134327362
2026-01-16,0.788,2300,0.507265897635419,0.517608781687395,5193.44921366944,2916.00449331141
2026-01-16,0.788,2400,0.493741473787416,0.503820801990889,5193.44921366944,2818.694572549
2026-01-16,0.788,2500,0.480486126202475,0.489948300114124,5193.44921366944,2721.53984865507
2026-01-16,0.788,2600,0.468089215159857,0.476650095683645,5193.44921366944,2624.74725077851
2026-01-16,0.788,2700,0.454548375441803,0.463224389700243,5193.44921366944,2527.90292065818
2026-01-16,0.788,2800,0.44177765349113,0.450224541586977,5193.44921366944,2431.42071656771
2026-01-16,0.788,2900,0.429340086871189,0.437547830974964,5193.44921366944,2335.24890625107
2026-01-16,0.788,3000,0.418047022417663,0.425327793805331,5193.44921366944,2239.64615111838
2026-01-16,0.788,3100,0.40532968329489,0.413045346672707,5193.44921366944,2143.93993141813
2026-01-16,0.788,3200,0.393591274210506,0.401247311697752,5193.44921366944,2048.85449922276
2026-01-16,0.788,3300,0.382411391497723,0.389800912112755,5193.44921366944,1954.33812224664
2026-01-16,0.788,3350,0.376937505230496,0.384194906242307,5193.44921366944,1907.28686293265
2026-01-16,0.788,3400,0.371789793303709,0.378596765536521,5193.44921366944,1860.44253283393
2026-01-16,0.788,3450,0.366152022930624,0.373300319793859,5193.44921366944,1813.64993498769
2026-01-16,0.788,3500,0.360964587476685,0.367976948787969,5193.44921366944,1767.11599854258
2026-01-16,0.788,3550,0.355741868139412,0.362761784223005,5193.44921366944,1720.7372590888
2026-01-16,0.788,3600,0.350754359266006,0.357635830465387,5193.44921366944,1674.61718104065
2026-01-16,0.788,3650,0.345835938229492,0.352581811772392,5193.44921366944,1628.70403214657
2026-01-16,0.788,3700,0.3409704017633,0.347707342758557,5193.44921366944,1583.04954473601
2026-01-16,0.788,3750,0.336264457752126,0.342865591979882,5193.44921366944,1537.65371879758
2026-01-16,0.788,3800,0.329464922130072,0.338729523961071,5193.44921366944,1491.844034505
2026-01-16,0.788,3850,0.324858123664289,0.334112335136776,5193.44921366944,1446.96553149542
2026-01-16,0.788,3875,0.322800980526519,0.332202862651955,5193.44921366944,1424.9142721554
2026-01-16,0.788,3900,0.32056724218494,0.3294793745102,5193.44921366944,1402.44915455658
2026-01-16,0.788,3925,0.318592440477413,0.327960192395353,5193.44921366944,1380.76002132781
2026-01-16,0.788,3950,0.316441628407549,0.32502667980805,5193.44921366944,1358.3466359551
2026-01-16,0.788,3975,0.314225842036191,0.323360287462852,5193.44921366944,1336.60577036101
2026-01-16,0.788,4000,0.311947122851526,0.320626401977666,5193.44921366944,1314.34758185896
2026-01-16,0.788,4025,0.309904714837597,0.319106477133066,5193.44921366944,1292.91711005222
2026-01-16,0.788,4050,0.308084228187512,0.316262213915683,5193.44921366944,1270.96931533855
2026-01-16,0.788,4075,0.305899099354599,0.315059097798882,5193.44921366944,1249.79750506788
2026-01-16,0.788,4100,0.304117440415764,0.312379115663604,5193.44921366944,1228.1083717985
2026-01-16,0.788,4125,0.301979337115545,0.310914969183189,5193.44921366944,1206.98829373555
2026-01-16,0.788,4150,0.300044793135978,0.308206200740244,5193.44921366944,1185.35089269889
2026-01-16,0.788,4175,0.298123752024069,0.306846216432475,5193.44921366944,1164.59294076618
2026-01-16,0.788,4200,0.296301233199022,0.304189418990615,5193.44921366944,1143.21420121325
2026-01-16,0.788,4225,0.294226794382408,0.303002390743695,5193.44921366944,1122.66317840005
2026-01-16,0.788,4250,0.292587305181527,0.300384776225336,5193.44921366944,1101.59483268165
2026-01-16,0.788,4275,0.290528508800668,0.299513336964681,5193.44921366944,1081.45766817153
2026-01-16,0.788,4300,0.289050014568396,0.295872268349465,5193.44921366944,1060.02719643141
2026-01-16,0.788,4325,0.287960602460576,0.295699381555732,5193.44921366944,1041.18333919482
2026-01-16,0.788,4350,0.285263165885058,0.292972295452937,5193.44921366944,1019.75286738211
2026-01-16,0.788,4375,0.283288697125351,0.291961123463571,5193.44921366944,1000.0295613156
2026-01-16,0.788,4400,0.281542533363659,0.288643724949704,5193.44921366944,979.01294787487
2026-01-16,0.788,4425,0.279710156052602,0.288278843242353,5193.44921366944,960.06562604331
2026-01-16,0.788,4450,0.278240481299592,0.284913356469423,5193.44921366944,939.411138718621
2026-01-16,0.788,4475,0.276381862810842,0.284707161505886,5193.44921366944,920.825943076309
2026-01-16,0.788,4500,0.275451273070687,0.281431202481014,5193.44921366944,900.843975371238
2026-01-16,0.788,4525,0.273125678383574,0.281506566704462,5193.44921366944,882.413976644729
2026-01-16,0.788,4550,0.271430295858378,0.27858314048616,5193.44921366944,862.380276620234
2026-01-16,0.788,4575,0.269643706148587,0.27711853300107,5193.44921366944,843.484687263803
2026-01-16,0.788,4600,0.26797326589713,0.274535951636547,5193.44921366944,823.968310269181
2026-01-16,0.788,4625,0.266344984144801,0.275046736812262,5193.44921366944,806.986815649547
2026-01-16,0.788,4650,0.264822310734452,0.27102562455818,5193.44921366944,786.746186537767
2026-01-16,0.788,4675,0.265049985052462,0.271041563416448,5193.44921366944,771.161463880791
2026-01-16,0.788,4700,0.261483971723534,0.267805639475234,5193.44921366944,750.196582691156
2026-01-16,0.788,4725,0.259735902534062,0.267082053494064,5193.44921366944,732.801229755735
2026-01-16,0.788,4750,0.258467281552939,0.264461205976698,5193.44921366944,714.422963237559
2026-01-16,0.788,4775,0.256839472446815,0.265039710090639,5193.44921366944,698.527846843965
2026-01-16,0.788,4800,0.25536228148407,0.261173284113356,5193.44921366944,679.270131272877
2026-01-16,0.788,4825,0.253719702766067,0.261700505240764,5193.44921366944,663.685408544515
2026-01-16,0.788,4850,0.252344270727168,0.257924673957964,5193.44921366944,644.893283590037
2026-01-16,0.788,4875,0.250801162789861,0.257061728213671,5193.44921366944,628.584308784612
2026-01-16,0.788,4900,0.249273984106558,0.254699417443726,5193.44921366944,611.188955926897
2026-01-16,0.788,4925,0.247640908662314,0.253860443651465,5193.44921366944,595.190374793712
2026-01-16,0.788,4950,0.246140126862197,0.251601251536326,5193.44921366944,578.260612464002
2026-01-16,0.788,4975,0.244590063254929,0.251839366562474,5193.44921366944,563.658803423945
2026-01-16,0.788,5000,0.242872863043231,0.248377098057263,5193.44921366944,545.849592081361
2026-01-16,0.788,5025,0.241280899524371,0.248729809124794,5193.44921366944,531.713373462918
2026-01-16,0.788,5050,0.239925793018586,0.245365355683365,5193.44921366944,514.680146533178
2026-01-16,0.788,5075,0.238341472020084,0.245595075273059,5193.44921366944,500.85432176637
2026-01-16,0.788,5100,0.237102692942557,0.242087672547577,5193.44921366944,484.183221077951
2026-01-16,0.788,5125,0.235290436710206,0.24236592073729,5193.44921366944,470.616057705608
2026-01-16,0.788,5150,0.233762476734574,0.239333750093756,5193.44921366944,454.514012028498
2026-01-16,0.788,5175,0.232117364091572,0.238294564794461,5193.44921366944,440.326061163535
2026-01-16,0.788,5200,0.230202584523268,0.236702779245523,5193.44921366944,425.601572590803
2026-01-16,0.788,5225,0.228581962899114,0.235971450626818,5193.44921366944,412.151176520941
2026-01-16,0.788,5250,0.226840002458136,0.233542472731081,5193.44921366944,397.252276237892
2026-01-16,0.788,5275,0.225144057937974,0.232853438089834,5193.44921366944,384.215738452363
2026-01-16,0.788,5300,0.223548379024117,0.230411523832497,5193.44921366944,369.885893460629
2026-01-16,0.788,5325,0.221882377688882,0.229029023637334,5193.44921366944,356.694158657057
2026-01-16,0.788,5350,0.220313183406259,0.227128680151012,5193.44921366944,343.347227154502
2026-01-16,0.788,5375,0.218670218189388,0.225609465294356,5193.44921366944,330.517618485185
2026-01-16,0.788,5400,0.217064539199386,0.223850019854117,5193.44921366944,317.739742244599
2026-01-16,0.788,5425,0.215608325695558,0.223093871925356,5193.44921366944,306.255173225296
2026-01-16,0.788,5450,0.214016911074939,0.220619886265491,5193.44921366944,293.322100048357
2026-01-16,0.788,5475,0.212401698106638,0.219319453196967,5193.44921366944,281.682334069821
2026-01-16,0.788,5500,0.21058821733062,0.217312692282177,5193.44921366944,269.473513078913
2026-01-16,0.788,5525,0.208976654710253,0.217876299746018,5193.44921366944,260.006503520135
2026-01-16,0.788,5550,0.207569448127896,0.214088792151958,5193.44921366944,247.073430204351
2026-01-16,0.788,5575,0.205958672038547,0.213054352959815,5193.44921366944,236.67523943889
2026-01-16,0.788,5600,0.20413815133698,0.210822947144728,5193.44921366944,225.294135073799
2026-01-16,0.788,5625,0.202699418612358,0.210754902680159,5193.44921366944,216.396180740986
2026-01-16,0.788,5650,0.201168882656693,0.207924185113066,5193.44921366944,205.273737725059
2026-01-16,0.788,5675,0.199787670014989,0.20740634313158,5193.44921366944,196.530980304893
2026-01-16,0.788,5700,0.197692552926835,0.204732373265597,5193.44921366944,185.615466460885
2026-01-16,0.788,5725,0.196425702186199,0.204363613036279,5193.44921366944,177.596961070067
2026-01-16,0.788,5750,0.194873381722399,0.201472827491431,5193.44921366944,167.509163903508
2026-01-16,0.788,5775,0.193151917362982,0.200750206738798,5193.44921366944,159.335461737181
2026-01-16,0.788,5800,0.191713993724846,0.198524471950594,5193.44921366944,150.437507435555
2026-01-16,0.788,5825,0.190238794482738,0.197959849199628,5193.44921366944,143.09152175498
2026-01-16,0.788,5850,0.188792928409271,0.195444864100684,5193.44921366944,134.503961160115
2026-01-16,0.788,5875,0.187448459207999,0.195050595091567,5193.44921366944,127.882227707816
2026-01-16,0.788,5900,0.185784354569394,0.192429835758808,5193.44921366944,119.605060911372
2026-01-16,0.788,5925,0.185166645995119,0.191369736737986,5193.44921366944,113.500650283259
2026-01-16,0.788,5950,0.183504551121526,0.189637107858167,5193.44921366944,106.413326191003
2026-01-16,0.788,5975,0.181946971013486,0.188756336308757,5193.44921366944,100.25718335766
2026-01-16,0.788,6000,0.180267152634741,0.186876157120329,5193.44921366944,93.5837176411399
2026-01-16,0.788,6025,0.178699330743244,0.185493065244292,5193.44921366944,87.582771670605
2026-01-16,0.788,6050,0.177255589831477,0.184568335123842,5193.44921366944,82.2026131923406
2026-01-16,0.788,6075,0.175690894273448,0.183312264442007,5193.44921366944,76.7707224623615
2026-01-16,0.788,6100,0.17417436962936,0.181355398115517,5193.44921366944,71.1836348490944
2026-01-16,0.788,6125,0.172714195094206,0.180930810918618,5193.44921366944,66.7863899317175
2026-01-16,0.788,6150,0.171416338005717,0.179546960160203,5193.44921366944,62.1304835780161
2026-01-16,0.788,6175,0.170203773621397,0.178710881471476,5193.44921366944,58.0436325330176
2026-01-16,0.788,6200,0.168883779577385,0.176438110673199,5193.44921366944,53.3359938540023
2026-01-16,0.788,6225,0.167447696611007,0.176415595222362,5193.44921366944,49.9733948502263
2026-01-16,0.788,6250,0.16746065130802,0.174288090955119,5193.44921366944,46.4038666362576
2026-01-16,0.788,6275,0.165367381731024,0.173518668914806,5193.44921366944,42.7308738331753
2026-01-16,0.788,6300,0.164807171411793,0.172348701624338,5193.44921366944,39.7304008611704
2026-01-16,0.788,6325,0.163693712409578,0.171679761140752,5193.44921366944,36.8851247447709
2026-01-16,0.788,6350,0.16235664795037,0.17047294781885,5193.44921366944,33.8846517494872
2026-01-16,0.788,6375,0.161901214476685,0.168266966091415,5193.44921366944,30.9876433373568
2026-01-16,0.788,6400,0.16128186459189,0.167374455366472,5193.44921366944,28.7114224513915
2026-01-16,0.788,6425,0.16001635873926,0.166571459147344,5193.44921366944,26.3834692917104
2026-01-16,0.788,6450,0.159481271137518,0.165578549957109,5193.44921366944,24.3659099304842
2026-01-16,0.788,6475,0.158253620055085,0.165160752247298,5193.44921366944,22.451815032424
2026-01-16,0.788,6500,0.157683730529441,0.163928562713544,5193.44921366944,20.5894525188493
2026-01-16,0.788,6525,0.156931980334981,0.164015791550035,5193.44921366944,19.1926806337754
2026-01-16,0.788,6550,0.156382953890199,0.163452780132642,5193.44921366944,17.7441764010662
2026-01-16,0.788,6575,0.155651996054293,0.163097100037847,5193.44921366944,16.3991368267535
2026-01-16,0.788,6600,0.155171543472757,0.162391689689835,5193.44921366944,15.1058295007673
2026-01-16,0.788,6625,0.154755834981415,0.162955586154712,5193.44921366944,14.226380511501
2026-01-16,0.788,6650,0.154425530370875,0.162156323374955,5193.44921366944,13.0882700978916
2026-01-16,0.788,6675,0.153936576269424,0.162752515778413,5193.44921366944,12.3122856995639
2026-01-16,0.788,6700,0.153837600981442,0.161628231024382,5193.44921366944,11.2776398067588
2026-01-16,0.788,6725,0.153606984266173,0.162523414936153,5193.44921366944,10.7085846253363
2026-01-16,0.788,6750,0.153229770392742,0.161566347404164,5193.44921366944,9.77740334833086
2026-01-16,0.788,6775,0.153023752962571,0.162044182823747,5193.44921366944,9.20834809866099
2026-01-16,0.788,6800,0.153028761440754,0.161595685374936,5193.44921366944,8.53582829622481
2026-01-16,0.788,6825,0.152916032701132,0.1621928655624,5193.44921366944,8.07023768717373
2026-01-16,0.788,6850,0.153065851944364,0.16210998978583,5193.44921366944,7.55291474072888
2026-01-16,0.788,6875,0.153115536111971,0.16320596102392,5193.44921366944,7.24252100245855
2026-01-16,0.788,6900,0.153055064173048,0.16260879233247,5193.44921366944,6.67346577142262
2026-01-16,0.788,6925,0.152872216302303,0.16360863230889,5193.44921366944,6.36307200480832
2026-01-16,0.788,6950,0.153041384499619,0.163127695876171,5193.44921366944,5.89748138053706
2026-01-16,0.788,6975,0.153116244062646,0.164405067797037,5193.44921366944,5.69055220204547
2026-01-16,0.788,7000,0.153087169918097,0.163711132652817,5193.44921366944,5.22496156743493
2026-01-16,0.788,7050,0.153276722874822,0.164413515765903,5193.44921366944,4.65590634889147
2026-01-16,0.788,7100,0.153719311955011,0.165299540411191,5193.44921366944,4.19031570960846
2026-01-16,0.788,7150,0.15381170803108,0.166442873913294,5193.44921366944,3.77645736588394
2026-01-16,0.788,7200,0.153892824917656,0.16792241981248,5193.44921366944,3.44019747134967
2026-01-16,0.788,7250,0.154017199118478,0.168692332834413,5193.44921366944,3.07807142005218
2026-01-16,0.788,7300,0.154259288854751,0.17044003880808,5193.44921366944,2.84527610750591
2026-01-16,0.788,7400,0.154203196605754,0.172960409279812,5193.44921366944,2.35381931990332
2026-01-16,0.788,7500,0.153888331431753,0.176370446741213,5193.44921366944,2.01755942162891
2026-01-16,0.788,7600,0.152536381090862,0.178601384566707,5193.44921366944,1.65543336800578
2026-01-16,0.788,7700,0.151402805084478,0.180701858360375,5193.44921366944,1.37090576046689
2026-01-16,0.788,7800,0.146916734691636,0.184300828721393,5193.44921366944,1.18984273375869
2026-01-16,0.788,7900,0.156225824492352,0.188214323596077,5193.44921366944,1.18984273115552
2026-01-16,0.788,8000,NA,0.191965505244153,5193.44921366944,NA
2026-01-16,0.788,8200,NA,0.20422117466997,5193.44921366944,NA
2026-01-16,0.788,8400,NA,0.211765003212006,5193.44921366944,NA
2026-01-16,0.788,8600,0.161442397100633,0.218823239727085,5193.44921366944,0.98291356013058
2026-01-16,0.788,8800,NA,0.226086953359723,5193.44921366944,NA
2026-01-16,0.788,9000,0.174737108634899,0.232974262787493,5193.44921366944,0.879448978185416
2026-01-16,0.788,9200,0.189853476211159,0.240272830439889,5193.44921366944,0.879448978588973
2026-01-16,0.788,9400,0.196337261320689,0.246480646917226,5193.44921366944,0.827716684713665
2026-01-16,0.788,9600,0.193443184860211,0.25320962524999,5193.44921366944,0.775984390953362
2026-01-16,0.788,10000,0.205181228109446,0.265920592816681,5193.44921366944,0.724252100092697
2026-01-16,0.788,10400,0.216394604528952,0.278727379360941,5193.44921366944,0.69838595168465
2026-01-16,0.788,11000,NA,0.297156618641278,5193.44921366944,NA
2026-01-16,0.788,12000,0.256818816730745,0.268497776730327,5193.44921366944,0.0775984389724985
2026-02-20,0.88,200,NA,1.26200232918206,5205.00618043985,NA
2026-02-20,0.88,400,0.813212088561168,0.987799086159694,5205.00618043985,4805.57272349722
2026-02-20,0.88,600,NA,0.827026752250147,5205.00618043985,NA
2026-02-20,0.88,800,0.633282408255571,0.768754256297597,5205.00618043985,4406.16501851122
2026-02-20,0.88,1000,0.654670302922344,0.714473619466021,5205.00618043985,4207.40111245358
2026-02-20,0.88,1200,0.641335274579341,0.676131614911825,5205.00618043985,4009.43551706874
2026-02-20,0.88,1400,0.615876211398408,0.640125273223851,5205.00618043985,3811.95920886322
2026-02-20,0.88,1600,0.58493055172541,0.603535684952763,5205.00618043985,3614.68891631955
2026-02-20,0.88,1800,0.556501065315235,0.571169429334687,5205.00618043985,3418.13967857745
2026-02-20,0.88,2000,0.529462720609563,0.541337168273457,5205.00618043985,3222.31149564219
2026-02-20,0.88,2200,0.502854993996536,0.513134233355512,5205.00618043985,3027.15286359058
2026-02-20,0.88,2400,0.476299064198169,0.486034990048763,5205.00618043985,2832.61227850603
2026-02-20,0.88,2500,0.463614550412652,0.472751674119311,5205.00618043985,2735.65100942802
2026-02-20,0.88,2600,0.451108798174565,0.45970463603671,5205.00618043985,2638.89575602802
2026-02-20,0.88,2700,0.438475003634385,0.446847942535022,5205.00618043985,2542.29501437019
2026-02-20,0.88,2800,0.426483959186282,0.434611770056265,5205.00618043985,2446.10630404609
2026-02-20,0.88,2900,0.41452925829198,0.422419004339924,5205.00618043985,2350.12360933573
2026-02-20,0.88,3000,0.403210383397452,0.410056186542936,5205.00618043985,2254.4499381427
2026-02-20,0.88,3100,0.391609897511121,0.399013085575974,5205.00618043985,2159.29130610527
2026-02-20,0.88,3200,0.380468591780089,0.387800427584523,5205.00618043985,2064.49320138844
2026-02-20,0.88,3300,0.369820825604515,0.376896008989031,5205.00618043985,1970.26163984419
2026-02-20,0.88,3400,0.359526104753966,0.366490782785988,5205.00618043985,1876.69962907068
2026-02-20,0.88,3500,0.349604959361484,0.356309514923881,5205.00618043985,1783.80716926713
2026-02-20,0.88,3600,0.339680211496867,0.346630941372623,5205.00618043985,1691.63576426985
2026-02-20,0.88,3650,0.335381350474803,0.34194575610508,5205.00618043985,1646.11660473979
2026-02-20,0.88,3700,0.330402469722975,0.337301271089238,5205.00618043985,1600.49443749102
2026-02-20,0.88,3750,0.324808322644803,0.333451133943786,5205.00618043985,1555.12978979614
2026-02-20,0.88,3800,0.320606975025317,0.329352381110157,5205.00618043985,1510.48619684702
2026-02-20,0.88,3850,0.316702076840073,0.324718140351598,5205.00618043985,1465.94561182403
2026-02-20,0.88,3900,0.31184759197142,0.32047679621103,5205.00618043985,1421.35352280451
2026-02-20,0.88,3950,0.308264126530559,0.316484629462567,5205.00618043985,1377.79151207047
2026-02-20,0.88,4000,0.304407840909884,0.312341467676121,5205.00618043985,1334.28100527275
2026-02-20,0.88,4050,0.300656300120541,0.308670085820774,5205.00618043985,1291.38854546038
2026-02-20,0.88,4100,0.29698779590643,0.30473142908395,5205.00618043985,1248.70210128602
2026-02-20,0.88,4150,0.293382736442004,0.301118371886914,5205.00618043985,1206.58220014541
2026-02-20,0.88,4175,0.290359532834153,0.299045295857162,5205.00618043985,1184.72393882535
2026-02-20,0.88,4200,0.289742288465973,0.297629541043242,5205.00618043985,1164.87433031395
2026-02-20,0.88,4225,0.286857482885168,0.2958164969702,5205.00618043985,1143.42810041515
2026-02-20,0.88,4250,0.286372267170739,0.294087633107408,5205.00618043985,1123.68149970388
2026-02-20,0.88,4275,0.28345261353646,0.291980314820413,5205.00618043985,1102.183765789
2026-02-20,0.88,4300,0.283007312706868,0.290486277396446,5205.00618043985,1082.84919643967
2026-02-20,0.88,4325,0.280273836712576,0.288837043505533,5205.00618043985,1061.9695095586
2026-02-20,0.88,4350,0.279634967034214,0.287038018311064,5205.00618043985,1042.53193222054
2026-02-20,0.88,4375,0.277215722332497,0.285165991251066,5205.00618043985,1021.90976496533
2026-02-20,0.88,4400,0.276315313846601,0.283860055666837,5205.00618043985,1002.88421911062
2026-02-20,0.88,4425,0.27376132539479,0.282187181462039,5205.00618043985,982.519571321404
2026-02-20,0.88,4450,0.273240177072645,0.280505406141735,5205.00618043985,963.751544875333
2026-02-20,0.88,4475,0.270618045930838,0.278677652119665,5205.00618043985,943.438401124411
2026-02-20,0.88,4500,0.269903817122198,0.277311902343083,5205.00618043985,925.030902267832
2026-02-20,0.88,4525,0.267347401847484,0.275660418435037,5205.00618043985,905.129789745486
2026-02-20,0.88,4550,0.266841385916466,0.273863304634633,5205.00618043985,886.825298528001
2026-02-20,0.88,4575,0.264337276191368,0.272182781506634,5205.00618043985,867.181705611503
2026-02-20,0.88,4600,0.264019691992006,0.270932274604067,5205.00618043985,849.752781059906
2026-02-20,0.88,4625,0.261238382979244,0.269275117631869,5205.00618043985,830.160692115028
2026-02-20,0.88,4650,0.260218261125456,0.267598025263404,5205.00618043985,812.113720402704
2026-02-20,0.88,4675,0.259036570084484,0.265961811262084,5205.00618043985,794.118252799542
2026-02-20,0.88,4700,0.257329838375082,0.264302582970272,5205.00618043985,775.813761617966
2026-02-20,0.88,4725,0.255234838866404,0.262679923641429,5205.00618043985,757.354758682789
2026-02-20,0.88,4750,0.254322419811756,0.260911767861291,5205.00618043985,739.925834221786
2026-02-20,0.88,4775,0.252178485268067,0.259356152407326,5205.00618043985,721.775854846347
2026-02-20,0.88,4800,0.251308724570834,0.258181449632605,5205.00618043985,705.222496642812
2026-02-20,0.88,4825,0.24922753599386,0.256154948317212,5205.00618043985,687.021013407742
2026-02-20,0.88,4850,0.248392276577961,0.254623208190561,5205.00618043985,670.519159239385
2026-02-20,0.88,4875,0.246249347426095,0.253057583201706,5205.00618043985,652.987226827084
2026-02-20,0.88,4900,0.244874403749471,0.251457393339648,5205.00618043985,636.279357021661
2026-02-20,0.88,4925,0.242725861487345,0.249878185738638,5205.00618043985,619.05644813983
2026-02-20,0.88,4950,0.242224576966044,0.248317956745469,5205.00618043985,603.533168322935
2026-02-20,0.88,4975,0.24022346612338,0.246774786525964,5205.00618043985,586.825298547747
2026-02-20,0.88,5000,0.239124141687464,0.245246833680771,5205.00618043985,571.147507035963
2026-02-20,0.88,5025,0.237153153163803,0.243622693840073,5205.00618043985,554.748660710051
2026-02-20,0.88,5050,0.236232619524666,0.242175061600654,5205.00618043985,539.688916147798
2026-02-20,0.88,5075,0.234174424865502,0.240628462658883,5205.00618043985,523.650597280415
2026-02-20,0.88,5100,0.233261134296651,0.23914485997677,5205.00618043985,508.951379982274
2026-02-20,0.88,5125,0.231164674939836,0.237614459062878,5205.00618043985,493.273588600238
2026-02-20,0.88,5150,0.230146519195315,0.236089939596564,5205.00618043985,478.831890943427
2026-02-20,0.88,5175,0.228112511274451,0.234569788469682,5205.00618043985,463.617634662783
2026-02-20,0.88,5200,0.227145578999128,0.233105752874861,5205.00618043985,449.690976246162
2026-02-20,0.88,5225,0.22416247290265,0.232019932179719,5205.00618043985,434.384013035897
2026-02-20,0.88,5250,0.224551655289799,0.230434363791044,5205.00618043985,422.074577337561
2026-02-20,0.88,5275,0.221384983476598,0.22895373086379,5205.00618043985,406.623403124589
2026-02-20,0.88,5300,0.221705413157464,0.227470515553659,5205.00618043985,394.777502871251
2026-02-20,0.88,5325,0.219320356870903,0.225930534968454,5205.00618043985,380.459414704274
2026-02-20,0.88,5350,0.218830643887072,0.224438241009451,5205.00618043985,368.252986991921
2026-02-20,0.88,5375,0.216478953977977,0.222939449474779,5205.00618043985,354.449938011467
2026-02-20,0.88,5400,0.215917045450239,0.221697977128782,5205.00618043985,342.861557306065
2026-02-20,0.88,5425,0.212847006212188,0.219704660291914,5205.00618043985,328.337453565885
2026-02-20,0.88,5450,0.213060809644602,0.218710763608712,5205.00618043985,318.191182323821
2026-02-20,0.88,5475,0.210005357246375,0.216746386165658,5205.00618043985,304.18211768157
2026-02-20,0.88,5500,0.210146121705876,0.21535604190611,5205.00618043985,294.035846549178
2026-02-20,0.88,5525,0.207636907023396,0.214276101203354,5205.00618043985,281.880922849235
2026-02-20,0.88,5550,0.204498223199792,0.212372427511233,5205.00618043985,268.592912956421
2026-02-20,0.88,5575,0.204930115021578,0.211320270925742,5205.00618043985,259.73423955169
2026-02-20,0.88,5600,0.204373931799368,0.20954305046657,5205.00618043985,249.484960600854
2026-02-20,0.88,5625,0.20136563284517,0.208296498629043,5205.00618043985,237.690564357608
2026-02-20,0.88,5650,0.201502137377007,0.206644253073754,5205.00618043985,228.677379314527
2026-02-20,0.88,5675,0.199211239403449,0.205362780277658,5205.00618043985,218.016069189475
2026-02-20,0.88,5700,0.198536425912396,0.203723157781234,5205.00618043985,208.745364478007
2026-02-20,0.88,5725,0.195133016411824,0.202460319876741,5205.00618043985,197.6205191316
2026-02-20,0.88,5750,0.195640438785449,0.201005339647728,5205.00618043985,190.049443642271
2026-02-20,0.88,5775,0.192607705855911,0.199586282422166,5205.00618043985,179.645652883808
2026-02-20,0.88,5800,0.192634711300191,0.196712276545248,5205.00618043985,170.889987437297
2026-02-20,0.88,5825,0.189617545864045,0.195286540863712,5205.00618043985,161.052739991765
2026-02-20,0.88,5850,0.189132994735584,0.19500409881203,5205.00618043985,154.56324682527
2026-02-20,0.88,5875,0.186623497163873,0.193983046945339,5205.00618043985,146.013596929028
2026-02-20,0.88,5900,0.186754341437243,0.191235752743386,5205.00618043985,138.442521503625
2026-02-20,0.88,5925,0.183822586721299,0.190939152405783,5205.00618043985,130.665430548892
2026-02-20,0.88,5950,0.183217669571547,0.188746855881505,5205.00618043985,123.454882402818
2026-02-20,0.88,5975,0.180760121900643,0.188449887525966,5205.00618043985,116.55335795608
2026-02-20,0.88,6000,0.18096962131309,0.186388762402113,5205.00618043985,110.527400065459
2026-02-20,0.88,6025,0.178994110781771,0.18504708644097,5205.00618043985,103.677379419259
2026-02-20,0.88,6050,0.177625402018746,0.183828719334933,5205.00618043985,97.5999175814392
2026-02-20,0.88,6075,0.176078444226746,0.182522718849163,5205.00618043985,91.5739595829738
2026-02-20,0.88,6100,0.174965597569123,0.18127546590036,5205.00618043985,86.1145447172602
2026-02-20,0.88,6125,0.173199079316007,0.180249122520735,5205.00618043985,80.6036257912515
2026-02-20,0.88,6150,0.172300692818732,0.17906460142329,5205.00618043985,75.7622578926544
2026-02-20,0.88,6175,0.17038037508253,0.177875178367681,5205.00618043985,70.508858656063
2026-02-20,0.88,6200,0.16973959270043,0.17685263143722,5205.00618043985,66.3370415457947
2026-02-20,0.88,6225,0.167658467424287,0.175753232786536,5205.00618043985,61.4956736579778
2026-02-20,0.88,6250,0.167140931760617,0.17466296866408,5205.00618043985,57.7358879003527
2026-02-20,0.88,6275,0.164985862527953,0.173586183253103,5205.00618043985,53.3065511994604
2026-02-20,0.88,6300,0.165147841060512,0.172237517424999,5205.00618043985,50.1133085783697
2026-02-20,0.88,6325,0.162847198396922,0.170992047085812,5205.00618043985,45.941491506158
2026-02-20,0.88,6350,0.162387119660858,0.170075412050283,5205.00618043985,43.005768374078
2026-02-20,0.88,6375,0.1608409820148,0.169313686372415,5205.00618043985,39.8125257362663
2026-02-20,0.88,6400,0.160651923095597,0.168504678029511,5205.00618043985,37.3403378400306
2026-02-20,0.88,6425,0.158796580242966,0.167764575333519,5205.00618043985,34.3531108228766
2026-02-20,0.88,6450,0.159355845997378,0.165513526324622,5205.00618043985,31.8294189924513
2026-02-20,0.88,6475,0.158456166416917,0.164760646756021,5205.00618043985,29.5117428822412
2026-02-20,0.88,6500,0.157657840634982,0.163705614421043,5205.00618043985,27.2455706021103
2026-02-20,0.88,6525,0.156829697542186,0.16400051465839,5205.00618043985,25.5974453947675
2026-02-20,0.88,6550,0.15613669211983,0.162462653414118,5205.00618043985,23.4342809973496
2026-02-20,0.88,6575,0.155437678502714,0.162215580083437,5205.00618043985,21.8376596585244
2026-02-20,0.88,6600,0.154918687210964,0.161522445149035,5205.00618043985,20.2410383127479
2026-02-20,0.88,6625,0.154239502179057,0.16183481903515,5205.00618043985,19.0049443340356
2026-02-20,0.88,6650,0.153779064738283,0.160851459684802,5205.00618043985,17.5113308503574
2026-02-20,0.88,6675,0.153372248922337,0.161134389807721,5205.00618043985,16.4812525837381
2026-02-20,0.88,6700,0.152815411882576,0.159812614900324,5205.00618043985,15.039142951096
2026-02-20,0.88,6725,0.15255584078502,0.160666141335409,5205.00618043985,14.3180881810361
2026-02-20,0.88,6750,0.152161913309354,0.159617915804298,5205.00618043985,13.1334981295693
2026-02-20,0.88,6775,0.151876334592345,0.160332786788957,5205.00618043985,12.4639472624148
2026-02-20,0.88,6800,0.151724805790111,0.159189761787457,5205.00618043985,11.4338689707627
2026-02-20,0.88,6825,0.151451156442168,0.160222765142125,5205.00618043985,10.9188298353218
2026-02-20,0.88,6850,0.15134293312102,0.159263155099507,5205.00618043985,10.0432633075167
2026-02-20,0.88,6900,0.151097699443462,0.159481025064631,5205.00618043985,8.85867326110709
2026-02-20,0.88,6950,0.150727493335848,0.159627683049799,5205.00618043985,7.77709107027795
2026-02-20,0.88,7000,0.150661840041989,0.160044748070678,5205.00618043985,6.90152452071127
2026-02-20,0.88,7050,0.151064153058806,0.160839039625155,5205.00618043985,6.23197363188932
2026-02-20,0.88,7100,0.15113566247991,0.161388964359664,5205.00618043985,5.56242274816918
2026-02-20,0.88,7200,0.151233902459615,0.163347835794552,5205.00618043985,4.53234445973909
2026-02-20,0.88,7300,0.151489409352767,0.165447186325884,5205.00618043985,3.73403378291384
2026-02-20,0.88,7400,0.151543865820972,0.168446758642039,5205.00618043985,3.16749072337453
2026-02-20,0.88,7500,0.151089557792411,0.171008719651646,5205.00618043985,2.65245157878581
2026-02-20,0.88,7600,0.150976740722664,0.173072273199112,5205.00618043985,2.21466831281466
2026-02-20,0.88,7700,0.150097182075388,0.17529912644752,5205.00618043985,1.85414091397328
2026-02-20,0.88,7800,0.148208222988907,0.178261854187432,5205.00618043985,1.59662134291286
2026-02-20,0.88,8000,0.138478970210079,0.185146086467208,5205.00618043985,1.26184589968044
2026-02-20,0.88,8200,NA,0.193776488620479,5205.00618043985,NA
2026-02-20,0.88,8400,NA,0.200525872085333,5205.00618043985,NA
2026-02-20,0.88,8600,0.152085662292192,0.20788587501344,5205.00618043985,1.0558302411559
2026-02-20,0.88,8800,NA,0.214275862406426,5205.00618043985,NA
2026-02-20,0.88,9000,NA,0.221548050055858,5205.00618043985,NA
2026-02-20,0.88,9200,NA,0.227867508826826,5205.00618043985,NA
2026-02-20,0.88,9400,NA,0.234591076029912,5205.00618043985,NA
2026-02-20,0.88,9600,NA,0.240298669402645,5205.00618043985,NA
2026-02-20,0.88,9800,NA,0.246509284504319,5205.00618043985,NA
2026-02-20,0.88,10000,NA,0.208506724909656,5205.00618043985,NA
2026-02-20,0.88,10200,0.198838883977955,0.258256752883528,5205.00618043985,0.746806755959199
2026-02-20,0.88,10400,0.204084870809045,0.23689861455509,5205.00618043985,0.231767614829949
2026-03-20,0.96,200,0.952019851265035,1.10581620510656,5213.53744092498,5013.74321433897
2026-03-20,0.96,400,0.778944758077511,0.950728892657478,5213.53744092498,4814.12903948994
2026-03-20,0.96,600,NA,0.784138057225691,5213.53744092498,NA
2026-03-20,0.96,800,0.648493646315565,0.742314382388749,5213.53744092498,4414.92641146998
2026-03-20,0.96,1000,0.643534768044333,0.691843757979172,5213.53744092498,4216.28966033593
2026-03-20,0.96,1200,0.626726493376791,0.657125935270165,5213.53744092498,4018.57888956633
2026-03-20,0.96,1400,0.597964893116456,0.61883128992408,5213.53744092498,3821.04817053592
2026-03-20,0.96,1600,0.56796560284393,0.584865993463173,5213.53744092498,3624.03188503388
2026-03-20,0.96,1800,0.540216068642632,0.553617018616809,5213.53744092498,3427.6843631361
2026-03-20,0.96,2000,0.513797623884149,0.524707362659848,5213.53744092498,3232.05704818266
2026-03-20,0.96,2200,0.487854179250087,0.497345413627484,5213.53744092498,3037.09849682983
2026-03-20,0.96,2400,0.462361119739278,0.471371459302435,5213.53744092498,2842.86015240823
2026-03-20,0.96,2500,0.45029034694835,0.45846585928749,5213.53744092498,2746.04964031982
2026-03-20,0.96,2600,0.438078189495295,0.446055579254832,5213.53744092498,2649.44490166657
2026-03-20,0.96,2700,0.426264986477021,0.43403060090457,5213.53744092498,2553.14882309729
2026-03-20,0.96,2800,0.414528471033367,0.422084910701697,5213.53744092498,2457.05851797528
2026-03-20,0.96,2900,0.403264721704106,0.410400272108235,5213.53744092498,2361.3283163287
2026-03-20,0.96,3000,0.392354558594559,0.397988921636693,5213.53744092498,2265.70100137124
2026-03-20,0.96,3100,0.381351136480369,0.387058047513797,5213.53744092498,2170.69100667669
2026-03-20,0.96,3200,0.370419907145223,0.376009846391586,5213.53744092498,2075.93822869572
2026-03-20,0.96,3300,0.360272275016532,0.365579305531293,5213.53744092498,1981.95710107187
2026-03-20,0.96,3400,0.350294978294277,0.355608533451269,5213.53744092498,1888.59329369775
2026-03-20,0.96,3500,0.340799020365197,0.34646506350886,5213.53744092498,1796.20690995776
2026-03-20,0.96,3550,0.336124260235243,0.341459308425507,5213.53744092498,1750.06516148524
2026-03-20,0.96,3600,0.331640448881721,0.337353663368269,5213.53744092498,1704.54073318481
2026-03-20,0.96,3650,0.326865949633754,0.332820373320184,5213.53744092498,1658.86197497436
2026-03-20,0.96,3700,0.322809830710323,0.328541142831763,5213.53744092498,1613.80053685795
2026-03-20,0.96,3750,0.314731907298202,0.324172064307629,5213.53744092498,1566.93858138805
2026-03-20,0.96,3800,0.310717001872522,0.320013863989909,5213.53744092498,1522.28869017492
2026-03-20,0.96,3850,0.306784887094707,0.315940750030202,5213.53744092498,1477.94745907855
2026-03-20,0.96,3900,0.303012902465179,0.312028446811855,5213.53744092498,1434.01777479174
2026-03-20,0.96,3950,0.299191087857854,0.30807293677441,5213.53744092498,1390.29386397975
2026-03-20,0.96,4000,0.295580699918629,0.304242717853964,5213.53744092498,1347.03294315048
2026-03-20,0.96,4050,0.291893686395944,0.300516381563873,5213.53744092498,1304.08068262719
2026-03-20,0.96,4100,0.288375343540593,0.296874487564025,5213.53744092498,1261.59141229782
2026-03-20,0.96,4125,0.286599846464742,0.29623276701995,5213.53744092498,1241.22131404959
2026-03-20,0.96,4150,0.284759183875231,0.293299378706003,5213.53744092498,1219.41080203437
2026-03-20,0.96,4175,0.283247712383706,0.292648828787363,5213.53744092498,1199.40080730579
2026-03-20,0.96,4200,0.281430283382048,0.289699064475613,5213.53744092498,1177.74462526537
2026-03-20,0.96,4225,0.279776050471696,0.28911014119037,5213.53744092498,1157.88896057951
2026-03-20,0.96,4250,0.278126343061461,0.286433931639114,5213.53744092498,1136.69576876793
2026-03-20,0.96,4275,0.276553129248814,0.285675039073622,5213.53744092498,1116.99443411865
2026-03-20,0.96,4300,0.275123857451878,0.282463597129068,5213.53744092498,1095.74979897302
2026-03-20,0.96,4325,0.273331238738088,0.282535229950413,5213.53744092498,1076.71722796368
2026-03-20,0.96,4350,0.271682000336081,0.279574045150073,5213.53744092498,1055.67836613491
2026-03-20,0.96,4375,0.270306866029368,0.278903952882397,5213.53744092498,1036.64579514031
2026-03-20,0.96,4400,0.269601212373333,0.275706753042796,5213.53744092498,1016.32714033478
2026-03-20,0.96,4425,0.267115605699486,0.27547549371495,5213.53744092498,997.037352511398
2026-03-20,0.96,4450,0.266369738698834,0.273229796900475,5213.53744092498,977.64467816379
2026-03-20,0.96,4475,0.264152467304527,0.272482343013467,5213.53744092498,958.406333704817
2026-03-20,0.96,4500,0.262650304236616,0.269271641033802,5213.53744092498,937.881905412424
2026-03-20,0.96,4525,0.261196915259533,0.269312600746152,5213.53744092498,920.13541833392
2026-03-20,0.96,4550,0.259537507979164,0.266117443122335,5213.53744092498,899.71387672459
2026-03-20,0.96,4575,0.259415919742513,0.265845262208157,5213.53744092498,883.099143361627
2026-03-20,0.96,4600,0.259424036073232,0.26296667626144,5213.53744092498,864.581005905592
2026-03-20,0.96,4625,0.255262164161781,0.262330755383179,5213.53744092498,844.571011264726
2026-03-20,0.96,4650,0.253593548138418,0.260523384956365,5213.53744092498,825.795657019507
2026-03-20,0.96,4675,0.252380116168912,0.259232207488004,5213.53744092498,807.997726487788
2026-03-20,0.96,4700,0.250902553259214,0.256864627469556,5213.53744092498,789.170928876024
2026-03-20,0.96,4725,0.249457710767463,0.256165852649369,5213.53744092498,771.990318607646
2026-03-20,0.96,4750,0.248043128837911,0.253826124705629,5213.53744092498,753.523624450596
2026-03-20,0.96,4775,0.246372596181793,0.25311881707891,5213.53744092498,736.445900894302
2026-03-20,0.96,4800,0.245183084650539,0.250799445809383,5213.53744092498,718.493640321014
2026-03-20,0.96,4825,0.243735394640017,0.251690560569099,5213.53744092498,703.422207590274
2026-03-20,0.96,4850,0.242311269855497,0.247828043236247,5213.53744092498,684.132419845041
2026-03-20,0.96,4875,0.240634937679083,0.247472412617963,5213.53744092498,668.032119899671
2026-03-20,0.96,4900,0.239417083091502,0.244843944553631,5213.53744092498,650.388519552704
2026-03-20,0.96,4925,0.237998809195537,0.24564459049293,5213.53744092498,635.985850266536
2026-03-20,0.96,4950,0.236543797388868,0.242371201627326,5213.53744092498,617.827816329404
2026-03-20,0.96,4975,0.235104531336552,0.241316635390192,5213.53744092498,601.984733255064
2026-03-20,0.96,5000,0.23373203529207,0.23906018354621,5213.53744092498,585.215669837323
2026-03-20,0.96,5025,0.232213899605447,0.238348619629806,5213.53744092498,569.989906982781
2026-03-20,0.96,5050,0.230603430852548,0.236077986507876,5213.53744092498,553.323730238311
2026-03-20,0.96,5075,0.229108063529049,0.235383850401707,5213.53744092498,538.509514270241
2026-03-20,0.96,5100,0.227879357141724,0.233144325199999,5213.53744092498,522.614987837397
2026-03-20,0.96,5125,0.226398439433489,0.233799195145712,5213.53744092498,509.549845898799
2026-03-20,0.96,5150,0.224923107914472,0.230195851061053,5213.53744092498,492.420678914507
2026-03-20,0.96,5175,0.22345186621123,0.229573822459703,5213.53744092498,478.480999828333
2026-03-20,0.96,5200,0.221983253165954,0.227323921451399,5213.53744092498,463.100906901619
2026-03-20,0.96,5225,0.219978595148434,0.227183358972482,5213.53744092498,449.512022708517
2026-03-20,0.96,5250,0.218612568885462,0.225448438020496,5213.53744092498,435.159327040897
2026-03-20,0.96,5275,0.216991604709224,0.224879144686819,5213.53744092498,421.938385380837
2026-03-20,0.96,5300,0.2156202556467,0.222641299067166,5213.53744092498,407.482802929552
2026-03-20,0.96,5325,0.214193691379111,0.222322406359587,5213.53744092498,395.136398141991
2026-03-20,0.96,5350,0.212862176583813,0.219678831952056,5213.53744092498,380.732259204162
2026-03-20,0.96,5375,0.211675193011273,0.219355070028122,5213.53744092498,369.05461780371
2026-03-20,0.96,5400,0.210278023757964,0.217006273185293,5213.53744092498,355.319242598433
2026-03-20,0.96,5425,0.208871454549494,0.216422387336544,5213.53744092498,343.590157960511
2026-03-20,0.96,5450,0.207454271319575,0.214414026584194,5213.53744092498,330.626432775044
2026-03-20,0.96,5475,0.206076236088561,0.213973364759657,5213.53744092498,319.514668436663
2026-03-20,0.96,5500,0.204429524190076,0.211691671454558,5213.53744092498,306.499499936912
2026-03-20,0.96,5525,0.203023720703385,0.210727499677554,5213.53744092498,295.284848964771
2026-03-20,0.96,5550,0.201861103730818,0.208416908597119,5213.53744092498,283.19566086922
2026-03-20,0.96,5575,0.200112950867834,0.208106202651527,5213.53744092498,272.7526601687
2026-03-20,0.96,5600,0.198866497837812,0.205710816687942,5213.53744092498,260.972132195559
2026-03-20,0.96,5625,0.197603874574068,0.205283311977559,5213.53744092498,251.352225074656
2026-03-20,0.96,5650,0.196217830259951,0.20305827335298,5213.53744092498,240.086130757289
2026-03-20,0.96,5675,0.194543543209704,0.202723787540637,5213.53744092498,230.620553640352
2026-03-20,0.96,5700,0.19333047998573,0.201101845330177,5213.53744092498,220.589099759169
2026-03-20,0.96,5725,0.191934913771402,0.199785132015454,5213.53744092498,210.917749271854
2026-03-20,0.96,5750,0.190461150512289,0.19801434917806,5213.53744092498,200.989182110214
2026-03-20,0.96,5775,0.189186270461388,0.197160492123461,5213.53744092498,192.346698678026
2026-03-20,0.96,5800,0.187890253171541,0.195122319881016,5213.53744092498,182.829678293411
2026-03-20,0.96,5825,0.186456818508214,0.194470571466639,5213.53744092498,174.70162837586
2026-03-20,0.96,5850,0.184996712512581,0.19249363790353,5213.53744092498,165.59615475214
2026-03-20,0.96,5875,0.183746487044055,0.191767021049457,5213.53744092498,158.033981802819
2026-03-20,0.96,5900,0.182293063287895,0.189793022753169,5213.53744092498,149.442941939826
2026-03-20,0.96,5925,0.181118969219787,0.189229202831366,5213.53744092498,142.549532555137
2026-03-20,0.96,5950,0.179863424589688,0.186829249603667,5213.53744092498,134.267152554507
2026-03-20,0.96,5975,0.178393982521802,0.186688620913536,5213.53744092498,127.939620103658
2026-03-20,0.96,6000,0.177025203181988,0.184596853967306,5213.53744092498,120.326003812875
2026-03-20,0.96,6025,0.17589874131592,0.184019177275266,5213.53744092498,114.358574825802
2026-03-20,0.96,6050,0.174620934001751,0.181858674357456,5213.53744092498,107.259392024097
2026-03-20,0.96,6075,0.173252268748953,0.181617676305863,5213.53744092498,101.80639651767
2026-03-20,0.96,6100,0.172220610718848,0.179530425837563,5213.53744092498,95.4274206962507
2026-03-20,0.96,6125,0.170887142183412,0.179174988905271,5213.53744092498,90.3345287780393
2026-03-20,0.96,6150,0.169686302422711,0.177537448787915,5213.53744092498,84.6243165408222
2026-03-20,0.96,6175,0.16831720148557,0.177146889353029,5213.53744092498,79.8915279069333
2026-03-20,0.96,6200,0.167335171452679,0.174944392809291,5213.53744092498,74.38708916371
2026-03-20,0.96,6225,0.16627730687844,0.174748086745267,5213.53744092498,70.3745075909154
2026-03-20,0.96,6250,0.165139158951329,0.172892737780831,5213.53744092498,65.4359456057643
2026-03-20,0.96,6275,0.163825629013581,0.172350298697034,5213.53744092498,61.423364061279
2026-03-20,0.96,6300,0.163158756502669,0.170809430881557,5213.53744092498,57.3593391261804
2026-03-20,0.96,6325,0.161767451816716,0.171142982315423,5213.53744092498,54.1698512327458
2026-03-20,0.96,6350,0.160774586718784,0.169273420204345,5213.53744092498,50.1058262788935
2026-03-20,0.96,6375,0.160855133897878,0.168526096993535,5213.53744092498,47.3793285185003
2026-03-20,0.96,6400,0.159008738290325,0.167134102255762,5213.53744092498,43.5210770298658
2026-03-20,0.96,6425,0.158037944664296,0.166583556154473,5213.53744092498,40.691692554034
2026-03-20,0.96,6450,0.157123620618425,0.165361245333891,5213.53744092498,37.7079781022982
2026-03-20,0.96,6475,0.156279231330912,0.165181912623789,5213.53744092498,35.3930272467692
2026-03-20,0.96,6500,0.157560616815516,0.162677906217289,5213.53744092498,33.0266329022443
2026-03-20,0.96,6525,0.156731880441137,0.162558637701444,5213.53744092498,30.9688987888975
2026-03-20,0.96,6550,0.156006896020914,0.161443569548443,5213.53744092498,28.653947908118
2026-03-20,0.96,6575,0.155406788133625,0.160938944489482,5213.53744092498,26.7505438413119
2026-03-20,0.96,6600,0.154654025853461,0.160297851132954,5213.53744092498,24.8471397595008
2026-03-20,0.96,6625,0.154207225594524,0.160374581053646,5213.53744092498,23.4067258402885
2026-03-20,0.96,6650,0.153620910594565,0.159913092673553,5213.53744092498,21.8119818567939
2026-03-20,0.96,6675,0.153054367281828,0.159474422715173,5213.53744092498,20.3201246422671
2026-03-20,0.96,6700,0.152517517297633,0.15873996427054,5213.53744092498,18.8282673793019
2026-03-20,0.96,6725,0.152213693534829,0.159378330161597,5213.53744092498,17.9022870450157
2026-03-20,0.96,6750,0.151782817582245,0.158564532055796,5213.53744092498,16.5647598231202
2026-03-20,0.96,6775,0.15142290942848,0.158875082877971,5213.53744092498,15.6387794861862
2026-03-20,0.96,6800,0.151151749331156,0.157773827111865,5213.53744092498,14.4041389565192
2026-03-20,0.96,6825,0.150756636165437,0.158492572980511,5213.53744092498,13.6839320286279
2026-03-20,0.96,6850,0.150714317304204,0.157717025311483,5213.53744092498,12.7065083036398
2026-03-20,0.96,6875,0.150315133676757,0.158523970629365,5213.53744092498,12.0891880745321
2026-03-20,0.96,6900,0.150319010743532,0.157724634798994,5213.53744092498,11.2146510373293
2026-03-20,0.96,6925,0.150227954316778,0.158417182418097,5213.53744092498,10.7002174963519
2026-03-20,0.96,6950,0.150033018315573,0.157851594438594,5213.53744092498,9.92856722045151
2026-03-20,0.96,6975,0.150035469003616,0.158427045706239,5213.53744092498,9.46557705715952
2026-03-20,0.96,7000,0.14994457264793,0.157897933411928,5213.53744092498,8.7968134369227
2026-03-20,0.96,7050,0.149806363359225,0.158457755195021,5213.53744092498,7.87083308369394
2026-03-20,0.96,7100,0.150045953949576,0.159373946688173,5213.53744092498,7.15062614278742
2026-03-20,0.96,7150,0.149955747063634,0.159759716214644,5213.53744092498,6.37897581444165
2026-03-20,0.96,7200,0.150429339290256,0.160581921689468,5213.53744092498,5.81309893764181
2026-03-20,0.96,7250,0.150107649995608,0.161203428895695,5213.53744092498,5.19577870084953
2026-03-20,0.96,7300,0.150516733873061,0.161599951705443,5213.53744092498,4.68134515643918
2026-03-20,0.96,7400,0.150822866297215,0.164404118139049,5213.53744092498,3.98685989843876
2026-03-20,0.96,7500,0.151454700415603,0.166767306389481,5213.53744092498,3.39526133273761
2026-03-20,0.96,7600,0.150880521712945,0.169187946910907,5213.53744092498,2.85510611438089
2026-03-20,0.96,7700,0.15117765217682,0.171776042287149,5213.53744092498,2.46928097136305
2026-03-20,0.96,7800,0.150149543358839,0.174657709892954,5213.53744092498,2.13489916327622
2026-03-20,0.96,7900,0.149226351812386,0.177965344071703,5213.53744092498,1.90340408039929
2026-03-20,0.96,8000,0.1476889220324,0.180314614724892,5213.53744092498,1.64618730905833
2026-03-20,0.96,8200,0.132424115753106,0.186677264744411,5213.53744092498,1.31180551087818
2026-03-20,0.96,8400,NA,0.19284796641644,5213.53744092498,NA
2026-03-20,0.96,8600,NA,0.199480447506865,5213.53744092498,NA
2026-03-20,0.96,8800,NA,0.205699284731681,5213.53744092498,NA
2026-03-20,0.96,9000,0.157194608789926,0.212118356455557,5213.53744092498,0.977423715718683
2026-03-20,0.96,9200,NA,0.218216469099891,5213.53744092498,NA
2026-03-20,0.96,9400,NA,0.22468795653138,5213.53744092498,NA
2026-03-20,0.96,9600,NA,0.230927944237385,5213.53744092498,NA
2026-03-20,0.96,9800,NA,0.23694539357834,5213.53744092498,NA
2026-03-20,0.96,10000,NA,0.242748319603636,5213.53744092498,NA
2026-03-20,0.96,10200,NA,0.248343864102226,5213.53744092498,NA
2026-03-20,0.96,10400,NA,0.254580396019403,5213.53744092498,NA
2026-03-20,0.96,11000,NA,0.26972941372786,5213.53744092498,NA
2026-03-20,0.96,12000,NA,0.294795397373227,5213.53744092498,NA
2026-03-31,0.988,2400,0.458503079157626,0.46863447003925,5217.4145554497,2847.73840822154
2026-03-31,0.988,2600,0.433887593412856,0.443854433128828,5217.4145554497,2654.43056882264
2026-03-31,0.988,2800,0.41111292931003,0.420102516677918,5217.4145554497,2462.32522707002
2026-03-31,0.988,2900,0.39997292088224,0.408823103230549,5217.4145554497,2366.76923995424
2026-03-31,0.988,3000,0.389000489545355,0.397513792727823,5217.4145554497,2271.47466537047
2026-03-31,0.988,3100,0.37814499972755,0.386673169146615,5217.4145554497,2176.59835086447
2026-03-31,0.988,3200,0.367846047471091,0.376029048953402,5217.4145554497,2082.24486138068
2026-03-31,0.988,3300,0.357809552830092,0.365804725612115,5217.4145554497,1988.46647943775
2026-03-31,0.988,3400,0.348086148174956,0.355885039776729,5217.4145554497,1895.31548758263
2026-03-31,0.988,3500,0.338067665749108,0.345682917273871,5217.4145554497,1802.37362574862
2026-03-31,0.988,3600,0.329189593636631,0.336707406701179,5217.4145554497,1710.94795651576
2026-03-31,0.988,3700,0.320515453664873,0.328347642085956,5217.4145554497,1620.56793741348
2026-03-31,0.988,3800,0.312354606891419,0.320131378272373,5217.4145554497,1531.28585085734
2026-03-31,0.988,3900,0.304450396967335,0.312340896950006,5217.4145554497,1443.25854445964
2026-03-31,0.988,3950,0.300682471740079,0.308481887356319,5217.4145554497,1399.74157510851
2026-03-31,0.988,4000,0.297038187297117,0.304832929274743,5217.4145554497,1356.69514819591
2026-03-31,0.988,4050,0.293580347812825,0.301198964467985,5217.4145554497,1314.06698134602
2026-03-31,0.988,4100,0.290117497958601,0.297730212793501,5217.4145554497,1271.85707456227
2026-03-31,0.988,4150,0.28679838857606,0.294090829726627,5217.4145554497,1229.96086283873
2026-03-31,0.988,4200,0.283522889973786,0.290739686631018,5217.4145554497,1188.63975861876
2026-03-31,0.988,4250,0.280350978161431,0.287641610217896,5217.4145554497,1147.94604442746
2026-03-31,0.988,4275,0.278770296451408,0.285663643759845,5217.4145554497,1127.44233980748
2026-03-31,0.988,4300,0.277191172378392,0.284054294485784,5217.4145554497,1107.30461282046
2026-03-31,0.988,4325,0.275683049137042,0.28251630998679,5217.4145554497,1087.37601573506
2026-03-31,0.988,4350,0.27417169391532,0.280907247239941,5217.4145554497,1067.49970127137
2026-03-31,0.988,4375,0.272655924806671,0.279228789610789,5217.4145554497,1047.67566920594
2026-03-31,0.988,4400,0.271134603705805,0.277684168128779,5217.4145554497,1028.06076716251
2026-03-31,0.988,4425,0.269606630924488,0.276200428513143,5217.4145554497,1008.6027127936
2026-03-31,0.988,4450,0.268136925903494,0.274642999599502,5217.4145554497,989.249223202214
2026-03-31,0.988,4475,0.266656720511509,0.273078086199301,5217.4145554497,970.000298761377
2026-03-31,0.988,4500,0.265229355306506,0.271568513150637,5217.4145554497,950.960504373082
2026-03-31,0.988,4525,0.263724604325991,0.269984894718603,5217.4145554497,931.920709806357
2026-03-31,0.988,4550,0.262269339461516,0.269138080208897,5217.4145554497,913.665152913146
2026-03-31,0.988,4575,0.260860408913761,0.267647138559376,5217.4145554497,895.043618492695
2026-03-31,0.988,4600,0.259433682974394,0.266202291556532,5217.4145554497,876.578931546021
2026-03-31,0.988,4625,0.257988472610227,0.264740605222906,5217.4145554497,858.218809820159
2026-03-31,0.988,4650,0.256524084859057,0.263261389361157,5217.4145554497,839.963252851238
2026-03-31,0.988,4675,0.255098933145879,0.261822807103338,5217.4145554497,821.91682605071
2026-03-31,0.988,4700,0.253710426356667,0.260364097072932,5217.4145554497,804.027246592101
2026-03-31,0.988,4725,0.252240355791562,0.258942297538946,5217.4145554497,786.242232334452
2026-03-31,0.988,4750,0.25086177602788,0.257497973531936,5217.4145554497,768.666348007794
2026-03-31,0.988,4775,0.249400443160274,0.256030528423376,5217.4145554497,751.142746233914
2026-03-31,0.988,4800,0.248026047508778,0.25459542349122,5217.4145554497,733.880556928966
2026-03-31,0.988,4825,0.246567756136974,0.253134966357873,5217.4145554497,716.670650152875
2026-03-31,0.988,4850,0.245192170866408,0.251703686833192,5217.4145554497,699.722155819298
2026-03-31,0.988,4875,0.243731559482759,0.250299630740482,5217.4145554497,682.878226595631
2026-03-31,0.988,4900,0.242349705247113,0.248866671488226,5217.4145554497,666.243427395805
2026-03-31,0.988,4925,0.240935608187376,0.247458112450868,5217.4145554497,649.76547563661
2026-03-31,0.988,4950,0.239542239894324,0.246018715140277,5217.4145554497,633.444371361729
2026-03-31,0.988,4975,0.238114694100053,0.24460103394382,5217.4145554497,617.280114697262
2026-03-31,0.988,5000,0.2367051967552,0.243203433080705,5217.4145554497,601.324987966767
2026-03-31,0.988,5025,0.235312115425917,0.241824353895292,5217.4145554497,585.57899134958
2026-03-31,0.988,5050,0.233933889419294,0.240410087305743,5217.4145554497,569.989842318081
2026-03-31,0.988,5075,0.23256902570883,0.239011970431714,5217.4145554497,554.609823060884
2026-03-31,0.988,5100,0.23116438419257,0.237628587371854,5217.4145554497,539.386651473943
2026-03-31,0.988,5125,0.229770756729908,0.236207087461802,5217.4145554497,524.320327470376
2026-03-31,0.988,5150,0.228386758269553,0.234849364958217,5217.4145554497,509.515415791412
2026-03-31,0.988,5175,0.227011055128473,0.233451339761254,5217.4145554497,494.867351746215
2026-03-31,0.988,5200,0.225642360189768,0.232063250029932,5217.4145554497,480.428417751891
2026-03-31,0.988,5225,0.224357837457759,0.230406456128019,5217.4145554497,465.993965088595
2026-03-31,0.988,5250,0.222902221310051,0.228988852784308,5217.4145554497,451.825406410449
2026-03-31,0.988,5275,0.221602242843359,0.228236118734859,5217.4145554497,438.702497661952
2026-03-31,0.988,5300,0.220354963119033,0.226778906824127,5217.4145554497,425.109046349466
2026-03-31,0.988,5325,0.218704346796173,0.224416336156977,5217.4145554497,410.365379925198
2026-03-31,0.988,5350,0.21735716555446,0.222967284523747,5217.4145554497,397.085623783519
2026-03-31,0.988,5375,0.216059465772174,0.221520040965984,5217.4145554497,384.06728013888
2026-03-31,0.988,5400,0.214658510256041,0.220124077193332,5217.4145554497,371.205784040552
2026-03-31,0.988,5425,0.213254273137506,0.218727822382376,5217.4145554497,358.55341790114
2026-03-31,0.988,5450,0.211845650508278,0.217330262846701,5217.4145554497,346.110181664054
2026-03-31,0.988,5475,0.210227767409051,0.215930397851095,5217.4145554497,333.666945468952
2026-03-31,0.988,5500,0.20906195469038,0.214527236410133,5217.4145554497,321.903381972535
2026-03-31,0.988,5525,0.207428493329344,0.213171021921523,5217.4145554497,309.93068836737
2026-03-31,0.988,5550,0.20624833053051,0.211758531684266,5217.4145554497,298.585384715964
2026-03-31,0.988,5575,0.204853524071676,0.210391522148382,5217.4145554497,287.292363773494
2026-03-31,0.988,5600,0.201466265596297,0.209017879121941,5217.4145554497,274.22173762667
2026-03-31,0.988,5625,0.202031575634219,0.207636715229153,5217.4145554497,265.333711662937
2026-03-31,0.988,5650,0.200602275897605,0.206247137273461,5217.4145554497,254.668080742881
2026-03-31,0.988,5675,0.19921256450085,0.204848242599563,5217.4145554497,244.263862203744
2026-03-31,0.988,5700,0.197593858636336,0.203439115600954,5217.4145554497,233.859643864719
2026-03-31,0.988,5725,0.196336043325384,0.202072784329839,5217.4145554497,224.082815439006
2026-03-31,0.988,5750,0.194955638606014,0.200695382107137,5217.4145554497,214.410552135117
2026-03-31,0.988,5775,0.193503716461986,0.199306074380511,5217.4145554497,204.895136317684
2026-03-31,0.988,5800,0.192089513173268,0.197904008262208,5217.4145554497,195.641132896861
2026-03-31,0.988,5825,0.190657083610727,0.196544653179253,5217.4145554497,186.648542139113
2026-03-31,0.988,5850,0.189262971278249,0.19517222247287,5217.4145554497,177.917363792304
2026-03-31,0.988,5875,0.187791459928018,0.193785967738059,5217.4145554497,169.343033014106
2026-03-31,0.988,5900,0.186357659429543,0.192385122525444,5217.4145554497,161.030114777469
2026-03-31,0.988,5925,0.184963263771276,0.191028525466982,5217.4145554497,153.030891563067
2026-03-31,0.988,5950,0.183548770317369,0.189657724138547,5217.4145554497,145.240798290059
2026-03-31,0.988,5975,0.18211318866447,0.188272121766096,5217.4145554497,137.659835145691
2026-03-31,0.988,6000,0.180591407868601,0.186933932880398,5217.4145554497,130.288001991732
2026-03-31,0.988,6025,0.179305389054188,0.185646234483929,5217.4145554497,123.386711228362
2026-03-31,0.988,6050,0.177936852294801,0.184347314669071,5217.4145554497,116.642268165147
2026-03-31,0.988,6075,0.176549368068672,0.183037201957576,5217.4145554497,110.106954998747
2026-03-31,0.988,6100,0.175212648198817,0.181784233889587,5217.4145554497,103.885336889289
2026-03-31,0.988,6125,0.173859748782015,0.18052360758517,5217.4145554497,97.8728489213101
2026-03-31,0.988,6150,0.172564705742892,0.179327540125068,5217.4145554497,92.1740559475899
2026-03-31,0.988,6175,0.171257944482994,0.17812901892102,5217.4145554497,86.684392883927
2026-03-31,0.988,6200,0.170018654051166,0.17692950585843,5217.4145554497,81.4561424300761
2026-03-31,0.988,6225,0.168774416986794,0.175808148658705,5217.4145554497,76.4893044165544
2026-03-31,0.988,6250,0.167527162437281,0.174694096083868,5217.4145554497,71.7315966418829
2026-03-31,0.988,6275,0.166279236462399,0.173672244298397,5217.4145554497,67.2353011254318
2026-03-31,0.988,6300,0.165212036397984,0.17266910962285,5217.4145554497,63.0527007773184
2026-03-31,0.988,6350,0.163043206583241,0.170647938965044,5217.4145554497,55.2103250388907
2026-03-31,0.988,6400,0.161087147742528,0.168753379573987,5217.4145554497,48.256751848975
2026-03-31,0.988,6450,0.159210281297602,0.167043078134261,5217.4145554497,42.0874163077116
2026-03-31,0.988,6500,0.157596677625605,0.165592945293729,5217.4145554497,36.754600841268
2026-03-31,0.988,6600,0.15465694947875,0.16221137035988,5217.4145554497,27.5528800277641
2026-03-31,0.988,6700,0.152410141334508,0.159790864152632,5217.4145554497,20.7561543909364
2026-03-31,0.988,6800,0.150805577748809,0.158454320651989,5217.4145554497,15.8415989445841
2026-03-31,0.988,6900,0.149809656748679,0.158212519771234,5217.4145554497,12.33867111257
2026-03-31,0.988,7000,0.14912742003463,0.158806997813558,5217.4145554497,9.77682840077746
2026-03-31,0.988,7100,0.149095220284209,0.16039169134109,5217.4145554497,7.99922323465934
2026-03-31,0.988,7200,0.149238213806084,0.160406507664618,5217.4145554497,6.32618307827497
2026-04-17,1.036,200,0.918819589878557,1.01855623130064,5224.86570772161,5024.99823527785
2026-04-17,1.036,400,0.751994737676507,0.922892513208175,5224.86570772161,4825.50183999138
2026-04-17,1.036,600,NA,0.76547306935166,5224.86570772161,NA
2026-04-17,1.036,800,0.621247604888704,0.724779519825445,5224.86570772161,4426.3765218627
2026-04-17,1.036,1000,0.623947701990883,0.675811440762591,5224.86570772161,4227.88733600242
2026-04-17,1.036,1200,0.60993855690253,0.626760440521193,5224.86570772161,4029.84874383188
2026-04-17,1.036,1400,0.581136824788302,0.59260527372629,5224.86570772161,3832.3932729131
2026-04-17,1.036,1600,0.553390566077602,0.570204684939819,5224.86570772161,3636.15705551426
2026-04-17,1.036,1800,0.52653653942267,0.540471232401623,5224.86570772161,3440.0798711748
2026-04-17,1.036,2000,0.500953038594565,0.512301198636413,5224.86570772161,3244.69183012733
2026-04-17,1.036,2200,0.476229362124936,0.486046226601144,5224.86570772161,3050.09895441105
2026-04-17,1.036,2300,0.463891880085476,0.473417858761191,5224.86570772161,2953.06757168259
2026-04-17,1.036,2400,0.451807403755978,0.460742737654878,5224.86570772161,2856.19522202162
2026-04-17,1.036,2500,0.439926457061223,0.448602347191826,5224.86570772161,2759.58792746158
2026-04-17,1.036,2600,0.428209241386178,0.436629447090263,5224.86570772161,2663.19267697087
2026-04-17,1.036,2700,0.416861736180515,0.425021611468108,5224.86570772161,2567.11549263705
2026-04-17,1.036,2800,0.405577692604758,0.41348733606847,5224.86570772161,2471.25035235599
2026-04-17,1.036,2900,0.394540922594036,0.402202676073584,5224.86570772161,2375.70327825777
2026-04-17,1.036,3000,0.383872698026362,0.391285204264613,5224.86570772161,2280.58029237363
2026-04-17,1.036,3100,0.373307967698426,0.379987904912717,5224.86570772161,2185.61633947755
2026-04-17,1.036,3200,0.363277796883228,0.369750258274403,5224.86570772161,2091.44755193435
2026-04-17,1.036,3300,0.353353551350725,0.360186756903195,5224.86570772161,1997.9148966758
2026-04-17,1.036,3400,0.343886691431335,0.350345428183663,5224.86570772161,1904.85934059221
2026-04-17,1.036,3450,0.339267134428356,0.345736327604891,5224.86570772161,1858.67613430061
2026-04-17,1.036,3500,0.334870819812085,0.341218714335081,5224.86570772161,1812.75798295795
2026-04-17,1.036,3550,0.330429517949886,0.336893645168172,5224.86570772161,1767.05187578872
2026-04-17,1.036,3600,0.326056926738935,0.332510920876571,5224.86570772161,1721.50480165398
2026-04-17,1.036,3650,0.321849963826401,0.328286497120954,5224.86570772161,1676.27579369682
2026-04-17,1.036,3700,0.313499983045862,0.330783743435235,5224.86570772161,1632.63711635273
2026-04-17,1.036,3750,0.309816063551393,0.326777338510836,5224.86570772161,1588.20327382156
2026-04-17,1.036,3800,0.306115944282815,0.316537882050826,5224.86570772161,1540.5357587917
2026-04-17,1.036,3850,0.302393140470146,0.312731023756453,5224.86570772161,1496.52600434155
2026-04-17,1.036,3900,0.298827553366814,0.314184882469359,5224.86570772161,1455.96196626212
2026-04-17,1.036,3950,0.295214894455699,0.310922875384251,5224.86570772161,1412.95942124368
2026-04-17,1.036,3975,0.293455719390044,0.30907276641897,5224.86570772161,1391.45814873943
2026-04-17,1.036,4000,0.291724300501977,0.307334381820121,5224.86570772161,1370.11590926075
2026-04-17,1.036,4025,0.290103103640614,0.30553751132774,5224.86570772161,1348.87969195692
2026-04-17,1.036,4050,0.288418110309776,0.302634029527893,5224.86570772161,1326.9543311794
2026-04-17,1.036,4075,0.286753526185565,0.302013228089555,5224.86570772161,1306.61930119097
2026-04-17,1.036,4100,0.28510713006364,0.294699082466387,5224.86570772161,1281.88435631841
2026-04-17,1.036,4125,0.283476811334216,0.298644672317703,5224.86570772161,1264.83600962136
2026-04-17,1.036,4150,0.281860563433704,0.290843978024671,5224.86570772161,1239.8360096885
2026-04-17,1.036,4175,0.280256477150824,0.295334956341961,5224.86570772161,1223.47680631292
2026-04-17,1.036,4200,0.278662735678961,0.291818132270003,5224.86570772161,1201.60445663563
2026-04-17,1.036,4225,0.277077607922278,0.292070472666401,5224.86570772161,1182.54169117068
2026-04-17,1.036,4250,0.275572823763397,0.288553742890852,5224.86570772161,1160.88138558602
2026-04-17,1.036,4275,0.273998932995654,0.288838797302356,5224.86570772161,1142.08367525143
2026-04-17,1.036,4300,0.272500137823004,0.285317217955539,5224.86570772161,1120.58240269613
2026-04-17,1.036,4325,0.270791306417754,0.28446183993476,5224.86570772161,1101.04253802828
2026-04-17,1.036,4350,0.269295034256166,0.277947527380907,5224.86570772161,1077.36781355077
2026-04-17,1.036,4375,0.268069036271303,0.281226446265336,5224.86570772161,1061.6447424647
2026-04-17,1.036,4400,0.266361770070055,0.275109220116907,5224.86570772161,1038.23507320124
2026-04-17,1.036,4425,0.265119339043882,0.277863442049143,5224.86570772161,1022.40598000463
2026-04-17,1.036,4450,0.263602718357154,0.272182485084121,5224.86570772161,999.63244299929
2026-04-17,1.036,4475,0.262208477240227,0.274881686370399,5224.86570772161,983.962382945066
2026-04-17,1.036,4500,0.260675983324368,0.269290915482079,5224.86570772161,961.400889988778
2026-04-17,1.036,4525,0.259449087922893,0.271748238325893,5224.86570772161,945.995884954849
2026-04-17,1.036,4550,0.258142756381051,0.266361183918909,5224.86570772161,923.964502331489
2026-04-17,1.036,4575,0.256574836409645,0.268707017118683,5224.86570772161,908.506486405812
2026-04-17,1.036,4600,0.25523793624156,0.263446794876522,5224.86570772161,886.740158765262
2026-04-17,1.036,4625,0.253883236025249,0.262534884993388,5224.86570772161,868.896646762299
2026-04-17,1.036,4650,0.252510106244858,0.260596252362198,5224.86570772161,850.257969548255
2026-04-17,1.036,4675,0.251117912000327,0.259700260528094,5224.86570772161,832.679512641852
2026-04-17,1.036,4700,0.250169381494925,0.258026845865165,5224.86570772161,814.942022795582
2026-04-17,1.036,4725,0.248789691420112,0.256853705820619,5224.86570772161,797.416576909556
2026-04-17,1.036,4750,0.247331287562003,0.255260750879774,5224.86570772161,779.573064912528
2026-04-17,1.036,4775,0.245963806835104,0.254098702450535,5224.86570772161,762.365685275798
2026-04-17,1.036,4800,0.244739091019492,0.25246661246199,5224.86570772161,744.999272402041
2026-04-17,1.036,4825,0.243210615178466,0.251311162016635,5224.86570772161,727.950925834148
2026-04-17,1.036,4850,0.242041584012704,0.249090934546268,5224.86570772161,710.372468953078
2026-04-17,1.036,4875,0.240624925088291,0.248591954320744,5224.86570772161,694.384342807377
2026-04-17,1.036,4900,0.239503693471595,0.246387636022739,5224.86570772161,677.176963129382
2026-04-17,1.036,4925,0.23813576236292,0.24592896576655,5224.86570772161,661.612925081797
2026-04-17,1.036,4950,0.23679061649759,0.243999205438075,5224.86570772161,644.776622588811
2026-04-17,1.036,4975,0.235519242148586,0.245731637867038,5224.86570772161,631.863135767204
2026-04-17,1.036,5000,0.234266690847449,0.241695536558194,5224.86570772161,613.330480423274
2026-04-17,1.036,5025,0.23297949551069,0.243015848852591,5224.86570772161,600.363982511632
2026-04-17,1.036,5050,0.23165716137319,0.239052540589294,5224.86570772161,582.149393403231
2026-04-17,1.036,5075,0.230402030017483,0.240383038642274,5224.86570772161,569.60698354922
2026-04-17,1.036,5100,0.229109582894518,0.236482811767338,5224.86570772161,551.816482752906
2026-04-17,1.036,5125,0.227881207854303,0.23547715218898,5224.86570772161,537.259654148352
2026-04-17,1.036,5150,0.2264611998066,0.233874677385192,5224.86570772161,522.066693311213
2026-04-17,1.036,5175,0.225255318971426,0.235173101707338,5224.86570772161,510.319448890413
2026-04-17,1.036,5200,0.223957746518398,0.230767016935182,5224.86570772161,492.68798108271
2026-04-17,1.036,5225,0.222129055644026,0.231184039755507,5224.86570772161,479.749753412213
2026-04-17,1.036,5250,0.220638214693759,0.229421778228633,5224.86570772161,465.0657001612
2026-04-17,1.036,5275,0.219304661466176,0.228222830798988,5224.86570772161,451.335845374198
2026-04-17,1.036,5300,0.217876353297066,0.226332229965431,5224.86570772161,436.969858271592
2026-04-17,1.036,5325,0.216302463838995,0.225301037451094,5224.86570772161,423.558069539193
2026-04-17,1.036,5350,0.214981704364243,0.223277283973854,5224.86570772161,409.56315952609
2026-04-17,1.036,5375,0.213313032898082,0.222109507910781,5224.86570772161,396.310403957728
2026-04-17,1.036,5400,0.21224508035413,0.22014702687332,5224.86570772161,383.057648398662
2026-04-17,1.036,5425,0.210376188795306,0.219388892753649,5224.86570772161,370.441025087792
2026-04-17,1.036,5450,0.209006061657104,0.217131723500246,5224.86570772161,356.976225309705
2026-04-17,1.036,5475,0.207281272767134,0.216480843253131,5224.86570772161,345.048745240017
2026-04-17,1.036,5500,0.206408669789818,0.214122240311187,5224.86570772161,332.432121823859
2026-04-17,1.036,5525,0.204319452484656,0.213324323438069,5224.86570772161,320.398619689227
2026-04-17,1.036,5550,0.203337757582372,0.211211053999822,5224.86570772161,308.365117742296
2026-04-17,1.036,5575,0.20163744937939,0.210465402658553,5224.86570772161,297.23280302407
2026-04-17,1.036,5600,0.199977343461571,0.208340940469189,5224.86570772161,284.934245777691
2026-04-17,1.036,5625,0.198304949178938,0.207543575986773,5224.86570772161,274.226019387559
2026-04-17,1.036,5650,0.197191904760787,0.205298334647245,5224.86570772161,262.828649447157
2026-04-17,1.036,5675,0.195389372118191,0.204705721141818,5224.86570772161,252.650533072121
2026-04-17,1.036,5700,0.194203784510879,0.202594487953069,5224.86570772161,241.78327354299
2026-04-17,1.036,5725,0.192581411272689,0.201842796839384,5224.86570772161,232.082256339934
2026-04-17,1.036,5750,0.192128794031158,0.199597370690532,5224.86570772161,222.275217275988
2026-04-17,1.036,5775,0.189662588698289,0.198893561489753,5224.86570772161,212.256133940629
2026-04-17,1.036,5800,0.189145002830511,0.196666678409919,5224.86570772161,202.873182908442
2026-04-17,1.036,5825,0.186843530125677,0.19612288017724,5224.86570772161,193.649265074439
2026-04-17,1.036,5850,0.186145845098421,0.193912978891439,5224.86570772161,184.584380178557
2026-04-17,1.036,5875,0.184070242274108,0.193369390788416,5224.86570772161,176.049605674708
2026-04-17,1.036,5900,0.183183322394995,0.191633049569504,5224.86570772161,167.726875196755
2026-04-17,1.036,5925,0.181344404434601,0.190690042243527,5224.86570772161,159.51016663827
2026-04-17,1.036,5950,0.180197020988971,0.188389564162098,5224.86570772161,150.922380928342
2026-04-17,1.036,5975,0.178731970398063,0.188090605686633,5224.86570772161,144.083959007972
2026-04-17,1.036,6000,0.177307948059026,0.185738579628295,5224.86570772161,135.708217476092
2026-04-17,1.036,6025,0.1759917810232,0.185455985218061,5224.86570772161,129.452916927623
2026-04-17,1.036,6050,0.17472539274243,0.183173350695085,5224.86570772161,121.766318661823
2026-04-17,1.036,6075,0.173378928764619,0.182914108761852,5224.86570772161,115.935106134128
2026-04-17,1.036,6100,0.171947514198164,0.180708269934225,5224.86570772161,108.672596077894
2026-04-17,1.036,6125,0.170636860446461,0.180616319583319,5224.86570772161,103.424504796772
2026-04-17,1.036,6150,0.1693131019675,0.178294186942358,5224.86570772161,96.6390939483249
2026-04-17,1.036,6175,0.167976559339972,0.17846323566845,5224.86570772161,91.9741239969418
2026-04-17,1.036,6200,0.167086627359926,0.176020715178325,5224.86570772161,85.8778563933072
2026-04-17,1.036,6225,0.165346182064362,0.176339894995192,5224.86570772161,81.4249305838418
2026-04-17,1.036,6250,0.163977525833751,0.173922787242226,5224.86570772161,75.4876959877237
2026-04-17,1.036,6275,0.162683880942643,0.174187483087768,5224.86570772161,71.6709023902574
2026-04-17,1.036,6300,0.161388503791547,0.171803630972192,5224.86570772161,66.2637780081179
2026-04-17,1.036,6325,0.157990613541382,0.172348337680938,5224.86570772161,61.7578411269724
2026-04-17,1.036,6350,0.156808301861226,0.170022387781575,5224.86570772161,56.9338381033966
2026-04-17,1.036,6375,0.155643274072863,0.170637706640332,5224.86570772161,54.1242539300437
2026-04-17,1.036,6400,0.154501999957804,0.168393068623208,5224.86570772161,49.7773500530936
2026-04-17,1.036,6425,0.156698491508203,0.168075821155165,5224.86570772161,48.3990635066658
2026-04-17,1.036,6450,0.156207049756844,0.166875048187754,5224.86570772161,45.2714131908663
2026-04-17,1.036,6500,0.154469779252625,0.164578908323294,5224.86570772161,39.1751455953911
2026-04-17,1.036,6550,0.153074006255582,0.163501012310147,5224.86570772161,34.4041536071497
2026-04-17,1.036,6600,0.155022985880575,0.16129021069735,5224.86570772161,30.9054261417631
2026-04-17,1.036,6650,0.153829375802397,0.160873603188686,5224.86570772161,27.3006765771896
2026-04-17,1.036,6700,0.15267711513686,0.159318196991262,5224.86570772161,23.6429160729251
2026-04-17,1.036,6750,0.151802692879102,0.158692350694952,5224.86570772161,20.780320794352
2026-04-17,1.036,6800,0.150958155307573,0.15810843094024,5224.86570772161,18.2357917406713
2026-04-17,1.036,6900,0.149847925375346,0.157476611955844,5224.86570772161,14.2069540116838
2026-04-17,1.036,7000,0.149397114317534,0.157176068340253,5224.86570772161,11.185325745752
2026-04-17,1.036,7100,0.149148382505074,0.157984323621544,5224.86570772161,9.01187382599322
2026-04-17,1.036,7200,0.14922995079206,0.158895144584862,5224.86570772161,7.31552110651796
2026-04-17,1.036,7300,0.149746628329289,0.159825746985183,5224.86570772161,5.99024554147165
2026-04-17,1.036,7400,0.150163742244604,0.162177024493001,5224.86570772161,5.08905816482719
2026-04-17,1.036,7600,0.150517363825471,0.166234451633612,5224.86570772161,3.63125503137617
2026-04-17,1.036,7800,0.150738818509393,0.171568607791473,5224.86570772161,2.75657317110307
2026-04-17,1.036,8000,0.149390646136734,0.176922361741168,5224.86570772161,2.12044089230942
2026-04-17,1.036,8200,0.145546937154314,0.182721426415758,5224.86570772161,1.69635271914139
2026-04-17,1.036,8400,NA,0.188600982099049,5224.86570772161,NA
2026-04-17,1.036,8600,NA,0.19479405574003,5224.86570772161,NA
2026-04-17,1.036,8800,NA,0.200533179766122,5224.86570772161,NA
2026-04-17,1.036,9000,NA,0.206900879445744,5224.86570772161,NA
2026-04-17,1.036,9200,NA,0.21297098038086,5224.86570772161,NA
2026-04-17,1.036,9400,NA,0.218750815863628,5224.86570772161,NA
2026-04-17,1.036,9600,NA,0.224245800807226,5224.86570772161,NA
2026-04-17,1.036,9800,NA,0.230142036332309,5224.86570772161,NA
2026-06-18,1.208,200,NA,1.07504596135016,5246.9608313846,NA
2026-06-18,1.208,400,NA,0.854953155231261,5246.9608313846,NA
2026-06-18,1.208,600,NA,0.712763277426451,5246.9608313846,NA
2026-06-18,1.208,800,0.611123081201396,0.677922752822721,5246.9608313846,4448.79873572256
2026-06-18,1.208,1000,0.600244839173094,0.636027510502534,5246.9608313846,4250.61038428488
2026-06-18,1.208,1200,0.581020221455731,0.593360716032682,5246.9608313846,4052.89463681882
2026-06-18,1.208,1400,0.551441993760716,0.558216278317389,5246.9608313846,3855.52021444521
2026-06-18,1.208,1600,0.525190274806097,0.538120109289625,5246.9608313846,3659.72113864416
2026-06-18,1.208,1800,0.499620180366453,0.510015778294786,5246.9608313846,3463.97457440734
2026-06-18,1.208,2000,0.475192367325441,0.483773047039569,5246.9608313846,3268.96317188177
2026-06-18,1.208,2200,0.451267287012333,0.459162202919199,5246.9608313846,3074.68693111074
2026-06-18,1.208,2300,0.439566031441353,0.447296777442746,5246.9608313846,2977.83762425266
2026-06-18,1.208,2400,0.42838028474329,0.435396351408748,5246.9608313846,2881.19836363385
2026-06-18,1.208,2500,0.417090755677568,0.423974667233133,5246.9608313846,2784.76914918864
2026-06-18,1.208,2600,0.406195744749753,0.412710472178709,5246.9608313846,2688.60249250692
2026-06-18,1.208,2700,0.395398001879224,0.40177983205061,5246.9608313846,2592.69839363009
2026-06-18,1.208,2800,0.38487141226662,0.391111416561808,5246.9608313846,2497.10936404009
2026-06-18,1.208,2900,0.374553429160945,0.38064683629797,5246.9608313846,2401.83540376763
2026-06-18,1.208,3000,0.364555795991639,0.370495987031861,5246.9608313846,2306.98153590911
2026-06-18,1.208,3100,0.35479842221871,0.360582892923036,5246.9608313846,2212.54776049313
2026-06-18,1.208,3200,0.345354468905638,0.350980057288409,5246.9608313846,2118.63910052961
2026-06-18,1.208,3300,0.336267074332003,0.341856627661575,5246.9608313846,2025.4130908559
2026-06-18,1.208,3350,0.331856386498023,0.337360103172834,5246.9608313846,1979.03638794594
2026-06-18,1.208,3400,0.32755640090395,0.332973957725962,5246.9608313846,1932.86973134486
2026-06-18,1.208,3450,0.32335092548819,0.328682606365271,5246.9608313846,1886.91312081408
2026-06-18,1.208,3500,0.319225247245814,0.324471843511113,5246.9608313846,1841.1665565878
2026-06-18,1.208,3550,0.314846532006859,0.320328723925221,5246.9608313846,1795.47250391742
2026-06-18,1.208,3600,0.311161046435272,0.316342091706677,5246.9608313846,1750.35607826917
2026-06-18,1.208,3650,0.30729824592215,0.312490609964257,5246.9608313846,1705.39718728581
2026-06-18,1.208,3700,0.299329444266423,0.309783512372219,5246.9608313846,1659.02048443712
2026-06-18,1.208,3750,0.295842923102735,0.306650724257069,5246.9608313846,1615.00680137579
2026-06-18,1.208,3800,0.293780946691842,0.302694898443063,5246.9608313846,1571.57074555306
2026-06-18,1.208,3850,0.289696993447038,0.299420975376651,5246.9608313846,1527.60957406219
2026-06-18,1.208,3875,0.287384119462141,0.299109310459846,5246.9608313846,1506.39040581291
2026-06-18,1.208,3900,0.285711478815583,0.295617124526598,5246.9608313846,1483.59589100451
2026-06-18,1.208,3925,0.284069734067842,0.295648197085666,5246.9608313846,1463.16439608487
2026-06-18,1.208,3950,0.282456347219382,0.292193673691816,5246.9608313846,1440.52741594495
2026-06-18,1.208,3975,0.28086890541714,0.294765155000923,5246.9608313846,1422.03884852883
2026-06-18,1.208,4000,0.279773948593061,0.288879428869018,5246.9608313846,1398.1941026778
2026-06-18,1.208,4025,0.277608999192033,0.29151633224205,5246.9608313846,1379.60051199492
2026-06-18,1.208,4050,0.276088626730521,0.285657239025395,5246.9608313846,1355.54571999912
2026-06-18,1.208,4075,0.274585621106719,0.288349078206721,5246.9608313846,1337.68729107383
2026-06-18,1.208,4100,0.273098114436787,0.282654811914511,5246.9608313846,1313.84254526871
2026-06-18,1.208,4125,0.271552291403137,0.285249139730526,5246.9608313846,1296.14165105917
2026-06-18,1.208,4150,0.270091678855335,0.279567130370994,5246.9608313846,1272.40192837276
2026-06-18,1.208,4175,0.268571652147328,0.282271489438106,5246.9608313846,1255.06861495834
2026-06-18,1.208,4200,0.26768099955644,0.27646160264968,5246.9608313846,1231.74898466628
2026-06-18,1.208,4225,0.265495328519166,0.279332540982868,5246.9608313846,1214.31064829917
2026-06-18,1.208,4250,0.264738196298859,0.273856765294968,5246.9608313846,1191.46362190343
2026-06-18,1.208,4275,0.262783599489068,0.273525323306734,5246.9608313846,1171.8723118308
2026-06-18,1.208,4300,0.261883624213689,0.270938523050947,5246.9608313846,1151.38830525269
2026-06-18,1.208,4325,0.25994994912898,0.270522251837044,5246.9608313846,1131.95452993399
2026-06-18,1.208,4350,0.258535190684696,0.26803466537513,5246.9608313846,1111.31298876909
2026-06-18,1.208,4375,0.257244480187294,0.26759527262312,5246.9608313846,1092.61437510064
2026-06-18,1.208,4400,0.256805954874951,0.264591953479832,5246.9608313846,1072.55046107023
2026-06-18,1.208,4425,0.255433469598886,0.263716539363533,5246.9608313846,1053.64180106364
2026-06-18,1.208,4450,0.253460723203865,0.262471236662409,5246.9608313846,1033.99797946808
2026-06-18,1.208,4475,0.252203950101082,0.26162588869472,5246.9608313846,1015.45690040158
2026-06-18,1.208,4500,0.251460676397243,0.258978538210707,5246.9608313846,995.86559026761
2026-06-18,1.208,4525,0.249661765580828,0.259482852586278,5246.9608313846,978.322230740331
2026-06-18,1.208,4550,0.248431679671939,0.256957641419945,5246.9608313846,958.625897567659
2026-06-18,1.208,4575,0.24718890129155,0.256728893316111,5246.9608313846,941.187561126657
2026-06-18,1.208,4600,0.246541982221279,0.253496782558763,5246.9608313846,921.596251105695
2026-06-18,1.208,4625,0.244662924403439,0.25399446620864,5246.9608313846,904.52549536938
2026-06-18,1.208,4650,0.24343273895945,0.250780572848447,5246.9608313846,884.619116010061
2026-06-18,1.208,4675,0.242186383718298,0.251323901345302,5246.9608313846,868.493568539542
2026-06-18,1.208,4700,0.241930946383301,0.24812182821481,5246.9608313846,849.794954812533
2026-06-18,1.208,4725,0.239695611405583,0.248392188247835,5246.9608313846,832.724199211997
2026-06-18,1.208,4750,0.238449122577849,0.245664864221226,5246.9608313846,813.763027765685
2026-06-18,1.208,4775,0.237183397282336,0.245770309290719,5246.9608313846,797.79501469036
2026-06-18,1.208,4800,0.236204240525107,0.242933028518819,5246.9608313846,779.253935773695
2026-06-18,1.208,4825,0.234642851889813,0.242778297422121,5246.9608313846,763.023365021428
2026-06-18,1.208,4850,0.233416315629606,0.24043328422277,5246.9608313846,745.00740150672
2026-06-18,1.208,4875,0.232117079019553,0.240170964704985,5246.9608313846,729.249434709603
2026-06-18,1.208,4900,0.23089399578331,0.23785113825155,5246.9608313846,711.54854044199
2026-06-18,1.208,4925,0.229597270833826,0.237776005258035,5246.9608313846,696.315689226185
2026-06-18,1.208,4950,0.228324823281074,0.235474360404043,5246.9608313846,678.877352855401
2026-06-18,1.208,4975,0.227510102874885,0.234756461747902,5246.9608313846,663.802036189797
2026-06-18,1.208,5000,0.225846683049411,0.232759599627927,5246.9608313846,646.573745985098
2026-06-18,1.208,5025,0.224542685198214,0.232702321979916,5246.9608313846,632.023545044799
2026-06-18,1.208,5050,0.223305815040927,0.230850225368534,5246.9608313846,615.740462767724
2026-06-18,1.208,5075,0.222039546231381,0.230204879796856,5246.9608313846,600.92770374884
2026-06-18,1.208,5100,0.220790313640031,0.227741320002176,5246.9608313846,584.27704085623
2026-06-18,1.208,5125,0.219510135527833,0.227691899806312,5246.9608313846,570.462001319126
2026-06-18,1.208,5150,0.21824498197707,0.225461279649128,5246.9608313846,554.388965405411
2026-06-18,1.208,5175,0.216993676756433,0.225203109464451,5246.9608313846,540.731460704082
2026-06-18,1.208,5200,0.215755097185664,0.222734488222615,5246.9608313846,524.763447715036
2026-06-18,1.208,5225,0.214482098842921,0.22273103185171,5246.9608313846,511.736081687695
2026-06-18,1.208,5250,0.212803575439112,0.221168623272678,5246.9608313846,496.654263669223
2026-06-18,1.208,5275,0.21160000137354,0.220175990714352,5246.9608313846,482.948748393285
2026-06-18,1.208,5300,0.210313371087649,0.218553487964116,5246.9608313846,468.613094664826
2026-06-18,1.208,5325,0.209080271477116,0.217675007613759,5246.9608313846,455.380183517995
2026-06-18,1.208,5350,0.207853931522246,0.215938248318323,5246.9608313846,441.359598886739
2026-06-18,1.208,5375,0.206679114369471,0.215124845588058,5246.9608313846,428.651803259887
2026-06-18,1.208,5400,0.205372358784819,0.213315744065408,5246.9608313846,414.841264867031
2026-06-18,1.208,5425,0.204161073659367,0.21261033153461,5246.9608313846,402.60607303318
2026-06-18,1.208,5450,0.202633061296841,0.210724622181837,5246.9608313846,388.84804645058
2026-06-18,1.208,5475,0.201335644985863,0.210079364212689,5246.9608313846,376.980435388328
2026-06-18,1.208,5500,0.200039531362337,0.208112415591734,5246.9608313846,363.8000358347
2026-06-18,1.208,5525,0.19878986221353,0.207571524831718,5246.9608313846,352.510052069981
2026-06-18,1.208,5550,0.19744771535241,0.205472271070623,5246.9608313846,339.539698448557
2026-06-18,1.208,5575,0.196242979025368,0.205081207120835,5246.9608313846,328.879853522243
2026-06-18,1.208,5600,0.195734910983264,0.203075555498543,5246.9608313846,317.379823385186
2026-06-18,1.208,5625,0.194202960144881,0.202556652536918,5246.9608313846,306.614955262507
2026-06-18,1.208,5650,0.192900269492229,0.200313956327362,5246.9608313846,294.379763268685
2026-06-18,1.208,5675,0.192491952646228,0.200038709615684,5246.9608313846,285.557822643952
2026-06-18,1.208,5700,0.190995733017054,0.197786217638874,5246.9608313846,273.532677083385
2026-06-18,1.208,5725,0.18886778768126,0.197570281623283,5246.9608313846,263.2929241979
2026-06-18,1.208,5750,0.18725229124165,0.195303599928415,5246.9608313846,251.582848045505
2026-06-18,1.208,5775,0.186014646194877,0.19505235063462,5246.9608313846,242.708395713917
2026-06-18,1.208,5800,0.186296868658158,0.192766313146268,5246.9608313846,233.466362501631
2026-06-18,1.208,5825,0.183717639763864,0.192527858478419,5246.9608313846,223.594190630648
2026-06-18,1.208,5850,0.182258674929423,0.190317017138894,5246.9608313846,213.039368626702
2026-06-18,1.208,5875,0.180990262477245,0.190093425215183,5246.9608313846,205.005101041357
2026-06-18,1.208,5900,0.181361285529381,0.187602220274028,5246.9608313846,196.498229554588
2026-06-18,1.208,5925,0.178529641296325,0.187547002595137,5246.9608313846,187.466242537403
2026-06-18,1.208,5950,0.177286129499409,0.185382289662732,5246.9608313846,178.11918609063
2026-06-18,1.208,5975,0.176087047319029,0.185194802204855,5246.9608313846,171.030126557895
2026-06-18,1.208,6000,0.176408421273674,0.182838356875382,5246.9608313846,163.468462951493
2026-06-18,1.208,6025,0.17377549377492,0.182835562034544,5246.9608313846,155.591730211003
2026-06-18,1.208,6050,0.172496707844452,0.180715507765821,5246.9608313846,147.189881715803
2026-06-18,1.208,6075,0.171380237759938,0.180469792856426,5246.9608313846,140.941006998754
2026-06-18,1.208,6100,0.17219281859803,0.178429009272795,5246.9608313846,134.954689995759
2026-06-18,1.208,6125,0.169075051260818,0.178331104860254,5246.9608313846,127.445537887329
2026-06-18,1.208,6150,0.169960461524245,0.176202247555933,5246.9608313846,121.826801831683
2026-06-18,1.208,6175,0.166814423599241,0.176268866951444,5246.9608313846,114.895276908239
2026-06-18,1.208,6200,0.16772440491705,0.174109395327866,5246.9608313846,109.644121728367
2026-06-18,1.208,6225,0.16421765746431,0.174299227681363,5246.9608313846,102.975154502266
2026-06-18,1.208,6250,0.163075346088734,0.172110948358803,5246.9608313846,96.4637219591935
2026-06-18,1.208,6275,0.161934336236455,0.172377777951675,5246.9608313846,92.1577746694024
2026-06-18,1.208,6300,0.163136183717286,0.170162533930197,5246.9608313846,87.7993158371287
2026-06-18,1.208,6325,0.159589783459702,0.170659509629399,5246.9608313846,82.2330912234326
2026-06-18,1.208,6350,0.158462008865362,0.168496489812331,5246.9608313846,76.6143551082154
2026-06-18,1.208,6375,0.157344410861898,0.169116191998993,5246.9608313846,73.2536158072103
2026-06-18,1.208,6400,0.158645942600021,0.166799267342974,5246.9608313846,69.5252955090366
2026-06-18,1.208,6425,0.158620913887905,0.167107873883755,5246.9608313846,66.8997179475318
2026-06-18,1.208,6450,0.156748638281195,0.165397981207327,5246.9608313846,61.8586088383842
2026-06-18,1.208,6475,0.15314365070323,0.166338334555005,5246.9608313846,57.7627076993961
2026-06-18,1.208,6500,0.158476000531854,0.160215048406999,5246.9608313846,54.6120146308279
2026-06-18,1.208,6525,0.151962955158779,0.164244536597967,5246.9608313846,51.0412290379253
2026-06-18,1.208,6550,0.153067038653051,0.162724146237599,5246.9608313846,48.5206744956403
2026-06-18,1.208,6575,0.150174323087685,0.163306945640357,5246.9608313846,45.2649582661481
2026-06-18,1.208,6600,0.151149224282826,0.161796130149171,5246.9608313846,42.9019384123869
2026-06-18,1.208,6625,0.150345190512142,0.161757112244388,5246.9608313846,40.5914300938899
2026-06-18,1.208,6650,0.149514690736675,0.160142442790121,5246.9608313846,37.5457600625659
2026-06-18,1.208,6675,0.148778807222984,0.160624587031803,5246.9608313846,35.7603672751881
2026-06-18,1.208,6700,0.152749094875864,0.15761881574528,5246.9608313846,34.3950669035838
2026-06-18,1.208,6725,0.152311685695419,0.157238817944947,5246.9608313846,32.4521394343424
2026-06-18,1.208,6750,0.151891296580544,0.156876192221013,5246.9608313846,30.6142351036997
2026-06-18,1.208,6775,0.151493844339971,0.157141388943477,5246.9608313846,29.1439116026434
2026-06-18,1.208,6800,0.151126025765088,0.156224660339134,5246.9608313846,27.2534957567795
2026-06-18,1.208,6825,0.150653845074243,0.156467354125408,5246.9608313846,25.8881954213116
2026-06-18,1.208,6850,0.150363321907478,0.156117394388488,5246.9608313846,24.4178719234725
2026-06-18,1.208,6875,0.15012771839638,0.155947493211203,5246.9608313846,23.1050830937739
2026-06-18,1.208,6900,0.149798411756187,0.154824242661788,5246.9608313846,21.4772249560779
2026-06-18,1.208,6925,0.149533528481977,0.155646560040841,5246.9608313846,20.637040159151
2026-06-18,1.208,6950,0.149345287089372,0.154906120031454,5246.9608313846,19.3242513252734
2026-06-18,1.208,6975,0.149247040852342,0.155323432434892,5246.9608313846,18.4840665150836
2026-06-18,1.208,7000,0.149067097398358,0.154368420943005,5246.9608313846,17.2237892486413
2026-06-18,1.208,7050,0.148637708214953,0.154714418193407,5246.9608313846,15.5434195445118
2026-06-18,1.208,7100,0.148489611190888,0.154437743356769,5246.9608313846,13.9155614289447
2026-06-18,1.208,7150,0.148491614989615,0.154864923704962,5246.9608313846,12.6552841523998
2026-06-18,1.208,7200,0.148455037732055,0.154854150776599,5246.9608313846,11.3950068927219
2026-06-18,1.208,7250,0.148675394037415,0.15573962215807,5246.9608313846,10.5023104974594
2026-06-18,1.208,7300,0.14864602900008,0.156228898875482,5246.9608313846,9.55710256997681
2026-06-18,1.208,7400,0.149083859895029,0.15716333497787,5246.9608313846,7.9817559620039
2026-06-18,1.208,7500,0.149718744531406,0.157609799669643,5246.9608313846,6.61645562377311
2026-06-18,1.208,7600,0.150383590106046,0.158967586929251,5246.9608313846,5.61873611100626
2026-06-18,1.208,7700,0.150730481717159,0.161323386735764,5246.9608313846,4.88357439485396
2026-06-18,1.208,7800,0.151418834601178,0.163339762246465,5246.9608313846,4.25343575443713
2026-06-18,1.208,7900,0.151692074458227,0.16544988381441,5246.9608313846,3.70206445296786
2026-06-18,1.208,8000,0.152384881392459,0.167227328809633,5246.9608313846,3.22946048122708
2026-06-18,1.208,8200,0.152566356872079,0.172069468561003,5246.9608313846,2.54681029392803
2026-06-18,1.208,8400,0.152800589301724,0.176681605251368,5246.9608313846,2.04795055234206
2026-06-18,1.208,8600,0.149809716557051,0.181232645143572,5246.9608313846,1.62785812687203
2026-06-18,1.208,8800,0.144210199967679,0.185929886672881,5246.9608313846,1.33904459304341
2026-06-18,1.208,9000,NA,0.191480876553984,5246.9608313846,NA
2026-06-18,1.208,9200,NA,0.196698739335069,5246.9608313846,NA
2026-06-18,1.208,9400,NA,0.201582587203788,5246.9608313846,NA
2026-06-18,1.208,9600,0.15389390743463,0.20671588924204,5246.9608313846,0.997719497380449
2026-06-18,1.208,10000,NA,0.216867386795972,5246.9608313846,NA
2026-06-18,1.208,10400,NA,0.226877601114626,5246.9608313846,NA
2026-06-18,1.208,11000,NA,0.241412391940045,5246.9608313846,NA
2026-06-18,1.208,12000,NA,0.263253214968296,5246.9608313846,NA
2026-12-18,1.716,200,0.717171451853633,0.875493807416501,5312.11830707009,5112.46449369126
2026-12-18,1.716,400,NA,0.749843786926891,5312.11830707009,NA
2026-12-18,1.716,600,0.470700479076891,0.65359698450517,5312.11830707009,4713.36990485427
2026-12-18,1.716,800,0.534621044229491,0.596381227099658,5312.11830707009,4514.75465133737
2026-12-18,1.716,1000,0.524292879439769,0.560081913594143,5312.11830707009,4317.12469820547
2026-12-18,1.716,1200,0.505282970720505,0.529085887268715,5312.11830707009,4120.26700753866
2026-12-18,1.716,1400,0.481848676012899,0.499451900709082,5312.11830707009,3923.83539269833
2026-12-18,1.716,1600,0.459320627000944,0.473435965272752,5312.11830707009,3728.202670072
2026-12-18,1.716,1800,0.438049937679475,0.449708339751857,5312.11830707009,3533.42209913438
2026-12-18,1.716,2000,0.417037558968664,0.42724286441194,5312.11830707009,3339.33390141785
2026-12-18,1.716,2200,0.396693554526418,0.406006874859929,5312.11830707009,3146.04459591156
2026-12-18,1.716,2400,0.377119080681773,0.38093171113884,5312.11830707009,2952.38247409232
2026-12-18,1.716,2500,0.367651149450384,0.375857588829439,5312.11830707009,2857.7616815796
2026-12-18,1.716,2600,0.358465926861763,0.366344471572959,5312.11830707009,2762.23547786824
2026-12-18,1.716,2700,0.349504881911442,0.35723078125195,5312.11830707009,2667.08209060186
2026-12-18,1.716,2800,0.340720488626362,0.348287482362249,5312.11830707009,2572.2482601782
2026-12-18,1.716,2900,0.332353469590359,0.33961330310032,5312.11830707009,2477.89376506999
2026-12-18,1.716,3000,0.3241786849925,0.331273235375473,5312.11830707009,2384.01860524194
2026-12-18,1.716,3100,0.316266218602754,0.323306504166245,5312.11830707009,2290.72929975104
2026-12-18,1.716,3200,0.308659938333728,0.315625608660849,5312.11830707009,2198.07910804591
2026-12-18,1.716,3300,0.301486426202824,0.30815831518936,5312.11830707009,2106.17454904881
2026-12-18,1.716,3400,0.294732524368292,0.301215832757079,5312.11830707009,2015.28192009316
2026-12-18,1.716,3500,0.287934575632594,0.294500838523812,5312.11830707009,1925.08166445491
2026-12-18,1.716,3600,0.278493716347738,0.290197096061784,5312.11830707009,1835.41400362368
2026-12-18,1.716,3700,0.27297145296593,0.284201803175917,5312.11830707009,1747.87672197294
2026-12-18,1.716,3800,0.267690103816683,0.278412379872761,5312.11830707009,1661.56440839616
2026-12-18,1.716,3850,0.265042944108279,0.27563262776941,5312.11830707009,1618.86095725885
2026-12-18,1.716,3900,0.262430812023982,0.272760305840122,5312.11830707009,1576.37054383821
2026-12-18,1.716,3950,0.259977252596484,0.270055844473047,5312.11830707009,1534.41272537621
2026-12-18,1.716,4000,0.258364247008203,0.26787398647412,5312.11830707009,1493.89291280991
2026-12-18,1.716,4050,0.255097210635673,0.265015753854675,5312.11830707009,1451.72205637446
2026-12-18,1.716,4100,0.253620092286985,0.262474019716197,5312.11830707009,1411.68157915537
2026-12-18,1.716,4125,0.252436991601986,0.263311204059442,5312.11830707009,1393.33901423554
2026-12-18,1.716,4150,0.251265318827053,0.260333105422513,5312.11830707009,1371.5878424087
2026-12-18,1.716,4175,0.250161406317785,0.26057143523493,5312.11830707009,1352.97898011144
2026-12-18,1.716,4200,0.248838367139993,0.257831885998818,5312.11830707009,1331.44084628171
2026-12-18,1.716,4225,0.247528102652022,0.258164185385897,5312.11830707009,1312.93850285142
2026-12-18,1.716,4250,0.246450189613135,0.255482226955011,5312.11830707009,1291.82644502615
2026-12-18,1.716,4275,0.245376925329086,0.255417606701615,5312.11830707009,1273.3773610222
2026-12-18,1.716,4300,0.244951827505482,0.253162146134098,5312.11830707009,1253.49027117231
2026-12-18,1.716,4325,0.243347093371336,0.253500876012516,5312.11830707009,1235.14770624155
2026-12-18,1.716,4350,0.242019763706858,0.250813082845701,5312.11830707009,1214.08890762092
2026-12-18,1.716,4375,0.240855620529422,0.251126488317086,5312.11830707009,1196.38545651874
2026-12-18,1.716,4400,0.239796951961866,0.248078651227137,5312.11830707009,1175.37991746709
2026-12-18,1.716,4425,0.239343831806145,0.248271177722219,5312.11830707009,1158.52861785042
2026-12-18,1.716,4450,0.238327351860181,0.246362904897289,5312.11830707009,1138.96108498064
2026-12-18,1.716,4475,0.23711164804567,0.246425126704018,5312.11830707009,1121.41741204936
2026-12-18,1.716,4500,0.236092582660927,0.243516858197175,5312.11830707009,1100.94446785922
2026-12-18,1.716,4525,0.235070232472359,0.243895788760046,5312.11830707009,1084.19968738377
2026-12-18,1.716,4550,0.234091741465252,0.241452278739686,5312.11830707009,1064.47237593301
2026-12-18,1.716,4575,0.232966493665471,0.241656215391498,5312.11830707009,1047.67433590979
2026-12-18,1.716,4600,0.232071753005038,0.239096632746916,5312.11830707009,1028.10680271953
2026-12-18,1.716,4625,0.230891774724489,0.239409284138054,5312.11830707009,1011.62831957199
2026-12-18,1.716,4650,0.229891794322087,0.237053656189659,5312.11830707009,992.380343550955
2026-12-18,1.716,4675,0.22883946020323,0.237240871672241,5312.11830707009,976.168157699712
2026-12-18,1.716,4700,0.227915126476951,0.23476528370099,5312.11830707009,957.07995998747
2026-12-18,1.716,4725,0.226847912442697,0.235053681997094,5312.11830707009,941.240590680554
2026-12-18,1.716,4750,0.225817326161149,0.232898466954239,5312.11830707009,922.631728142059
2026-12-18,1.716,4775,0.224909154665036,0.233105258837339,5312.11830707009,907.165175132286
2026-12-18,1.716,4800,0.223773200730184,0.230650318287567,5312.11830707009,888.29001524162
2026-12-18,1.716,4825,0.222844107508991,0.230994286709948,5312.11830707009,873.249538227316
2026-12-18,1.716,4850,0.221647467576544,0.228544792942046,5312.11830707009,854.53415677858
2026-12-18,1.716,4875,0.220654149914049,0.228934952635822,5312.11830707009,839.759977084649
2026-12-18,1.716,4900,0.219607040223797,0.226487171046266,5312.11830707009,821.470671675076
2026-12-18,1.716,4925,0.218590094616545,0.2268791539495,5312.11830707009,806.962789236077
2026-12-18,1.716,4950,0.21756068718565,0.224595189963549,5312.11830707009,789.152818881271
2026-12-18,1.716,4975,0.216518483528098,0.224863640639777,5312.11830707009,774.751455520063
2026-12-18,1.716,5000,0.215463139054538,0.222409161822275,5312.11830707009,756.941485131489
2026-12-18,1.716,5025,0.214434927791075,0.222801624647674,5312.11830707009,743.019457112126
2026-12-18,1.716,5050,0.213432782645763,0.220500634629868,5312.11830707009,725.742081847964
2026-12-18,1.716,5075,0.212576224028102,0.220770922339874,5312.11830707009,712.192870028465
2026-12-18,1.716,5100,0.211542700587984,0.21829698964898,5312.11830707009,694.915494706277
2026-12-18,1.716,5125,0.210413913616901,0.218766522036772,5312.11830707009,681.579320785164
2026-12-18,1.716,5150,0.209309372901453,0.21643623421148,5312.11830707009,664.674761732437
2026-12-18,1.716,5175,0.208425214830331,0.216704907095453,5312.11830707009,651.71140442698
2026-12-18,1.716,5200,0.207247770911338,0.214237772622797,5312.11830707009,634.806845223212
2026-12-18,1.716,5225,0.206210140484185,0.214700948879536,5312.11830707009,622.216304123874
2026-12-18,1.716,5250,0.205154282473537,0.212368322415947,5312.11830707009,605.950858955175
2026-12-18,1.716,5275,0.204118671124622,0.212671805954972,5312.11830707009,593.46683685128
2026-12-18,1.716,5300,0.203257595737993,0.210119665596395,5312.11830707009,577.467689020173
2026-12-18,1.716,5325,0.202102707287603,0.210302055227329,5312.11830707009,564.976565506727
2026-12-18,1.716,5350,0.201189193492373,0.20867630187027,5312.11830707009,550.489986809456
2026-12-18,1.716,5375,0.19956129838443,0.208190637956852,5312.11830707009,536.749041067867
2026-12-18,1.716,5400,0.198567671348217,0.206414767478856,5312.11830707009,522.262462508665
2026-12-18,1.716,5425,0.197590470222875,0.206158872340606,5312.11830707009,510.066041592545
2026-12-18,1.716,5450,0.196629180307163,0.20457632871303,5312.11830707009,496.218576557321
2026-12-18,1.716,5475,0.195644958755838,0.204125768093679,5312.11830707009,484.075415188434
2026-12-18,1.716,5500,0.194675750415455,0.202388181376342,5312.11830707009,470.334469330574
2026-12-18,1.716,5525,0.193682743145311,0.202126204265122,5312.11830707009,458.777161966185
2026-12-18,1.716,5550,0.192742293754993,0.200384492225337,5312.11830707009,445.409032519607
2026-12-18,1.716,5575,0.191738776800633,0.200080067031878,5312.11830707009,434.118022721035
2026-12-18,1.716,5600,0.190748572229362,0.198177645095504,5312.11830707009,420.803152650708
2026-12-18,1.716,5625,0.189771330067619,0.198060901482471,5312.11830707009,410.151256588414
2026-12-18,1.716,5650,0.188652042586797,0.196148470156727,5312.11830707009,396.996165199927
2026-12-18,1.716,5675,0.187660641993614,0.196065848747635,5312.11830707009,386.717085462282
2026-12-18,1.716,5700,0.187108978305236,0.194101757249716,5312.11830707009,374.627183560612
2026-12-18,1.716,5725,0.186064491015627,0.194053483308214,5312.11830707009,364.667660602904
2026-12-18,1.716,5750,0.18507018324082,0.191995172233728,5312.11830707009,352.204942219929
2026-12-18,1.716,5775,0.18404759658363,0.192059974677104,5312.11830707009,342.778014306953
2026-12-18,1.716,5800,0.182956440574289,0.189745614068547,5312.11830707009,330.208776896038
2026-12-18,1.716,5825,0.18135769455326,0.190043749196649,5312.11830707009,320.675329997314
2026-12-18,1.716,5850,0.180322295080231,0.187743708836831,5312.11830707009,308.585427888355
2026-12-18,1.716,5875,0.179255919236293,0.188041818935638,5312.11830707009,300.117170674121
2026-12-18,1.716,5900,0.17868472498593,0.185753293651859,5312.11830707009,289.039198790926
2026-12-18,1.716,5925,0.177679912183519,0.186012151560049,5312.11830707009,280.943757690088
2026-12-18,1.716,5950,0.176025696153388,0.183732118191921,5312.11830707009,268.853855716133
2026-12-18,1.716,5975,0.175034033334693,0.18403388780637,5312.11830707009,261.184490654141
2026-12-18,1.716,6000,0.173967599428614,0.181760062576316,5312.11830707009,250.266297318925
2026-12-18,1.716,6025,0.173500924163858,0.182066218720092,5312.11830707009,243.60886227432
2026-12-18,1.716,6050,0.171814719822634,0.179796153850452,5312.11830707009,232.317852482838
2026-12-18,1.716,6075,0.171332235357174,0.180108722586711,5312.11830707009,225.97997433838
2026-12-18,1.716,6100,0.169778113948345,0.177711097810968,5312.11830707009,215.115040460352
2026-12-18,1.716,6125,0.168794590743433,0.178161450046893,5312.11830707009,208.670643232435
2026-12-18,1.716,6150,0.167730875135118,0.17597996908809,5312.11830707009,199.083936787256
2026-12-18,1.716,6175,0.166720026198271,0.176269302781305,5312.11830707009,192.746058607218
2026-12-18,1.716,6200,0.165810285278101,0.173907941523829,5312.11830707009,183.532168720594
2026-12-18,1.716,6225,0.164726015817123,0.174391385251541,5312.11830707009,177.673625849854
2026-12-18,1.716,6250,0.163886210964983,0.172162549159164,5312.11830707009,169.098849518822
2026-12-18,1.716,6275,0.162869216026739,0.172530072330168,5312.11830707009,163.50660400253
2026-12-18,1.716,6300,0.161911476778342,0.170392596071977,5312.11830707009,155.304644228622
2026-12-18,1.716,6325,0.160966579158577,0.170832607134865,5312.11830707009,150.191733935571
2026-12-18,1.716,6350,0.159984953668929,0.168745533181296,5312.11830707009,142.415849848125
2026-12-18,1.716,6375,0.159068358505649,0.169267463232327,5312.11830707009,137.729015727654
2026-12-18,1.716,6400,0.158115799739073,0.167085418823366,5312.11830707009,130.272688459631
2026-12-18,1.716,6425,0.157125743597338,0.16769861484873,5312.11830707009,125.905411147892
2026-12-18,1.716,6450,0.156261156542526,0.165572484718842,5312.11830707009,118.981678742749
2026-12-18,1.716,6475,0.155474849187378,0.16623663383882,5312.11830707009,115.14699610509
2026-12-18,1.716,6500,0.154543828273974,0.164120216966827,5312.11830707009,108.542820496119
2026-12-18,1.716,6525,0.153634947663033,0.164844661510996,5312.11830707009,104.921175983511
2026-12-18,1.716,6550,0.152810894677051,0.162686232823182,5312.11830707009,98.7430761717225
2026-12-18,1.716,6575,0.151956029611284,0.163708777570856,5312.11830707009,95.7072858132104
2026-12-18,1.716,6600,0.151069239535254,0.161280594937287,5312.11830707009,89.582445660239
2026-12-18,1.716,6625,0.150278908866584,0.162394662500597,5312.11830707009,86.9194716437392
2026-12-18,1.716,6650,0.149394655189379,0.160099429802532,5312.11830707009,81.273966721576
2026-12-18,1.716,6675,0.148615404785521,0.161320921786844,5312.11830707009,78.9305494904024
2026-12-18,1.716,6700,0.150727925964287,0.158927134205627,5312.11830707009,75.8414997134434
2026-12-18,1.716,6725,0.145886825801742,0.160336090219233,5312.11830707009,70.7818491267452
2026-12-18,1.716,6750,0.145071387549575,0.157976559301655,5312.11830707009,65.8287175105281
2026-12-18,1.716,6800,0.143447487815478,0.157081137902627,5312.11830707009,59.4375798430012
2026-12-18,1.716,6850,0.143023599401548,0.156261411201042,5312.11830707009,54.3246697295204
2026-12-18,1.716,6900,0.141778388959567,0.155618992601594,5312.11830707009,49.2117597148008
2026-12-18,1.716,6950,0.14283922081484,0.154464236137076,5312.11830707009,45.4303365507843
2026-12-18,1.716,7000,0.141480093032802,0.154012630108134,5312.11830707009,41.0630592121443
2026-12-18,1.716,7050,0.145097917146228,0.151760391625687,5312.11830707009,38.5066041632478
2026-12-18,1.716,7100,0.14440860441788,0.150781733853631,5312.11830707009,34.7251810773651
2026-12-18,1.716,7150,0.143879788546082,0.15031671416027,5312.11830707009,31.5828717435525
2026-12-18,1.716,7200,0.143317970822296,0.149927704795393,5312.11830707009,28.7068597918947
2026-12-18,1.716,7250,0.142866663253135,0.149527897036303,5312.11830707009,26.097145246099
2026-12-18,1.716,7300,0.14242852109272,0.149254493470207,5312.11830707009,23.7537281510346
2026-12-18,1.716,7400,0.143883690933189,0.148972342020273,5312.11830707009,20.5048998440613
2026-12-18,1.716,7500,0.141331923249161,0.149364212437203,5312.11830707009,16.7234767629109
2026-12-18,1.716,7600,0.141083961669574,0.149419057150506,5312.11830707009,14.0605027701022
2026-12-18,1.716,7700,0.141145269761545,0.149885476738112,5312.11830707009,11.9833830557374
2026-12-18,1.716,7800,0.143377126394966,0.150377148555251,5312.11830707009,10.6518960387744
2026-12-18,1.716,7900,0.141241015834019,0.150995235770361,5312.11830707009,8.73455472363248
2026-12-18,1.716,8000,0.143634113217897,0.151869785939454,5312.11830707009,7.88240307379368
2026-12-18,1.716,8200,0.142441843225593,0.154418732880234,5312.11830707009,5.85854282110395
2026-12-18,1.716,8400,0.142271075918313,0.157394355508787,5312.11830707009,4.55368556023695
2026-12-18,1.716,8600,0.142194829266725,0.160556960934797,5312.11830707009,3.62164465139574
2026-12-18,1.716,8800,0.153534243170964,0.164273070575423,5312.11830707009,3.67490413977819
2026-12-18,1.716,9000,0.139042540566536,0.167910046755519,5312.11830707009,2.42330634850712
2026-12-18,1.716,9200,0.134894415267325,0.171587930843147,5312.11830707009,2.02386024146468
2026-12-18,1.716,9400,0.148082007388733,0.176070280893341,5312.11830707009,2.07711972912116
2026-12-18,1.716,9600,0.146048487830144,0.179619747676021,5312.11830707009,1.78419258889143
2026-12-18,1.716,10000,0.159691657634717,0.169909366402938,5312.11830707009,0.798892202209658
2026-12-18,1.716,11000,0.153159841455151,0.184950393038814,5312.11830707009,0.372816360843387
2026-12-18,1.716,12000,0.192063140446261,0.194356324089144,5312.11830707009,0.34618662117079
2027-12-17,2.716,400,0.542042749024396,0.573849875676062,5448.07982118875,5048.93157652276
2027-12-17,2.716,800,0.468551087128435,0.50100429014896,5448.07982118875,4652.4210257924
2027-12-17,2.716,1200,0.423645934520476,0.446264915249271,5448.07982118875,4259.1251645534
2027-12-17,2.716,1400,0.405629647016659,0.423264205624307,5448.07982118875,4063.90598480161
2027-12-17,2.716,1600,0.388380453246719,0.402701181033557,5448.07982118875,3869.67594029376
2027-12-17,2.716,1800,0.371798533038476,0.383791306108589,5448.07982118875,3676.43503101213
2027-12-17,2.716,2000,0.355560875783378,0.366282984346912,5448.07982118875,3484.18325695205
2027-12-17,2.716,2200,0.339704296371761,0.349593969027508,5448.07982118875,3292.86566617673
2027-12-17,2.716,2300,0.332083292329389,0.341597147513489,5448.07982118875,3197.64648641734
2027-12-17,2.716,2400,0.324673582969246,0.333979345183506,5448.07982118875,3102.81197038885
2027-12-17,2.716,2500,0.317578167620431,0.32653237055125,5448.07982118875,3008.36211803563
2027-12-17,2.716,2600,0.310600695107983,0.319351376989689,5448.07982118875,2914.29692940277
2027-12-17,2.716,2700,0.303839464055828,0.312384874875094,5448.07982118875,2820.67135642199
2027-12-17,2.716,2800,0.29735986887925,0.305696629535842,5448.07982118875,2727.59530299719
2027-12-17,2.716,2900,0.291100191704345,0.299229464750771,5448.07982118875,2635.06876906937
2027-12-17,2.716,3000,0.285105637473695,0.293027872855172,5448.07982118875,2543.20165876676
2027-12-17,2.716,3100,0.279315310060047,0.287119776937101,5448.07982118875,2452.0489238384
2027-12-17,2.716,3200,0.273844242935356,0.281520562008932,5448.07982118875,2361.77542031103
2027-12-17,2.716,3300,0.268541886786805,0.276162041579405,5448.07982118875,2272.32619604542
2027-12-17,2.716,3400,0.263578123874188,0.271057590459323,5448.07982118875,2183.92105896586
2027-12-17,2.716,3500,0.258874673624727,0.26627851405194,5448.07982118875,2096.66991291857
2027-12-17,2.716,3600,0.25424164969732,0.268659875898263,5448.07982118875,2016.72737721736
2027-12-17,2.716,3700,0.250358398650131,0.264050065622585,5448.07982118875,1932.33373305765
2027-12-17,2.716,3800,0.246520021052893,0.259501543793793,5448.07982118875,1848.98417594122
2027-12-17,2.716,3900,0.242856662104969,0.254836457486044,5448.07982118875,1766.67870609085
2027-12-17,2.716,4000,0.238973106922752,0.250636257721631,5448.07982118875,1685.69208337067
2027-12-17,2.716,4100,0.235495972471983,0.246542210977387,5448.07982118875,1606.4089710925
2027-12-17,2.716,4150,0.23376407046033,0.244592582773532,5448.07982118875,1567.34441061199
2027-12-17,2.716,4200,0.232167433448375,0.242655069330143,5448.07982118875,1528.77441751958
2027-12-17,2.716,4250,0.23060646550895,0.241071355146506,5448.07982118875,1491.02870406191
2027-12-17,2.716,4300,0.22890515802595,0.239184151457558,5448.07982118875,1453.0631825889
2027-12-17,2.716,4350,0.227321582667584,0.237340569462814,5448.07982118875,1415.64718087122
2027-12-17,2.716,4400,0.225640970336344,0.235697714694979,5448.07982118875,1378.72574654406
2027-12-17,2.716,4450,0.224027510728309,0.234043297411861,5448.07982118875,1342.24392793726
2027-12-17,2.716,4500,0.222474841746139,0.232414909721588,5448.07982118875,1306.25667694946
2027-12-17,2.716,4550,0.220938605223202,0.230809140509712,5448.07982118875,1270.70904163549
2027-12-17,2.716,4600,0.219339950442681,0.229222849472927,5448.07982118875,1235.49111824735
2027-12-17,2.716,4650,0.217791630154858,0.227653139179391,5448.07982118875,1200.76776216468
2027-12-17,2.716,4700,0.216215727584835,0.226097330912549,5448.07982118875,1166.42906990919
2027-12-17,2.716,4750,0.214683415422397,0.22440972667708,5448.07982118875,1132.36513742199
2027-12-17,2.716,4800,0.21315510096211,0.222876546201861,5448.07982118875,1098.96062854061
2027-12-17,2.716,4850,0.211628546992528,0.221245828895479,5448.07982118875,1065.83087933971
2027-12-17,2.716,4900,0.210101649161189,0.219828665892723,5448.07982118875,1033.47045758884
2027-12-17,2.716,4950,0.208572416911609,0.218343964977567,5448.07982118875,1001.43974738997
2027-12-17,2.716,5000,0.207072499349737,0.217060583697789,5448.07982118875,970.233316879805
2027-12-17,2.716,5050,0.205598910422569,0.215572742915884,5448.07982118875,939.191741796619
2027-12-17,2.716,5100,0.204083332380567,0.214115068399767,5448.07982118875,908.589782667023
2027-12-17,2.716,5150,0.202590158321731,0.212652682701094,5448.07982118875,878.482390959176
2027-12-17,2.716,5200,0.201084753232626,0.211216428604192,5448.07982118875,848.869567164422
2027-12-17,2.716,5250,0.199597536727885,0.209740409507181,5448.07982118875,819.696358876502
2027-12-17,2.716,5300,0.198094680115694,0.208319175606139,5448.07982118875,791.072670330067
2027-12-17,2.716,5350,0.196574808531104,0.206855843305381,5448.07982118875,762.833645142949
2027-12-17,2.716,5400,0.195067762713558,0.205412454258924,5448.07982118875,735.144139834222
2027-12-17,2.716,5450,0.193275590743566,0.204064284942167,5448.07982118875,707.616350478212
2027-12-17,2.716,5500,0.192035603857075,0.202561031353729,5448.07982118875,681.294363180443
2027-12-17,2.716,5550,0.190677837115668,0.201104903851719,5448.07982118875,655.357039481625
2027-12-17,2.716,5600,0.188956305526402,0.19963265064485,5448.07982118875,629.254859626023
2027-12-17,2.716,5650,0.18760854395431,0.198143221521398,5448.07982118875,604.306671100186
2027-12-17,2.716,5700,0.186202185603091,0.196666222061857,5448.07982118875,579.798098554299
2027-12-17,2.716,5750,0.184797611025642,0.195200502519406,5448.07982118875,555.83904525507
2027-12-17,2.716,5800,0.183424503509681,0.193714319346165,5448.07982118875,532.429511479741
2027-12-17,2.716,5850,0.181958895434901,0.192237346080071,5448.07982118875,509.404641520786
2027-12-17,2.716,5900,0.180862567529368,0.190737841210515,5448.07982118875,487.533762516708
2027-12-17,2.716,5950,0.179332423893338,0.189276533663242,5448.07982118875,465.498028029972
2027-12-17,2.716,6000,0.177860877472991,0.187790888474307,5448.07982118875,444.066764612441
2027-12-17,2.716,6050,0.176510810586488,0.186342244585742,5448.07982118875,423.459780618989
2027-12-17,2.716,6100,0.174999469043566,0.18486772229873,5448.07982118875,403.072604808825
2027-12-17,2.716,6150,0.173609570509181,0.183429517808631,5448.07982118875,383.509707913136
2027-12-17,2.716,6200,0.172215100927185,0.181964164537886,5448.07982118875,364.441378876745
2027-12-17,2.716,6250,0.170489781183348,0.180534993585721,5448.07982118875,345.42800193341
2027-12-17,2.716,6300,0.169081193478716,0.179110260385625,5448.07982118875,327.513663903185
2027-12-17,2.716,6350,0.167499467377738,0.177690004809845,5448.07982118875,309.874085648033
2027-12-17,2.716,6400,0.166076613120936,0.176274408029724,5448.07982118875,293.058786742904
2027-12-17,2.716,6450,0.164682102939096,0.174897633285607,5448.07982118875,276.902911307009
2027-12-17,2.716,6500,0.163317899449026,0.173527392496947,5448.07982118875,261.351507655379
2027-12-17,2.716,6550,0.161950651261732,0.172164545390895,5448.07982118875,246.349623093938
2027-12-17,2.716,6600,0.160581190892286,0.170845697310208,5448.07982118875,231.952210499521
2027-12-17,2.716,6650,0.159247975705694,0.169574211348014,5448.07982118875,218.214221320995
2027-12-17,2.716,6700,0.157955030907228,0.168317211380873,5448.07982118875,205.080703455365
2027-12-17,2.716,6750,0.156667978761314,0.167077103276928,5448.07982118875,192.49670540795
2027-12-17,2.716,6800,0.155308911224205,0.165779692786717,5448.07982118875,180.242419012556
2027-12-17,2.716,6850,0.154246910704619,0.164264854418566,5448.07982118875,168.592604074326
2027-12-17,2.716,6900,0.153084681395074,0.163165657311908,5448.07982118875,157.87697244661
2027-12-17,2.716,6950,0.151948285809595,0.162060032333256,5448.07982118875,147.655908397311
2027-12-17,2.716,7000,0.150753186633932,0.161206237415334,5448.07982118875,138.14921992185
2027-12-17,2.716,7050,0.149591201214486,0.160365575309868,5448.07982118875,129.137098958843
2027-12-17,2.716,7100,0.148810259150482,0.159587910628212,5448.07982118875,121.05916126935
2027-12-17,2.716,7200,0.146652104620752,0.158212914419175,5448.07982118875,105.617661455764
2027-12-17,2.716,7300,0.144666822332838,0.157365335642881,5448.07982118875,92.4291917050427
2027-12-17,2.716,7400,0.142830082212077,0.156433071704879,5448.07982118875,80.6145210095047
2027-12-17,2.716,7500,0.142981399720501,0.155611642574732,5448.07982118875,71.7672559483617
2027-12-17,2.716,7600,0.139379743512489,0.155333448954701,5448.07982118875,61.436287873021
2027-12-17,2.716,7800,0.140826883897173,0.148523972191759,5448.07982118875,44.9507008616725
2027-12-17,2.716,8000,0.139440276714975,0.147462139601275,5448.07982118875,34.1801172685599
2027-12-17,2.716,8200,0.138558228817081,0.147096712051583,5448.07982118875,26.3219874504056
2027-12-17,2.716,8400,0.138231343470062,0.14717143104311,5448.07982118875,20.552031873195
2027-12-17,2.716,8600,0.138300881834248,0.147759786076064,5448.07982118875,16.3207312226001
2027-12-17,2.716,8800,0.138641802794543,0.148818432524708,5448.07982118875,13.1884696689429
2027-12-17,2.716,9000,0.139332528804897,0.150107364487031,5448.07982118875,10.8255355071408
2027-12-17,2.716,9200,0.140021944560805,0.151751874535223,5448.07982118875,9.01212093359175
2027-12-17,2.716,9400,0.140656116007817,0.15384986286177,5448.07982118875,7.63832202154964
2027-12-17,2.716,9600,0.141054838921628,0.156180298243484,5448.07982118875,6.53928287099799
2027-12-17,2.716,10000,0.141511599966539,0.161337534835345,5448.07982118875,4.97315212289339
2027-12-17,2.716,11000,0.138198035445777,0.175382870391352,5448.07982118875,2.99488165084214
2027-12-17,2.716,12000,0.169869277040637,0.189129982198094,5448.07982118875,3.049833618857
2028-12-15,3.72,400,0.444354092201197,0.500914912867705,5594.16208752779,5194.96105701955
2028-12-15,3.72,800,0.396766208310136,0.452048483298296,5594.16208752779,4799.32685460113
2028-12-15,3.72,1200,0.384388132830031,0.407824942545146,5594.16208752779,4409.57078487147
2028-12-15,3.72,1600,0.35744924420762,0.372569415217963,5594.16208752779,4024.57999750918
2028-12-15,3.72,1800,0.343873927364412,0.357207821822179,5594.16208752779,3833.9964236234
2028-12-15,3.72,2000,0.330504583713552,0.34248615180894,5594.16208752779,3644.55423479223
2028-12-15,3.72,2200,0.31741005953014,0.328721093707224,5594.16208752779,3456.42463868761
2028-12-15,3.72,2400,0.305069996271956,0.315763165296157,5594.16208752779,3269.89298155907
2028-12-15,3.72,2600,0.293352280884142,0.303481932229819,5594.16208752779,3085.07340190699
2028-12-15,3.72,2700,0.287791098405057,0.297742736171747,5594.16208752779,2993.51965078391
2028-12-15,3.72,2800,0.28240745714979,0.292179644335864,5594.16208752779,2902.53659221209
2028-12-15,3.72,2900,0.277166412585669,0.286760752084591,5594.16208752779,2812.12422607609
2028-12-15,3.72,3000,0.272190922866647,0.281677186309802,5594.16208752779,2722.56789886321
2028-12-15,3.72,3100,0.267498809868821,0.276798394358509,5594.16208752779,2633.86761018498
2028-12-15,3.72,3200,0.262966673205537,0.272148842074747,5594.16208752779,2546.02336037107
2028-12-15,3.72,3300,0.258622174466934,0.267684526067576,5594.16208752779,2459.09221846257
2028-12-15,3.72,3400,0.254542886857191,0.263539168106084,5594.16208752779,2373.35953088557
2028-12-15,3.72,3500,0.244699930796979,0.267915604660634,5594.16208752779,2291.62169071404
2028-12-15,3.72,3600,0.241607342347647,0.264161550901051,5594.16208752779,2208.97074247835
2028-12-15,3.72,3700,0.23828381383949,0.260675670167152,5594.16208752779,2127.28997166357
2028-12-15,3.72,3800,0.234754675645827,0.25736765021713,5594.16208752779,2046.52230871983
2028-12-15,3.72,3900,0.231581407594972,0.254162861117181,5594.16208752779,1967.29551543893
2028-12-15,3.72,4000,0.228486620642288,0.251122422948529,5594.16208752779,1889.43838418798
2028-12-15,3.72,4100,0.225489224274017,0.24821848829308,5594.16208752779,1813.00798436654
2028-12-15,3.72,4200,0.222095487431497,0.245427700744815,5594.16208752779,1737.31948447431
2028-12-15,3.72,4300,0.219657345321626,0.242730434135667,5594.16208752779,1664.37030863742
2028-12-15,3.72,4400,0.217365137675698,0.240110152542285,5594.16208752779,1593.07614122026
2028-12-15,3.72,4500,0.215123885889248,0.237552877249381,5594.16208752779,1523.32284347926
2028-12-15,3.72,4600,0.212886372780859,0.235046744517028,5594.16208752779,1455.05334619684
2028-12-15,3.72,4700,0.210612016842456,0.232517661377092,5594.16208752779,1388.09644168393
2028-12-15,3.72,4800,0.208265257995355,0.229993193522589,5594.16208752779,1322.45212975483
2028-12-15,3.72,4900,0.205875326380635,0.22743725627829,5594.16208752779,1258.12041058213
2028-12-15,3.72,5000,0.203438139749518,0.22484673844472,5594.16208752779,1195.10128419185
2028-12-15,3.72,5100,0.200920512459326,0.222247581430117,5594.16208752779,1133.39475059465
2028-12-15,3.72,5200,0.198405610306299,0.219606378257173,5594.16208752779,1073.11494815894
2028-12-15,3.72,5300,0.195829703032176,0.216976070976275,5594.16208752779,1014.26187726696
2028-12-15,3.72,5400,0.193243451529112,0.214378434054737,5594.16208752779,957.006745096141
2028-12-15,3.72,5500,0.191048147997072,0.211779640692496,5594.16208752779,902.148521176067
2028-12-15,3.72,5600,0.188177294647068,0.209043489910666,5594.16208752779,847.193008278829
2028-12-15,3.72,5700,0.185841037044072,0.206566389413347,5594.16208752779,795.545337238791
2028-12-15,3.72,5800,0.18351712121142,0.204178556912399,5594.16208752779,745.780951967289
2028-12-15,3.72,5900,0.181200810064146,0.201795472846909,5594.16208752779,697.728643828525
2028-12-15,3.72,6000,0.178914517335201,0.199573227462458,5594.16208752779,651.787898007466
2028-12-15,3.72,6100,0.176681539185673,0.197350225087376,5594.16208752779,607.673367924724
2028-12-15,3.72,6200,0.174473256072845,0.195258234332691,5594.16208752779,565.613331333404
2028-12-15,3.72,6300,0.172261580326501,0.193164624095359,5594.16208752779,525.265371797616
2028-12-15,3.72,6400,0.1701001968723,0.190961915821255,5594.16208752779,486.515351419911
2028-12-15,3.72,6500,0.167908012688808,0.188810974966941,5594.16208752779,449.534477780089
2028-12-15,3.72,6600,0.165769243056392,0.186686683034985,5594.16208752779,414.436889677651
2028-12-15,3.72,6700,0.163602532582583,0.184591635650505,5594.16208752779,381.051378409126
2028-12-15,3.72,6800,0.161468280155692,0.182558021795507,5594.16208752779,349.549152903849
2028-12-15,3.72,7000,0.157170409973535,0.178555455957383,5594.16208752779,291.62386481596
2028-12-15,3.72,7200,0.152861952690974,0.174735459320827,5594.16208752779,240.546886428205
2028-12-15,3.72,7400,0.148659659051479,0.171187843978322,5594.16208752779,196.375287386432
2028-12-15,3.72,7600,0.144679391404098,0.168123129868129,5594.16208752779,159.166136880746
2028-12-15,3.72,7800,0.140946232594071,0.165572302383344,5594.16208752779,128.348741957814
2028-12-15,3.72,8000,0.137812455676281,0.163466874244617,5594.16208752779,103.466549180177
2028-12-15,3.72,8200,0.135504878588528,0.161808969740534,5594.16208752779,83.8347273916696
2028-12-15,3.72,8400,0.133612494708797,0.160385646621023,5594.16208752779,67.9694759867746
2028-12-15,3.72,8600,0.142440969237564,0.151713636904135,5594.16208752779,55.4713104908382
2028-12-15,3.72,8800,0.141609870068709,0.151201687138645,5594.16208752779,45.5412611051885
2028-12-15,3.72,9000,0.141140419026123,0.150969969716508,5594.16208752779,37.6657046215871
2028-12-15,3.72,9200,0.140778447992855,0.151039226646654,5594.16208752779,31.3310178958406
2028-12-15,3.72,9400,0.140674589955237,0.151289377270848,5594.16208752779,26.2518548002143
2028-12-15,3.72,9600,0.140723308894307,0.151827716643567,5594.16208752779,22.1999380442567
2028-12-15,3.72,10000,0.141085431413012,0.153261467811049,5594.16208752779,16.1505975764992
2028-12-15,3.72,11000,0.142710566750231,0.159939924222447,5594.16208752779,8.44624891966745
2028-12-15,3.72,12000,0.142414351892863,0.169835541044525,5594.16208752779,5.36450946190015
2029-12-21,4.74,400,NA,0.464262742775506,5753.99644827599,NA
2029-12-21,4.74,800,0.375614436657835,0.418213488178801,5753.99644827599,4960.96391403951
2029-12-21,4.74,1200,0.359490865399492,0.379850650957246,5753.99644827599,4573.52917280977
2029-12-21,4.74,1600,0.337593228929326,0.350928206340625,5753.99644827599,4192.82369339392
2029-12-21,4.74,1800,0.325420237956108,0.338826352841557,5753.99644827599,4004.79344226569
2029-12-21,4.74,2000,0.313539575169219,0.327470813960054,5753.99644827599,3818.37106782345
2029-12-21,4.74,2200,0.30233336949698,0.316456676979644,5753.99644827599,3633.61612108431
2029-12-21,4.74,2400,0.291624309490312,0.305935849634431,5753.99644827599,3450.64770416556
2029-12-21,4.74,2600,0.281462330773917,0.29603279008979,5753.99644827599,3269.76357177819
2029-12-21,4.74,2800,0.271989918571272,0.277885600978057,5753.99644827599,3083.93670722874
2029-12-21,4.74,2900,0.267510539731129,0.282319793647591,5753.99644827599,3003.17167682274
2029-12-21,4.74,3000,0.263249668375517,0.278108907829749,5753.99644827599,2915.8560375606
2029-12-21,4.74,3100,0.259229343671087,0.274106561725546,5753.99644827599,2829.49321408956
2029-12-21,4.74,3200,0.255348018133321,0.270332603856313,5753.99644827599,2744.08320657021
2029-12-21,4.74,3300,0.251743539435832,0.266749049066692,5753.99644827599,2659.8046678565
2029-12-21,4.74,3400,0.249860171631739,0.277042567783524,5753.99644827599,2595.29705732328
2029-12-21,4.74,3500,0.233413856355933,0.271690571123112,5753.99644827599,2495.65436345687
2029-12-21,4.74,3600,0.231687046641495,0.268015115604616,5753.99644827599,2415.66349568312
2029-12-21,4.74,3700,0.229906561896699,0.26447221770199,5753.99644827599,2336.74454606689
2029-12-21,4.74,3800,0.228630808439845,0.257845148468838,5753.99644827599,2254.90759772315
2029-12-21,4.74,3900,0.226760455723213,0.258245641477617,5753.99644827599,2183.78982779787
2029-12-21,4.74,4000,0.224761957531409,0.254938197055843,5753.99644827599,2107.96752946851
2029-12-21,4.74,4100,0.222683917115776,0.251669343585658,5753.99644827599,2033.09804688553
2029-12-21,4.74,4200,0.220566569794324,0.248465558131301,5753.99644827599,1959.30048247916
2029-12-21,4.74,4300,0.218101465750399,0.245018049633706,5753.99644827599,1885.50291763077
2029-12-21,4.74,4400,0.216508500768733,0.242501713243914,5753.99644827599,1815.99302411412
2029-12-21,4.74,4500,0.215372665286471,0.240516673681947,5753.99644827599,1749.57978214336
2029-12-21,4.74,4600,0.213570041548885,0.237955734216789,5753.99644827599,1682.09462242552
2029-12-21,4.74,4700,0.211637511263347,0.235334484193448,5753.99644827599,1615.44317669074
2029-12-21,4.74,4800,0.209669944477033,0.232740384551464,5753.99644827599,1549.98275031965
2029-12-21,4.74,4900,0.207836078505048,0.230336393749366,5753.99644827599,1486.42795613932
2029-12-21,4.74,5000,0.206205483434755,0.228188958305911,5753.99644827599,1425.13609911631
2029-12-21,4.74,5100,0.205031142275126,0.226548523085021,5753.99644827599,1367.29819944126
2029-12-21,4.74,5200,0.204099137652253,0.225200165320962,5753.99644827599,1312.08054342784
2029-12-21,4.74,5300,0.202465072386735,0.2231950921373,5753.99644827599,1255.19546000867
2029-12-21,4.74,5400,0.201642704658056,0.222046451988271,5753.99644827599,1203.55086348747
2029-12-21,4.74,5500,0.199864342455615,0.219979112469021,5753.99644827599,1148.92871731209
2029-12-21,4.74,5600,0.1980864978648,0.217949941168222,5753.99644827599,1095.73579522633
2029-12-21,4.74,5675,0.195902235307401,0.215596976511352,5753.99644827599,1052.65512537027
2029-12-21,4.74,5700,0.195426011803468,0.215070119472863,5753.99644827599,1039.68442553579
2029-12-21,4.74,5800,0.193708738686675,0.213173048421238,5753.99644827599,989.618342441185
2029-12-21,4.74,5900,0.191537603412003,0.210854398635668,5753.99644827599,938.761797353805
2029-12-21,4.74,6000,0.189989425296392,0.209195031664104,5753.99644827599,892.431127771034
2029-12-21,4.74,6100,0.187837059518539,0.206962564286801,5753.99644827599,844.552131912186
2029-12-21,4.74,6200,0.186181105844211,0.205260958635058,5753.99644827599,800.60350204835
2029-12-21,4.74,6300,0.184232888448537,0.203299594748128,5753.99644827599,756.654871671393
2029-12-21,4.74,6400,0.181895833255068,0.200983841812323,5753.99644827599,712.229833626618
2029-12-21,4.74,6500,0.179620230654087,0.198765248813075,5753.99644827599,669.591324953313
2029-12-21,4.74,6600,0.177573435965313,0.196810670047659,5753.99644827599,629.573060421709
2029-12-21,4.74,6700,0.175393807756357,0.194761553309772,5753.99644827599,590.388509339548
2029-12-21,4.74,6800,0.17379021027231,0.193319467678362,5753.99644827599,555.491629406606
2029-12-21,4.74,7000,0.169899999771663,0.189878499684586,5753.99644827599,486.769787365711
2029-12-21,4.74,7200,0.165665215343442,0.186277373748365,5753.99644827599,422.335616873696
2029-12-21,4.74,7400,0.161187759538897,0.182649532096496,5753.99644827599,362.784627704869
2029-12-21,4.74,7600,0.156964620717395,0.179501987029632,5753.99644827599,310.260655000374
2029-12-21,4.74,7800,0.153042206246272,0.176899949608929,5753.99644827599,264.644597168062
2029-12-21,4.74,8000,0.14882339661955,0.174340730180151,5753.99644827599,223.43531229926
2029-12-21,4.74,8200,0.144890717663982,0.172393657438129,5753.99644827599,188.538432568121
2029-12-21,4.74,8400,0.141055537995635,0.170932498902468,5753.99644827599,158.882039708123
2029-12-21,4.74,8600,0.13724166276774,0.169944723773444,5753.99644827599,133.870624217676
2029-12-21,4.74,8800,0.133398851784008,0.169448917175112,5753.99644827599,113.027777914788
2029-12-21,4.74,9000,0.129185337453719,0.169296943811869,5753.99644827599,95.4006850738003
2029-12-21,4.74,9200,0.124800787042276,0.169718332061243,5753.99644827599,81.2275496498329
2029-12-21,4.74,9400,0.142803942024676,0.15787974744691,5753.99644827599,70.8061263781553
2029-12-21,4.74,9600,0.142421398221254,0.157396906168488,5753.99644827599,60.9802132035016
2029-12-21,4.74,10000,0.144869708336372,0.157075298801123,5753.99644827599,47.7598934848815
2029-12-21,4.74,11000,0.148575628871474,0.158010485054741,5753.99644827599,26.3215373222414
2029-12-21,4.74,12000,0.155170875248809,0.157078754589951,5753.99644827599,15.18550229565
2030-12-20,5.74,400,0.406132166850044,0.442081006499475,5944.91462517364,5546.73156982257
2030-12-20,5.74,800,0.362635449151607,0.395415083499396,5944.91462517364,5153.87404189512
2030-12-20,5.74,1200,0.345388147276166,0.362290063081644,5944.91462517364,4769.16143827751
2030-12-20,5.74,1600,0.326900238457126,0.339018498658537,5944.91462517364,4393.40825137555
2030-12-20,5.74,1800,0.315571237612386,0.329962840502342,5944.91462517364,4208.38238145987
2030-12-20,5.74,2000,0.304940670927498,0.320888793090874,5944.91462517364,4025.23610944683
2030-12-20,5.74,2200,0.294851398527234,0.311926208256883,5944.91462517364,3843.96943523138
2030-12-20,5.74,2400,0.285190564488235,0.303122705105687,5944.91462517364,3664.5823590327
2030-12-20,5.74,2600,0.275872643130167,0.294488140231545,5944.91462517364,3487.0748808013
2030-12-20,5.74,2800,0.26723549922009,0.28645021945231,5944.91462517364,3312.26149275387
2030-12-20,5.74,2900,0.263235956105797,0.282596272033374,5944.91462517364,3225.98255757461
2030-12-20,5.74,3000,0.259383833060473,0.279017184972766,5944.91462517364,3140.64342132754
2030-12-20,5.74,3100,0.255711896340599,0.275566466759229,5944.91462517364,3056.18143076407
2030-12-20,5.74,3200,0.252297542199064,0.272275389022032,5944.91462517364,2972.7845457097
2030-12-20,5.74,3300,0.249049132132507,0.269262848039025,5944.91462517364,2890.57807253321
2030-12-20,5.74,3400,0.237953940693237,0.274997326220662,5944.91462517364,2811.19099641543
2030-12-20,5.74,3500,0.236345929904339,0.271581312724234,5944.91462517364,2731.99188004266
2030-12-20,5.74,3600,0.234786005919313,0.268372690358774,5944.91462517364,2654.04582896501
2030-12-20,5.74,3700,0.233221959085665,0.265307315155073,5944.91462517364,2577.22753644639
2030-12-20,5.74,3800,0.23157217265853,0.262293239236048,5944.91462517364,2501.28638978382
2030-12-20,5.74,3900,0.229845736055198,0.259323813686114,5944.91462517364,2426.22238883536
2030-12-20,5.74,4000,0.22805012168414,0.256393113692986,5944.91462517364,2352.03553339934
2030-12-20,5.74,4100,0.22633084476862,0.253629930400314,5944.91462517364,2279.22704996523
2030-12-20,5.74,4200,0.224610011962324,0.25095154562877,5944.91462517364,2207.54632531943
2030-12-20,5.74,4300,0.223144274812055,0.248599956273409,5944.91462517364,2137.99581145573
2030-12-20,5.74,4400,0.221749719373759,0.246392008582227,5944.91462517364,2069.94897601912
2030-12-20,5.74,4500,0.220327938611743,0.244225468365826,5944.91462517364,2003.02989914536
2030-12-20,5.74,4600,0.218734567486123,0.241951864761441,5944.91462517364,1936.61204877011
2030-12-20,5.74,4700,0.217182645599281,0.23977510924607,5944.91462517364,1871.57256977105
2030-12-20,5.74,4800,0.2156678981806,0.237686955685911,5944.91462517364,1807.91146292173
2030-12-20,5.74,4900,0.214132900025649,0.235626653909422,5944.91462517364,1745.37811460704
2030-12-20,5.74,5000,0.212762775506791,0.233775088442945,5944.91462517364,1684.84967102626
2030-12-20,5.74,5100,0.211597660406937,0.232170202823362,5944.91462517364,1626.57674454161
2030-12-20,5.74,5200,0.22098753385537,0.239883159253908,5944.91462517364,1618.86500201965
2030-12-20,5.74,5300,0.210008770107053,0.229819584953861,5944.91462517364,1517.67459026213
2030-12-20,5.74,5400,0.209075253685708,0.228559092236026,5944.91462517364,1464.53923130283
2030-12-20,5.74,5500,0.20793849386579,0.227127172281556,5944.91462517364,1411.65448562541
2030-12-20,5.74,5600,0.20653848378759,0.225461058751054,5944.91462517364,1358.64443365254
2030-12-20,5.74,5675,0.205425756455672,0.224167112635302,5944.91462517364,1319.35679391125
2030-12-20,5.74,5700,0.20498001106507,0.223664006068695,5944.91462517364,1306.01030128681
2030-12-20,5.74,5800,0.203246090266217,0.221717456322507,5944.91462517364,1253.62678142073
2030-12-20,5.74,5900,0.20154726781378,0.219831988677046,5944.91462517364,1202.62163425757
2030-12-20,5.74,6000,0.198698461633982,0.216815273477157,5944.91462517364,1146.42942155318
2030-12-20,5.74,6100,0.196940974881532,0.214920368623633,5944.91462517364,1097.43456892933
2030-12-20,5.74,6200,0.195259703348533,0.213125971374764,5944.91462517364,1050.06870125406
2030-12-20,5.74,6300,0.193564320677818,0.211340839039283,5944.91462517364,1003.83059318836
2030-12-20,5.74,6400,0.191810577842118,0.209520302039571,5944.91462517364,958.469629743346
2030-12-20,5.74,6500,0.18999863855048,0.207664524084674,5944.91462517364,913.985812413907
2030-12-20,5.74,6600,0.188172348160044,0.20581757230292,5944.91462517364,870.629754234878
2030-12-20,5.74,6700,0.186353216147747,0.204001129048,5944.91462517364,828.526760566816
2030-12-20,5.74,6800,0.184430140969128,0.202104629013528,5944.91462517364,787.050300116776
2030-12-20,5.74,7000,0.180644515956342,0.198445555313601,5944.91462517364,708.107187586434
2030-12-20,5.74,7200,0.177059154691964,0.195086644405643,5944.91462517364,635.178788693981
2030-12-20,5.74,7400,0.173475919171364,0.191837026239084,5944.91462517364,567.137344007751
2030-12-20,5.74,7600,0.169874560841057,0.18868616304451,5944.91462517364,503.857547622032
2030-12-20,5.74,7800,0.166036579783509,0.185436859490357,5944.91462517364,444.211640203092
2030-12-20,5.74,8000,0.162328386239248,0.182460492240302,5944.91462517364,390.079220638264
2030-12-20,5.74,8200,0.158890852642984,0.179902113184629,5944.91462517364,341.961513969404
2030-12-20,5.74,8400,0.155590994425657,0.177648156703069,5944.91462517364,298.981375009081
2030-12-20,5.74,8600,0.152334269685776,0.175629715839041,5944.91462517364,260.512270986853
2030-12-20,5.74,8800,0.149240454073434,0.173972468790488,5944.91462517364,226.804814975766
2030-12-20,5.74,9000,0.146186850496036,0.172588275625506,5944.91462517364,197.107168077863
2030-12-20,5.74,9200,0.143251650323124,0.171563151841897,5944.91462517364,171.419329757153
2030-12-20,5.74,9400,0.140329759913955,0.170832967149247,5944.91462517364,149.114767910162
2030-12-20,5.74,9600,0.137369128086394,0.170386591660715,5944.91462517364,129.817562713407
2030-12-20,5.74,10000,0.143721129741944,0.177715594061735,5944.91462517364,124.366728704192
2030-12-20,5.74,11000,0.140522854806846,0.159567558901651,5944.91462517364,52.5660883040719
2030-12-20,5.74,12000,0.151125715518255,0.15904329254063,5944.91462517364,35.3364408366604
