"Expiry","Texp","Strike","Bid","Ask","Fwd","CallMid"
2025-07-03,0.004,1800,NA,5.49111355835482,6227.00085569023,NA
2025-07-03,0.004,2000,NA,5.03601211426447,6227.00085569023,NA
2025-07-03,0.004,2200,NA,4.62488719231178,6227.00085569023,NA
2025-07-03,0.004,2400,NA,4.24985640607995,6227.00085569023,NA
2025-07-03,0.004,2600,NA,3.90495613972872,6227.00085569023,NA
2025-07-03,0.004,2800,NA,3.58556407473818,6227.00085569023,NA
2025-07-03,0.004,3000,NA,3.28802302872082,6227.00085569023,NA
2025-07-03,0.004,3200,NA,3.00938728279731,6227.00085569023,NA
2025-07-03,0.004,3400,NA,2.74724630900868,6227.00085569023,NA
2025-07-03,0.004,3600,NA,2.49959898094173,6227.00085569023,NA
2025-07-03,0.004,3800,NA,2.26476156720769,6227.00085569023,NA
2025-07-03,0.004,4000,NA,2.04129877908372,6227.00085569023,NA
2025-07-03,0.004,4200,NA,1.82797070622642,6227.00085569023,NA
2025-07-03,0.004,4400,NA,1.62369062004664,6227.00085569023,NA
2025-07-03,0.004,4500,NA,1.5246371156656,6227.00085569023,NA
2025-07-03,0.004,4600,NA,1.42748983228944,6227.00085569023,NA
2025-07-03,0.004,4650,NA,1.37959719273093,6227.00085569023,NA
2025-07-03,0.004,4700,NA,1.33214098562831,6227.00085569023,NA
2025-07-03,0.004,4750,NA,1.28510827607517,6227.00085569023,NA
2025-07-03,0.004,4800,NA,1.23848628268782,6227.00085569023,NA
2025-07-03,0.004,4850,NA,1.1922623429717,6227.00085569023,NA
2025-07-03,0.004,4900,NA,1.14642387577746,6227.00085569023,NA
2025-07-03,0.004,4925,NA,1.12364527465397,6227.00085569023,NA
2025-07-03,0.004,4950,NA,1.10095833939144,6227.00085569023,NA
2025-07-03,0.004,4975,NA,1.0783615011479,6227.00085569023,NA
2025-07-03,0.004,5000,NA,1.05585318787993,6227.00085569023,NA
2025-07-03,0.004,5025,NA,1.03343182201442,6227.00085569023,NA
2025-07-03,0.004,5050,NA,1.0110958197209,6227.00085569023,NA
2025-07-03,0.004,5075,NA,0.988843587855698,6227.00085569023,NA
2025-07-03,0.004,5100,NA,0.966673522506719,6227.00085569023,NA
2025-07-03,0.004,5125,NA,0.944584006519622,6227.00085569023,NA
2025-07-03,0.004,5150,NA,0.922573407169518,6227.00085569023,NA
2025-07-03,0.004,5175,NA,0.900640073687144,6227.00085569023,NA
2025-07-03,0.004,5200,NA,0.878782334202959,6227.00085569023,NA
2025-07-03,0.004,5225,NA,0.856998492254687,6227.00085569023,NA
2025-07-03,0.004,5250,NA,0.835286824459005,6227.00085569023,NA
2025-07-03,0.004,5275,NA,0.81364557570942,6227.00085569023,NA
2025-07-03,0.004,5300,NA,0.792072955538281,6227.00085569023,NA
2025-07-03,0.004,5325,NA,0.770567133751209,6227.00085569023,NA
2025-07-03,0.004,5350,NA,0.749126234897371,6227.00085569023,NA
2025-07-03,0.004,5375,NA,0.727748333030785,6227.00085569023,NA
2025-07-03,0.004,5380,NA,0.723480138860392,6227.00085569023,NA
2025-07-03,0.004,5390,NA,0.714951008141807,6227.00085569023,NA
2025-07-03,0.004,5400,NA,0.706431445161965,6227.00085569023,NA
2025-07-03,0.004,5410,NA,0.697921317789476,6227.00085569023,NA
2025-07-03,0.004,5420,NA,0.729755994563609,6227.00085569023,NA
2025-07-03,0.004,5425,NA,0.725294416062731,6227.00085569023,NA
2025-07-03,0.004,5430,NA,0.720835088743138,6227.00085569023,NA
2025-07-03,0.004,5440,NA,0.711923111250256,6227.00085569023,NA
2025-07-03,0.004,5450,NA,0.663972451896053,6227.00085569023,NA
2025-07-03,0.004,5460,NA,0.694125316824574,6227.00085569023,NA
2025-07-03,0.004,5470,NA,0.685239181059312,6227.00085569023,NA
2025-07-03,0.004,5475,NA,0.680799232525229,6227.00085569023,NA
2025-07-03,0.004,5480,NA,0.676361335811193,6227.00085569023,NA
2025-07-03,0.004,5490,NA,0.630163455519344,6227.00085569023,NA
2025-07-03,0.004,5500,NA,0.621731960875982,6227.00085569023,NA
2025-07-03,0.004,5510,NA,0.613308461636923,6227.00085569023,NA
2025-07-03,0.004,5520,NA,0.60489279947733,6227.00085569023,NA
2025-07-03,0.004,5525,NA,0.600687857098225,6227.00085569023,NA
2025-07-03,0.004,5530,NA,0.632090521124157,6227.00085569023,NA
2025-07-03,0.004,5540,NA,0.6232588038466,6227.00085569023,NA
2025-07-03,0.004,5550,NA,0.614434138718202,6227.00085569023,NA
2025-07-03,0.004,5560,NA,0.6056163337992,6227.00085569023,NA
2025-07-03,0.004,5570,NA,0.596805192056662,6227.00085569023,NA
2025-07-03,0.004,5575,NA,0.558739365100162,6227.00085569023,NA
2025-07-03,0.004,5580,NA,0.588000512092081,6227.00085569023,NA
2025-07-03,0.004,5590,NA,0.5792020875593,6227.00085569023,NA
2025-07-03,0.004,5600,NA,0.537829541739518,6227.00085569023,NA
2025-07-03,0.004,5610,NA,0.561623153065535,6227.00085569023,NA
2025-07-03,0.004,5620,NA,0.552842202909117,6227.00085569023,NA
2025-07-03,0.004,5625,NA,0.516958772372406,6227.00085569023,NA
2025-07-03,0.004,5630,NA,0.544066627357069,6227.00085569023,NA
2025-07-03,0.004,5640,NA,0.535296191104922,6227.00085569023,NA
2025-07-03,0.004,5650,NA,0.496123897341473,6227.00085569023,NA
2025-07-03,0.004,5660,NA,0.517769758466109,6227.00085569023,NA
2025-07-03,0.004,5670,NA,0.47947957517379,6227.00085569023,NA
2025-07-03,0.004,5675,NA,0.504636566642514,6227.00085569023,NA
2025-07-03,0.004,5680,NA,0.47116464428179,6227.00085569023,NA
2025-07-03,0.004,5690,NA,0.491512344910504,6227.00085569023,NA
2025-07-03,0.004,5700,NA,0.454548031289008,6227.00085569023,NA
2025-07-03,0.004,5710,NA,0.4740256878947,6227.00085569023,NA
2025-07-03,0.004,5720,NA,0.465286963758295,6227.00085569023,NA
2025-07-03,0.004,5725,NA,0.460918616904458,6227.00085569023,NA
2025-07-03,0.004,5730,NA,0.456550893018112,6227.00085569023,NA
2025-07-03,0.004,5735,NA,0.425506041961191,6227.00085569023,NA
2025-07-03,0.004,5740,NA,0.447817148692618,6227.00085569023,NA
2025-07-03,0.004,5745,NA,0.443451043124765,6227.00085569023,NA
2025-07-03,0.004,5750,NA,0.439085390703552,6227.00085569023,NA
2025-07-03,0.004,5755,NA,0.4347201467546,6227.00085569023,NA
2025-07-03,0.004,5760,NA,0.430355265875932,6227.00085569023,NA
2025-07-03,0.004,5765,NA,0.42599070164694,6227.00085569023,NA
2025-07-03,0.004,5770,NA,0.42162640648286,6227.00085569023,NA
2025-07-03,0.004,5775,NA,0.417262331925816,6227.00085569023,NA
2025-07-03,0.004,5780,NA,0.412898428499294,6227.00085569023,NA
2025-07-03,0.004,5785,NA,0.40853464570815,6227.00085569023,NA
2025-07-03,0.004,5790,NA,0.404170931747565,6227.00085569023,NA
2025-07-03,0.004,5795,NA,0.399807233794086,6227.00085569023,NA
2025-07-03,0.004,5800,NA,0.39544349771459,6227.00085569023,NA
2025-07-03,0.004,5805,NA,0.391079668066278,6227.00085569023,NA
2025-07-03,0.004,5810,0.363379226351713,0.386715688242202,6227.00085569023,417.075727339019
2025-07-03,0.004,5815,NA,0.382351500180218,6227.00085569023,NA
2025-07-03,0.004,5820,NA,0.377987044362994,6227.00085569023,NA
2025-07-03,0.004,5825,NA,0.373622259963525,6227.00085569023,NA
2025-07-03,0.004,5830,NA,0.369257084408574,6227.00085569023,NA
2025-07-03,0.004,5835,NA,0.364891453524196,6227.00085569023,NA
2025-07-03,0.004,5840,NA,0.360525301681252,6227.00085569023,NA
2025-07-03,0.004,5845,NA,0.356158561213338,6227.00085569023,NA
2025-07-03,0.004,5850,0.330263519014188,0.351791162998855,6227.00085569023,377.075727339053
2025-07-03,0.004,5855,NA,0.347423035733419,6227.00085569023,NA
2025-07-03,0.004,5860,NA,0.343054106220897,6227.00085569023,NA
2025-07-03,0.004,5865,NA,0.338684299373405,6227.00085569023,NA
2025-07-03,0.004,5870,0.313698990672949,0.334313537483718,6227.00085569023,357.075727339106
2025-07-03,0.004,5875,0.309556476592249,0.329941740952857,6227.00085569023,352.075727338934
2025-07-03,0.004,5880,NA,0.325568827853541,6227.00085569023,NA
2025-07-03,0.004,5885,NA,0.321194713784661,6227.00085569023,NA
2025-07-03,0.004,5890,NA,0.316819311289207,6227.00085569023,NA
2025-07-03,0.004,5895,0.292978753738434,0.312442530727381,6227.00085569023,332.075727338966
2025-07-03,0.004,5900,0.288832022512702,0.308064279403483,6227.00085569023,327.075727338884
2025-07-03,0.004,5905,0.284684209206554,0.303684461711429,6227.00085569023,322.07572733905
2025-07-03,0.004,5910,0.280535228109208,0.299302978698197,6227.00085569023,317.075727339147
2025-07-03,0.004,5915,0.27638499089054,0.294919728063822,6227.00085569023,312.075727339001
2025-07-03,0.004,5920,0.272233406019002,0.290534604452438,6227.00085569023,307.075727338955
2025-07-03,0.004,5925,0.268080379198185,0.286147498433643,6227.00085569023,302.075727339051
2025-07-03,0.004,5930,0.263925812493698,0.281758296648016,6227.00085569023,297.075727338889
2025-07-03,0.004,5935,0.259769604624212,0.27736688209816,6227.00085569023,292.075727339009
2025-07-03,0.004,5940,0.255611650379379,0.272973133130063,6227.00085569023,287.07572733909
2025-07-03,0.004,5945,0.251451841201912,0.268576923287581,6227.00085569023,282.075727338949
2025-07-03,0.004,5950,0.24729006387791,0.264178121894517,6227.00085569023,277.075727338933
2025-07-03,0.004,5955,0.243126201118937,0.259776592744943,6227.00085569023,272.075727338935
2025-07-03,0.004,5960,0.238960130834424,0.255372194394243,6227.00085569023,267.075727338981
2025-07-03,0.004,5965,0.234791726277189,0.250964779577036,6227.00085569023,262.07572733925
2025-07-03,0.004,5970,0.230620855170323,0.246554194625096,6227.00085569023,257.075727338961
2025-07-03,0.004,5975,0.226447379998227,0.242140280049433,6227.00085569023,252.075727339027
2025-07-03,0.004,5980,0.222271157279017,0.23772286879406,6227.00085569023,247.075727338991
2025-07-03,0.004,5985,0.218092037127966,0.243540302205723,6227.00085569023,242.100684555083
2025-07-03,0.004,5990,0.213909863111984,0.228876851931486,6227.00085569023,237.075727339031
2025-07-03,0.004,5995,0.209724471522027,0.234366863030459,6227.00085569023,232.100684555242
2025-07-03,0.004,6000,0.205535690936532,0.220014652757102,6227.00085569023,227.075727339118
2025-07-03,0.004,6005,0.201343341930385,0.215576979706003,6227.00085569023,222.075727339079
2025-07-03,0.004,6010,0.197147236056283,0.220569779510266,6227.00085569023,217.100684555186
2025-07-03,0.004,6015,0.19294717540818,0.206687388297431,6227.00085569023,212.075727338924
2025-07-03,0.004,6020,0.188742952039207,0.211344284932809,6227.00085569023,207.100684555422
2025-07-03,0.004,6025,0.18453434679752,0.206722503378549,6227.00085569023,202.100684555111
2025-07-03,0.004,6030,0.180321128889744,0.20209430850421,6227.00085569023,197.100684555606
2025-07-03,0.004,6035,0.188844323154512,0.197459386133942,6227.00085569023,192.125641771532
2025-07-03,0.004,6040,0.184368648213353,0.192817404629596,6227.00085569023,187.125641771413
2025-07-03,0.004,6045,0.17988639740722,0.188168011980344,6227.00085569023,182.125641771752
2025-07-03,0.004,6050,0.175397231676491,0.183510834493003,6227.00085569023,177.125641771471
2025-07-03,0.004,6055,0.170900790861262,0.178845475191324,6227.00085569023,172.125641771428
2025-07-03,0.004,6060,0.166396691373049,0.180266485429428,6227.00085569023,167.150598987747
2025-07-03,0.004,6065,0.161884524011995,0.175452158753635,6227.00085569023,162.150598987604
2025-07-03,0.004,6070,0.164795929475203,0.170627465002394,6227.00085569023,157.175556203641
2025-07-03,0.004,6075,0.160093311886331,0.16579184756495,6227.00085569023,152.175556204605
2025-07-03,0.004,6080,0.155380081003607,0.165613299639636,6227.00085569023,147.200513420211
2025-07-03,0.004,6085,0.156085401566302,0.164616065911233,6227.00085569023,142.250427852295
2025-07-03,0.004,6090,0.155658449683178,0.159535449809661,6227.00085569023,137.275385069637
2025-07-03,0.004,6095,0.154439529022287,0.15781990677007,6227.00085569023,132.325299502244
2025-07-03,0.004,6100,0.152621314508245,0.155619573659569,6227.00085569023,127.375213934657
2025-07-03,0.004,6105,0.150324515442024,0.155525308681027,6227.00085569023,122.450085581915
2025-07-03,0.004,6110,0.147630092859188,0.152363768309693,6227.00085569023,117.500000016209
2025-07-03,0.004,6115,0.146824732099355,0.150934085857709,6227.00085569023,112.599828881793
2025-07-03,0.004,6120,0.145255167907048,0.147112768198289,6227.00085569023,107.674700530205
2025-07-03,0.004,6125,0.144743176959637,0.147893184792633,6227.00085569023,102.849401045428
2025-07-03,0.004,6130,0.143365798165519,0.146152041732734,6227.00085569023,97.9991443387735
2025-07-03,0.004,6135,0.141304055021826,0.143805155701894,6227.00085569023,93.1488876381363
2025-07-03,0.004,6140,0.139820353386689,0.142044617994897,6227.00085569023,88.3485453685475
2025-07-03,0.004,6145,0.138641133115404,0.140614605359956,6227.00085569023,83.5981175314387
2025-07-03,0.004,6150,0.137565313224003,0.138448403330066,6227.00085569023,78.8726469136345
2025-07-03,0.004,6155,0.135655272050335,0.137240025240719,6227.00085569023,74.197090723947
2025-07-03,0.004,6160,0.133768681579095,0.135203054840954,6227.00085569023,69.5464917464251
2025-07-03,0.004,6165,0.131802214044457,0.133105569574116,6227.00085569023,64.9458072155544
2025-07-03,0.004,6170,0.130274079591362,0.131457406267605,6227.00085569023,60.4449515375068
2025-07-03,0.004,6175,0.127880104435958,0.130045055292177,6227.00085569023,55.994010292221
2025-07-03,0.004,6180,0.126726099141304,0.127719721084347,6227.00085569023,51.6428979126317
2025-07-03,0.004,6185,0.124576255937956,0.126410404508134,6227.00085569023,47.3916144089289
2025-07-03,0.004,6190,0.123247309410177,0.124099233824915,6227.00085569023,43.2401597611874
2025-07-03,0.004,6195,0.1208709762692,0.12246518180164,6227.00085569023,39.1885339775358
2025-07-03,0.004,6200,0.119782469290507,0.120532341996864,6227.00085569023,35.3365659230062
2025-07-03,0.004,6205,0.117530262531235,0.118954170492219,6227.00085569023,31.5844267370312
2025-07-03,0.004,6210,0.115535432004145,0.116899092853297,6227.00085569023,27.9820308564349
2025-07-03,0.004,6215,0.113659779043429,0.114977877118406,6227.00085569023,24.5792926940896
2025-07-03,0.004,6220,0.112435148793079,0.11307885436391,6227.00085569023,21.4261267023958
2025-07-03,0.004,6225,0.110471805118083,0.111107965084311,6227.00085569023,18.4227040001749
2025-07-03,0.004,6230,0.108371220729859,0.109644795619484,6227.00085569023,15.673131811433
2025-07-03,0.004,6235,0.106697215695729,0.107990088025657,6227.00085569023,13.1774101893834
2025-07-03,0.004,6240,0.105393902657663,0.106060259157662,6227.00085569023,10.9312607303168
2025-07-03,0.004,6245,0.103790511083216,0.105186455938378,6227.00085569023,8.98459786250919
2025-07-03,0.004,6250,0.102592182255488,0.103336632481673,6227.00085569023,7.23759271855624
2025-07-03,0.004,6255,0.100322731040113,0.101944277147441,6227.00085569023,5.69024530655781
2025-07-03,0.004,6260,0.0994335294206921,0.101226552241167,6227.00085569023,4.49229892990104
2025-07-03,0.004,6265,0.0975275838835649,0.0995677117578966,6227.00085569023,3.39418141111622
2025-07-03,0.004,6270,0.0973115337809588,0.0984858456912373,6227.00085569023,2.59555048989625
2025-07-03,0.004,6275,0.0964916355122934,0.0978729612223788,6227.00085569023,1.94666286689733
2025-07-03,0.004,6280,0.0958771517879513,0.0975298043603096,6227.00085569023,1.4475185439772
2025-07-03,0.004,6285,0.0950074933906822,0.0970356926235438,6227.00085569023,1.04820308361806
2025-07-03,0.004,6290,0.0954788338539414,0.0967246205517656,6227.00085569023,0.773673706083088
2025-07-03,0.004,6295,0.0940895076463827,0.0972537965834653,6227.00085569023,0.549058759080452
2025-07-03,0.004,6300,0.0959934536048383,0.097916170224266,6227.00085569023,0.424272675985492
2025-07-03,0.004,6305,0.0968852766062682,0.0992508816387816,6227.00085569023,0.32444381083252
2025-07-03,0.004,6310,0.0962204001815674,0.102080342647995,6227.00085569023,0.249572161676468
2025-07-03,0.004,6315,0.0973092830362305,0.104393042155428,6227.00085569023,0.199657730201139
2025-07-03,0.004,6320,0.102060447269495,0.106045246965355,6227.00085569023,0.174700513980618
2025-07-03,0.004,6325,0.101560529609591,0.106781740495332,6227.00085569023,0.124786081066841
2025-07-03,0.004,6330,0.106071714134291,0.11147484869864,6227.00085569023,0.124786081048555
2025-07-03,0.004,6335,0.102401680659409,0.116141274510186,6227.00085569023,0.0998288653152191
2025-07-03,0.004,6340,0.106597210132149,0.120782365146281,6227.00085569023,0.09982886481653
2025-07-03,0.004,6345,0.110773483492024,0.12539933525529,6227.00085569023,0.099828865074814
2025-07-03,0.004,6350,0.114931341548697,0.123883709337487,6227.00085569023,0.0748716489700278
2025-07-03,0.004,6355,0.119071550314986,0.128283772236082,6227.00085569023,0.0748716488464662
2025-07-03,0.004,6360,0.123194810029051,0.132664435103372,6227.00085569023,0.0748716487790428
2025-07-03,0.004,6365,NA,0.137026454638949,6227.00085569023,NA
2025-07-03,0.004,6370,NA,0.141370526569878,6227.00085569023,NA
2025-07-03,0.004,6375,NA,0.145697293363218,6227.00085569023,NA
2025-07-03,0.004,6380,NA,0.150007349610225,6227.00085569023,NA
2025-07-03,0.004,6385,NA,0.143577690494906,6227.00085569023,NA
2025-07-03,0.004,6390,NA,0.158579498700608,6227.00085569023,NA
2025-07-03,0.004,6400,NA,0.155638405147547,6227.00085569023,NA
2025-07-03,0.004,6410,NA,0.163615209629054,6227.00085569023,NA
2025-07-03,0.004,6420,NA,0.171544173961652,6227.00085569023,NA
2025-07-03,0.004,6425,NA,0.188125806187493,6227.00085569023,NA
2025-07-03,0.004,6430,NA,0.179427618011667,6227.00085569023,NA
2025-07-03,0.004,6440,NA,0.187267614408385,6227.00085569023,NA
2025-07-03,0.004,6450,NA,0.195066027106628,6227.00085569023,NA
2025-07-03,0.004,6460,NA,0.202824540054027,6227.00085569023,NA
2025-07-03,0.004,6470,NA,0.21054468265687,6227.00085569023,NA
2025-07-03,0.004,6475,NA,0.214390805802026,6227.00085569023,NA
2025-07-03,0.004,6480,NA,0.218227849861752,6227.00085569023,NA
2025-07-03,0.004,6490,NA,0.22587531947235,6227.00085569023,NA
2025-07-03,0.004,6500,NA,0.233488265682703,6227.00085569023,NA
2025-07-03,0.004,6510,NA,0.241067771737381,6227.00085569023,NA
2025-07-03,0.004,6520,NA,0.248614840117823,6227.00085569023,NA
2025-07-03,0.004,6525,NA,0.252376503510437,6227.00085569023,NA
2025-07-03,0.004,6530,NA,0.256130401127971,6227.00085569023,NA
2025-07-03,0.004,6540,NA,0.263615320752299,6227.00085569023,NA
2025-07-03,0.004,6550,NA,0.271070406622103,6227.00085569023,NA
2025-07-03,0.004,6560,NA,0.278496414709379,6227.00085569023,NA
2025-07-03,0.004,6570,NA,0.28589405340136,6227.00085569023,NA
2025-07-03,0.004,6575,NA,0.289582443680744,6227.00085569023,NA
2025-07-03,0.004,6600,NA,0.307923217066278,6227.00085569023,NA
2025-07-03,0.004,6625,NA,0.326101859851738,6227.00085569023,NA
2025-07-03,0.004,6650,NA,0.344126327569181,6227.00085569023,NA
2025-07-03,0.004,6675,NA,0.362003618962236,6227.00085569023,NA
2025-07-03,0.004,6700,NA,0.379739944206245,6227.00085569023,NA
2025-07-03,0.004,6725,NA,0.397340856021021,6227.00085569023,NA
2025-07-03,0.004,6750,NA,0.414811353426003,6227.00085569023,NA
2025-07-03,0.004,6775,NA,0.432155965122729,6227.00085569023,NA
2025-07-03,0.004,6800,NA,0.449378816288127,6227.00085569023,NA
2025-07-03,0.004,6825,NA,0.466483683726276,6227.00085569023,NA
2025-07-03,0.004,6900,NA,0.517123825288095,6227.00085569023,NA
2025-07-03,0.004,7000,NA,0.583176193925773,6227.00085569023,NA
2025-07-03,0.004,7200,NA,0.710778974336914,6227.00085569023,NA
2025-07-03,0.004,7400,NA,0.833076755389622,6227.00085569023,NA
2025-07-03,0.004,7600,NA,0.950689421751575,6227.00085569023,NA
2025-07-03,0.004,7800,NA,1.06408533132549,6227.00085569023,NA
2025-07-03,0.004,8000,NA,1.17363739323723,6227.00085569023,NA
2025-07-07,0.008,2400,NA,3.00538401817622,6227.61646700845,NA
2025-07-07,0.008,2600,NA,2.76150418474534,6227.61646700845,NA
2025-07-07,0.008,2800,NA,2.53566140090886,6227.61646700845,NA
2025-07-07,0.008,3000,NA,2.32526966050899,6227.61646700845,NA
2025-07-07,0.008,3200,NA,2.12824603863424,6227.61646700845,NA
2025-07-07,0.008,3400,NA,1.94288604922675,6227.61646700845,NA
2025-07-07,0.008,3600,NA,1.76777469868331,6227.61646700845,NA
2025-07-07,0.008,3800,NA,1.60172142918995,6227.61646700845,NA
2025-07-07,0.008,4000,NA,1.44371136282105,6227.61646700845,NA
2025-07-07,0.008,4200,NA,1.29286778189975,6227.61646700845,NA
2025-07-07,0.008,4400,NA,1.14842229393373,6227.61646700845,NA
2025-07-07,0.008,4600,NA,1.00968998814901,6227.61646700845,NA
2025-07-07,0.008,4800,NA,0.876047232177661,6227.61646700845,NA
2025-07-07,0.008,4900,NA,0.810950907053698,6227.61646700845,NA
2025-07-07,0.008,5000,NA,0.746909517639996,6227.61646700845,NA
2025-07-07,0.008,5100,NA,0.722117869756413,6227.61646700845,NA
2025-07-07,0.008,5125,NA,0.705734526875123,6227.61646700845,NA
2025-07-07,0.008,5150,NA,0.689408090713524,6227.61646700845,NA
2025-07-07,0.008,5175,NA,0.673137295982587,6227.61646700845,NA
2025-07-07,0.008,5200,NA,0.656920858766833,6227.61646700845,NA
2025-07-07,0.008,5225,NA,0.640757474778098,6227.61646700845,NA
2025-07-07,0.008,5250,0.590950698118335,0.624645816445157,6227.61646700845,977.69133865702
2025-07-07,0.008,5275,0.575648615507472,0.608584529421259,6227.61646700845,952.691338656984
2025-07-07,0.008,5300,0.560395077649254,0.592572230110305,6227.61646700845,927.691338657058
2025-07-07,0.008,5325,0.545188791460493,0.576607501010232,6227.61646700845,902.691338657092
2025-07-07,0.008,5350,0.530028431843788,0.560688887366074,6227.61646700845,877.691338657034
2025-07-07,0.008,5375,0.514912638195064,0.544814892513351,6227.61646700845,852.69133865714
2025-07-07,0.008,5400,0.499840009601444,0.528983972057299,6227.61646700845,827.691338657005
2025-07-07,0.008,5425,0.484809100330149,0.531930931341869,6227.61646700845,802.716295873353
2025-07-07,0.008,5450,0.469818413571179,0.515688635663792,6227.61646700845,777.716295873219
2025-07-07,0.008,5475,0.454866395616545,0.499483931366248,6227.61646700845,752.716295873231
2025-07-07,0.008,5500,0.439951428438793,0.483314896577792,6227.61646700845,727.7162958733
2025-07-07,0.008,5525,0.425071821250892,0.467179516294722,6227.61646700845,702.716295873287
2025-07-07,0.008,5550,0.410225801484049,0.451075670302991,6227.61646700845,677.716295873294
2025-07-07,0.008,5575,0.395411503291692,0.435001119208362,6227.61646700845,652.716295873206
2025-07-07,0.008,5600,0.380626955034828,0.41895348842931,6227.61646700845,627.716295873135
2025-07-07,0.008,5625,0.365870064730123,0.402930248988488,6227.61646700845,602.716295873132
2025-07-07,0.008,5650,0.372656165878519,0.386928695539334,6227.61646700845,577.741253089476
2025-07-07,0.008,5670,0.360270466941065,0.374141119705962,6227.61646700845,557.741253089528
2025-07-07,0.008,5675,0.357175929699246,0.370945919590552,6227.61646700845,552.741253089481
2025-07-07,0.008,5680,0.354082100262583,0.378308196983009,6227.61646700845,547.766210305749
2025-07-07,0.008,5690,0.347896466142743,0.371767112834153,6227.61646700845,537.7662103055
2025-07-07,0.008,5700,0.341713364347192,0.354978778510529,6227.61646700845,527.741253089352
2025-07-07,0.008,5710,0.335532587947693,0.358690401504652,6227.61646700845,517.766210305429
2025-07-07,0.008,5720,0.329353922594537,0.352154290763864,6227.61646700845,507.766210305706
2025-07-07,0.008,5725,0.32626531234779,0.348886686430083,6227.61646700845,502.76621030577
2025-07-07,0.008,5730,0.323177145788939,0.345619339228643,6227.61646700845,497.766210305755
2025-07-07,0.008,5740,0.317002027174081,0.339085281617575,6227.61646700845,487.766210305927
2025-07-07,0.008,5750,0.310828326788881,0.32307742486082,6227.61646700845,477.741253089609
2025-07-07,0.008,5760,0.304655795650071,0.326018733782227,6227.61646700845,467.766210305475
2025-07-07,0.008,5770,0.29848417415148,0.319485657406802,6227.61646700845,457.766210305406
2025-07-07,0.008,5775,0.295398620534527,0.316219034308664,6227.61646700845,452.766210305946
2025-07-07,0.008,5780,0.292313191918526,0.312952300907009,6227.61646700845,447.766210305891
2025-07-07,0.008,5785,0.289227852651285,0.309685416165436,6227.61646700845,442.766210305793
2025-07-07,0.008,5790,0.286142566353014,0.30641833788339,6227.61646700845,437.766210305645
2025-07-07,0.008,5795,0.294381844602607,0.303151022987202,6227.61646700845,432.79116752195
2025-07-07,0.008,5800,0.291193151230572,0.29988342738457,6227.61646700845,427.7911675217
2025-07-07,0.008,5805,0.288004250057188,0.296615505819036,6227.61646700845,422.791167521764
2025-07-07,0.008,5810,0.284815097426708,0.293347212015511,6227.61646700845,417.791167521669
2025-07-07,0.008,5815,0.281625648810272,0.29007849868027,6227.61646700845,412.791167521787
2025-07-07,0.008,5820,0.278435858660386,0.293759509101366,6227.61646700845,407.816124738381
2025-07-07,0.008,5825,0.275245679974364,0.283539617545861,6227.61646700845,402.791167521753
2025-07-07,0.008,5830,0.272055065021923,0.287088995270819,6227.61646700845,397.816124738138
2025-07-07,0.008,5835,0.268863964472071,0.283752659913108,6227.61646700845,392.816124738029
2025-07-07,0.008,5840,0.265672327829661,0.280415530602902,6227.61646700845,387.81612473776
2025-07-07,0.008,5845,0.262480103289877,0.27707754927806,6227.61646700845,382.816124737707
2025-07-07,0.008,5850,0.259287237592707,0.273738656275729,6227.61646700845,377.816124738095
2025-07-07,0.008,5855,0.256093676022952,0.270398789895788,6227.61646700845,372.816124737646
2025-07-07,0.008,5860,0.252899362264698,0.267057887419482,6227.61646700845,367.816124737851
2025-07-07,0.008,5865,0.249704238546843,0.263715883654233,6227.61646700845,362.816124737898
2025-07-07,0.008,5870,0.246508245352052,0.260372711806747,6227.61646700845,357.816124738013
2025-07-07,0.008,5875,0.243311321271245,0.257028303046468,6227.61646700845,352.81612473778
2025-07-07,0.008,5880,0.240113403294628,0.253682586651086,6227.61646700845,347.816124738295
2025-07-07,0.008,5885,0.236914426375139,0.25033548913343,6227.61646700845,342.816124737743
2025-07-07,0.008,5890,0.233714323573969,0.246986935551136,6227.61646700845,337.816124738301
2025-07-07,0.008,5895,0.230513025478482,0.243636847905939,6227.61646700845,332.816124738117
2025-07-07,0.008,5900,0.227310461075332,0.240285145871266,6227.61646700845,327.816124738031
2025-07-07,0.008,5905,0.231107672759581,0.241971557140724,6227.61646700845,322.866039170545
2025-07-07,0.008,5910,0.227820062743782,0.238558543812658,6227.61646700845,317.866039170177
2025-07-07,0.008,5915,0.224530754082918,0.23514350704078,6227.61646700845,312.866039170797
2025-07-07,0.008,5920,0.221239660047576,0.231726350491411,6227.61646700845,307.866039170691
2025-07-07,0.008,5925,0.217946690415879,0.228306975211527,6227.61646700845,302.866039170567
2025-07-07,0.008,5930,0.214651752055571,0.224885278319087,6227.61646700845,297.866039170545
2025-07-07,0.008,5935,0.211354748196415,0.221461153294073,6227.61646700845,292.866039170565
2025-07-07,0.008,5940,0.208055578721236,0.218034489396408,6227.61646700845,287.866039170331
2025-07-07,0.008,5945,0.204754139583838,0.218669201010513,6227.61646700845,282.890996386684
2025-07-07,0.008,5950,0.206659598213881,0.215185049626221,6227.61646700845,277.915953602717
2025-07-07,0.008,5955,0.203283975304399,0.21169783026164,6227.61646700845,272.915953603098
2025-07-07,0.008,5960,0.199905522483962,0.208207408602595,6227.61646700845,267.91595360264
2025-07-07,0.008,5965,0.19652411125916,0.204713645241737,6227.61646700845,262.915953603007
2025-07-07,0.008,5970,0.197414433667091,0.204659038015689,6227.61646700845,257.965868035494
2025-07-07,0.008,5975,0.193966513350295,0.201110633231783,6227.61646700845,252.965868034668
2025-07-07,0.008,5980,0.190514994199344,0.1975582487901,6227.61646700845,247.965868035352
2025-07-07,0.008,5985,0.190702163843393,0.197030583101682,6227.61646700845,243.015782467441
2025-07-07,0.008,5990,0.187189374726488,0.193425968489304,6227.61646700845,238.015782467562
2025-07-07,0.008,5995,0.183672266892183,0.192544974877668,6227.61646700845,233.040739683234
2025-07-07,0.008,6000,0.183305358976155,0.188890154120485,6227.61646700845,228.065696900566
2025-07-07,0.008,6005,0.182583078156261,0.187705964515669,6227.61646700845,223.115611332521
2025-07-07,0.008,6010,0.178958387139558,0.184002277408516,6227.61646700845,218.115611332236
2025-07-07,0.008,6015,0.177892927338685,0.182552599169816,6227.61646700845,213.165525765053
2025-07-07,0.008,6020,0.176576749097885,0.180907028432523,6227.61646700845,208.21544019788
2025-07-07,0.008,6025,0.175042354556378,0.17908625802009,6227.61646700845,203.26535462965
2025-07-07,0.008,6030,0.171276896024272,0.177107011866614,6227.61646700845,198.290311847246
2025-07-07,0.008,6035,0.171414933600378,0.174982993074106,6227.61646700845,193.365183493573
2025-07-07,0.008,6040,0.16935824157198,0.172725558102731,6227.61646700845,188.415097928314
2025-07-07,0.008,6045,0.167158258289522,0.171855013348305,6227.61646700845,183.489969576539
2025-07-07,0.008,6050,0.166362389161915,0.170678304883108,6227.61646700845,178.589798439204
2025-07-07,0.008,6055,0.165240531376307,0.169235279489012,6227.61646700845,173.689627304542
2025-07-07,0.008,6060,0.163837444441151,0.1675565851002,6227.61646700845,168.789456169678
2025-07-07,0.008,6065,0.162187106787467,0.165666296259705,6227.61646700845,163.889285034745
2025-07-07,0.008,6070,0.161428340241561,0.164629249509872,6227.61646700845,159.039028332546
2025-07-07,0.008,6075,0.160317396101335,0.163283986938182,6227.61646700845,154.188771628324
2025-07-07,0.008,6080,0.158900633567286,0.161666320516973,6227.61646700845,149.338514924254
2025-07-07,0.008,6085,0.158089461500106,0.160643427396449,6227.61646700845,144.538172658093
2025-07-07,0.008,6090,0.156917449665549,0.159292299238768,6227.61646700845,139.737830386126
2025-07-07,0.008,6095,0.155428830647217,0.157649467753998,6227.61646700845,134.937488118274
2025-07-07,0.008,6100,0.154359595642976,0.156424866461958,6227.61646700845,130.187060276716
2025-07-07,0.008,6105,0.152945933831024,0.155510954671846,6227.61646700845,125.461589652646
2025-07-07,0.008,6110,0.152439571418904,0.153636217899713,6227.61646700845,120.761076247289
2025-07-07,0.008,6115,0.150936037851617,0.153166896951249,6227.61646700845,116.110477272782
2025-07-07,0.008,6120,0.150176865889352,0.151222664888599,6227.61646700845,111.459878298005
2025-07-07,0.008,6125,0.149004787698061,0.150955742745547,6227.61646700845,106.909108195076
2025-07-07,0.008,6130,0.147462732155263,0.149302125381209,6227.61646700845,102.308423655259
2025-07-07,0.008,6135,0.146457084363957,0.148185140304415,6227.61646700845,97.8075679809754
2025-07-07,0.008,6140,0.145044379194911,0.146676423199404,6227.61646700845,93.3067122972475
2025-07-07,0.008,6145,0.144035754081749,0.145574965016158,6227.61646700845,88.9056854901378
2025-07-07,0.008,6150,0.142602087169856,0.144785389591888,6227.61646700845,84.5545731065131
2025-07-07,0.008,6155,0.142165189489231,0.14354254063471,6227.61646700845,80.3032896045343
2025-07-07,0.008,6160,0.140569040111955,0.141881500192895,6227.61646700845,76.0020916531057
2025-07-07,0.008,6165,0.139827630071899,0.141075678428388,6227.61646700845,71.9005514373462
2025-07-07,0.008,6170,0.138597292123838,0.139790104174985,6227.61646700845,67.7990112259968
2025-07-07,0.008,6175,0.137482770104215,0.138625360731045,6227.61646700845,63.7972998702126
2025-07-07,0.008,6180,0.136439426886182,0.137536908176516,6227.61646700845,59.8954173833099
2025-07-07,0.008,6185,0.134899690482114,0.136486812869817,6227.61646700845,56.0434493308858
2025-07-07,0.008,6190,0.133908456362841,0.134931690143701,6227.61646700845,52.2913101326849
2025-07-07,0.008,6195,0.132390990500876,0.13388027003064,6227.61646700845,48.638999801633
2025-07-07,0.008,6200,0.131329486492638,0.132296294931163,6227.61646700845,45.0865183492713
2025-07-07,0.008,6205,0.130189309300949,0.131134135907368,6227.61646700845,41.6837801894071
2025-07-07,0.008,6210,0.128485814083013,0.129413137063719,6227.61646700845,38.2810420147855
2025-07-07,0.008,6215,0.127132782098264,0.128046503840363,6227.61646700845,35.0779615830456
2025-07-07,0.008,6220,0.125636675100913,0.12699317859056,6227.61646700845,32.0246244530001
2025-07-07,0.008,6225,0.124424878184603,0.125324198914835,6227.61646700845,29.0711161873339
2025-07-07,0.008,6230,0.12296683201257,0.124315124147492,6227.61646700845,26.3049058742413
2025-07-07,0.008,6235,0.121391005985621,0.122745906145248,6227.61646700845,23.609526511005
2025-07-07,0.008,6240,0.120034531745324,0.121403917317927,6227.61646700845,21.1138049089875
2025-07-07,0.008,6245,0.118889506583077,0.120281860607637,6227.61646700845,18.8177410056933
2025-07-07,0.008,6250,0.117484116370778,0.118909192413997,6227.61646700845,16.621505988328
2025-07-07,0.008,6255,0.116281080871588,0.117749381923801,6227.61646700845,14.6249286985806
2025-07-07,0.008,6260,0.115300437054142,0.116823391170935,6227.61646700845,12.8280091152018
2025-07-07,0.008,6265,0.114047432024288,0.11563973853179,6227.61646700845,11.1309184307805
2025-07-07,0.008,6270,0.113055587015613,0.114174462531715,6227.61646700845,9.58357101772606
2025-07-07,0.008,6275,0.11179792129835,0.113579367633704,6227.61646700845,8.23588135304647
2025-07-07,0.008,6280,0.110888418447514,0.112161386522273,6227.61646700845,6.98802054358202
2025-07-07,0.008,6285,0.109759328796594,0.111135663781833,6227.61646700845,5.8899030146257
2025-07-07,0.008,6290,0.109157370924323,0.110652258471177,6227.61646700845,4.9914432422018
2025-07-07,0.008,6295,0.107643923137191,0.10929733095395,6227.61646700845,4.09298346294008
2025-07-07,0.008,6300,0.107759560513629,0.108670536163805,6227.61646700845,3.44409583429177
2025-07-07,0.008,6305,0.106054272063179,0.107598246567039,6227.61646700845,2.77025100042329
2025-07-07,0.008,6310,0.104815556286484,0.106574984846501,6227.61646700845,2.22119224122545
2025-07-07,0.008,6315,0.103718343187948,0.105741575706623,6227.61646700845,1.77196235111984
2025-07-07,0.008,6320,0.102989748146518,0.105322850166697,6227.61646700845,1.42256132080735
2025-07-07,0.008,6325,0.102057685315985,0.104787743501946,6227.61646700845,1.1230747292766
2025-07-07,0.008,6330,0.102099183303679,0.104223106490104,6227.61646700845,0.898459781626983
2025-07-07,0.008,6335,0.101247553274186,0.103780696252952,6227.61646700845,0.698802051781726
2025-07-07,0.008,6340,0.100697025362791,0.103715082831341,6227.61646700845,0.549058756766385
2025-07-07,0.008,6345,0.100895149397585,0.10441470195365,6227.61646700845,0.449229890137921
2025-07-07,0.008,6350,0.102469392030639,0.104497798482773,6227.61646700845,0.374358242725187
2025-07-07,0.008,6355,0.101157663619996,0.10599978023382,6227.61646700845,0.299486595057751
2025-07-07,0.008,6360,0.101541639913953,0.107167695995279,6227.61646700845,0.249572161680973
2025-07-07,0.008,6365,0.101169903817971,0.107918717429825,6227.61646700845,0.199657729936458
2025-07-07,0.008,6370,0.104361060247178,0.111275722473445,6227.61646700845,0.199657729657901
2025-07-07,0.008,6375,0.107538871842525,0.111388329559055,6227.61646700845,0.174700513131352
2025-07-07,0.008,6380,0.105686279301871,0.11070380746672,6227.61646700845,0.124786080593072
2025-07-07,0.008,6385,0.108723617476022,0.117883487863451,6227.61646700845,0.149743296934627
2025-07-07,0.008,6390,0.104016052090453,0.116996759778581,6227.61646700845,0.0998288646264847
2025-07-07,0.008,6400,0.109693895527694,0.123243047736283,6227.61646700845,0.0998288647465291
2025-07-07,0.008,6410,0.115335947074239,0.129445401715682,6227.61646700845,0.0998288647429302
2025-07-07,0.008,6420,0.12094406733797,0.135606223510386,6227.61646700845,0.0998288650027979
2025-07-07,0.008,6425,0.123735926634791,0.138671734046899,6227.61646700845,0.099828864393511
2025-07-07,0.008,6430,0.126519908106784,0.141727640755919,6227.61646700845,0.099828864569635
2025-07-07,0.008,6440,NA,0.147811551604105,6227.61646700845,NA
2025-07-07,0.008,6450,NA,0.147303872534696,6227.61646700845,NA
2025-07-07,0.008,6475,NA,0.161759842911281,6227.61646700845,NA
2025-07-07,0.008,6500,NA,0.176035158827304,6227.61646700845,NA
2025-07-07,0.008,6525,NA,0.190144758114784,6227.61646700845,NA
2025-07-07,0.008,6550,NA,0.204100898288477,6227.61646700845,NA
2025-07-07,0.008,6575,NA,0.217913821859434,6227.61646700845,NA
2025-07-07,0.008,6600,NA,0.231592219376948,6227.61646700845,NA
2025-07-07,0.008,6625,NA,0.24514356164878,6227.61646700845,NA
2025-07-07,0.008,6700,NA,0.285096386675665,6227.61646700845,NA
2025-07-07,0.008,6800,NA,0.317429890880213,6227.61646700845,NA
2025-07-07,0.008,7000,NA,0.412045294529363,6227.61646700845,NA
2025-07-07,0.008,7200,NA,0.502278691005293,6227.61646700845,NA
2025-07-07,0.008,7400,NA,0.588759840341916,6227.61646700845,NA
2025-07-07,0.008,7600,NA,0.671927426758487,6227.61646700845,NA
2025-07-07,0.008,7800,NA,0.752112833599023,6227.61646700845,NA
2025-07-07,0.008,8000,NA,0.829579873698849,6227.61646700845,NA
2025-07-08,0.012,2400,NA,2.45411019379659,6228.33998675132,NA
2025-07-08,0.012,2600,NA,2.25498808184526,6228.33998675132,NA
2025-07-08,0.012,2800,NA,2.0705929238531,6228.33998675132,NA
2025-07-08,0.012,3000,NA,1.89881330618762,6228.33998675132,NA
2025-07-08,0.012,3200,NA,1.73794857256402,6228.33998675132,NA
2025-07-08,0.012,3400,NA,1.58660705580815,6228.33998675132,NA
2025-07-08,0.012,3600,NA,1.44363345666905,6228.33998675132,NA
2025-07-08,0.012,3800,NA,1.30805572627248,6228.33998675132,NA
2025-07-08,0.012,4000,NA,1.17904525979337,6228.33998675132,NA
2025-07-08,0.012,4200,NA,1.05588626423773,6228.33998675132,NA
2025-07-08,0.012,4400,NA,0.937951401446879,6228.33998675132,NA
2025-07-08,0.012,4600,NA,0.824681509421574,6228.33998675132,NA
2025-07-08,0.012,4800,NA,0.715567480530884,6228.33998675132,NA
2025-07-08,0.012,4900,NA,0.662419100865616,6228.33998675132,NA
2025-07-08,0.012,5000,NA,0.643894400293785,6228.33998675132,NA
2025-07-08,0.012,5100,NA,0.589904904503296,6228.33998675132,NA
2025-07-08,0.012,5125,NA,0.576528783443438,6228.33998675132,NA
2025-07-08,0.012,5150,NA,0.563199139745628,6228.33998675132,NA
2025-07-08,0.012,5175,NA,0.54991494095148,6228.33998675132,NA
2025-07-08,0.012,5200,NA,0.536675139614136,6228.33998675132,NA
2025-07-08,0.012,5225,0.495333672756264,0.541998547290852,6228.33998675132,1003.43978714795
2025-07-08,0.012,5250,NA,0.528442438684707,6228.33998675132,NA
2025-07-08,0.012,5275,0.470306404044805,0.514927693170002,6228.33998675132,953.439787147949
2025-07-08,0.012,5300,0.457852764834494,0.501453116180016,6228.33998675132,928.439787147992
2025-07-08,0.012,5325,0.445437723560693,0.488017483025565,6228.33998675132,903.439787147938
2025-07-08,0.012,5350,0.433060199452657,0.474619535402537,6228.33998675132,878.439787147962
2025-07-08,0.012,5375,0.42071908263581,0.461257977026325,6228.33998675132,853.439787148015
2025-07-08,0.012,5400,0.408413230930328,0.447931468975208,6228.33998675132,828.439787147907
2025-07-08,0.012,5425,0.396141465049,0.434638625179261,6228.33998675132,803.439787147832
2025-07-08,0.012,5450,0.383902564668215,0.42137800616303,6228.33998675132,778.439787147993
2025-07-08,0.012,5475,0.393645944155308,0.408148112351649,6228.33998675132,753.464737247066
2025-07-08,0.012,5500,0.38084831018365,0.405803388735412,6228.33998675132,728.489687346499
2025-07-08,0.012,5525,0.368078811030413,0.392323095316567,6228.33998675132,703.489687346247
2025-07-08,0.012,5550,0.355335833906833,0.378867966670246,6228.33998675132,678.489687346213
2025-07-08,0.012,5575,0.342617677694019,0.365436080197408,6228.33998675132,653.48968734653
2025-07-08,0.012,5600,0.329922540719348,0.352025395137462,6228.33998675132,628.489687346072
2025-07-08,0.012,5625,0.329320347688126,0.338633736852196,6228.33998675132,603.514637445384
2025-07-08,0.012,5650,0.31625663878592,0.332707569929237,6228.33998675132,578.539587544238
2025-07-08,0.012,5670,0.305816875649351,0.321813384531572,6228.33998675132,558.53958754436
2025-07-08,0.012,5675,0.303208324500354,0.319090987783459,6228.33998675132,553.539587544465
2025-07-08,0.012,5680,0.300600287470521,0.316369004600777,6228.33998675132,548.539587544517
2025-07-08,0.012,5690,0.295385669329974,0.310926183325621,6228.33998675132,538.539587544176
2025-07-08,0.012,5700,0.290172845295056,0.305484725273884,6228.33998675132,528.539587544331
2025-07-08,0.012,5710,0.284961632739231,0.300044427882906,6228.33998675132,518.53958754413
2025-07-08,0.012,5720,0.279751842924157,0.294605081314068,6228.33998675132,508.539587544691
2025-07-08,0.012,5725,0.277147420590067,0.291885696666888,6228.33998675132,503.539587544678
2025-07-08,0.012,5730,0.274543279835537,0.294880673488214,6228.33998675132,498.564537643826
2025-07-08,0.012,5740,0.277206298366676,0.28935386728951,6228.33998675132,488.589487743362
2025-07-08,0.012,5750,0.271872543259598,0.283827111294914,6228.33998675132,478.589487742565
2025-07-08,0.012,5760,0.26653907497077,0.27830015055487,6228.33998675132,468.589487742538
2025-07-08,0.012,5770,0.26120564990113,0.272772719060369,6228.33998675132,458.589487743303
2025-07-08,0.012,5775,0.258538874502036,0.270008740214491,6228.33998675132,453.589487742332
2025-07-08,0.012,5780,0.255872013974238,0.26724453872431,6228.33998675132,448.589487743106
2025-07-08,0.012,5790,0.250537901763161,0.261715319527023,6228.33998675132,438.589487743125
2025-07-08,0.012,5800,0.245203035762875,0.256184757478999,6228.33998675132,428.589487742585
2025-07-08,0.012,5810,0.239867125371633,0.250652534475371,6228.33998675132,418.589487743104
2025-07-08,0.012,5820,0.240211249936065,0.249468220160641,6228.33998675132,408.639387941485
2025-07-08,0.012,5825,0.237488789014005,0.246660274303612,6228.33998675132,403.639387941429
2025-07-08,0.012,5830,0.234765777301954,0.243851623551809,6228.33998675132,398.639387940935
2025-07-08,0.012,5835,0.232042170125533,0.241042219447355,6228.33998675132,393.639387940997
2025-07-08,0.012,5840,0.229317921355168,0.238232012222699,6228.33998675132,388.639387941265
2025-07-08,0.012,5845,0.226592983697137,0.2354209506551,6228.33998675132,383.639387941109
2025-07-08,0.012,5850,0.223867308693561,0.232608982212144,6228.33998675132,378.639387941185
2025-07-08,0.012,5855,0.221140846285852,0.229796052906226,6228.33998675132,373.639387941026
2025-07-08,0.012,5860,0.218413545396788,0.226982107149029,6228.33998675132,368.639387941755
2025-07-08,0.012,5865,0.215685352911878,0.224167087606007,6228.33998675132,363.639387940704
2025-07-08,0.012,5870,0.21740433413248,0.224916929753343,6228.33998675132,358.689288139497
2025-07-08,0.012,5875,0.214627783595998,0.222063032149444,6228.33998675132,353.689288139156
2025-07-08,0.012,5880,0.211850070507009,0.219207794023115,6228.33998675132,348.689288139557
2025-07-08,0.012,5885,0.209071132874353,0.216351148726583,6228.33998675132,343.689288140156
2025-07-08,0.012,5890,0.206290906378566,0.213493027720327,6228.33998675132,338.689288139527
2025-07-08,0.012,5895,0.203509325390508,0.210633360136522,6228.33998675132,333.68928813976
2025-07-08,0.012,5900,0.204426712614535,0.210837463262244,6228.33998675132,328.73918833788
2025-07-08,0.012,5905,0.201600826137778,0.207940756106532,6228.33998675132,323.739188337746
2025-07-08,0.012,5910,0.198773265317655,0.205042183977363,6228.33998675132,318.739188337305
2025-07-08,0.012,5915,0.1959439521559,0.202141663637784,6228.33998675132,313.739188337601
2025-07-08,0.012,5920,0.196309176415337,0.201952758677845,6228.33998675132,308.789088536467
2025-07-08,0.012,5925,0.193438604208335,0.199016726135381,6228.33998675132,303.78908853593
2025-07-08,0.012,5930,0.19056591789909,0.19607838260326,6228.33998675132,298.789088536262
2025-07-08,0.012,5935,0.190518330516949,0.195584204800799,6228.33998675132,293.838988734423
2025-07-08,0.012,5940,0.187606713032336,0.192611586851702,6228.33998675132,288.838988734359
2025-07-08,0.012,5945,0.187248481404724,0.189636253806262,6228.33998675132,283.863938833087
2025-07-08,0.012,5950,0.184299869895699,0.188876083437094,6228.33998675132,278.888888931626
2025-07-08,0.012,5955,0.183676985205176,0.185867274147229,6228.33998675132,273.913839031163
2025-07-08,0.012,5960,0.180692809542929,0.184900755000779,6228.33998675132,268.938789132148
2025-07-08,0.012,5965,0.179840019580273,0.18377821764073,6228.33998675132,263.988689329045
2025-07-08,0.012,5970,0.176821307566576,0.180708314463085,6228.33998675132,258.988689330186
2025-07-08,0.012,5975,0.175765495394461,0.179418242940281,6228.33998675132,254.038589527446
2025-07-08,0.012,5980,0.174557012240286,0.178001994379878,6228.33998675132,249.088489725622
2025-07-08,0.012,5985,0.173211253011729,0.176470352333136,6228.33998675132,244.138389923677
2025-07-08,0.012,5990,0.171740868125255,0.17483238831849,6228.33998675132,239.188290122584
2025-07-08,0.012,5995,0.170156382108035,0.17309580291844,6228.33998675132,234.238190319594
2025-07-08,0.012,6000,0.168466643252122,0.172601671827627,6228.33998675132,229.313040618575
2025-07-08,0.012,6005,0.168036600687723,0.17062935573274,6228.33998675132,224.387890916262
2025-07-08,0.012,6010,0.166096961646076,0.168579701592623,6228.33998675132,219.4377911147
2025-07-08,0.012,6015,0.165282169935503,0.167601309101982,6228.33998675132,214.537591510959
2025-07-08,0.012,6020,0.163135112405287,0.166439619231934,6228.33998675132,209.612441811306
2025-07-08,0.012,6025,0.16200229382609,0.165112769053063,6228.33998675132,204.712242203818
2025-07-08,0.012,6030,0.161696602907044,0.163635540546376,6228.33998675132,199.836992700621
2025-07-08,0.012,6035,0.160181714625824,0.162915083954576,6228.33998675132,194.961743197198
2025-07-08,0.012,6040,0.159410387012211,0.161128942589293,6228.33998675132,190.086493691866
2025-07-08,0.012,6045,0.157588114842127,0.160028105190751,6228.33998675132,185.211244189939
2025-07-08,0.012,6050,0.156438703441591,0.158738344351337,6228.33998675132,180.360944778758
2025-07-08,0.012,6055,0.155835630601576,0.157983647685082,6228.33998675132,175.560545575617
2025-07-08,0.012,6060,0.154976159272562,0.156993024164171,6228.33998675132,170.760146369954
2025-07-08,0.012,6065,0.153888281664203,0.155790191227641,6228.33998675132,165.959747162451
2025-07-08,0.012,6070,0.152594106937862,0.154394120498413,6228.33998675132,161.159347956726
2025-07-08,0.012,6075,0.151685783810793,0.15393621465433,6228.33998675132,156.433799048988
2025-07-08,0.012,6080,0.150000842139254,0.152144950287291,6228.33998675132,151.633399839558
2025-07-08,0.012,6085,0.149186828519588,0.151206182661816,6228.33998675132,146.932801027007
2025-07-08,0.012,6090,0.148119181711375,0.150029086533597,6228.33998675132,142.232202214587
2025-07-08,0.012,6095,0.147732244539226,0.149525529148657,6228.33998675132,137.631403808627
2025-07-08,0.012,6100,0.14617739320633,0.147886245711857,6228.33998675132,132.930804991855
2025-07-08,0.012,6105,0.145248964571105,0.146867078463707,6228.33998675132,128.330006586191
2025-07-08,0.012,6110,0.144833213442652,0.146359382077519,6228.33998675132,123.829008562146
2025-07-08,0.012,6115,0.143370212925561,0.144826418134798,6228.33998675132,119.228210150826
2025-07-08,0.012,6120,0.142386425894425,0.143770957245916,6228.33998675132,114.727212138633
2025-07-08,0.012,6125,0.141795764091869,0.143109654480557,6228.33998675132,110.326014516842
2025-07-08,0.012,6130,0.140893880041769,0.142145908056035,6228.33998675132,105.92481689688
2025-07-08,0.012,6135,0.139704921774333,0.140902148148964,6228.33998675132,101.523619267662
2025-07-08,0.012,6140,0.138822722099962,0.139966777231541,6228.33998675132,97.2222220489361
2025-07-08,0.012,6145,0.138189563611769,0.139283108609033,6228.33998675132,93.0206252243697
2025-07-08,0.012,6150,0.137230151766237,0.138279294359046,6228.33998675132,88.8190283887311
2025-07-08,0.012,6155,0.135964985991865,0.136974703953861,6228.33998675132,84.6174315698954
2025-07-08,0.012,6160,0.134897122942191,0.136354401791734,6228.33998675132,80.5655353290531
2025-07-08,0.012,6165,0.133987312609386,0.134925099144737,6228.33998675132,76.5136391162723
2025-07-08,0.012,6170,0.133201443848963,0.134107308138916,6228.33998675132,72.61144346117
2025-07-08,0.012,6175,0.132070983989705,0.132948806884533,6228.33998675132,68.7092478185764
2025-07-08,0.012,6180,0.131036066912666,0.131888300264564,6228.33998675132,64.9068525868697
2025-07-08,0.012,6185,0.130071170450284,0.130900331158511,6228.33998675132,61.2042577336292
2025-07-08,0.012,6190,0.128749305612051,0.129558407087213,6228.33998675132,57.5016629008037
2025-07-08,0.012,6195,0.127869359301754,0.128660315120702,6228.33998675132,53.9986688538249
2025-07-08,0.012,6200,0.126611198528334,0.127386776174308,6228.33998675132,50.4956748020488
2025-07-08,0.012,6205,0.125360545524539,0.126123058897578,6228.33998675132,47.0924811514651
2025-07-08,0.012,6210,0.124099966804885,0.125227571723894,6228.33998675132,43.8389880800612
2025-07-08,0.012,6215,0.123184887805652,0.12392827341372,6228.33998675132,40.6852954184094
2025-07-08,0.012,6220,0.121853290792034,0.12259079568012,6228.33998675132,37.5815029592443
2025-07-08,0.012,6225,0.120832943383559,0.121567068007257,6228.33998675132,34.6773112844503
2025-07-08,0.012,6230,0.119606268152562,0.120706340120363,6228.33998675132,31.8862267273132
2025-07-08,0.012,6235,0.118466898446649,0.119570003324622,6228.33998675132,29.1916160206745
2025-07-08,0.012,6240,0.117601808332127,0.118712306165113,6228.33998675132,26.6966061169146
2025-07-08,0.012,6245,0.116635950861263,0.117758514123722,6228.33998675132,24.3013965779662
2025-07-08,0.012,6250,0.11555996827945,0.116699712406142,6228.33998675132,22.0059874575552
2025-07-08,0.012,6255,0.114363109195159,0.115525760364727,6228.33998675132,19.8103787390908
2025-07-08,0.012,6260,0.113430325462745,0.114621756391617,6228.33998675132,17.8143707933118
2025-07-08,0.012,6265,0.112782854001772,0.113600693902028,6228.33998675132,15.9680634537716
2025-07-08,0.012,6270,0.111606846938888,0.112453932259736,6228.33998675132,14.1716563266873
2025-07-08,0.012,6275,0.110729845499676,0.111611383498461,6228.33998675132,12.5748499837797
2025-07-08,0.012,6280,0.109738707277524,0.110661645766172,6228.33998675132,11.0778440264211
2025-07-08,0.012,6285,0.108629089398852,0.110086289813572,6228.33998675132,9.73053867423721
2025-07-08,0.012,6290,0.107913232812975,0.108942512187017,6228.33998675132,8.48303371369332
2025-07-08,0.012,6295,0.10713942176951,0.108235488468164,6228.33998675132,7.38522935664002
2025-07-08,0.012,6300,0.10632358916044,0.107498499299954,6228.33998675132,6.38722538296867
2025-07-08,0.012,6305,0.104848432409925,0.106756767517052,6228.33998675132,5.4391216160754
2025-07-08,0.012,6310,0.103971283268773,0.105360414626187,6228.33998675132,4.59081825210347
2025-07-08,0.012,6315,0.103147878861652,0.104669503952028,6228.33998675132,3.89221546444014
2025-07-08,0.012,6320,0.10244882348054,0.104124410598894,6228.33998675132,3.29341309508834
2025-07-08,0.012,6325,0.101504111834252,0.102909683654452,6228.33998675132,2.71956081253848
2025-07-08,0.012,6330,0.100287356934904,0.101876229772489,6228.33998675132,2.22055882599136
2025-07-08,0.012,6335,0.0993793495843951,0.101180301743478,6228.33998675132,1.8213572379596
2025-07-08,0.012,6340,0.0983171006636168,0.100384098358379,6228.33998675132,1.47205585022505
2025-07-08,0.012,6345,0.0979517233180324,0.0995343005605326,6228.33998675132,1.19760476176387
2025-07-08,0.012,6350,0.0968570189696822,0.0995985271846221,6228.33998675132,0.973053864815313
2025-07-08,0.012,6355,0.0958655412513482,0.0990854387317647,6228.33998675132,0.77345307201405
2025-07-08,0.012,6360,0.0952087695158337,0.0989733667200771,6228.33998675132,0.623752480231346
2025-07-08,0.012,6365,0.0952586243774056,0.0982126813586286,6228.33998675132,0.499001982424133
2025-07-08,0.012,6370,0.0946848317370587,0.0981797547400417,6228.33998675132,0.399201587143644
2025-07-08,0.012,6375,0.095466894298535,0.0993734435440806,6228.33998675132,0.349301388992814
2025-07-08,0.012,6380,0.0958951386827692,0.100328598226814,6228.33998675132,0.299401190560054
2025-07-08,0.012,6390,0.0951429098758172,0.103741809315407,6228.33998675132,0.224550892033829
2025-07-08,0.012,6400,0.0957906178054127,0.103735466863155,6228.33998675132,0.149700594911767
2025-07-08,0.012,6410,0.100674842277698,0.108941015377016,6228.33998675132,0.149700594527419
2025-07-08,0.012,6420,0.0984060736926669,0.114110505118057,6228.33998675132,0.124750496114372
2025-07-08,0.012,6425,0.100686252579948,0.112846738510334,6228.33998675132,0.0998003965647962
2025-07-08,0.012,6430,0.10295997856594,0.110350416533709,6228.33998675132,0.074850297325459
2025-07-08,0.012,6440,0.107488654201706,0.120311626986794,6228.33998675132,0.0998003962522844
2025-07-08,0.012,6450,0.11199319126601,0.12525127693932,6228.33998675132,0.099800396160008
2025-07-08,0.012,6475,0.123155171339565,0.137480112196899,6228.33998675132,0.0998003964006742
2025-07-08,0.012,6500,NA,0.149550046360952,6228.33998675132,NA
2025-07-08,0.012,6525,NA,0.154898966164408,6228.33998675132,NA
2025-07-08,0.012,6550,NA,0.166296085688484,6228.33998675132,NA
2025-07-08,0.012,6575,NA,0.177576070007489,6228.33998675132,NA
2025-07-08,0.012,6600,NA,0.188746045776384,6228.33998675132,NA
2025-07-08,0.012,6625,NA,0.199812137605253,6228.33998675132,NA
2025-07-08,0.012,6700,NA,0.23243720121845,6228.33998675132,NA
2025-07-08,0.012,6800,NA,0.27474382094345,6228.33998675132,NA
2025-07-08,0.012,7000,NA,0.336116513377652,6228.33998675132,NA
2025-07-08,0.012,7200,NA,0.409794804168492,6228.33998675132,NA
2025-07-08,0.012,7400,NA,0.480408482858064,6228.33998675132,NA
2025-07-08,0.012,7600,NA,0.548316063672175,6228.33998675132,NA
2025-07-08,0.012,7800,NA,0.613788305657365,6228.33998675132,NA
2025-07-08,0.012,8000,NA,0.677040724715432,6228.33998675132,NA
2025-07-09,0.016,2400,NA,2.12554240818152,6229.02195608608,NA
2025-07-09,0.016,2600,NA,1.95309876188592,6229.02195608608,NA
2025-07-09,0.016,2800,NA,1.79340905350749,6229.02195608608,NA
2025-07-09,0.016,3000,NA,1.64464475471675,6229.02195608608,NA
2025-07-09,0.016,3200,NA,1.50533306384514,6229.02195608608,NA
2025-07-09,0.016,3400,NA,1.37426877337461,6229.02195608608,NA
2025-07-09,0.016,3600,NA,1.25045137757861,6229.02195608608,NA
2025-07-09,0.016,3800,NA,1.13303907304498,6229.02195608608,NA
2025-07-09,0.016,4000,NA,1.02131428635286,6229.02195608608,NA
2025-07-09,0.016,4200,NA,0.914657146658914,6229.02195608608,NA
2025-07-09,0.016,4400,NA,0.812524395460985,6229.02195608608,NA
2025-07-09,0.016,4600,NA,0.752573278752313,6229.02195608608,NA
2025-07-09,0.016,4800,0.619938602924899,0.653585098500812,6229.02195608608,1429.09680638556
2025-07-09,0.016,4900,NA,0.605349767450475,6229.02195608608,NA
2025-07-09,0.016,5000,NA,0.557881812441171,6229.02195608608,NA
2025-07-09,0.016,5100,0.484047055819818,0.5111272291327,6229.02195608608,1129.09680638544
2025-07-09,0.016,5125,NA,0.516984856098376,6229.02195608608,NA
2025-07-09,0.016,5150,0.461999793937931,0.505092215630064,6229.02195608608,1079.12175648533
2025-07-09,0.016,5175,0.451034569000505,0.493239338270112,6229.02195608608,1054.12175648518
2025-07-09,0.016,5200,0.440107172348791,0.481425269267363,6229.02195608608,1029.12175648529
2025-07-09,0.016,5225,0.4292167576434,0.469649037135957,6229.02195608608,1004.12175648527
2025-07-09,0.016,5250,0.418362465011661,0.457909652345658,6229.02195608608,979.121756485362
2025-07-09,0.016,5275,0.407543418864834,0.446206104411472,6229.02195608608,954.121756485093
2025-07-09,0.016,5300,0.419534611596954,0.434537360147418,6229.02195608608,929.146706585062
2025-07-09,0.016,5325,0.386007474904279,0.42290235973751,6229.02195608608,904.121756485239
2025-07-09,0.016,5350,0.375288728997316,0.41130001455297,6229.02195608608,879.121756485141
2025-07-09,0.016,5375,0.385769319714845,0.399729203223211,6229.02195608608,854.146706585021
2025-07-09,0.016,5400,0.37457666071153,0.398656161583465,6229.02195608608,829.171656684675
2025-07-09,0.016,5425,0.363413373730469,0.386880433093845,6229.02195608608,804.17165668513
2025-07-09,0.016,5450,0.352278290252869,0.375132382055951,6229.02195608608,779.1716566846
2025-07-09,0.016,5475,0.35373748850003,0.363410648011227,6229.02195608608,754.196606784581
2025-07-09,0.016,5500,0.330087821226991,0.351713807636846,6229.02195608608,729.171656684882
2025-07-09,0.016,5525,0.33089852297627,0.340040367615268,6229.02195608608,704.196606784708
2025-07-09,0.016,5550,0.319513335731643,0.335722837941157,6229.02195608608,679.221556884573
2025-07-09,0.016,5575,0.308148936188957,0.323872922769069,6229.02195608608,654.221556884573
2025-07-09,0.016,5600,0.296803651751077,0.312040786835969,6229.02195608608,629.221556884784
2025-07-09,0.016,5625,0.29354774177293,0.300224467088492,6229.02195608608,604.2465069842
2025-07-09,0.016,5650,0.281965728669867,0.293983588223199,6229.02195608608,579.27145708392
2025-07-09,0.016,5670,0.272709115985847,0.284398647951843,6229.02195608608,559.271457084316
2025-07-09,0.016,5675,0.270396060247529,0.282003329218106,6229.02195608608,554.271457084363
2025-07-09,0.016,5680,0.268083405268957,0.279608335428636,6229.02195608608,549.271457083909
2025-07-09,0.016,5690,0.263459218865186,0.274819237262754,6229.02195608608,539.271457084566
2025-07-09,0.016,5700,0.264848545072745,0.270031177521543,6229.02195608608,529.296407183797
2025-07-09,0.016,5710,0.260137612519512,0.269763433777357,6229.02195608608,519.321357283293
2025-07-09,0.016,5720,0.255427514809656,0.264909800050226,6229.02195608608,509.321357283995
2025-07-09,0.016,5725,0.253072720394965,0.262483114081138,6229.02195608608,504.321357283158
2025-07-09,0.016,5730,0.250718063641393,0.260056481081021,6229.02195608608,499.321357283866
2025-07-09,0.016,5740,0.246009063582502,0.255203266449048,6229.02195608608,489.321357283814
2025-07-09,0.016,5750,0.241300311197208,0.250349937147983,6229.02195608608,479.321357283417
2025-07-09,0.016,5760,0.241313948524565,0.249269149378243,6229.02195608608,469.371257482658
2025-07-09,0.016,5770,0.236527656550016,0.244354053890915,6229.02195608608,459.371257483302
2025-07-09,0.016,5775,0.234134288791553,0.24189614416836,6229.02195608608,454.371257483504
2025-07-09,0.016,5780,0.231740732149231,0.239437949228267,6229.02195608608,449.371257483642
2025-07-09,0.016,5790,0.226952924447192,0.234520567780576,6229.02195608608,439.371257483289
2025-07-09,0.016,5800,0.226073229157433,0.232829956246306,6229.02195608608,429.421157682656
2025-07-09,0.016,5810,0.221214053333387,0.227853194835412,6229.02195608608,419.421157682283
2025-07-09,0.016,5820,0.216352933664505,0.222874074704578,6229.02195608608,409.421157682279
2025-07-09,0.016,5825,0.213921547426798,0.220383526636877,6229.02195608608,404.421157683299
2025-07-09,0.016,5830,0.214832459048547,0.220722432156912,6229.02195608608,399.471057882187
2025-07-09,0.016,5840,0.209904202081492,0.215685578175525,6229.02195608608,389.471057882767
2025-07-09,0.016,5850,0.204972760718827,0.213188151854053,6229.02195608608,379.496007982578
2025-07-09,0.016,5855,0.205423601171508,0.210642150220915,6229.02195608608,374.520958081898
2025-07-09,0.016,5860,0.20292706324446,0.208095035511781,6229.02195608608,369.520958083033
2025-07-09,0.016,5865,0.200429471031155,0.205546752283855,6229.02195608608,364.52095808186
2025-07-09,0.016,5870,0.200551621408291,0.205294771610801,6229.02195608608,359.570858281793
2025-07-09,0.016,5875,0.198025329325695,0.202721104312988,6229.02195608608,354.570858280769
2025-07-09,0.016,5880,0.195497752891062,0.202273489728875,6229.02195608608,349.59580838169
2025-07-09,0.016,5885,0.195340774542095,0.199675364881619,6229.02195608608,344.620758481318
2025-07-09,0.016,5890,0.192785762363048,0.197075654603199,6229.02195608608,339.620758481045
2025-07-09,0.016,5895,0.192411788036985,0.196432467808146,6229.02195608608,334.670658679483
2025-07-09,0.016,5900,0.191871198792652,0.193808827632729,6229.02195608608,329.695608780855
2025-07-09,0.016,5905,0.18926630817793,0.193010877726764,6229.02195608608,324.720558880355
2025-07-09,0.016,5910,0.186659541384778,0.192093454850546,6229.02195608608,319.745508980054
2025-07-09,0.016,5915,0.185926447618755,0.189425648448258,6229.02195608608,314.770459080654
2025-07-09,0.016,5920,0.183294899350527,0.188379471390253,6229.02195608608,309.79540917962
2025-07-09,0.016,5925,0.182409977158337,0.187234374778102,6229.02195608608,304.84530937965
2025-07-09,0.016,5930,0.181408569649608,0.184524357780831,6229.02195608608,299.870259477624
2025-07-09,0.016,5935,0.180301108364773,0.183268812132097,6229.02195608608,294.920159677757
2025-07-09,0.016,5940,0.179096383242706,0.181929087728305,6229.02195608608,289.970059878638
2025-07-09,0.016,5945,0.177801873822315,0.180510849484532,6229.02195608608,285.019960078881
2025-07-09,0.016,5950,0.176423997498215,0.179019028462774,6229.02195608608,280.069860278746
2025-07-09,0.016,5955,0.174968301606011,0.177457940470049,6229.02195608608,275.119760476026
2025-07-09,0.016,5960,0.173439611706312,0.175831382392078,6229.02195608608,270.169660676487
2025-07-09,0.016,5965,0.171842149018686,0.175250094351235,6229.02195608608,265.244510975137
2025-07-09,0.016,5970,0.17130101626032,0.173463050039612,6229.02195608608,260.319361274285
2025-07-09,0.016,5975,0.169535614866697,0.17263070420818,6229.02195608608,255.394211576561
2025-07-09,0.016,5980,0.168732120535511,0.171660237418167,6229.02195608608,250.494011972833
2025-07-09,0.016,5985,0.167784950052106,0.169654981316931,6229.02195608608,245.568862271751
2025-07-09,0.016,5990,0.166707107735527,0.168485389902433,6229.02195608608,240.668662673342
2025-07-09,0.016,5995,0.165509421956932,0.168031343517308,6229.02195608608,235.793413170158
2025-07-09,0.016,6000,0.164201003961485,0.166611329794359,6229.02195608608,230.893213571626
2025-07-09,0.016,6005,0.162789587219014,0.165097448214634,6229.02195608608,225.993013969611
2025-07-09,0.016,6010,0.162029804949425,0.164213192063604,6229.02195608608,221.142714567736
2025-07-09,0.016,6015,0.161109589706193,0.163181948035487,6229.02195608608,216.292415169134
2025-07-09,0.016,6020,0.16004316685957,0.162015660633342,6229.02195608608,211.442115769074
2025-07-09,0.016,6025,0.158842318367719,0.160724329787794,6229.02195608608,206.591816361893
2025-07-09,0.016,6030,0.158122729943182,0.159904605851073,6229.02195608608,201.791417165045
2025-07-09,0.016,6035,0.157229764907445,0.159476784054457,6229.02195608608,197.015968059261
2025-07-09,0.016,6040,0.156178419882266,0.158319705831864,6229.02195608608,192.215568862606
2025-07-09,0.016,6045,0.154981068943241,0.157026530531061,6229.02195608608,187.415169658457
2025-07-09,0.016,6050,0.153648022704385,0.155606065844259,6229.02195608608,182.614770458742
2025-07-09,0.016,6055,0.153133009033143,0.154986725709247,6229.02195608608,177.914171657232
2025-07-09,0.016,6060,0.152411945044401,0.154173305953242,6229.02195608608,173.213572850483
2025-07-09,0.016,6065,0.151503055993349,0.153181861704313,6229.02195608608,168.512974053187
2025-07-09,0.016,6070,0.150421179885868,0.152025567247874,6229.02195608608,163.812375246996
2025-07-09,0.016,6075,0.149950353250736,0.151473660396992,6229.02195608608,159.211576846476
2025-07-09,0.016,6080,0.149260217320543,0.149988795190713,6229.02195608608,154.56087824796
2025-07-09,0.016,6085,0.148368976541242,0.149065016328961,6229.02195608608,149.960079839869
2025-07-09,0.016,6090,0.147291401979902,0.148620465796118,6229.02195608608,145.409181642261
2025-07-09,0.016,6095,0.14603957419999,0.14731586738738,6229.02195608608,140.808383228107
2025-07-09,0.016,6100,0.145239111032746,0.146460461572443,6229.02195608608,136.307385223765
2025-07-09,0.016,6105,0.144822067257663,0.145988308384718,6229.02195608608,131.90618762484
2025-07-09,0.016,6110,0.143603910281283,0.144726010065242,6229.02195608608,127.405189618044
2025-07-09,0.016,6115,0.143288772258871,0.143826470037647,6229.02195608608,123.053892209712
2025-07-09,0.016,6120,0.142203744206552,0.143237361215485,6229.02195608608,118.702594807402
2025-07-09,0.016,6125,0.141421798351436,0.142416175684398,6229.02195608608,114.401197609702
2025-07-09,0.016,6130,0.140417725659433,0.141376732234127,6229.02195608608,110.099800386919
2025-07-09,0.016,6135,0.13966716217366,0.140591801199121,6229.02195608608,105.898203591542
2025-07-09,0.016,6140,0.13868480923377,0.139578500992153,6229.02195608608,101.696606791586
2025-07-09,0.016,6145,0.137915073163126,0.138779077704771,6229.02195608608,97.5948103838628
2025-07-09,0.016,6150,0.136906990108806,0.138161881066873,6229.02195608608,93.5429141650234
2025-07-09,0.016,6155,0.136077467203409,0.13729446875772,6229.02195608608,89.5409181559835
2025-07-09,0.016,6160,0.135399415329141,0.136187526539701,6229.02195608608,85.5888223420711
2025-07-09,0.016,6165,0.134465414474537,0.135232232304101,6229.02195608608,81.6866267368109
2025-07-09,0.016,6170,0.133658570583504,0.134405589077208,6229.02195608608,77.8842315395755
2025-07-09,0.016,6175,0.132593671322405,0.133323007783916,6229.02195608608,74.0818363297794
2025-07-09,0.016,6180,0.13163419632156,0.132703487059636,6229.02195608608,70.4291417238778
2025-07-09,0.016,6185,0.130762265788247,0.131460563160095,6229.02195608608,66.7764471083267
2025-07-09,0.016,6190,0.129962087838541,0.13064713118048,6229.02195608608,63.2734530939442
2025-07-09,0.016,6195,0.128882963061673,0.129556492055168,6229.02195608608,59.7704590824928
2025-07-09,0.016,6200,0.127859706870864,0.128523163610715,6229.02195608608,56.3672654703269
2025-07-09,0.016,6205,0.126879396437795,0.127534254887495,6229.02195608608,53.0638722468677
2025-07-09,0.016,6210,0.125930441744064,0.126578202497112,6229.02195608608,49.8602794399069
2025-07-09,0.016,6215,0.125002423618368,0.125644614334824,6229.02195608608,46.7564870199076
2025-07-09,0.016,6220,0.124085939777239,0.124724119258262,6229.02195608608,43.7524950195689
2025-07-09,0.016,6225,0.122854573736368,0.123490342256076,6229.02195608608,40.7485029881614
2025-07-09,0.016,6230,0.121873183696708,0.122825683528027,6229.02195608608,37.9740518945787
2025-07-09,0.016,6235,0.120974149493687,0.121928075703736,6229.02195608608,35.279441109705
2025-07-09,0.016,6240,0.120055622854699,0.121013677588617,6229.02195608608,32.6846307312505
2025-07-09,0.016,6245,0.119111505654147,0.120076549963988,6229.02195608608,30.189620748785
2025-07-09,0.016,6250,0.118135981782554,0.119111080010627,6229.02195608608,27.7944111823385
2025-07-09,0.016,6255,0.117452982984705,0.118441239927642,6229.02195608608,25.5988023830648
2025-07-09,0.016,6260,0.116403549935668,0.117408714312351,6229.02195608608,23.4031936022618
2025-07-09,0.016,6265,0.115649531970739,0.116675151247062,6229.02195608608,21.4071856205178
2025-07-09,0.016,6270,0.11486012112863,0.115560480943423,6229.02195608608,19.4610778554427
2025-07-09,0.016,6275,0.113674220218583,0.114754526028891,6229.02195608608,17.6147704674578
2025-07-09,0.016,6280,0.112800921368681,0.113915908467514,6229.02195608608,15.9181636717076
2025-07-09,0.016,6285,0.112275996679015,0.11304588190679,6229.02195608608,14.3712574839234
2025-07-09,0.016,6290,0.111345547510361,0.112146879426944,6229.02195608608,12.8742514904903
2025-07-09,0.016,6295,0.110384951721005,0.111222892036247,6229.02195608608,11.477045916077
2025-07-09,0.016,6300,0.10939949078306,0.110280001562149,6229.02195608608,10.1796407180827
2025-07-09,0.016,6305,0.108397141910936,0.109789841397964,6229.02195608608,9.03193613363612
2025-07-09,0.016,6310,0.107884358611741,0.10886781211298,6229.02195608608,7.98403192674516
2025-07-09,0.016,6315,0.106922245057627,0.107971118876561,6229.02195608608,6.98602794070098
2025-07-09,0.016,6320,0.106001417469802,0.107125790844996,6229.02195608608,6.08782435478628
2025-07-09,0.016,6325,0.105156780363172,0.10636778638289,6229.02195608608,5.28942116123807
2025-07-09,0.016,6330,0.104436872960653,0.105746269572399,6229.02195608608,4.5908183643096
2025-07-09,0.016,6340,0.102874899192848,0.103659776676806,6229.02195608608,3.34331337271993
2025-07-09,0.016,6350,0.101202204558684,0.102164364533408,6229.02195608608,2.39520958041487
2025-07-09,0.016,6360,0.099191949874567,0.101010877286936,6229.02195608608,1.67165668443769
2025-07-09,0.016,6370,0.097971327803747,0.0995342365321056,6229.02195608608,1.14770458899334
2025-07-09,0.016,6375,0.0973056024203118,0.0990918389551204,6229.02195608608,0.948103795704995
2025-07-09,0.016,6380,0.0959693474841479,0.0980752230942679,6229.02195608608,0.748502996762483
2025-07-09,0.016,6390,0.0961445403198869,0.098811285450997,6229.02195608608,0.548902196085287
2025-07-09,0.016,6400,0.0942405459035535,0.0996188396210126,6229.02195608608,0.374251496897784
2025-07-09,0.016,6425,0.0974222956837184,0.100735640179522,6229.02195608608,0.174650698826586
2025-07-09,0.016,6450,0.103554809492209,0.108168194882421,6229.02195608608,0.124750498439765
2025-07-09,0.016,6475,0.106381950344059,0.118761503862193,6229.02195608608,0.099800399340757
2025-07-09,0.016,6500,0.115936327664418,0.129216865051176,6229.02195608608,0.0998003986829588
2025-07-09,0.016,6525,0.125385477757457,0.133861383536423,6229.02195608608,0.0748502994460472
2025-07-09,0.016,6550,NA,0.143733414905338,6229.02195608608,NA
2025-07-09,0.016,6575,NA,0.153503836216499,6229.02195608608,NA
2025-07-09,0.016,6600,NA,0.163178845421641,6229.02195608608,NA
2025-07-09,0.016,6625,NA,0.172763766775508,6229.02195608608,NA
2025-07-09,0.016,6700,NA,0.2010215353473,6229.02195608608,NA
2025-07-09,0.016,6800,NA,0.237664009352864,6229.02195608608,NA
2025-07-09,0.016,7000,NA,0.307953264151879,6229.02195608608,NA
2025-07-09,0.016,7200,NA,0.354643697670373,6229.02195608608,NA
2025-07-09,0.016,7400,NA,0.415799728967049,6229.02195608608,NA
2025-07-09,0.016,7600,NA,0.474611671693067,6229.02195608608,NA
2025-07-09,0.016,7800,NA,0.531314170679352,6229.02195608608,NA
2025-07-09,0.016,8000,NA,0.586093967307085,6229.02195608608,NA
2025-07-10,0.02,2400,NA,1.90159527251039,6228.86105543644,NA
2025-07-10,0.02,2600,NA,1.74731854685046,6228.86105543644,NA
2025-07-10,0.02,2800,NA,1.60445212998849,6228.86105543644,NA
2025-07-10,0.02,3000,NA,1.47136010027113,6228.86105543644,NA
2025-07-10,0.02,3200,NA,1.34672479239738,6228.86105543644,NA
2025-07-10,0.02,3400,NA,1.2294679480114,6228.86105543644,NA
2025-07-10,0.02,3600,NA,1.11869444664776,6228.86105543644,NA
2025-07-10,0.02,3800,NA,1.01365115189656,6228.86105543644,NA
2025-07-10,0.02,4000,NA,0.91369606818253,6228.86105543644,NA
2025-07-10,0.02,4200,NA,0.818274608046481,6228.86105543644,NA
2025-07-10,0.02,4400,NA,0.765175572034003,6228.86105543644,NA
2025-07-10,0.02,4600,NA,0.673280767098321,6228.86105543644,NA
2025-07-10,0.02,4700,0.596492394273257,0.628607773854164,6228.86105543644,1528.93620573699
2025-07-10,0.02,4800,NA,0.584717822078821,6228.86105543644,NA
2025-07-10,0.02,4900,NA,0.560010910143131,6228.86105543644,NA
2025-07-10,0.02,5000,0.472912205318381,0.516275564463535,6228.86105543644,1228.96125583736
2025-07-10,0.02,5100,0.457262564618689,0.47318773506481,6228.86105543644,1128.98630593769
2025-07-10,0.02,5125,0.423143527173396,0.462510916281522,6228.86105543644,1103.96125583719
2025-07-10,0.02,5150,0.41329864909622,0.451870505808058,6228.86105543644,1078.96125583746
2025-07-10,0.02,5175,0.426278514519494,0.452764166279824,6228.86105543644,1054.01135603777
2025-07-10,0.02,5200,0.416020378930059,0.441957212192476,6228.86105543644,1029.01135603789
2025-07-10,0.02,5225,0.405795820720859,0.431184270733147,6228.86105543644,1004.01135603779
2025-07-10,0.02,5250,0.395604000828463,0.420444419601452,6228.86105543644,979.011356037535
2025-07-10,0.02,5275,0.385444063891294,0.40973671641536,6228.86105543644,954.011356037516
2025-07-10,0.02,5300,0.375315135484765,0.399060196382892,6228.86105543644,929.011356037773
2025-07-10,0.02,5325,0.378334482544043,0.396724179468573,6228.86105543644,904.061456238081
2025-07-10,0.02,5350,0.3679537074876,0.38591389430231,6228.86105543644,879.061456237851
2025-07-10,0.02,5375,0.35760113229664,0.375131649803576,6228.86105543644,854.061456238187
2025-07-10,0.02,5400,0.347275720001683,0.364376320527249,6228.86105543644,829.061456238474
2025-07-10,0.02,5425,0.346109630214547,0.353646739118688,6228.86105543644,804.08650633869
2025-07-10,0.02,5450,0.33559830512446,0.349254998169373,6228.86105543644,779.111556439083
2025-07-10,0.02,5475,0.325110508298509,0.338407787227179,6228.86105543644,754.111556438694
2025-07-10,0.02,5500,0.314644965570998,0.327582231572114,6228.86105543644,729.111556438764
2025-07-10,0.02,5525,0.310960783996536,0.321915028058731,6228.86105543644,704.161656639389
2025-07-10,0.02,5550,0.300340577838732,0.310982421966884,6228.86105543644,679.161656639088
2025-07-10,0.02,5575,0.289737902518723,0.304429940466984,6228.86105543644,654.186706739371
2025-07-10,0.02,5600,0.284466522450042,0.29339762188713,6228.86105543644,629.211756839224
2025-07-10,0.02,5625,0.273725909525585,0.282377870632305,6228.86105543644,604.211756839512
2025-07-10,0.02,5650,0.267400625622951,0.274993605732495,6228.86105543644,579.261857039733
2025-07-10,0.02,5670,0.258705566836494,0.269354278013443,6228.86105543644,559.286907140088
2025-07-10,0.02,5675,0.256532549417107,0.267108247086994,6228.86105543644,554.286907140214
2025-07-10,0.02,5680,0.254359792622522,0.264862401988502,6228.86105543644,549.286907140406
2025-07-10,0.02,5690,0.253769965226785,0.260371183710129,6228.86105543644,539.311957240495
2025-07-10,0.02,5700,0.249372430432422,0.255880446809113,6228.86105543644,529.311957239587
2025-07-10,0.02,5710,0.244975408156513,0.254259594100545,6228.86105543644,519.337007340887
2025-07-10,0.02,5720,0.240578718391867,0.249727748621085,6228.86105543644,509.337007340694
2025-07-10,0.02,5725,0.24164151242739,0.247461766291263,6228.86105543644,504.36205744057
2025-07-10,0.02,5730,0.239418762237,0.245195710037711,6228.86105543644,499.362057440966
2025-07-10,0.02,5740,0.234973105714169,0.243238444261148,6228.86105543644,489.387107540087
2025-07-10,0.02,5750,0.233427346417907,0.238666332904656,6228.86105543644,479.412157640817
2025-07-10,0.02,5760,0.22893540781973,0.234093259957606,6228.86105543644,469.412157641293
2025-07-10,0.02,5770,0.224442510686898,0.231838511997377,6228.86105543644,459.437207741936
2025-07-10,0.02,5775,0.224793326367471,0.229532360560759,6228.86105543644,454.462257841088
2025-07-10,0.02,5780,0.22252498167973,0.227225782461985,6228.86105543644,449.462257840866
2025-07-10,0.02,5790,0.217987066596428,0.224740849105256,6228.86105543644,439.487307942316
2025-07-10,0.02,5800,0.215786347569136,0.222083718715575,6228.86105543644,429.537408141844
2025-07-10,0.02,5810,0.213375384944452,0.217395881070443,6228.86105543644,419.562458242301
2025-07-10,0.02,5820,0.208753527138157,0.214547655221024,6228.86105543644,409.587508341121
2025-07-10,0.02,5825,0.208447509237575,0.212184994768557,6228.86105543644,404.612558442081
2025-07-10,0.02,5830,0.206116850338444,0.211557434984229,6228.86105543644,399.637608543293
2025-07-10,0.02,5840,0.203313003610416,0.208436214477533,6228.86105543644,389.68770874441
2025-07-10,0.02,5850,0.200357081801256,0.205193286553999,6228.86105543644,379.737808943521
2025-07-10,0.02,5855,0.199647169672749,0.202779907001715,6228.86105543644,374.762859045191
2025-07-10,0.02,5860,0.197261594173853,0.201836558287807,6228.86105543644,369.787909143782
2025-07-10,0.02,5865,0.196440168827204,0.200817354223312,6228.86105543644,364.838009344421
2025-07-10,0.02,5870,0.195531654633488,0.198372791953962,6228.86105543644,359.863059443965
2025-07-10,0.02,5875,0.193112670265535,0.197268433865049,6228.86105543644,354.888109545652
2025-07-10,0.02,5880,0.192108271028554,0.196098128679109,6228.86105543644,349.938209743865
2025-07-10,0.02,5885,0.191029484729234,0.194865810942982,6228.86105543644,344.988309948477
2025-07-10,0.02,5890,0.189881261638096,0.19237695904652,6228.86105543644,340.013360045076
2025-07-10,0.02,5895,0.188667945356316,0.19107236267505,6228.86105543644,335.063460245532
2025-07-10,0.02,5900,0.186187362294644,0.189712546441902,6228.86105543644,330.088510347007
2025-07-10,0.02,5905,0.184898474424625,0.188300265024628,6228.86105543644,325.138610546189
2025-07-10,0.02,5910,0.184673642532217,0.186837990502588,6228.86105543644,320.213760847735
2025-07-10,0.02,5915,0.183234222084081,0.1853279477181,6228.86105543644,315.263861047637
2025-07-10,0.02,5920,0.181745088218989,0.184754272802747,6228.86105543644,310.339011350005
2025-07-10,0.02,5925,0.180208421395919,0.183125095962112,6228.86105543644,305.389111548227
2025-07-10,0.02,5930,0.178626187869656,0.181455068402971,6228.86105543644,300.439211749399
2025-07-10,0.02,5935,0.177932678951033,0.179745565426833,6228.86105543644,295.514362048796
2025-07-10,0.02,5940,0.176236868890568,0.178855498841571,6228.86105543644,290.589512350132
2025-07-10,0.02,5945,0.175364721388199,0.177868090857369,6228.86105543644,285.689712751799
2025-07-10,0.02,5950,0.174392182842015,0.176003116965163,6228.86105543644,280.764863051816
2025-07-10,0.02,5955,0.172536238995284,0.175627589367669,6228.86105543644,275.865063451293
2025-07-10,0.02,5960,0.171415604152632,0.174385520247628,6228.86105543644,270.965263855804
2025-07-10,0.02,5965,0.170939728293953,0.173068438769449,6228.86105543644,266.090514356169
2025-07-10,0.02,5970,0.169628786705367,0.171680292722216,6228.86105543644,261.190714755655
2025-07-10,0.02,5975,0.168245177217706,0.170224566998585,6228.86105543644,256.290915157641
2025-07-10,0.02,5980,0.167437000225718,0.169327707579295,6228.86105543644,251.441215756051
2025-07-10,0.02,5985,0.166512840103788,0.16832280280878,6228.86105543644,246.591516356696
2025-07-10,0.02,5990,0.165481097527055,0.167217119913505,6228.86105543644,241.741816958713
2025-07-10,0.02,5995,0.164348951828419,0.166016915634942,6228.86105543644,236.892117565768
2025-07-10,0.02,6000,0.16312258073245,0.165253710318333,6228.86105543644,232.067468265541
2025-07-10,0.02,6005,0.16232701763162,0.164364853142746,6228.86105543644,227.26786906096
2025-07-10,0.02,6010,0.16140634720448,0.16335921379155,6228.86105543644,222.468269862663
2025-07-10,0.02,6015,0.160369322864597,0.162244350966073,6228.86105543644,217.668670662247
2025-07-10,0.02,6020,0.15922339984918,0.161026747981105,6228.86105543644,212.869071467613
2025-07-10,0.02,6025,0.157974967467648,0.159711995100402,6228.86105543644,208.069472277637
2025-07-10,0.02,6030,0.157471960436141,0.1591287979938,6228.86105543644,203.370073479991
2025-07-10,0.02,6035,0.156005110209877,0.157606105957,6228.86105543644,198.570474278473
2025-07-10,0.02,6040,0.155230138069095,0.156763833827633,6228.86105543644,193.871075479787
2025-07-10,0.02,6045,0.154315451389497,0.155787863212243,6228.86105543644,189.171676679
2025-07-10,0.02,6050,0.153981208739659,0.154686429185176,6228.86105543644,184.522378093365
2025-07-10,0.02,6055,0.152786860879379,0.154141111150472,6228.86105543644,179.87307949653
2025-07-10,0.02,6060,0.152134124244438,0.153432493414825,6228.86105543644,175.273881092791
2025-07-10,0.02,6065,0.151324157366878,0.152571809474715,6228.86105543644,170.674682685195
2025-07-10,0.02,6070,0.150367131598885,0.151568456811478,6228.86105543644,166.075484294883
2025-07-10,0.02,6075,0.149271572325515,0.150430338133717,6228.86105543644,161.476285902501
2025-07-10,0.02,6080,0.148605783204691,0.149719723438743,6228.86105543644,156.977287908303
2025-07-10,0.02,6085,0.147775432295317,0.148848611159624,6228.86105543644,152.478289911383
2025-07-10,0.02,6090,0.146790198512769,0.147826082128018,6228.86105543644,147.979291918927
2025-07-10,0.02,6095,0.146159876047335,0.147157690251636,6228.86105543644,143.580494317881
2025-07-10,0.02,6100,0.1453558304896,0.146319032526974,6228.86105543644,139.181696719995
2025-07-10,0.02,6105,0.144387641656398,0.145319182655251,6228.86105543644,134.782899131247
2025-07-10,0.02,6110,0.14371506566783,0.144614961780791,6228.86105543644,130.484301924766
2025-07-10,0.02,6115,0.142864584657564,0.14373564949744,6228.86105543644,126.185704741964
2025-07-10,0.02,6120,0.141844840862533,0.143110382949433,6228.86105543644,121.937207744142
2025-07-10,0.02,6125,0.141073464791043,0.14189210795702,6228.86105543644,117.688710762505
2025-07-10,0.02,6130,0.140122214823723,0.141313456723217,6228.86105543644,113.54041416868
2025-07-10,0.02,6135,0.139385156388397,0.14015696276002,6228.86105543644,109.392117578515
2025-07-10,0.02,6140,0.138460417391278,0.139585750901839,6228.86105543644,105.34402138605
2025-07-10,0.02,6145,0.137720890369052,0.138451438277506,6228.86105543644,101.295925189178
2025-07-10,0.02,6150,0.136787766703899,0.137499911096201,6228.86105543644,97.2979291775459
2025-07-10,0.02,6155,0.136015119522613,0.136709763054067,6228.86105543644,93.4001336121009
2025-07-10,0.02,6160,0.135044015067675,0.13572275917655,6228.86105543644,89.5023380140533
2025-07-10,0.02,6165,0.134211962457335,0.134875737884129,6228.86105543644,85.7047428159503
2025-07-10,0.02,6170,0.133176910047484,0.134151950358934,6228.86105543644,81.9572478294181
2025-07-10,0.02,6175,0.132261928546083,0.133218104482227,6228.86105543644,78.2598530602786
2025-07-10,0.02,6180,0.131452260710381,0.132391071700563,6228.86105543644,74.6626586556858
2025-07-10,0.02,6185,0.13042690016711,0.131350230684354,6228.86105543644,71.0654642818006
2025-07-10,0.02,6190,0.12949162500129,0.130400949009088,6228.86105543644,67.568470260597
2025-07-10,0.02,6195,0.128634718883892,0.129531569863072,6228.86105543644,64.1716766833395
2025-07-10,0.02,6200,0.127845785053565,0.12873174145037,6228.86105543644,60.8750835089843
2025-07-10,0.02,6205,0.126823379276681,0.127700145120386,6228.86105543644,57.5784903313552
2025-07-10,0.02,6210,0.125856904804611,0.126726052138618,6228.86105543644,54.3820975253386
2025-07-10,0.02,6215,0.12493777789912,0.125800927806784,6228.86105543644,51.2859051705095
2025-07-10,0.02,6220,0.124058368408975,0.124917189849455,6228.86105543644,48.2899131731335
2025-07-10,0.02,6225,0.123211932831142,0.124068144967702,6228.86105543644,45.3941215858852
2025-07-10,0.02,6230,0.122211972655903,0.123067350094605,6228.86105543644,42.5350701442785
2025-07-10,0.02,6235,0.121100273562315,0.122242124951851,6228.86105543644,39.7795591415938
2025-07-10,0.02,6240,0.12028994012201,0.12114927640925,6228.86105543644,37.1242485331391
2025-07-10,0.02,6245,0.119491874819357,0.120356177384226,6228.86105543644,34.6192385003997
2025-07-10,0.02,6250,0.118412239415783,0.119283724223933,6228.86105543644,32.1142284655023
2025-07-10,0.02,6255,0.117626264717417,0.118507154719417,6228.86105543644,29.8096192315077
2025-07-10,0.02,6260,0.116843761523948,0.117736481214394,6228.86105543644,27.6052104419925
2025-07-10,0.02,6265,0.115760775396373,0.116668220315358,6228.86105543644,25.4008016036066
2025-07-10,0.02,6270,0.114976001958609,0.11590080411104,6228.86105543644,23.3967935970479
2025-07-10,0.02,6275,0.114191820638276,0.115137067358487,6228.86105543644,21.4929859808623
2025-07-10,0.02,6280,0.113409242356924,0.114055522743635,6228.86105543644,19.6392785668918
2025-07-10,0.02,6285,0.112297541953664,0.113295062936873,6228.86105543644,17.8857715301425
2025-07-10,0.02,6290,0.111515031920794,0.112544433385405,6228.86105543644,16.2825651227413
2025-07-10,0.02,6295,0.110743049034439,0.111808905666041,6228.86105543644,14.7795591399206
2025-07-10,0.02,6300,0.10998838554655,0.11072728028806,6228.86105543644,13.326653324033
2025-07-10,0.02,6305,0.109260290945485,0.110030751119431,6228.86105543644,12.0240481050721
2025-07-10,0.02,6310,0.108166450689861,0.109377256475226,6228.86105543644,10.7715430787259
2025-07-10,0.02,6315,0.107511968843727,0.108360933689946,6228.86105543644,9.61923847656271
2025-07-10,0.02,6320,0.106931388608041,0.107825950570955,6228.86105543644,8.61723446870565
2025-07-10,0.02,6325,0.105976060903036,0.10692563652699,6228.86105543644,7.61523046318257
2025-07-10,0.02,6330,0.105096544747353,0.106108494973145,6228.86105543644,6.71342685498553
2025-07-10,0.02,6340,0.103713764864379,0.104873719564055,6228.86105543644,5.21042085170023
2025-07-10,0.02,6350,0.101845896305196,0.103210751284511,6228.86105543644,3.90781563322116
2025-07-10,0.02,6360,0.100693733719567,0.101912390408716,6228.86105543644,2.93086172435312
2025-07-10,0.02,6370,0.0990615040326356,0.100552433604067,6228.86105543644,2.12925852203901
2025-07-10,0.02,6375,0.0985594817292326,0.100208700340635,6228.86105543644,1.82865731988733
2025-07-10,0.02,6380,0.0975933084818081,0.0994505088864186,6228.86105543644,1.52805611556951
2025-07-10,0.02,6390,0.0969428375800683,0.0984959317692012,6228.86105543644,1.10220440997998
2025-07-10,0.02,6400,0.0953022690636347,0.0973387199600265,6228.86105543644,0.751503006424542
2025-07-10,0.02,6425,0.0948503344524473,0.096773557624044,6228.86105543644,0.325651304438281
2025-07-10,0.02,6450,0.0968554867985279,0.102778452882213,6228.86105543644,0.200400801861292
2025-07-10,0.02,6475,0.10187227456193,0.109811799655967,6228.86105543644,0.150300601267739
2025-07-10,0.02,6500,0.103791619502599,0.115687532696647,6228.86105543644,0.100200401221519
2025-07-10,0.02,6525,0.112245382941835,0.124928933245044,6228.86105543644,0.100200400690026
2025-07-10,0.02,6550,0.120611768241929,0.134065995542621,6228.86105543644,0.100200400901365
2025-07-10,0.02,6575,NA,0.137410749037772,6228.86105543644,NA
2025-07-10,0.02,6600,0.137104151825446,0.146066785990429,6228.86105543644,0.0751503008574419
2025-07-10,0.02,6625,NA,0.154642222067424,6228.86105543644,NA
2025-07-10,0.02,6700,NA,0.179923862477129,6228.86105543644,NA
2025-07-10,0.02,6800,NA,0.212707068446991,6228.86105543644,NA
2025-07-10,0.02,7000,NA,0.275593071152726,6228.86105543644,NA
2025-07-10,0.02,7200,NA,0.317352705193536,6228.86105543644,NA
2025-07-10,0.02,7400,NA,0.372065882716798,6228.86105543644,NA
2025-07-10,0.02,7600,NA,0.42468174508511,6228.86105543644,NA
2025-07-10,0.02,7800,NA,0.475410247476906,6228.86105543644,NA
2025-07-10,0.02,8000,NA,0.524418482404312,6228.86105543644,NA
2025-07-11,0.024,1800,NA,2.24297374210918,6231.27604908698,NA
2025-07-11,0.024,2000,NA,2.0571753507896,6231.27604908698,NA
2025-07-11,0.024,2200,NA,1.88933124722933,6231.27604908698,NA
2025-07-11,0.024,2400,NA,1.73622332878118,6231.27604908698,NA
2025-07-11,0.024,2600,NA,1.59541686939739,6231.27604908698,NA
2025-07-11,0.024,2800,NA,1.46502475546535,6231.27604908698,NA
2025-07-11,0.024,3000,NA,1.34355391231582,6231.27604908698,NA
2025-07-11,0.024,3200,NA,1.22980173882427,6231.27604908698,NA
2025-07-11,0.024,3400,NA,1.12278414338799,6231.27604908698,NA
2025-07-11,0.024,3600,NA,1.0216841894896,6231.27604908698,NA
2025-07-11,0.024,3800,NA,0.925814537349444,6231.27604908698,NA
2025-07-11,0.024,4000,NA,0.834589296737954,6231.27604908698,NA
2025-07-11,0.024,4200,NA,0.786348515704326,6231.27604908698,NA
2025-07-11,0.024,4300,0.705370137895621,0.742251680950894,6231.27604908698,1931.35098485625
2025-07-11,0.024,4400,0.664110241653042,0.699060691424406,6231.27604908698,1831.35098485624
2025-07-11,0.024,4500,0.623674673573163,0.678321268226221,6231.27604908698,1731.37596344609
2025-07-11,0.024,4550,NA,0.656852403356178,6231.27604908698,NA
2025-07-11,0.024,4600,0.584017639506355,0.635583555870619,6231.27604908698,1631.37596344621
2025-07-11,0.024,4650,0.564467273237592,0.614508740275773,6231.27604908698,1581.37596344619
2025-07-11,0.024,4700,0.545095175642889,0.593622058389359,6231.27604908698,1531.37596344612
2025-07-11,0.024,4750,0.525896072526092,0.572917683915559,6231.27604908698,1481.37596344608
2025-07-11,0.024,4800,0.506864752846357,0.552389846874464,6231.27604908698,1431.37596344605
2025-07-11,0.024,4850,0.487996055039353,0.53203281657634,6231.27604908698,1381.37596344602
2025-07-11,0.024,4900,0.494989526072922,0.524741669527595,6231.27604908698,1331.42592062559
2025-07-11,0.024,4950,0.475535718455578,0.50427033611814,6231.27604908698,1281.42592062574
2025-07-11,0.024,5000,0.456233158497466,0.48395441236119,6231.27604908698,1231.42592062554
2025-07-11,0.024,5025,0.446636874426113,0.473852865420432,6231.27604908698,1206.42592062555
2025-07-11,0.024,5050,0.437076329713041,0.463787925132103,6231.27604908698,1181.42592062583
2025-07-11,0.024,5075,0.427550824702166,0.463117633357669,6231.27604908698,1156.45089921555
2025-07-11,0.024,5100,0.418059654789754,0.452946564350869,6231.27604908698,1131.45089921543
2025-07-11,0.024,5125,0.422866433532637,0.442810013360106,6231.27604908698,1106.4758778052
2025-07-11,0.024,5150,0.413156632735453,0.432707170862335,6231.27604908698,1081.47587780514
2025-07-11,0.024,5175,0.403479333204373,0.422637215838499,6231.27604908698,1056.47587780511
2025-07-11,0.024,5200,0.393833756702971,0.412599313736259,6231.27604908698,1031.47587780504
2025-07-11,0.024,5225,0.394293432059945,0.409715702431137,6231.27604908698,1006.52583498489
2025-07-11,0.024,5250,0.38449321977689,0.39958925425304,6231.27604908698,981.525834984589
2025-07-11,0.024,5275,0.374722401489481,0.38949229087454,6231.27604908698,956.525834985071
2025-07-11,0.024,5300,0.364980099426192,0.37942387806268,6231.27604908698,931.525834984571
2025-07-11,0.024,5325,0.362860205665094,0.375137101533097,6231.27604908698,906.575792164152
2025-07-11,0.024,5350,0.352996095922272,0.364991347620106,6231.27604908698,881.575792164125
2025-07-11,0.024,5375,0.343157648627474,0.35487109957653,6231.27604908698,856.575792164549
2025-07-11,0.024,5400,0.333343841072097,0.349594888271992,6231.27604908698,831.600770753743
2025-07-11,0.024,5425,0.329475439235765,0.339404503634996,6231.27604908698,806.62574934405
2025-07-11,0.024,5450,0.319557071367342,0.329236086569227,6231.27604908698,781.625749343752
2025-07-11,0.024,5475,0.309659813380264,0.323162610608413,6231.27604908698,756.650727933627
2025-07-11,0.024,5500,0.304612996139078,0.312926877546952,6231.27604908698,731.675706523977
2025-07-11,0.024,5510,0.300614247413838,0.30883764384867,6231.27604908698,721.675706523769
2025-07-11,0.024,5520,0.296618335438952,0.304751161772038,6231.27604908698,711.675706523699
2025-07-11,0.024,5525,0.294621414674759,0.302708922705845,6231.27604908698,706.675706522949
2025-07-11,0.024,5530,0.292625168828394,0.304207600444539,6231.27604908698,701.700685113166
2025-07-11,0.024,5540,0.288634654449904,0.300086723606593,6231.27604908698,691.700685112653
2025-07-11,0.024,5550,0.288756099786748,0.295968258603077,6231.27604908698,681.725663702657
2025-07-11,0.024,5560,0.284722912062371,0.291852100369162,6231.27604908698,671.725663703505
2025-07-11,0.024,5570,0.280692026305464,0.287738140929639,6231.27604908698,661.725663703623
2025-07-11,0.024,5575,0.278677413759294,0.285681951233355,6231.27604908698,656.725663702588
2025-07-11,0.024,5580,0.276663337014642,0.286736456934521,6231.27604908698,651.75064229263
2025-07-11,0.024,5590,0.276214485081177,0.282589657896864,6231.27604908698,641.775620882073
2025-07-11,0.024,5600,0.272146363155988,0.275408335170981,6231.27604908698,631.750642292717
2025-07-11,0.024,5610,0.268080039702003,0.27430134856962,6231.27604908698,621.775620882463
2025-07-11,0.024,5620,0.264015394229362,0.272936366697604,6231.27604908698,611.800599471337
2025-07-11,0.024,5625,0.265145574109771,0.270848719835133,6231.27604908698,606.825578062521
2025-07-11,0.024,5630,0.263094153658183,0.268761397625891,6231.27604908698,601.825578061894
2025-07-11,0.024,5640,0.258992314072296,0.264587659064129,6231.27604908698,591.825578061746
2025-07-11,0.024,5650,0.254891696847288,0.262935183588579,6231.27604908698,581.850556652335
2025-07-11,0.024,5660,0.253605457280321,0.258730795491925,6231.27604908698,571.875535241442
2025-07-11,0.024,5670,0.249469449069882,0.254527135864148,6231.27604908698,561.875535241485
2025-07-11,0.024,5675,0.247401722178648,0.25473615899241,6231.27604908698,556.900513830099
2025-07-11,0.024,5680,0.24790213096569,0.252619188274524,6231.27604908698,551.925492421292
2025-07-11,0.024,5690,0.243732343103394,0.248385479087319,6231.27604908698,541.92549242205
2025-07-11,0.024,5700,0.241918921117114,0.246277001594757,6231.27604908698,531.975449599224
2025-07-11,0.024,5710,0.237716540166127,0.242013908889285,6231.27604908698,521.975449600271
2025-07-11,0.024,5720,0.233514039743917,0.239723778965813,6231.27604908698,512.000428190616
2025-07-11,0.024,5725,0.233567611455676,0.237577823743176,6231.27604908698,507.02540678048
2025-07-11,0.024,5730,0.231450477319783,0.235431706703241,6231.27604908698,502.025406780819
2025-07-11,0.024,5740,0.229222195655376,0.232975433052515,6231.27604908698,492.075363959761
2025-07-11,0.024,5750,0.224956800254838,0.230393130648206,6231.27604908698,482.100342549344
2025-07-11,0.024,5760,0.222550103815142,0.226044959297238,6231.27604908698,472.125321138364
2025-07-11,0.024,5770,0.220008703643118,0.223319688836905,6231.27604908698,462.175278318404
2025-07-11,0.024,5775,0.217846220209645,0.222687626253449,6231.27604908698,457.20025691042
2025-07-11,0.024,5780,0.217343573047002,0.220486915811786,6231.27604908698,452.22523549794
2025-07-11,0.024,5790,0.214564020741447,0.217553688296502,6231.27604908698,442.275192678617
2025-07-11,0.024,5800,0.21167800356818,0.214526111401567,6231.27604908698,432.325149857534
2025-07-11,0.024,5810,0.20869236762124,0.211409497303636,6231.27604908698,422.375107036768
2025-07-11,0.024,5820,0.205613033347336,0.20820848573536,6231.27604908698,412.425064216153
2025-07-11,0.024,5825,0.204687678804203,0.207190823446284,6231.27604908698,407.47502139583
2025-07-11,0.024,5830,0.202445143247792,0.206119988458963,6231.27604908698,402.499999987966
2025-07-11,0.024,5840,0.200396462339766,0.202712877387714,6231.27604908698,392.57493575547
2025-07-11,0.024,5850,0.197013220629547,0.200307888324231,6231.27604908698,382.649871522635
2025-07-11,0.024,5855,0.195847470338593,0.199039456809044,6231.27604908698,377.699828705345
2025-07-11,0.024,5860,0.194634592069461,0.19772963411722,6231.27604908698,372.749785881471
2025-07-11,0.024,5865,0.193376815466604,0.195399530373654,6231.27604908698,367.774764474377
2025-07-11,0.024,5870,0.192076157570991,0.194992503700457,6231.27604908698,362.849700243677
2025-07-11,0.024,5875,0.190734449450114,0.193568182174043,6231.27604908698,357.899657423598
2025-07-11,0.024,5880,0.189353356716191,0.192108471844985,6231.27604908698,352.949614600218
2025-07-11,0.024,5885,0.187934398298134,0.190614571791098,6231.27604908698,347.999571781353
2025-07-11,0.024,5890,0.18736371569311,0.189087583301327,6231.27604908698,343.07450754984
2025-07-11,0.024,5895,0.185849389115818,0.188347873798084,6231.27604908698,338.149443319824
2025-07-11,0.024,5900,0.184302051664349,0.186737341598835,6231.27604908698,333.199400497963
2025-07-11,0.024,5905,0.183526460339575,0.185097314413648,6231.27604908698,328.27433626593
2025-07-11,0.024,5910,0.181895905432567,0.184178428487872,6231.27604908698,323.34927203952
2025-07-11,0.024,5915,0.180989099633699,0.182464005800234,6231.27604908698,318.424207811072
2025-07-11,0.024,5920,0.179282266788487,0.181428757230566,6231.27604908698,313.499143575936
2025-07-11,0.024,5925,0.178256202369076,0.180326763973397,6231.27604908698,308.599057933259
2025-07-11,0.024,5930,0.177161837953466,0.179161550939153,6231.27604908698,303.698972292105
2025-07-11,0.024,5935,0.176002861288012,0.177936254065566,6231.27604908698,298.798886650224
2025-07-11,0.024,5940,0.174782545535008,0.176653673286645,6231.27604908698,293.898801016031
2025-07-11,0.024,5945,0.17350380602515,0.175316316042903,6231.27604908698,288.998715371813
2025-07-11,0.024,5950,0.172760891608097,0.174500681194361,6231.27604908698,284.148586910087
2025-07-11,0.024,5955,0.171354989750459,0.173596148550171,6231.27604908698,279.273479865019
2025-07-11,0.024,5960,0.169898644988355,0.172075791659208,6231.27604908698,274.373394222435
2025-07-11,0.024,5965,0.169460923814848,0.171541534971825,6231.27604908698,269.573222934503
2025-07-11,0.024,5970,0.167879311946404,0.169904128295532,6231.27604908698,264.673137299329
2025-07-11,0.024,5975,0.167246869994517,0.169188513708005,6231.27604908698,259.872966013063
2025-07-11,0.024,5980,0.165552076239811,0.167444388378599,6231.27604908698,254.972880377275
2025-07-11,0.024,5985,0.164745388345309,0.166565084535359,6231.27604908698,250.172709088126
2025-07-11,0.024,5990,0.163840332414247,0.165593073205064,6231.27604908698,245.372537808944
2025-07-11,0.024,5995,0.16284285392263,0.164533582890856,6231.27604908698,240.572366527554
2025-07-11,0.024,6000,0.161758115453424,0.163391177946464,6231.27604908698,235.772195243968
2025-07-11,0.024,6005,0.160590620678873,0.162947090310044,6231.27604908698,231.021981140424
2025-07-11,0.024,6010,0.160112604378983,0.161626186189255,6231.27604908698,226.271767044629
2025-07-11,0.024,6015,0.158766954726348,0.160957994256188,6231.27604908698,221.521552936856
2025-07-11,0.024,6020,0.158065543826718,0.159476929864648,6231.27604908698,216.771338830394
2025-07-11,0.024,6025,0.157248241910768,0.158608149384424,6231.27604908698,212.07108190807
2025-07-11,0.024,6030,0.156322024148023,0.157634422674362,6231.27604908698,207.370824997558
2025-07-11,0.024,6035,0.155292884617887,0.15718874422257,6231.27604908698,202.720525246427
2025-07-11,0.024,6040,0.15416599696278,0.156000967134092,6231.27604908698,198.020268330506
2025-07-11,0.024,6045,0.153542240175978,0.154723888725357,6231.27604908698,193.369968575286
2025-07-11,0.024,6050,0.1527894390422,0.153929199758076,6231.27604908698,188.769626015457
2025-07-11,0.024,6055,0.151915157792501,0.153016331194766,6231.27604908698,184.169283458287
2025-07-11,0.024,6060,0.150925845399153,0.152520121653901,6231.27604908698,179.618898076743
2025-07-11,0.024,6065,0.149827018929776,0.151371873678988,6231.27604908698,175.018555511948
2025-07-11,0.024,6070,0.14912513014525,0.150617471689016,6231.27604908698,170.518127313672
2025-07-11,0.024,6075,0.14829132999541,0.149735334005804,6231.27604908698,166.017699101513
2025-07-11,0.024,6080,0.147332304503226,0.148731601828618,6231.27604908698,161.51727089315
2025-07-11,0.024,6085,0.14670783423602,0.148061086536766,6231.27604908698,157.116757050694
2025-07-11,0.024,6090,0.145501440736872,0.146816412187342,6231.27604908698,152.616328834134
2025-07-11,0.024,6095,0.145039164952647,0.145888290160971,6231.27604908698,148.265772181159
2025-07-11,0.024,6100,0.14400787464944,0.145243593895752,6231.27604908698,143.915215510192
2025-07-11,0.024,6105,0.143253814629476,0.144453013079658,6231.27604908698,139.614616039221
2025-07-11,0.024,6110,0.142357441535192,0.143522947790528,6231.27604908698,135.314016539888
2025-07-11,0.024,6115,0.141324430613529,0.142458722283104,6231.27604908698,131.013417070842
2025-07-11,0.024,6120,0.140528549698871,0.141631847680759,6231.27604908698,126.812731940343
2025-07-11,0.024,6125,0.139585750319763,0.140660440691504,6231.27604908698,122.612046806406
2025-07-11,0.024,6130,0.138850949468565,0.13989761736267,6231.27604908698,118.511276039833
2025-07-11,0.024,6135,0.137961281751299,0.138982155793586,6231.27604908698,114.410505271777
2025-07-11,0.024,6140,0.136921759720686,0.137918804710748,6231.27604908698,110.309734506315
2025-07-11,0.024,6145,0.13606166731593,0.137035620017236,6231.27604908698,106.30887808668
2025-07-11,0.024,6150,0.135044630759209,0.135997316564004,6231.27604908698,102.308021690304
2025-07-11,0.024,6155,0.134185606901588,0.135117902126208,6231.27604908698,98.4070796291094
2025-07-11,0.024,6160,0.133468345182777,0.134381287087739,6231.27604908698,94.606051938531
2025-07-11,0.024,6165,0.132280769492806,0.133474848579211,6231.27604908698,90.7550670814412
2025-07-11,0.024,6170,0.13152282673082,0.132401983890755,6231.27604908698,87.0039965632582
2025-07-11,0.024,6175,0.13058879444408,0.131452826052287,6231.27604908698,83.3028832278083
2025-07-11,0.024,6180,0.129764883630309,0.130614884136335,6231.27604908698,79.7016842415367
2025-07-11,0.024,6185,0.128760586838812,0.129597969233624,6231.27604908698,76.1004852736523
2025-07-11,0.024,6190,0.127852847389063,0.128678718927891,6231.27604908698,72.5992006526681
2025-07-11,0.024,6195,0.127031611799388,0.127847136344413,6231.27604908698,69.1978304067948
2025-07-11,0.024,6200,0.12601906188917,0.126825560317736,6231.27604908698,65.7964601701563
2025-07-11,0.024,6205,0.125081465547351,0.125880113945247,6231.27604908698,62.4950042577871
2025-07-11,0.024,6210,0.124210698876218,0.125002718876728,6231.27604908698,59.2934627372806
2025-07-11,0.024,6215,0.123399564644018,0.124186217316115,6231.27604908698,56.1918355546411
2025-07-11,0.024,6220,0.122380881829127,0.123163479610045,6231.27604908698,53.0902083773769
2025-07-11,0.024,6225,0.121411897297199,0.122191752333136,6231.27604908698,50.0884955563229
2025-07-11,0.024,6230,0.120486590484349,0.121265067744951,6231.27604908698,47.1866970863618
2025-07-11,0.024,6235,0.119670104639804,0.120708129714898,6231.27604908698,44.4618897892324
2025-07-11,0.024,6240,0.118828252187672,0.119608292760528,6231.27604908698,41.7142449257183
2025-07-11,0.024,6245,0.11801650386465,0.118799609798448,6231.27604908698,39.1164715841394
2025-07-11,0.024,6250,0.11723169361054,0.118019482496178,6231.27604908698,36.6186126192201
2025-07-11,0.024,6255,0.116206553965343,0.117265503966939,6231.27604908698,34.1707108328585
2025-07-11,0.024,6260,0.115466085143163,0.116268557638862,6231.27604908698,31.8227233788298
2025-07-11,0.024,6265,0.114475554754511,0.115559146387278,6231.27604908698,29.5746502920788
2025-07-11,0.024,6270,0.113772474750204,0.114597491218493,6231.27604908698,27.4264915610934
2025-07-11,0.024,6275,0.11308969292141,0.113929132520478,6231.27604908698,25.4282043756077
2025-07-11,0.024,6280,0.112142851456809,0.112999488654813,6231.27604908698,23.4299171955903
2025-07-11,0.024,6285,0.111499185903745,0.112375229535897,6231.27604908698,21.6314587581643
2025-07-11,0.024,6290,0.110582281657785,0.111481177326573,6231.27604908698,19.8330002844348
2025-07-11,0.024,6295,0.109988278298935,0.110912428089006,6231.27604908698,18.2343705371309
2025-07-11,0.024,6300,0.10911292355445,0.110066657242661,6231.27604908698,16.6357407971423
2025-07-11,0.024,6305,0.108260802834376,0.109576236453673,6231.27604908698,15.1869825784242
2025-07-11,0.024,6310,0.107780888091626,0.108804302607273,6231.27604908698,13.838138738934
2025-07-11,0.024,6315,0.107011840763129,0.108077519570327,6231.27604908698,12.5392520686867
2025-07-11,0.024,6320,0.106295300091717,0.107408328502761,6231.27604908698,11.3402797663545
2025-07-11,0.024,6325,0.105646955952388,0.10681275979439,6231.27604908698,10.2412217990448
2025-07-11,0.024,6330,0.10508697526238,0.105904582186474,6231.27604908698,9.19212104441851
2025-07-11,0.024,6340,0.103883876025801,0.104795869873486,6231.27604908698,7.39366257575739
2025-07-11,0.024,6350,0.10228497415376,0.103835651415292,6231.27604908698,5.84498999559344
2025-07-11,0.024,6360,0.101457421868723,0.102642855516772,6231.27604908698,4.59606051791883
2025-07-11,0.024,6370,0.0998776460154231,0.101270655458245,6231.27604908698,3.49700256826193
2025-07-11,0.024,6375,0.0996019369893984,0.101106061509963,6231.27604908698,3.09734513699865
2025-07-11,0.024,6380,0.0989988849586213,0.100235593153092,6231.27604908698,2.67270910398824
2025-07-11,0.024,6390,0.0980318838527394,0.0995158270496695,6231.27604908698,2.02326577184019
2025-07-11,0.024,6400,0.0972092322161937,0.0984205150133394,6231.27604908698,1.49871538118614
2025-07-11,0.024,6410,0.0962156325375811,0.097720035727322,6231.27604908698,1.09905794846047
2025-07-11,0.024,6420,0.0952986933670248,0.0971914414811932,6231.27604908698,0.79931487325463
2025-07-11,0.024,6425,0.0952966127341855,0.097390746549427,6231.27604908698,0.699400512719521
2025-07-11,0.024,6430,0.0949959892285794,0.0973470910947807,6231.27604908698,0.599486153946913
2025-07-11,0.024,6440,0.0947408989567607,0.0990001150320156,6231.27604908698,0.474593206405203
2025-07-11,0.024,6450,0.0949903577829052,0.100156258730612,6231.27604908698,0.374678848642841
2025-07-11,0.024,6460,0.0965189293755338,0.100645283263334,6231.27604908698,0.29974307747608
2025-07-11,0.024,6470,0.0975535049191227,0.102391514109354,6231.27604908698,0.249785897063738
2025-07-11,0.024,6475,0.0993210569402974,0.1042283186951,6231.27604908698,0.249785897595117
2025-07-11,0.024,6480,0.0978887624195294,0.106059946145965,6231.27604908698,0.224807308837343
2025-07-11,0.024,6490,0.101310735652839,0.107333873337458,6231.27604908698,0.199828718404801
2025-07-11,0.024,6500,0.100384550195347,0.110900112221072,6231.27604908698,0.174850127950624
2025-07-11,0.024,6510,0.103658010219816,0.111564758143435,6231.27604908698,0.149871538828782
2025-07-11,0.024,6525,0.108540264508299,0.116747169403122,6231.27604908698,0.149871538775097
2025-07-11,0.024,6550,0.109299443455483,0.125304694109739,6231.27604908698,0.124892948835651
2025-07-11,0.024,6575,0.116864884502016,0.1297563639205,6231.27604908698,0.0999143592978742
2025-07-11,0.024,6600,0.124359770005489,0.137928289067017,6231.27604908698,0.0999143589632583
2025-07-11,0.024,6625,0.13178791940709,0.146021429707931,6231.27604908698,0.0999143591830123
2025-07-11,0.024,6650,NA,0.154039958022856,6231.27604908698,NA
2025-07-11,0.024,6675,NA,0.161987528725304,6231.27604908698,NA
2025-07-11,0.024,6700,NA,0.169867372049415,6231.27604908698,NA
2025-07-11,0.024,6725,NA,0.170977474943421,6231.27604908698,NA
2025-07-11,0.024,6750,NA,0.178487630935696,6231.27604908698,NA
2025-07-11,0.024,6800,NA,0.193340107823883,6231.27604908698,NA
2025-07-11,0.024,6900,NA,0.222422852264122,6231.27604908698,NA
2025-07-11,0.024,7000,NA,0.250751281298284,6231.27604908698,NA
2025-07-11,0.024,7200,NA,0.30541319518906,6231.27604908698,NA
2025-07-11,0.024,7400,NA,0.357736916654192,6231.27604908698,NA
2025-07-11,0.024,7600,NA,0.386892923148205,6231.27604908698,NA
2025-07-11,0.024,7800,NA,0.433198674895892,6231.27604908698,NA
2025-07-11,0.024,8000,NA,0.477933633105473,6231.27604908698,NA
2025-07-14,0.028,2400,NA,1.60787443587858,6231.98244609802,NA
2025-07-14,0.028,2600,NA,1.47749313387404,6231.98244609802,NA
2025-07-14,0.028,2800,NA,1.35675520535645,6231.98244609802,NA
2025-07-14,0.028,3000,NA,1.24427810298245,6231.98244609802,NA
2025-07-14,0.028,3200,NA,1.13894825293521,6231.98244609802,NA
2025-07-14,0.028,3400,NA,1.09185083407096,6231.98244609802,NA
2025-07-14,0.028,3600,NA,0.993950573337336,6231.98244609802,NA
2025-07-14,0.028,3800,NA,0.90110066887068,6231.98244609802,NA
2025-07-14,0.028,4000,NA,0.812731417409864,6231.98244609802,NA
2025-07-14,0.028,4200,0.692359808619893,0.728350233277472,6231.98244609802,2032.05757489031
2025-07-14,0.028,4400,0.615142531190202,0.668671148471366,6231.98244609802,1832.08261782119
2025-07-14,0.028,4600,0.56986896949064,0.603196983159541,6231.98244609802,1632.13270368249
2025-07-14,0.028,4800,0.495030059559675,0.534994723151675,6231.98244609802,1432.15774661339
2025-07-14,0.028,4900,0.474178335739214,0.495961853179777,6231.98244609802,1332.18278954435
2025-07-14,0.028,5000,0.44836552786821,0.465390351186974,6231.98244609802,1232.23287540578
2025-07-14,0.028,5100,0.419660672073712,0.43338939957283,6231.98244609802,1132.2829612673
2025-07-14,0.028,5150,0.407939055026387,0.419681560911464,6231.98244609802,1082.3330471291
2025-07-14,0.028,5175,0.398475356947138,0.409986976178919,6231.98244609802,1057.33304712879
2025-07-14,0.028,5200,0.389041446638361,0.400322322844249,6231.98244609802,1032.33304712925
2025-07-14,0.028,5225,0.385457078978755,0.395452092366762,6231.98244609802,1007.38313299107
2025-07-14,0.028,5250,0.375958528771496,0.385746131383448,6231.98244609802,982.383132990471
2025-07-14,0.028,5275,0.37149941827544,0.380276327510519,6231.98244609802,957.433218852581
2025-07-14,0.028,5300,0.361945857899601,0.370533705159575,6231.98244609802,932.433218851922
2025-07-14,0.028,5325,0.35241780484837,0.364560513722556,6231.98244609802,907.458261782585
2025-07-14,0.028,5350,0.347186395834919,0.354784022370996,6231.98244609802,882.483304713489
2025-07-14,0.028,5375,0.337607663701637,0.348379222874538,6231.98244609802,857.508347643477
2025-07-14,0.028,5400,0.331807485368975,0.338570111949801,6231.98244609802,832.533390574555
2025-07-14,0.028,5425,0.322181745165298,0.331788265199341,6231.98244609802,807.558433506761
2025-07-14,0.028,5450,0.31590040339004,0.321946418577146,6231.98244609802,782.583476436764
2025-07-14,0.028,5475,0.309264058475083,0.314829439327231,6231.98244609802,757.633562297246
2025-07-14,0.028,5500,0.299531618390263,0.307460220816729,6231.98244609802,732.658605228588
2025-07-14,0.028,5525,0.292526033469344,0.299862452544998,6231.98244609802,707.708691090132
2025-07-14,0.028,5550,0.285246490990917,0.289886587440163,6231.98244609802,682.733734021161
2025-07-14,0.028,5575,0.277720150795083,0.284055606486461,6231.98244609802,657.808862814277
2025-07-14,0.028,5600,0.26996897375919,0.275875842950807,6231.98244609802,632.858948674196
2025-07-14,0.028,5625,0.262010837202133,0.267527262501071,6231.98244609802,607.90903453585
2025-07-14,0.028,5650,0.255640916318171,0.259018911771912,6231.98244609802,582.984163329409
2025-07-14,0.028,5675,0.247192909034523,0.251868414804614,6231.98244609802,558.059292121431
2025-07-14,0.028,5700,0.24008965544209,0.244350891177659,6231.98244609802,533.15946384363
2025-07-14,0.028,5725,0.233936009633343,0.236502361392332,6231.98244609802,508.284678499152
2025-07-14,0.028,5730,0.2318522820382,0.235628752004559,6231.98244609802,503.30972142816
2025-07-14,0.028,5740,0.228956175148991,0.232590412513122,6231.98244609802,493.359807290795
2025-07-14,0.028,5750,0.225991029753883,0.229491133384206,6231.98244609802,483.409893151646
2025-07-14,0.028,5760,0.224109293365006,0.226333221678453,6231.98244609802,473.48502194479
2025-07-14,0.028,5770,0.220973109123881,0.224159356173447,6231.98244609802,463.560150736122
2025-07-14,0.028,5775,0.219918038080808,0.222004814302191,6231.98244609802,458.585193668834
2025-07-14,0.028,5780,0.217778336834778,0.220855177929045,6231.98244609802,453.610236599018
2025-07-14,0.028,5790,0.215536812054398,0.218454311859704,6231.98244609802,443.710408323981
2025-07-14,0.028,5800,0.213153573738607,0.21501776371914,6231.98244609802,433.785537113183
2025-07-14,0.028,5810,0.209729577207004,0.212413380093145,6231.98244609802,423.860665906096
2025-07-14,0.028,5820,0.207136841516034,0.209694249958962,6231.98244609802,413.96083763327
2025-07-14,0.028,5825,0.205795814570309,0.208293807252322,6231.98244609802,409.010923489671
2025-07-14,0.028,5830,0.20442626703489,0.206867141557883,6231.98244609802,404.061009351886
2025-07-14,0.028,5840,0.201604966594218,0.203937913054423,6231.98244609802,394.161181075312
2025-07-14,0.028,5850,0.199433248951899,0.201636604640711,6231.98244609802,384.31143865902
2025-07-14,0.028,5860,0.197088791781229,0.199175363111646,6231.98244609802,374.46169624509
2025-07-14,0.028,5870,0.194585142624248,0.196565718677257,6231.98244609802,364.611953830313
2025-07-14,0.028,5875,0.192949104410063,0.194890838345426,6231.98244609802,359.662039693484
2025-07-14,0.028,5880,0.191933633348381,0.193817395218339,6231.98244609802,354.762211415439
2025-07-14,0.028,5890,0.18914380826379,0.192106506463314,6231.98244609802,344.962554857619
2025-07-14,0.028,5900,0.186223747612442,0.18849696107998,6231.98244609802,335.087769514522
2025-07-14,0.028,5905,0.184999244109274,0.18828891103829,6231.98244609802,330.238027099763
2025-07-14,0.028,5910,0.183730653832691,0.186934816472691,6231.98244609802,325.338198824842
2025-07-14,0.028,5915,0.183477477283244,0.185542112474569,6231.98244609802,320.488456405682
2025-07-14,0.028,5920,0.182098307584919,0.184111938895446,6231.98244609802,315.588628134436
2025-07-14,0.028,5925,0.180680574583643,0.182645340417314,6231.98244609802,310.688799846813
2025-07-14,0.028,5930,0.179225391209894,0.182082043927903,6231.98244609802,305.839057433252
2025-07-14,0.028,5935,0.178676742532831,0.180523963379497,6231.98244609802,300.989315019383
2025-07-14,0.028,5940,0.177127612139887,0.179818184431473,6231.98244609802,296.139572606107
2025-07-14,0.028,5945,0.176432697797292,0.178175458448088,6231.98244609802,291.289830186465
2025-07-14,0.028,5950,0.175654398506613,0.177339105019202,6231.98244609802,286.490173631991
2025-07-14,0.028,5955,0.173968197221291,0.176428009315724,6231.98244609802,281.64043121701
2025-07-14,0.028,5960,0.173063121063068,0.174660053915459,6231.98244609802,276.790688809165
2025-07-14,0.028,5965,0.172085484544422,0.173633596594338,6231.98244609802,271.991032259755
2025-07-14,0.028,5970,0.171038720171119,0.172540959200027,6231.98244609802,267.19137570054
2025-07-14,0.028,5975,0.169925879188743,0.17210444132439,6231.98244609802,262.441805006509
2025-07-14,0.028,5980,0.168749680622655,0.170867720178714,6231.98244609802,257.642148448716
2025-07-14,0.028,5985,0.16820523643046,0.169573255432703,6231.98244609802,252.892577765738
2025-07-14,0.028,5990,0.166890804710525,0.168881216257518,6231.98244609802,248.143007070387
2025-07-14,0.028,5995,0.166171922635953,0.167460162509187,6231.98244609802,243.393436378024
2025-07-14,0.028,6000,0.165361299321497,0.166608739990005,6231.98244609802,238.693951546147
2025-07-14,0.028,6005,0.164463643766924,0.165673015461043,6231.98244609802,233.994466713697
2025-07-14,0.028,6010,0.163483083914028,0.164656813747698,6231.98244609802,229.29498188948
2025-07-14,0.028,6015,0.162423249301505,0.163563505364575,6231.98244609802,224.595497048827
2025-07-14,0.028,6020,0.161287338585842,0.16294584481162,6231.98244609802,219.946098093796
2025-07-14,0.028,6025,0.16061908058708,0.161692368445232,6231.98244609802,215.296699126398
2025-07-14,0.028,6030,0.159849008221675,0.16088939521813,6231.98244609802,210.697386011939
2025-07-14,0.028,6035,0.158473763320407,0.159991866410739,6231.98244609802,206.047987039251
2025-07-14,0.028,6040,0.157529117739813,0.159003896722609,6231.98244609802,201.448673926715
2025-07-14,0.028,6045,0.156974938025292,0.157929079749206,6231.98244609802,196.899446690969
2025-07-14,0.028,6050,0.155841733820341,0.157232336812942,6231.98244609802,192.350219433704
2025-07-14,0.028,6055,0.155079411950506,0.15598110988161,6231.98244609802,187.800992187849
2025-07-14,0.028,6060,0.154212986988801,0.15508941057146,6231.98244609802,183.301850804266
2025-07-14,0.028,6065,0.153246792786618,0.154524015113795,6231.98244609802,178.852795275502
2025-07-14,0.028,6070,0.152184573406228,0.153428710207904,6231.98244609802,174.35365390336
2025-07-14,0.028,6075,0.151434983152545,0.152644733487498,6231.98244609802,169.95468425525
2025-07-14,0.028,6080,0.150574592142489,0.151360701300552,6231.98244609802,165.505628719279
2025-07-14,0.028,6085,0.149607650262902,0.150755404054774,6231.98244609802,161.156744922002
2025-07-14,0.028,6090,0.148537788653191,0.149657446334737,6231.98244609802,156.757775257075
2025-07-14,0.028,6095,0.147733229703887,0.148824301894196,6231.98244609802,152.458977327339
2025-07-14,0.028,6100,0.146814032803683,0.147878438609337,6231.98244609802,148.160179372571
2025-07-14,0.028,6105,0.145783932701623,0.146823383864409,6231.98244609802,143.861381432957
2025-07-14,0.028,6110,0.144985260875144,0.145999731056096,6231.98244609802,139.662755217576
2025-07-14,0.028,6115,0.144066139208341,0.145057330836022,6231.98244609802,135.464128999676
2025-07-14,0.028,6120,0.143353640476903,0.144321837459178,6231.98244609802,131.36567452945
2025-07-14,0.028,6125,0.142196683762802,0.143144623460446,6231.98244609802,127.167048294065
2025-07-14,0.028,6130,0.141547994597563,0.142474942284375,6231.98244609802,123.168765545086
2025-07-14,0.028,6135,0.140461504077763,0.141369876099267,6231.98244609802,119.070311043335
2025-07-14,0.028,6140,0.13955315257446,0.14044337908527,6231.98244609802,115.072028271894
2025-07-14,0.028,6145,0.138807629435564,0.139680311575299,6231.98244609802,111.173917221388
2025-07-14,0.028,6150,0.137925143670541,0.13878159795097,6231.98244609802,107.275806197229
2025-07-14,0.028,6155,0.136908463199184,0.137749880840089,6231.98244609802,103.37769513591
2025-07-14,0.028,6160,0.136035579515424,0.136862613461241,6231.98244609802,99.5797558043132
2025-07-14,0.028,6165,0.135023049832368,0.136107834285626,6231.98244609802,95.831902355259
2025-07-14,0.028,6170,0.13413980081939,0.134941029271856,6231.98244609802,92.0840488931281
2025-07-14,0.028,6175,0.133111798666948,0.134164612999008,6231.98244609802,88.4363671587944
2025-07-14,0.028,6180,0.132199963435139,0.133238511069509,6231.98244609802,84.8387712731173
2025-07-14,0.028,6185,0.131394787048072,0.132420166508832,6231.98244609802,81.3413470995656
2025-07-14,0.028,6190,0.13043425921616,0.131447821066564,6231.98244609802,77.8439229746421
2025-07-14,0.028,6195,0.129569650915552,0.130572526858046,6231.98244609802,74.4466705383074
2025-07-14,0.028,6200,0.128793368229285,0.129538442441596,6231.98244609802,71.099503980083
2025-07-14,0.028,6205,0.127852359317826,0.128591282872128,6231.98244609802,67.8024232576759
2025-07-14,0.028,6210,0.126990594315935,0.127724285292558,6231.98244609802,64.6055142862851
2025-07-14,0.028,6215,0.125958910092382,0.126931474832014,6231.98244609802,61.4586911554525
2025-07-14,0.028,6220,0.125239488723832,0.126207653255336,6231.98244609802,58.4621256196619
2025-07-14,0.028,6225,0.124341986546446,0.125307109145591,6231.98244609802,55.4655600695664
2025-07-14,0.028,6230,0.123504806423255,0.12470913034902,6231.98244609802,52.6192521548849
2025-07-14,0.028,6235,0.122753717322304,0.123716941769627,6231.98244609802,49.7853463811155
2025-07-14,0.028,6240,0.121763997766368,0.122728473241843,6231.98244609802,46.9805381291112
2025-07-14,0.028,6245,0.121064918956672,0.122032182433586,6231.98244609802,44.3760733403728
2025-07-14,0.028,6250,0.120170692560923,0.121142376764164,6231.98244609802,41.7716085275331
2025-07-14,0.028,6255,0.119564339719215,0.120542082466842,6231.98244609802,39.3674871686826
2025-07-14,0.028,6260,0.118756988402898,0.119742611594697,6231.98244609802,36.9633658245561
2025-07-14,0.028,6265,0.117990385650641,0.11873697413525,6231.98244609802,34.6093303259318
2025-07-14,0.028,6270,0.117264080789629,0.11827118362694,6231.98244609802,32.455638300331
2025-07-14,0.028,6275,0.116323014107067,0.11734419432165,6231.98244609802,30.2518603739909
2025-07-14,0.028,6280,0.115675131263451,0.116712385669114,6231.98244609802,28.2484259163468
2025-07-14,0.028,6285,0.115070640048258,0.116126289529961,6231.98244609802,26.345163198009
2025-07-14,0.028,6290,0.114243213782806,0.115320286448589,6231.98244609802,24.4419004399261
2025-07-14,0.028,6295,0.11373023330516,0.114555970820849,6231.98244609802,22.6888952935259
2025-07-14,0.028,6300,0.112990854421431,0.114118630616482,6231.98244609802,21.0360618567001
2025-07-14,0.028,6305,0.112299461496801,0.113457621799811,6231.98244609802,19.4333142803875
2025-07-14,0.028,6310,0.111662528096279,0.112854492498364,6231.98244609802,17.9307384498725
2025-07-14,0.028,6315,0.111088370784937,0.112011027985063,6231.98244609802,16.4782484391842
2025-07-14,0.028,6320,0.110587456900917,0.111541104878347,6231.98244609802,15.1760160350339
2025-07-14,0.028,6325,0.109842310365587,0.110831731025185,6231.98244609802,13.873783634541
2025-07-14,0.028,6330,0.109517150439157,0.110202293461716,6231.98244609802,12.7218088452519
2025-07-14,0.028,6340,0.108505316483168,0.109250281556115,6231.98244609802,10.6182026616598
2025-07-14,0.028,6350,0.107224354313778,0.108045091500356,6231.98244609802,8.7149399186705
2025-07-14,0.028,6360,0.10612295986792,0.107488957463619,6231.98244609802,7.16227820722992
2025-07-14,0.028,6370,0.10536953605769,0.106392484038935,6231.98244609802,5.80995994109168
2025-07-14,0.028,6375,0.104857358263688,0.105946621068857,6231.98244609802,5.20892960116402
2025-07-14,0.028,6380,0.104052996492835,0.105222140581458,6231.98244609802,4.60789926247645
2025-07-14,0.028,6390,0.103407432933467,0.104744495355407,6231.98244609802,3.70635376000442
2025-07-14,0.028,6400,0.102359424953489,0.103533963873645,6231.98244609802,2.87993704116451
2025-07-14,0.028,6425,0.100319513466137,0.102119870742925,6231.98244609802,1.52761878106041
2025-07-14,0.028,6450,0.0995028144360341,0.101420162126338,6231.98244609802,0.80137378188936
2025-07-14,0.028,6475,0.0998506744771051,0.102856386100775,6231.98244609802,0.450772754053808
2025-07-14,0.028,6500,0.102460446677309,0.106717016777818,6231.98244609802,0.300515169388742
2025-07-14,0.028,6525,0.104559608761339,0.113041029425138,6231.98244609802,0.22538637735795
2025-07-14,0.028,6550,0.107762030119162,0.118734103769971,6231.98244609802,0.175300515224951
2025-07-14,0.028,6575,0.115155503034371,0.123646098244164,6231.98244609802,0.150257584359123
2025-07-14,0.028,6600,0.114952638276634,0.131403929288814,6231.98244609802,0.125214653733486
2025-07-14,0.028,6625,0.121832030443885,0.139085123836068,6231.98244609802,0.125214654207622
2025-07-14,0.028,6700,0.142127916504604,0.15708399036905,6231.98244609802,0.100171723118428
2025-07-14,0.028,6800,NA,0.185696840078808,6231.98244609802,NA
2025-07-14,0.028,7000,NA,0.231994391967783,6231.98244609802,NA
2025-07-14,0.028,7200,NA,0.282614026534105,6231.98244609802,NA
2025-07-14,0.028,7400,NA,0.313594378264045,6231.98244609802,NA
2025-07-14,0.028,7600,NA,0.377617688087229,6231.98244609802,NA
2025-07-14,0.028,7800,NA,0.422461216535618,6231.98244609802,NA
2025-07-14,0.028,8000,NA,0.465753690536831,6231.98244609802,NA
2025-07-15,0.032,2400,NA,1.50416124293171,6232.19087176554,NA
2025-07-15,0.032,2600,NA,1.38219446716426,6232.19087176554,NA
2025-07-15,0.032,2800,NA,1.33141228872347,6232.19087176554,NA
2025-07-15,0.032,3000,NA,1.22140310313309,6232.19087176554,NA
2025-07-15,0.032,3200,NA,1.11837983380397,6232.19087176554,NA
2025-07-15,0.032,3400,NA,1.02144828242555,6232.19087176554,NA
2025-07-15,0.032,3600,NA,0.929866031237659,6232.19087176554,NA
2025-07-15,0.032,3800,NA,0.843008230168091,6232.19087176554,NA
2025-07-15,0.032,4000,0.72316682724886,0.784563034995995,6232.19087176554,2232.29112957129
2025-07-15,0.032,4200,0.647732610835037,0.70336965293083,6232.19087176554,2032.29112957139
2025-07-15,0.032,4400,0.605797100891587,0.640688791338932,6232.19087176554,1832.34125847433
2025-07-15,0.032,4600,0.550828514846121,0.575426968010674,6232.19087176554,1632.3913873769
2025-07-15,0.032,4800,0.490717013185127,0.516352173894369,6232.19087176554,1432.46658073138
2025-07-15,0.032,4900,0.471904156170024,0.485066186251622,6232.19087176554,1332.5417740857
2025-07-15,0.032,5000,0.441903070627716,0.453008062199815,6232.19087176554,1232.59190298907
2025-07-15,0.032,5100,0.415817571797906,0.424556908133384,6232.19087176554,1132.6921607943
2025-07-15,0.032,5150,0.401769094337882,0.409610669617402,6232.19087176554,1082.74228969725
2025-07-15,0.032,5175,0.392523064243174,0.400213342823509,6232.19087176554,1057.74228969725
2025-07-15,0.032,5200,0.38330512894912,0.394273746083505,6232.19087176554,1032.76735414789
2025-07-15,0.032,5225,0.377931085846099,0.384863528329988,6232.19087176554,1007.79241860077
2025-07-15,0.032,5250,0.368688617187124,0.378594436502488,6232.19087176554,982.817483051373
2025-07-15,0.032,5275,0.362897126493373,0.372069332539341,6232.19087176554,957.867611954299
2025-07-15,0.032,5300,0.35363197940211,0.362610305479361,6232.19087176554,932.867611954407
2025-07-15,0.032,5325,0.34747818821973,0.35582136234192,6232.19087176554,907.91774085753
2025-07-15,0.032,5350,0.341047783173236,0.346350523783388,6232.19087176554,882.942805309011
2025-07-15,0.032,5375,0.331717760442465,0.33932185035721,6232.19087176554,857.967869759453
2025-07-15,0.032,5400,0.325000262552183,0.33210658980015,6232.19087176554,833.017998663749
2025-07-15,0.032,5425,0.318062747416165,0.322588281875509,6232.19087176554,808.043063114322
2025-07-15,0.032,5450,0.310925168038495,0.31516818463068,6232.19087176554,783.093192019187
2025-07-15,0.032,5475,0.301494770125497,0.307589481841723,6232.19087176554,758.118256470071
2025-07-15,0.032,5500,0.296113516548481,0.299862579728737,6232.19087176554,733.19344982284
2025-07-15,0.032,5525,0.288465014625017,0.291996292095737,6232.19087176554,708.243578726536
2025-07-15,0.032,5550,0.280668440270224,0.285589210276895,6232.19087176554,683.318772082406
2025-07-15,0.032,5575,0.274326304085603,0.277378991910974,6232.19087176554,658.39396543495
2025-07-15,0.032,5600,0.266167133256226,0.270441264025956,6232.19087176554,633.469158789288
2025-07-15,0.032,5625,0.259269315162874,0.26321572545117,6232.19087176554,608.569416595543
2025-07-15,0.032,5650,0.252071809106546,0.255727039063585,6232.19087176554,583.669674400718
2025-07-15,0.032,5675,0.245756000101436,0.249081498938915,6232.19087176554,558.82006110953
2025-07-15,0.032,5700,0.239003170743056,0.242044996582344,6232.19087176554,533.970447818133
2025-07-15,0.032,5725,0.23186164794188,0.234655840638307,6232.19087176554,509.120834526163
2025-07-15,0.032,5730,0.23076441839968,0.23349503989028,6232.19087176554,504.170963429248
2025-07-15,0.032,5740,0.227587208962585,0.230238705287247,6232.19087176554,494.221092329417
2025-07-15,0.032,5750,0.225239940361893,0.227777055140402,6232.19087176554,484.321350136729
2025-07-15,0.032,5760,0.222789089336858,0.225220203890308,6232.19087176554,474.421607946103
2025-07-15,0.032,5770,0.22024075837865,0.222573258531615,6232.19087176554,464.521865750789
2025-07-15,0.032,5775,0.218931732404184,0.221217426758375,6232.19087176554,459.571994652548
2025-07-15,0.032,5780,0.217600284402177,0.219840714150936,6232.19087176554,454.62212355123
2025-07-15,0.032,5790,0.214872351377916,0.217026538764517,6232.19087176554,444.722381358999
2025-07-15,0.032,5800,0.212061082154487,0.214134240839118,6232.19087176554,434.822639165322
2025-07-15,0.032,5810,0.209843093350759,0.211818231498566,6232.19087176554,424.973025875531
2025-07-15,0.032,5820,0.207492521610829,0.209377764865757,6232.19087176554,415.123412585071
2025-07-15,0.032,5825,0.205957679597929,0.208415207332709,6232.19087176554,410.198605942569
2025-07-15,0.032,5830,0.205017936121018,0.207409877355231,6232.19087176554,405.298863747911
2025-07-15,0.032,5840,0.201840842226131,0.204152351532418,6232.19087176554,395.399121549507
2025-07-15,0.032,5850,0.199725143054598,0.201921652794891,6232.19087176554,385.59963716108
2025-07-15,0.032,5860,0.197452321033579,0.199544087688771,6232.19087176554,375.800152775761
2025-07-15,0.032,5870,0.195033130464987,0.197028927239248,6232.19087176554,366.000668380708
2025-07-15,0.032,5875,0.193771548390778,0.195722264350297,6232.19087176554,361.100926190632
2025-07-15,0.032,5880,0.192476676482179,0.194384070807986,6232.19087176554,356.201184000121
2025-07-15,0.032,5890,0.189790703759958,0.192511571392819,6232.19087176554,346.451828510383
2025-07-15,0.032,5900,0.187861978800252,0.1904391315728,6232.19087176554,336.752601932848
2025-07-15,0.032,5910,0.185734158174372,0.188181737492307,6232.19087176554,327.053375348444
2025-07-15,0.032,5920,0.183421940189814,0.185751830747821,6232.19087176554,317.354148770629
2025-07-15,0.032,5925,0.182584433376127,0.184100952636006,6232.19087176554,312.504535469068
2025-07-15,0.032,5930,0.181685326559049,0.183159799224029,6232.19087176554,307.705051082335
2025-07-15,0.032,5940,0.179712787237782,0.181109913999498,6232.19087176554,298.106082317437
2025-07-15,0.032,5950,0.177522758047416,0.178850237596621,6232.19087176554,288.507113529419
2025-07-15,0.032,5955,0.176350995196128,0.178286492617181,6232.19087176554,283.757758040038
2025-07-15,0.032,5960,0.175764703042677,0.177019920982279,6232.19087176554,279.00840256425
2025-07-15,0.032,5965,0.174481588353986,0.176314784646831,6232.19087176554,274.25904707789
2025-07-15,0.032,5970,0.173754176092226,0.174944890484792,6232.19087176554,269.50969158922
2025-07-15,0.032,5975,0.172367716320929,0.174109170646295,6232.19087176554,264.760336113625
2025-07-15,0.032,5980,0.171509859235871,0.17320382003895,6232.19087176554,260.06110951204
2025-07-15,0.032,5985,0.170582452436134,0.172231626809714,6232.19087176554,255.361882941231
2025-07-15,0.032,5990,0.169588246379214,0.17119508151888,6232.19087176554,250.662656358194
2025-07-15,0.032,5995,0.16905458733899,0.170096413083303,6232.19087176554,246.013558680482
2025-07-15,0.032,6000,0.16792100362009,0.168937617152636,6232.19087176554,241.314332100108
2025-07-15,0.032,6005,0.166727864441889,0.168213424211082,6232.19087176554,236.665234403759
2025-07-15,0.032,6010,0.165962794879421,0.167408007135337,6232.19087176554,232.066265643908
2025-07-15,0.032,6015,0.165117408931233,0.1660574962699,6232.19087176554,227.417167947854
2025-07-15,0.032,6020,0.16419490408966,0.165111019185257,6232.19087176554,222.818199173977
2025-07-15,0.032,6025,0.163198108082867,0.164535900574394,6232.19087176554,218.269359313579
2025-07-15,0.032,6030,0.162129522530603,0.163435337188416,6232.19087176554,213.670390538869
2025-07-15,0.032,6035,0.16141789996998,0.162689243032366,6232.19087176554,209.171679548745
2025-07-15,0.032,6040,0.160202390423537,0.16144516123693,6232.19087176554,204.572710774565
2025-07-15,0.032,6045,0.159327793397278,0.160539821689041,6232.19087176554,200.073999805766
2025-07-15,0.032,6050,0.158370614106579,0.159553654255612,6232.19087176554,195.575288829883
2025-07-15,0.032,6055,0.157719714505417,0.158872431519016,6232.19087176554,191.176835673155
2025-07-15,0.032,6060,0.156596306213241,0.15772328961995,6232.19087176554,186.678124717195
2025-07-15,0.032,6065,0.155766127598543,0.156866212808587,6232.19087176554,182.27967153063
2025-07-15,0.032,6070,0.154846161338581,0.155920927089243,6232.19087176554,177.881218370664
2025-07-15,0.032,6075,0.153839162256427,0.155238976174809,6232.19087176554,173.53289412928
2025-07-15,0.032,6080,0.153090890115225,0.154117300142622,6232.19087176554,169.18456984871
2025-07-15,0.032,6085,0.152245043598921,0.153248492886874,6232.19087176554,164.886374484441
2025-07-15,0.032,6090,0.151304591298219,0.152286432447251,6232.19087176554,160.588179129802
2025-07-15,0.032,6095,0.150272070485061,0.151553092171784,6232.19087176554,156.340112675764
2025-07-15,0.032,6100,0.149464115118742,0.150405037882863,6232.19087176554,152.092046219576
2025-07-15,0.032,6105,0.148555401854826,0.149477039402252,6232.19087176554,147.89410865193
2025-07-15,0.032,6110,0.147548445555302,0.148752409466684,6232.19087176554,143.746299999069
2025-07-15,0.032,6115,0.146741099041117,0.1479210646615,6232.19087176554,139.64862027391
2025-07-15,0.032,6120,0.145828168486649,0.14698562796942,6232.19087176554,135.55094051829
2025-07-15,0.032,6125,0.144811946255103,0.145948255838763,6232.19087176554,131.453260768248
2025-07-15,0.032,6130,0.143973709517348,0.145089225432781,6232.19087176554,127.455838834157
2025-07-15,0.032,6135,0.143025797759382,0.144121847868852,6232.19087176554,123.458416895753
2025-07-15,0.032,6140,0.142239819714075,0.143316924248552,6232.19087176554,119.561252741083
2025-07-15,0.032,6145,0.141338713900402,0.14239815110012,6232.19087176554,115.664088618169
2025-07-15,0.032,6150,0.140585246579945,0.141367251224798,6232.19087176554,111.817053361966
2025-07-15,0.032,6155,0.139711928230477,0.140482047744087,6232.19087176554,108.020147047761
2025-07-15,0.032,6160,0.13872040467361,0.139732308333273,6232.19087176554,104.273369632012
2025-07-15,0.032,6165,0.13786147161994,0.138859380266171,6232.19087176554,100.576721106019
2025-07-15,0.032,6170,0.136879563823137,0.137864554152143,6232.19087176554,96.8800725745589
2025-07-15,0.032,6175,0.136018836954877,0.136991669886306,6232.19087176554,93.2836818530575
2025-07-15,0.032,6180,0.135271094794429,0.136232602115754,6232.19087176554,89.7875489192388
2025-07-15,0.032,6185,0.134391062627832,0.135342299789466,6232.19087176554,86.2914160243661
2025-07-15,0.032,6190,0.133379225906978,0.134321193353093,6232.19087176554,82.7952830928743
2025-07-15,0.032,6195,0.132468858817897,0.133402413074222,6232.19087176554,79.3994079972388
2025-07-15,0.032,6200,0.13165348750454,0.132579535446433,6232.19087176554,76.1037906857364
2025-07-15,0.032,6205,0.130927349990554,0.131846840984964,6232.19087176554,72.9084312066789
2025-07-15,0.032,6210,0.130056893129696,0.130970849448669,6232.19087176554,69.7130717284624
2025-07-15,0.032,6215,0.129041204953439,0.130177977288003,6232.19087176554,66.5678411236431
2025-07-15,0.032,6220,0.128331491022018,0.129237380050227,6232.19087176554,63.5228683048933
2025-07-15,0.032,6225,0.127469635361694,0.128598893669311,6232.19087176554,60.5781533441243
2025-07-15,0.032,6230,0.126679119156104,0.127806624831051,6232.19087176554,57.6835672680677
2025-07-15,0.032,6235,0.125960994799758,0.126862708155892,6232.19087176554,54.8410197851679
2025-07-15,0.032,6240,0.125049427323189,0.126177643422637,6232.19087176554,52.083930090834
2025-07-15,0.032,6245,0.1244264304374,0.125331054322099,6232.19087176554,49.4270982686512
2025-07-15,0.032,6250,0.123638189569275,0.124546109899331,6232.19087176554,46.8203953017976
2025-07-15,0.032,6255,0.122908684305548,0.123821191544803,6232.19087176554,44.3139501404694
2025-07-15,0.032,6260,0.122236910709587,0.123155342615607,6232.19087176554,41.9077628192913
2025-07-15,0.032,6265,0.121391055462133,0.122316899095137,6232.19087176554,39.5015754923679
2025-07-15,0.032,6270,0.120832319106396,0.12176694307401,6232.19087176554,37.2959037430612
2025-07-15,0.032,6275,0.120095878399871,0.121040954426117,6232.19087176554,35.0902320420346
2025-07-15,0.032,6280,0.119414033132342,0.120371201654623,6232.19087176554,32.984818119138
2025-07-15,0.032,6285,0.118788407879624,0.119759379621095,6232.19087176554,30.9796619973761
2025-07-15,0.032,6290,0.117974643388747,0.118961585566142,6232.19087176554,28.9745058700728
2025-07-15,0.032,6295,0.117465597603459,0.118470056503291,6232.19087176554,27.1698653729128
2025-07-15,0.032,6300,0.116766566669564,0.11779104915027,6232.19087176554,25.3652248585774
2025-07-15,0.032,6305,0.116128638791155,0.117175360381828,6232.19087176554,23.6608421534403
2025-07-15,0.032,6310,0.115557282432456,0.116628546701276,6232.19087176554,22.0567172491722
2025-07-15,0.032,6315,0.114784174246496,0.115883422139338,6232.19087176554,20.4525923693053
2025-07-15,0.032,6320,0.114360771721016,0.115207845400332,6232.19087176554,18.9988542134766
2025-07-15,0.032,6325,0.113737824457258,0.114900147481137,6232.19087176554,17.6453738309999
2025-07-15,0.032,6330,0.113200761433024,0.114100580420833,6232.19087176554,16.2918934581925
2025-07-15,0.032,6340,0.112114774263972,0.113078286257139,6232.19087176554,13.8857060979484
2025-07-15,0.032,6350,0.111160054829023,0.112199675230584,6232.19087176554,11.7802921914708
2025-07-15,0.032,6360,0.110042760087473,0.111175961527559,6232.19087176554,9.87539386953199
2025-07-15,0.032,6370,0.109193289271162,0.110436568237435,6232.19087176554,8.27126897209899
2025-07-15,0.032,6375,0.10886187260326,0.109734245223758,6232.19087176554,7.51933543250016
2025-07-15,0.032,6380,0.108310313543152,0.109687118264215,6232.19087176554,6.86765969161974
2025-07-15,0.032,6400,0.10677921064487,0.107937764868224,6232.19087176554,4.61185906758243
2025-07-15,0.032,6425,0.104879131857886,0.106105329640545,6232.19087176554,2.6818963042852
2025-07-15,0.032,6450,0.103474835513055,0.10469029500091,6232.19087176554,1.50386708372439
2025-07-15,0.032,6475,0.102803716462241,0.104648853329127,6232.19087176554,0.852191347949905
2025-07-15,0.032,6500,0.103017660175118,0.107075594741012,6232.19087176554,0.526353479242978
2025-07-15,0.032,6525,0.105683040336579,0.109473743094666,6232.19087176554,0.350902321674894
2025-07-15,0.032,6550,0.108272603564511,0.115483360449326,6232.19087176554,0.275708965933418
2025-07-15,0.032,6575,0.112135784610217,0.120988087318093,6232.19087176554,0.22558006385545
2025-07-15,0.032,6600,0.114515040357848,0.12589499298753,6232.19087176554,0.175451160486979
2025-07-15,0.032,6625,0.121299707706037,0.13322329500487,6232.19087176554,0.175451160296798
2025-07-15,0.032,6700,0.132901685745755,0.151214247624274,6232.19087176554,0.125322256813706
2025-07-15,0.032,6800,NA,0.173657273724568,6232.19087176554,NA
2025-07-15,0.032,7000,NA,0.216969645432587,6232.19087176554,NA
2025-07-15,0.032,7200,NA,0.264323778271359,6232.19087176554,NA
2025-07-15,0.032,7400,NA,0.309651297599472,6232.19087176554,NA
2025-07-15,0.032,7600,NA,0.353198070684873,6232.19087176554,NA
2025-07-15,0.032,7800,NA,0.395148223347502,6232.19087176554,NA
2025-07-15,0.032,8000,NA,0.435647308354565,6232.19087176554,NA
2025-07-16,0.036,2400,NA,1.41808215559136,6232.92512146371,NA
2025-07-16,0.036,2600,NA,1.30310790294572,6232.92512146371,NA
2025-07-16,0.036,2800,NA,1.25522767573434,6232.92512146371,NA
2025-07-16,0.036,3000,NA,1.15152682601301,6232.92512146371,NA
2025-07-16,0.036,3200,NA,1.05441140361869,6232.92512146371,NA
2025-07-16,0.036,3400,NA,0.963038497738455,6232.92512146371,NA
2025-07-16,0.036,3600,0.834634156654624,0.876708276501005,6232.92512146371,2633.00014289836
2025-07-16,0.036,3800,NA,0.819877176128045,6232.92512146371,NA
2025-07-16,0.036,4000,0.681865740500556,0.739736307752371,6232.92512146371,2233.02515004337
2025-07-16,0.036,4200,0.642498274558317,0.678992601335708,6232.92512146371,2033.07516433305
2025-07-16,0.036,4400,0.571225813931661,0.615795305514603,6232.92512146371,1833.10017147795
2025-07-16,0.036,4600,0.532143232725594,0.551543324712736,6232.92512146371,1633.17519291273
2025-07-16,0.036,4800,0.479934524796294,0.49317104715058,6232.92512146371,1433.27522149251
2025-07-16,0.036,4900,0.451554434862361,0.467676312859848,6232.92512146371,1333.35024292736
2025-07-16,0.036,5000,0.427204565371771,0.436059405060548,6232.92512146371,1233.42526436132
2025-07-16,0.036,5100,0.400387561554043,0.410889197251375,6232.92512146371,1133.55030008622
2025-07-16,0.036,5150,0.386299963161677,0.395859363948692,6232.92512146371,1083.60031437621
2025-07-16,0.036,5175,0.380739693233195,0.386819107976133,6232.92512146371,1058.62532152089
2025-07-16,0.036,5200,0.374901718192477,0.380573292519118,6232.92512146371,1033.67533581034
2025-07-16,0.036,5225,0.365971352753993,0.374125439580746,6232.92512146371,1008.70034295648
2025-07-16,0.036,5250,0.35985480021372,0.365055950265685,6232.92512146371,983.7253501
2025-07-16,0.036,5275,0.350916039629822,0.358399011625816,6232.92512146371,958.75035724577
2025-07-16,0.036,5300,0.34454989351267,0.351575555274472,6232.92512146371,933.800371535031
2025-07-16,0.036,5325,0.337988259585686,0.34459876160887,6232.92512146371,908.850385825409
2025-07-16,0.036,5350,0.331248493918164,0.335476394271848,6232.92512146371,883.875392970372
2025-07-16,0.036,5375,0.324345228897423,0.328333356761815,6232.92512146371,858.925407259906
2025-07-16,0.036,5400,0.317290874833327,0.321058308351368,6232.92512146371,833.975421548258
2025-07-16,0.036,5425,0.310096004565404,0.313659390255,6232.92512146371,809.025435838902
2025-07-16,0.036,5450,0.302769649303284,0.307758540172078,6232.92512146371,784.100457273678
2025-07-16,0.036,5475,0.2953195311663,0.300050453976521,6232.92512146371,759.15047156225
2025-07-16,0.036,5500,0.289289049421105,0.292241591547952,6232.92512146371,734.22549299703
2025-07-16,0.036,5525,0.281530855451688,0.285687869497278,6232.92512146371,709.300514433734
2025-07-16,0.036,5550,0.275019446878039,0.278881701548821,6232.92512146371,684.400543014227
2025-07-16,0.036,5575,0.268245798967657,0.271844201512942,6232.92512146371,659.500571593111
2025-07-16,0.036,5600,0.262374647743005,0.26459267481827,6232.92512146371,634.625607317203
2025-07-16,0.036,5625,0.255064818072375,0.258152320190777,6232.92512146371,609.750643038875
2025-07-16,0.036,5650,0.24853668556463,0.251385504986672,6232.92512146371,584.90068590897
2025-07-16,0.036,5675,0.241683753435876,0.244321292145528,6232.92512146371,560.050728778581
2025-07-16,0.036,5700,0.235361708644053,0.237777106692499,6232.92512146371,535.250785940695
2025-07-16,0.036,5725,0.228638567084488,0.230860348408362,6232.92512146371,510.450843094152
2025-07-16,0.036,5730,0.227397540754692,0.229578235036958,6232.92512146371,505.500857388233
2025-07-16,0.036,5740,0.22485767144415,0.226959882590978,6232.92512146371,495.60088597007
2025-07-16,0.036,5750,0.22224364993918,0.224271891372596,6232.92512146371,485.70091454951
2025-07-16,0.036,5760,0.219558662963697,0.222156390834706,6232.92512146371,475.825950272264
2025-07-16,0.036,5770,0.217442677264953,0.219315986639722,6232.92512146371,465.950985994411
2025-07-16,0.036,5775,0.216030543549619,0.21847510407274,6232.92512146371,461.02600743455
2025-07-16,0.036,5780,0.213986858750648,0.217594362354756,6232.92512146371,456.076021720443
2025-07-16,0.036,5790,0.21229005697716,0.214596333705769,6232.92512146371,446.226064589806
2025-07-16,0.036,5800,0.209308416840622,0.211542335480431,6232.92512146371,436.326093166087
2025-07-16,0.036,5810,0.207360395313727,0.209489912547404,6232.92512146371,426.526150330393
2025-07-16,0.036,5820,0.205271756738234,0.207305723913734,6232.92512146371,416.726207488756
2025-07-16,0.036,5825,0.203160597764252,0.20616680240681,6232.92512146371,411.776221776781
2025-07-16,0.036,5830,0.202057459853431,0.204997893331617,6232.92512146371,406.876250358936
2025-07-16,0.036,5840,0.19975699588736,0.202573417652933,6232.92512146371,397.07630751455
2025-07-16,0.036,5850,0.197336952722054,0.200038347272995,6232.92512146371,387.276364678999
2025-07-16,0.036,5860,0.195678965126535,0.19739792713861,6232.92512146371,377.526436125923
2025-07-16,0.036,5870,0.193003570337013,0.195469537746068,6232.92512146371,367.776507574287
2025-07-16,0.036,5875,0.192443156873046,0.194047303546374,6232.92512146371,362.926550437741
2025-07-16,0.036,5880,0.191027261196587,0.192601751503238,6232.92512146371,358.026579030908
2025-07-16,0.036,5890,0.188887168649557,0.190389910592656,6232.92512146371,348.326664765041
2025-07-16,0.036,5900,0.186593734131656,0.188030635352228,6232.92512146371,338.626750498431
2025-07-16,0.036,5910,0.184846795625998,0.186211333228042,6232.92512146371,329.026864825435
2025-07-16,0.036,5920,0.182243310726287,0.184199782986912,6232.92512146371,319.376964842607
2025-07-16,0.036,5925,0.181215597283843,0.183126007203043,6232.92512146371,314.577022006483
2025-07-16,0.036,5930,0.180142372144447,0.182008795989486,6232.92512146371,309.777079172829
2025-07-16,0.036,5940,0.178463668442408,0.17964903995378,6232.92512146371,300.227207778883
2025-07-16,0.036,5950,0.176563533630551,0.177691881424832,6232.92512146371,290.727350672739
2025-07-16,0.036,5960,0.174457387645846,0.176067898890338,6232.92512146371,281.277507870099
2025-07-16,0.036,5970,0.172673923250889,0.173698104215911,6232.92512146371,271.827665050536
2025-07-16,0.036,5975,0.171695351189613,0.172695277022333,6232.92512146371,267.127750789902
2025-07-16,0.036,5980,0.170661467298555,0.172123363616318,6232.92512146371,262.477850812691
2025-07-16,0.036,5985,0.170052441852096,0.171003059684218,6232.92512146371,257.827950844566
2025-07-16,0.036,5990,0.168902278990658,0.169832133568056,6232.92512146371,253.128036579976
2025-07-16,0.036,5995,0.168157777396211,0.169064122335924,6232.92512146371,248.528150904611
2025-07-16,0.036,6000,0.166898749183125,0.167786260743111,6232.92512146371,243.828236625169
2025-07-16,0.036,6005,0.166027658004282,0.166893921439729,6232.92512146371,239.228350957445
2025-07-16,0.036,6010,0.165090950056889,0.165937073059583,6232.92512146371,234.628465284506
2025-07-16,0.036,6015,0.1640907235816,0.16532920347175,6232.92512146371,230.078593888458
2025-07-16,0.036,6020,0.163433870064322,0.164240156325964,6232.92512146371,225.528722480321
2025-07-16,0.036,6025,0.162303292480071,0.163485215769609,6232.92512146371,220.978851095967
2025-07-16,0.036,6030,0.161501482242034,0.162272006298887,6232.92512146371,216.428979722197
2025-07-16,0.036,6035,0.16062604833513,0.161379014196588,6232.92512146371,211.929122588849
2025-07-16,0.036,6040,0.159679316300931,0.160415643211479,6232.92512146371,207.429265500057
2025-07-16,0.036,6045,0.158663339560195,0.159383865564631,6232.92512146371,202.929408393159
2025-07-16,0.036,6050,0.15757992793462,0.158637005977841,6232.92512146371,198.47956559388
2025-07-16,0.036,6055,0.156776610263685,0.157810131812054,6232.92512146371,194.079737069123
2025-07-16,0.036,6060,0.155894424850191,0.156569246490317,6232.92512146371,189.629894249204
2025-07-16,0.036,6065,0.154935621129196,0.155925781753682,6232.92512146371,185.280080028798
2025-07-16,0.036,6070,0.153902159825756,0.154872296287293,6232.92512146371,180.880251489118
2025-07-16,0.036,6075,0.153113282165821,0.154062849640702,6232.92512146371,176.58045155733
2025-07-16,0.036,6080,0.152240256746406,0.153170403526262,6232.92512146371,172.280651620636
2025-07-16,0.036,6085,0.151285274067311,0.152197044543098,6232.92512146371,167.980851684974
2025-07-16,0.036,6090,0.150250213362869,0.151144561558148,6232.92512146371,163.681051730123
2025-07-16,0.036,6095,0.149429626497575,0.150306364110564,6232.92512146371,159.481280385228
2025-07-16,0.036,6100,0.148521007675589,0.149381123945485,6232.92512146371,155.281508991121
2025-07-16,0.036,6105,0.147526279641469,0.148370677805651,6232.92512146371,151.081737624677
2025-07-16,0.036,6110,0.146723814276209,0.147552527804081,6232.92512146371,146.981994849176
2025-07-16,0.036,6115,0.145828440025387,0.146642379866843,6232.92512146371,142.882252070975
2025-07-16,0.036,6120,0.144841963654798,0.14564196363458,6232.92512146371,138.782509274314
2025-07-16,0.036,6125,0.144028317762029,0.144814562980499,6232.92512146371,134.782795092001
2025-07-16,0.036,6130,0.143117646683438,0.143890963252824,6232.92512146371,130.783080884082
2025-07-16,0.036,6135,0.142111499033843,0.143126053906942,6232.92512146371,126.833380945867
2025-07-16,0.036,6140,0.141261090492115,0.142010357111203,6232.92512146371,122.883681027085
2025-07-16,0.036,6145,0.140309863080264,0.14129379592159,6232.92512146371,119.034009706814
2025-07-16,0.036,6150,0.139501645342914,0.140229010601988,6232.92512146371,115.18433837148
2025-07-16,0.036,6155,0.138587886347911,0.139544129659422,6232.92512146371,111.434695612753
2025-07-16,0.036,6160,0.13756962932206,0.138513403533969,6232.92512146371,107.635038578129
2025-07-16,0.036,6165,0.13668063870541,0.137612501883667,6232.92512146371,103.935410117138
2025-07-16,0.036,6170,0.135912770227566,0.136833356399117,6232.92512146371,100.33581025135
2025-07-16,0.036,6175,0.135030939153209,0.135941147044338,6232.92512146371,96.7362103596258
2025-07-16,0.036,6180,0.134260940420495,0.134936385901226,6232.92512146371,93.1866247443959
2025-07-16,0.036,6185,0.133373192682925,0.134042006128291,6232.92512146371,89.6870534232094
2025-07-16,0.036,6190,0.132367877839439,0.133251563555392,6232.92512146371,86.2374964033829
2025-07-16,0.036,6195,0.131682933013966,0.132340203734653,6232.92512146371,82.8879679868544
2025-07-16,0.036,6200,0.130872674661543,0.131525062923633,6232.92512146371,79.5884538482539
2025-07-16,0.036,6205,0.12993685918311,0.13080102088544,6232.92512146371,76.3389540060298
2025-07-16,0.036,6210,0.129089468854119,0.129948771526435,6232.92512146371,73.139468407097
2025-07-16,0.036,6215,0.128325968715708,0.12939505252555,6232.92512146371,70.0900257257331
2025-07-16,0.036,6220,0.127429387674556,0.128281513342282,6232.92512146371,66.9405544321692
2025-07-16,0.036,6225,0.126610572068384,0.127460425017989,6232.92512146371,63.9411260425918
2025-07-16,0.036,6230,0.125866108308917,0.126714599344776,6232.92512146371,61.0417262073356
2025-07-16,0.036,6235,0.125138649335509,0.125986719529979,6232.92512146371,58.2166333459966
2025-07-16,0.036,6240,0.124319775085118,0.125380549460326,6232.92512146371,55.4658473902455
2025-07-16,0.036,6245,0.123567700237429,0.124630417584359,6232.92512146371,52.7650757355182
2025-07-16,0.036,6250,0.122880615989379,0.123733393291869,6232.92512146371,50.1143183839145
2025-07-16,0.036,6255,0.122257314386486,0.123113763428225,6232.92512146371,47.6136038896618
2025-07-16,0.036,6260,0.121481867853268,0.122343146093595,6232.92512146371,45.1128893986345
2025-07-16,0.036,6265,0.120766668431882,0.121633956758718,6232.92512146371,42.7122034993949
2025-07-16,0.036,6270,0.120111542663499,0.120986064456357,6232.92512146371,40.4115461597385
2025-07-16,0.036,6275,0.119516988514658,0.120400009499124,6232.92512146371,38.2109173878432
2025-07-16,0.036,6280,0.11876089661077,0.119877043351728,6232.92512146371,36.0603029324823
2025-07-16,0.036,6290,0.117654060330694,0.11857113527062,6232.92512146371,32.0091454574651
2025-07-16,0.036,6300,0.11633846649481,0.117286407502126,6232.92512146371,28.2080594573423
2025-07-16,0.036,6310,0.115287684046674,0.11627340400871,6232.92512146371,24.8070877387421
2025-07-16,0.036,6320,0.114029281711462,0.115061875575235,6232.92512146371,21.6061731775868
2025-07-16,0.036,6325,0.11364847176874,0.114442913498981,6232.92512146371,20.1557587819664
2025-07-16,0.036,6330,0.113090898111029,0.113907475050563,6232.92512146371,18.7553586557027
2025-07-16,0.036,6340,0.111972580806396,0.113128444089586,6232.92512146371,16.2046298801959
2025-07-16,0.036,6350,0.111286924246749,0.112213205601363,6232.92512146371,13.9539868498686
2025-07-16,0.036,6360,0.110168573472711,0.111167998574027,6232.92512146371,11.8533866829021
2025-07-16,0.036,6375,0.108906143458402,0.110039321178866,6232.92512146371,9.25264360968714
2025-07-16,0.036,6400,0.10700281988536,0.108453122110185,6232.92512146371,5.95170049218865
2025-07-16,0.036,6425,0.105658162091267,0.106953886451061,6232.92512146371,3.70105743850567
2025-07-16,0.036,6450,0.104468439411724,0.105831236750225,6232.92512146371,2.22563589241992
2025-07-16,0.036,6475,0.103625044456577,0.104953302096689,6232.92512146371,1.30037153310481
2025-07-16,0.036,6500,0.102874929460832,0.10581593075475,6232.92512146371,0.775221491278948
2025-07-16,0.036,6525,0.104503575593119,0.108549359164279,6232.92512146371,0.525150042193587
2025-07-16,0.036,6550,0.106642199124307,0.112050803462552,6232.92512146371,0.375107174572936
2025-07-16,0.036,6575,0.108753359116923,0.115899662222252,6232.92512146371,0.275078595028331
2025-07-16,0.036,6600,0.11216414061775,0.120912060400425,6232.92512146371,0.225064303399632
2025-07-16,0.036,6625,0.118775282634165,0.125356258239274,6232.92512146371,0.200057159786772
2025-07-16,0.036,6700,0.125089388774155,0.142323554344681,6232.92512146371,0.125035724162969
2025-07-16,0.036,6800,0.148325296930416,0.163488838614424,6232.92512146371,0.100028579506996
2025-07-16,0.036,7000,NA,0.204329937430616,6232.92512146371,NA
2025-07-16,0.036,7200,NA,0.248971488351539,6232.92512146371,NA
2025-07-16,0.036,7400,NA,0.291702141282025,6232.92512146371,NA
2025-07-16,0.036,7600,NA,0.332753852150101,6232.92512146371,NA
2025-07-16,0.036,7800,NA,0.372300290060464,6232.92512146371,NA
2025-07-16,0.036,8000,NA,0.410478721046673,6232.92512146371,NA
2025-07-17,0.04,2400,NA,1.41078064932521,6233.6272545091,NA
2025-07-17,0.04,2600,NA,1.29672638374877,6233.6272545091,NA
2025-07-17,0.04,2800,NA,1.19111119436353,6233.6272545091,NA
2025-07-17,0.04,3000,NA,1.09272155272077,6233.6272545091,NA
2025-07-17,0.04,3200,NA,1.00058013138455,6233.6272545091,NA
2025-07-17,0.04,3400,NA,0.913887184888065,6233.6272545091,NA
2025-07-17,0.04,3600,0.792044537248551,0.857950260706746,6233.6272545091,2633.72745490996
2025-07-17,0.04,3800,0.717774135429917,0.778068382225134,6233.6272545091,2433.72745490992
2025-07-17,0.04,4000,0.680362110308552,0.718550536714293,6233.6272545091,2233.77755511033
2025-07-17,0.04,4200,0.609765244319757,0.64440665681365,6233.6272545091,2033.7775551103
2025-07-17,0.04,4400,0.559847158605222,0.593935681848435,6233.6272545091,1833.85270541111
2025-07-17,0.04,4600,0.51500219897597,0.537661023721775,6233.6272545091,1633.95290581207
2025-07-17,0.04,4800,0.468120491591257,0.483116386626206,6233.6272545091,1434.10320641288
2025-07-17,0.04,4900,0.443937934201194,0.448268516797746,6233.6272545091,1334.15330661288
2025-07-17,0.04,5000,0.417728073394172,0.421288160746662,6233.6272545091,1234.2535070144
2025-07-17,0.04,5100,0.393045086262309,0.398591362923588,6233.6272545091,1134.4288577155
2025-07-17,0.04,5150,0.378543534194058,0.383659568202104,6233.6272545091,1084.47895791643
2025-07-17,0.04,5175,0.369914462231358,0.377295469830463,6233.6272545091,1059.50400801599
2025-07-17,0.04,5200,0.363823766261658,0.370781329425767,6233.6272545091,1034.55410821777
2025-07-17,0.04,5225,0.357557633275082,0.364128891111202,6233.6272545091,1009.60420841807
2025-07-17,0.04,5250,0.351131295343376,0.355346123857129,6233.6272545091,984.629258516644
2025-07-17,0.04,5275,0.344557735248748,0.348547940690077,6233.6272545091,959.679358716039
2025-07-17,0.04,5300,0.337848083023561,0.341630825592979,6233.6272545091,934.729458918094
2025-07-17,0.04,5325,0.331011924014376,0.336320033262612,6233.6272545091,909.804609219766
2025-07-17,0.04,5350,0.324057541607897,0.329104154249155,6233.6272545091,884.854709418723
2025-07-17,0.04,5375,0.316992108297623,0.321794145735487,6233.6272545091,859.904809619421
2025-07-17,0.04,5400,0.30982183862447,0.314394424664437,6233.6272545091,834.954909818761
2025-07-17,0.04,5425,0.304040684156105,0.308292754222349,6233.6272545091,810.055110222252
2025-07-17,0.04,5450,0.297988843691814,0.300662354590391,6233.6272545091,785.130260521567
2025-07-17,0.04,5475,0.290402372653951,0.294191818854157,6233.6272545091,760.20541081932
2025-07-17,0.04,5500,0.283967276652064,0.287515468541451,6233.6272545091,735.305611222993
2025-07-17,0.04,5525,0.277319240291856,0.280648499780787,6233.6272545091,710.405811622568
2025-07-17,0.04,5550,0.271535757808093,0.27461161359218,6233.6272545091,685.556112224574
2025-07-17,0.04,5575,0.264443882212657,0.267342114263567,6233.6272545091,660.65631262687
2025-07-17,0.04,5600,0.258109615703791,0.26080291691604,6233.6272545091,635.806613230189
2025-07-17,0.04,5625,0.251498902823356,0.254008735816713,6233.6272545091,610.956913824238
2025-07-17,0.04,5650,0.245425172349544,0.247740085930879,6233.6272545091,586.157314630042
2025-07-17,0.04,5675,0.239003029589479,0.241146215728167,6233.6272545091,561.357715431178
2025-07-17,0.04,5700,0.23293399181729,0.235547106155865,6233.6272545091,536.633266533119
2025-07-17,0.04,5725,0.225854963525733,0.228290334368868,6233.6272545091,511.833667333704
2025-07-17,0.04,5730,0.225136337128311,0.227511864529742,6233.6272545091,506.933867737252
2025-07-17,0.04,5740,0.222422192916843,0.224725861651205,6233.6272545091,497.034068136491
2025-07-17,0.04,5750,0.219653703850359,0.222978710105508,6233.6272545091,487.184368740599
2025-07-17,0.04,5760,0.217925966742364,0.220060552553634,6233.6272545091,477.334669337093
2025-07-17,0.04,5770,0.215021367791985,0.218108686992812,6233.6272545091,467.484969936757
2025-07-17,0.04,5775,0.214067585354858,0.216096415995321,6233.6272545091,462.535070141896
2025-07-17,0.04,5780,0.213083087317144,0.215068879649686,6233.6272545091,457.635270541999
2025-07-17,0.04,5790,0.210053491198452,0.212930441218859,6233.6272545091,447.785571141356
2025-07-17,0.04,5800,0.207923795267257,0.210685953231982,6233.6272545091,437.985971940693
2025-07-17,0.04,5810,0.205685501012058,0.208340857668791,6233.6272545091,428.186372743589
2025-07-17,0.04,5820,0.203344295757884,0.205899918389775,6233.6272545091,418.38677354873
2025-07-17,0.04,5825,0.202136677715069,0.204644833600197,6233.6272545091,413.486973944594
2025-07-17,0.04,5830,0.201735053294881,0.203367313249796,6233.6272545091,408.637274549757
2025-07-17,0.04,5840,0.199172251330093,0.200746710204607,6233.6272545091,398.837675344882
2025-07-17,0.04,5850,0.19728515503428,0.198790151214567,6233.6272545091,389.138276545741
2025-07-17,0.04,5860,0.194523308480541,0.196695199727209,6233.6272545091,379.388777552072
2025-07-17,0.04,5870,0.192387165323304,0.194469722362385,6233.6272545091,369.689378765547
2025-07-17,0.04,5875,0.191613449449364,0.193645344577655,6233.6272545091,364.889779553895
2025-07-17,0.04,5880,0.190792731034756,0.192120466988707,6233.6272545091,360.040080159518
2025-07-17,0.04,5890,0.188376336907713,0.190284528387437,6233.6272545091,350.390781571162
2025-07-17,0.04,5900,0.186460533175615,0.188285177598919,6233.6272545091,340.791583170888
2025-07-17,0.04,5910,0.184384101037653,0.186132078550058,6233.6272545091,331.192384770707
2025-07-17,0.04,5920,0.182718647436506,0.183833402141254,6233.6272545091,321.643286574797
2025-07-17,0.04,5925,0.18153900341345,0.183173301364093,6233.6272545091,316.893787585559
2025-07-17,0.04,5930,0.180324682467443,0.181927287365353,6233.6272545091,312.094188383118
2025-07-17,0.04,5940,0.178825934734036,0.179846214912662,6233.6272545091,302.645290577266
2025-07-17,0.04,5950,0.176620879963602,0.178085600517073,6233.6272545091,293.196392780693
2025-07-17,0.04,5960,0.17472640206327,0.176127798647953,6233.6272545091,283.797595189001
2025-07-17,0.04,5970,0.173090165069923,0.173984012097242,6233.6272545091,274.448897789087
2025-07-17,0.04,5975,0.171969502578632,0.172845333461783,6233.6272545091,269.749499009209
2025-07-17,0.04,5980,0.171235025362028,0.172090404983518,6233.6272545091,265.150300597616
2025-07-17,0.04,5990,0.169173867496366,0.169994142659636,6233.6272545091,255.851703407436
2025-07-17,0.04,6000,0.167311829162019,0.168097468147701,6233.6272545091,246.653306629943
2025-07-17,0.04,6010,0.165609399871874,0.166361374311347,6233.6272545091,237.55511022334
2025-07-17,0.04,6020,0.163669474303016,0.164390906891771,6233.6272545091,228.45691383692
2025-07-17,0.04,6025,0.162791438659189,0.163497783094639,6233.6272545091,223.957915848403
2025-07-17,0.04,6030,0.161851295150128,0.162543273789346,6233.6272545091,219.458917843194
2025-07-17,0.04,6035,0.16085063444569,0.16152891071049,6233.6272545091,214.959919837655
2025-07-17,0.04,6040,0.159790867499573,0.160787646771663,6233.6272545091,210.511022042494
2025-07-17,0.04,6045,0.158999883304389,0.159651298625427,6233.6272545091,206.062124236824
2025-07-17,0.04,6050,0.157819470067094,0.158777851928067,6233.6272545091,201.613226438644
2025-07-17,0.04,6055,0.156897787699769,0.157837461764044,6233.6272545091,197.214428858432
2025-07-17,0.04,6060,0.155909809571528,0.156831664670087,6233.6272545091,192.815631257522
2025-07-17,0.04,6065,0.155159023586971,0.156062514896107,6233.6272545091,188.517034079475
2025-07-17,0.04,6070,0.154037056079922,0.154924401602555,6233.6272545091,184.118236472809
2025-07-17,0.04,6075,0.153143738305759,0.154014466996394,6233.6272545091,179.819639265614
2025-07-17,0.04,6080,0.1521786285123,0.153033559207205,6233.6272545091,175.521042087885
2025-07-17,0.04,6085,0.151423421655896,0.152262329527982,6233.6272545091,171.322645288966
2025-07-17,0.04,6090,0.150313922520853,0.151138559620712,6233.6272545091,167.024048108195
2025-07-17,0.04,6095,0.14940705400323,0.150217234502906,6233.6272545091,162.825651320667
2025-07-17,0.04,6100,0.148424007955618,0.149485446916795,6233.6272545091,158.677354707389
2025-07-17,0.04,6105,0.147627386202956,0.148410099526081,6233.6272545091,154.529058135373
2025-07-17,0.04,6110,0.14674829961981,0.147518018228156,6233.6272545091,150.430861726134
2025-07-17,0.04,6115,0.145788183170542,0.146797689838729,6233.6272545091,146.382765528776
2025-07-17,0.04,6120,0.144748203918752,0.145742181510603,6233.6272545091,142.284569143004
2025-07-17,0.04,6125,0.143874316007322,0.14485293230642,6233.6272545091,138.286573149292
2025-07-17,0.04,6130,0.14315619427032,0.14387906618901,6233.6272545091,134.33867737039
2025-07-17,0.04,6135,0.142108917524082,0.143058809506673,6233.6272545091,130.390781566074
2025-07-17,0.04,6140,0.141212486804214,0.142149007468459,6233.6272545091,126.49298595265
2025-07-17,0.04,6145,0.140226681858994,0.141381355377595,6233.6272545091,122.645290574337
2025-07-17,0.04,6150,0.139380358912985,0.140292093300021,6233.6272545091,118.797595193919
2025-07-17,0.04,6155,0.138440083272534,0.13956528028613,6233.6272545091,115.050100210671
2025-07-17,0.04,6160,0.137628990222254,0.138518334887002,6233.6272545091,111.302605216366
2025-07-17,0.04,6165,0.136719787286391,0.137598925965393,6233.6272545091,107.605210425157
2025-07-17,0.04,6170,0.135930450076973,0.136799902419122,6233.6272545091,104.008016031144
2025-07-17,0.04,6175,0.135039149925857,0.135899656769158,6233.6272545091,100.410821629947
2025-07-17,0.04,6180,0.134259281211121,0.135111409207153,6233.6272545091,96.9138276330402
2025-07-17,0.04,6185,0.133373776069206,0.134218251504058,6233.6272545091,93.4168336637454
2025-07-17,0.04,6190,0.132592039179593,0.133429468140534,6233.6272545091,90.0200400895728
2025-07-17,0.04,6195,0.131701042726948,0.132532142186841,6233.6272545091,86.6232464915272
2025-07-17,0.04,6200,0.130906803559366,0.131732216276307,6233.6272545091,83.3266532944499
2025-07-17,0.04,6205,0.129999596418676,0.131025124891049,6233.6272545091,80.0801603017444
2025-07-17,0.04,6210,0.129182663975854,0.13020283763446,6233.6272545091,76.8837675705022
2025-07-17,0.04,6215,0.128451978260763,0.129467684481395,6233.6272545091,73.7875751429908
2025-07-17,0.04,6220,0.127601614247895,0.128613784935203,6233.6272545091,70.6913827473159
2025-07-17,0.04,6225,0.126832117847295,0.12784168839839,6233.6272545091,67.6953907903692
2025-07-17,0.04,6230,0.126140515084048,0.127148454656484,6233.6272545091,64.7995992031215
2025-07-17,0.04,6235,0.125262470563552,0.126471238789746,6233.6272545091,61.9238476766407
2025-07-17,0.04,6240,0.124699635951929,0.125707338473666,6233.6272545091,59.1683366709569
2025-07-17,0.04,6245,0.123805029896712,0.12481419808735,6233.6272545091,56.3627254393903
2025-07-17,0.04,6250,0.123181783882134,0.124193511900181,6233.6272545091,53.7575149978647
2025-07-17,0.04,6255,0.12242431813193,0.123439763582241,6233.6272545091,51.1523046009131
2025-07-17,0.04,6260,0.121733407894328,0.122753758213186,6233.6272545091,48.6472945758908
2025-07-17,0.04,6265,0.121108562042191,0.122135041191185,6233.6272545091,46.2424849811164
2025-07-17,0.04,6270,0.120549885203787,0.121377018248146,6233.6272545091,43.8877755782485
2025-07-17,0.04,6275,0.119849516657844,0.120892192670564,6233.6272545091,41.6332665169862
2025-07-17,0.04,6280,0.119213353344676,0.120266235052103,6233.6272545091,39.428857727589
2025-07-17,0.04,6290,0.117923607348216,0.119001529845848,6233.6272545091,35.220440899481
2025-07-17,0.04,6300,0.116902542093763,0.117790111570372,6233.6272545091,31.3627254619731
2025-07-17,0.04,6310,0.115718472542247,0.116637388736007,6233.6272545091,27.7555110233637
2025-07-17,0.04,6320,0.114597800010134,0.115554811371731,6233.6272545091,24.4488977693799
2025-07-17,0.04,6325,0.114158503737322,0.115137033889082,6233.6272545091,22.9458917879829
2025-07-17,0.04,6330,0.113809834609765,0.114561470862729,6233.6272545091,21.4929859542597
2025-07-17,0.04,6340,0.112629548847247,0.113686326393418,6233.6272545091,18.7374749360125
2025-07-17,0.04,6350,0.11185112892119,0.112691876882957,6233.6272545091,16.2825651228661
2025-07-17,0.04,6360,0.110981673959696,0.111879287459234,6233.6272545091,14.078156308641
2025-07-17,0.04,6375,0.109958193087316,0.11095872922736,6233.6272545091,11.2725450985383
2025-07-17,0.04,6400,0.108254149989772,0.109082977168102,6233.6272545091,7.5150300610461
2025-07-17,0.04,6425,0.106373336628878,0.10798355596195,6233.6272545091,4.85971943272313
2025-07-17,0.04,6450,0.105279885200429,0.106369544981846,6233.6272545091,3.03106212769762
2025-07-17,0.04,6475,0.104407606003227,0.105425605460179,6233.6272545091,1.85370741761797
2025-07-17,0.04,6500,0.103439674593404,0.10563245205848,6233.6272545091,1.12725450894102
2025-07-17,0.04,6525,0.103915341923138,0.106998253639881,6233.6272545091,0.726452904739944
2025-07-17,0.04,6550,0.106112219681367,0.110158964552047,6233.6272545091,0.526052104441582
2025-07-17,0.04,6575,0.107794683743819,0.11319008309211,6233.6272545091,0.37575150355552
2025-07-17,0.04,6600,0.109490663479616,0.116601630314716,6233.6272545091,0.275551102709771
2025-07-17,0.04,6625,0.112512062358941,0.121194603442399,6233.6272545091,0.225450901483859
2025-07-17,0.04,6700,0.126009526892236,0.138052877326512,6233.6272545091,0.175350701261436
2025-07-17,0.04,6800,0.140565782374693,0.159369583441911,6233.6272545091,0.12525050083204
2025-07-17,0.04,7000,NA,0.20082267935117,6233.6272545091,NA
2025-07-17,0.04,7200,NA,0.236058938778438,6233.6272545091,NA
2025-07-17,0.04,7400,NA,0.276603713888935,6233.6272545091,NA
2025-07-17,0.04,7600,NA,0.315555011790349,6233.6272545091,NA
2025-07-17,0.04,7800,NA,0.353077753266979,6233.6272545091,NA
2025-07-17,0.04,8000,NA,0.38930226687232,6233.6272545091,NA
2025-07-18,0.044,200,NA,4.64106994067963,6235.63847548526,NA
2025-07-18,0.044,400,NA,3.66700915764307,6235.63847548526,NA
2025-07-18,0.044,600,NA,3.11328933966772,6235.63847548526,NA
2025-07-18,0.044,800,NA,2.72654010914264,6235.63847548526,NA
2025-07-18,0.044,1000,NA,2.42961612370276,6235.63847548526,NA
2025-07-18,0.044,1200,NA,2.18875799226761,6235.63847548526,NA
2025-07-18,0.044,1400,NA,1.98618663824901,6235.63847548526,NA
2025-07-18,0.044,1600,NA,1.81139476219872,6235.63847548526,NA
2025-07-18,0.044,1800,NA,1.70282851061641,6235.63847548526,NA
2025-07-18,0.044,2000,NA,1.56199678561532,6235.63847548526,NA
2025-07-18,0.044,2200,NA,1.43478627638085,6235.63847548526,NA
2025-07-18,0.044,2300,NA,1.37549926062532,6235.63847548526,NA
2025-07-18,0.044,2400,NA,1.31875228501981,6235.63847548526,NA
2025-07-18,0.044,2500,NA,1.26433075217942,6235.63847548526,NA
2025-07-18,0.044,2600,NA,1.17934828392843,6235.63847548526,NA
2025-07-18,0.044,2700,NA,1.13030553171259,6235.63847548526,NA
2025-07-18,0.044,2800,NA,1.08303655537206,6235.63847548526,NA
2025-07-18,0.044,2900,NA,1.06642372340341,6235.63847548526,NA
2025-07-18,0.044,3000,NA,1.02118138487524,6235.63847548526,NA
2025-07-18,0.044,3100,0.909128177026974,0.99764392290943,6235.63847548526,3135.70108281211
2025-07-18,0.044,3200,0.86946151221163,0.954412892478519,6235.63847548526,3035.7010828121
2025-07-18,0.044,3300,0.830987635145734,0.912478591362668,6235.63847548526,2935.70108281206
2025-07-18,0.044,3350,0.812174241310478,0.891971670080369,6235.63847548526,2885.70108281206
2025-07-18,0.044,3400,0.793631378202213,0.871758591547738,6235.63847548526,2835.70108281212
2025-07-18,0.044,3450,0.775350648929294,0.866102435411839,6235.63847548526,2785.71360427738
2025-07-18,0.044,3500,0.757324011084733,0.832177507418966,6235.63847548526,2735.70108281213
2025-07-18,0.044,3550,0.773863289670264,0.812792219386224,6235.63847548526,2685.71360427743
2025-07-18,0.044,3600,NA,0.807050281019726,6235.63847548526,NA
2025-07-18,0.044,3650,NA,0.799030419603847,6235.63847548526,NA
2025-07-18,0.044,3700,0.687608783648457,0.779872673612205,6235.63847548526,2535.72612574273
2025-07-18,0.044,3750,0.670742967943239,0.760957838521412,6235.63847548526,2485.72612574279
2025-07-18,0.044,3800,0.684765237403937,0.742278761337538,6235.63847548526,2435.73864720808
2025-07-18,0.044,3850,0.637641827072857,0.723828549545936,6235.63847548526,2385.72612574292
2025-07-18,0.044,3875,0.629493520557871,0.72350849399481,6235.63847548526,2360.73864720828
2025-07-18,0.044,3900,0.683937487503891,0.705600554813093,6235.63847548526,2335.76369013901
2025-07-18,0.044,3925,0.642276025194305,0.705188658050427,6235.63847548526,2310.75116867366
2025-07-18,0.044,3950,0.633930505885456,0.703718810857221,6235.63847548526,2285.76369013895
2025-07-18,0.044,3975,0.643896724525686,0.69460464003197,6235.63847548526,2260.77621160421
2025-07-18,0.044,4000,0.635431124558604,0.68554306230218,6235.63847548526,2235.77621160434
2025-07-18,0.044,4025,0.640534298311567,0.676533316311645,6235.63847548526,2210.78873306954
2025-07-18,0.044,4050,0.618645697271085,0.667574653509847,6235.63847548526,2185.77621160435
2025-07-18,0.044,4075,0.610324493921544,0.658666336405721,6235.63847548526,2160.77621160415
2025-07-18,0.044,4100,0.602050064793122,0.649807639731813,6235.63847548526,2135.77621160431
2025-07-18,0.044,4125,0.593821748646789,0.640997848552527,6235.63847548526,2110.77621160439
2025-07-18,0.044,4150,0.598355328132468,0.644252719087369,6235.63847548526,2085.81377600047
2025-07-18,0.044,4175,0.600310303146535,0.635392057904905,6235.63847548526,2060.82629746568
2025-07-18,0.044,4200,0.591930732501571,0.626578882532214,6235.63847548526,2035.82629746582
2025-07-18,0.044,4225,0.583596022791912,0.617812505245782,6235.63847548526,2010.82629746566
2025-07-18,0.044,4250,0.575305534897439,0.609092248217397,6235.63847548526,1985.82629746572
2025-07-18,0.044,4275,0.567058638138147,0.600417442495518,6235.63847548526,1960.82629746572
2025-07-18,0.044,4300,0.567048614342381,0.596720551860372,6235.63847548526,1935.85134039668
2025-07-18,0.044,4325,0.565866558048337,0.592611060877457,6235.63847548526,1910.87638332727
2025-07-18,0.044,4350,0.557548605596658,0.583947717699203,6235.63847548526,1885.87638332724
2025-07-18,0.044,4375,0.549272609518004,0.575327715508707,6235.63847548526,1860.87638332729
2025-07-18,0.044,4390,0.537480414226631,0.570176251370578,6235.63847548526,1845.86386186177
2025-07-18,0.044,4400,0.541037960960241,0.566750414458256,6235.63847548526,1835.87638332712
2025-07-18,0.044,4410,0.537755543795391,0.563331308388803,6235.63847548526,1825.87638332694
2025-07-18,0.044,4420,0.534479607762546,0.56778816493871,6235.63847548526,1815.90142625799
2025-07-18,0.044,4425,0.544293172446457,0.566063570025769,6235.63847548526,1810.92646918895
2025-07-18,0.044,4430,0.542628369897998,0.564340648292042,6235.63847548526,1805.92646918852
2025-07-18,0.044,4440,0.539303634308473,0.560899804717141,6235.63847548526,1795.92646918879
2025-07-18,0.044,4450,0.535985358896194,0.557465593759682,6235.63847548526,1785.92646918862
2025-07-18,0.044,4460,0.532673505389625,0.554037975401897,6235.63847548526,1775.92646918888
2025-07-18,0.044,4470,0.52936803522619,0.550616909626021,6235.63847548526,1765.92646918881
2025-07-18,0.044,4475,0.527717682001957,0.548908821532601,6235.63847548526,1760.92646918883
2025-07-18,0.044,4480,0.526068910279871,0.547202356559805,6235.63847548526,1755.92646918833
2025-07-18,0.044,4490,0.522776092861207,0.54379427662204,6235.63847548526,1745.92646918858
2025-07-18,0.044,4500,0.519489544698662,0.540392630231517,6235.63847548526,1735.9264691884
2025-07-18,0.044,4510,0.516209228393814,0.540441812503567,6235.63847548526,1725.93899065419
2025-07-18,0.044,4520,0.517675775212646,0.540290127268245,6235.63847548526,1715.96403358482
2025-07-18,0.044,4525,0.520403223658131,0.53857967972729,6235.63847548526,1710.97655505041
2025-07-18,0.044,4530,0.518744621098674,0.536870818636133,6235.63847548526,1705.97655505005
2025-07-18,0.044,4540,0.515432053675144,0.533457836303647,6235.63847548526,1695.97655505004
2025-07-18,0.044,4550,0.512125637637219,0.530051141126135,6235.63847548526,1685.97655504993
2025-07-18,0.044,4560,0.508825335586477,0.526650693667908,6235.63847548526,1675.97655505043
2025-07-18,0.044,4570,0.505531109542419,0.523256454638793,6235.63847548526,1665.97655505022
2025-07-18,0.044,4575,0.503886263344985,0.521561651134304,6235.63847548526,1660.97655505031
2025-07-18,0.044,4580,0.502242921961105,0.519868385185178,6235.63847548526,1655.97655505027
2025-07-18,0.044,4590,0.498960735589631,0.522329766558149,6235.63847548526,1646.00159798119
2025-07-18,0.044,4600,0.499594653833317,0.518920961935005,6235.63847548526,1636.01411944677
2025-07-18,0.044,4610,0.499949035460717,0.515518251362921,6235.63847548526,1626.02664091177
2025-07-18,0.044,4620,0.496641269878174,0.512121595842764,6235.63847548526,1616.02664091155
2025-07-18,0.044,4625,0.494989604507745,0.510425526467169,6235.63847548526,1611.02664091188
2025-07-18,0.044,4630,0.493339410918022,0.508730956229881,6235.63847548526,1606.02664091192
2025-07-18,0.044,4640,0.490043420745281,0.505346293379621,6235.63847548526,1596.02664091132
2025-07-18,0.044,4650,0.486753261816011,0.504614965197473,6235.63847548526,1586.03916237661
2025-07-18,0.044,4660,0.483468896877307,0.501226844084558,6235.63847548526,1576.03916237664
2025-07-18,0.044,4670,0.48019028838523,0.500360079190113,6235.63847548526,1566.05168384241
2025-07-18,0.044,4675,0.481864333582646,0.498663826751425,6235.63847548526,1561.06420530768
2025-07-18,0.044,4680,0.480218817997112,0.496969033433276,6235.63847548526,1556.06420530789
2025-07-18,0.044,4690,0.480040478018666,0.493583804804552,6235.63847548526,1546.07672677334
2025-07-18,0.044,4700,0.476740935141342,0.490204354013769,6235.63847548526,1536.07672677304
2025-07-18,0.044,4710,0.473447042772701,0.489197469164148,6235.63847548526,1526.08924823888
2025-07-18,0.044,4720,0.470158763368801,0.485815440501583,6235.63847548526,1516.08924823902
2025-07-18,0.044,4725,0.468516716668819,0.484126557152766,6235.63847548526,1511.08924823845
2025-07-18,0.044,4730,0.469761413282673,0.484696296357126,6235.63847548526,1506.11429116908
2025-07-18,0.044,4740,0.466466819220679,0.481312105279957,6235.63847548526,1496.1142911693
2025-07-18,0.044,4750,0.465896949922197,0.477933526148896,6235.63847548526,1486.12681263414
2025-07-18,0.044,4760,0.46259680153968,0.47456051996481,6235.63847548526,1476.12681263423
2025-07-18,0.044,4770,0.459302113472314,0.473323240753186,6235.63847548526,1466.13933409992
2025-07-18,0.044,4775,0.457656805106052,0.471635089074667,6235.63847548526,1461.13933409953
2025-07-18,0.044,4780,0.4560128477396,0.469948309350715,6235.63847548526,1456.13933410022
2025-07-18,0.044,4790,0.455267303936985,0.468616413295239,6235.63847548526,1446.16437703036
2025-07-18,0.044,4800,0.451973027252263,0.465239880600016,6235.63847548526,1436.1643770307
2025-07-18,0.044,4810,0.451088733993848,0.461868748557093,6235.63847548526,1426.17689849561
2025-07-18,0.044,4820,0.447790025668862,0.460442443459113,6235.63847548526,1416.18941996124
2025-07-18,0.044,4825,0.446142646856102,0.458755521853988,6235.63847548526,1411.18941996115
2025-07-18,0.044,4830,0.446779629151059,0.457069928402166,6235.63847548526,1406.20194142615
2025-07-18,0.044,4840,0.443476998211804,0.455562413430873,6235.63847548526,1396.2144628923
2025-07-18,0.044,4850,0.442351422993931,0.450340736592807,6235.63847548526,1386.21446289183
2025-07-18,0.044,4860,0.439045317784916,0.44882034434069,6235.63847548526,1376.22698435824
2025-07-18,0.044,4870,0.435744343726729,0.44723096757028,6235.63847548526,1366.2395058234
2025-07-18,0.044,4875,0.4361588420808,0.4455456244114,6235.63847548526,1361.25202728835
2025-07-18,0.044,4880,0.434504885365799,0.443861564149366,6235.63847548526,1356.25202728828
2025-07-18,0.044,4890,0.43120076503802,0.442201641876717,6235.63847548526,1346.26454875413
2025-07-18,0.044,4900,0.427901669050012,0.437138050351809,6235.63847548526,1336.2520272882
2025-07-18,0.044,4905,0.426253992941624,0.437148248334001,6235.63847548526,1331.26454875382
2025-07-18,0.044,4910,0.426557454652776,0.437105391051905,6235.63847548526,1326.28959168428
2025-07-18,0.044,4915,0.422962359757822,0.433785600203175,6235.63847548526,1321.26454875334
2025-07-18,0.044,4920,0.42513142545911,0.433734582207019,6235.63847548526,1316.30211314918
2025-07-18,0.044,4925,0.42347610552069,0.432051041884916,6235.63847548526,1311.3021131496
2025-07-18,0.044,4930,0.421822011581128,0.430368737456974,6235.63847548526,1306.3021131497
2025-07-18,0.044,4935,0.416393831569961,0.430260112211927,6235.63847548526,1301.28959168465
2025-07-18,0.044,4940,0.418517481762455,0.428575084975127,6235.63847548526,1296.31463461574
2025-07-18,0.044,4945,0.413116857112445,0.426891279662648,6235.63847548526,1291.28959168346
2025-07-18,0.044,4950,0.417001162445891,0.426728325715211,6235.63847548526,1286.339677546
2025-07-18,0.044,4955,0.413569756952169,0.42352731502005,6235.63847548526,1281.31463461565
2025-07-18,0.044,4960,0.415414519543796,0.423356695123672,6235.63847548526,1276.35219901136
2025-07-18,0.044,4965,0.41027726156739,0.4201681762291,6235.63847548526,1271.31463461463
2025-07-18,0.044,4970,0.412100888520781,0.419989875831864,6235.63847548526,1266.35219901158
2025-07-18,0.044,4975,0.41044585205367,0.418308257235687,6235.63847548526,1261.35219901052
2025-07-18,0.044,4980,0.408791994873769,0.418082800047482,6235.63847548526,1256.36472047666
2025-07-18,0.044,4985,0.40713931159687,0.417816284921498,6235.63847548526,1251.37724194197
2025-07-18,0.044,4990,0.40548779742084,0.416128510428622,6235.63847548526,1246.37724194138
2025-07-18,0.044,4995,0.405470571154631,0.414441909984266,6235.63847548526,1241.38976340688
2025-07-18,0.044,5000,0.406943348521488,0.412756478058703,6235.63847548526,1236.41480633822
2025-07-18,0.044,5005,0.403740807110364,0.411072209267724,6235.63847548526,1231.40228487226
2025-07-18,0.044,5010,0.402082868845837,0.40938909822712,6235.63847548526,1226.40228487207
2025-07-18,0.044,5015,0.400426076544635,0.407707139698203,6235.63847548526,1221.40228487261
2025-07-18,0.044,5020,0.398770424822548,0.406026328151244,6235.63847548526,1216.40228487166
2025-07-18,0.044,5025,0.397115908731925,0.405696187104232,6235.63847548526,1211.41480633824
2025-07-18,0.044,5030,0.395462522597521,0.405329668888494,6235.63847548526,1206.42732780346
2025-07-18,0.044,5035,0.396785811486178,0.403643026971179,6235.63847548526,1201.45237073405
2025-07-18,0.044,5040,0.39512423073175,0.401957512390738,6235.63847548526,1196.45237073384
2025-07-18,0.044,5045,0.393463766545779,0.40027311976296,6235.63847548526,1191.452370734
2025-07-18,0.044,5050,0.391804413544053,0.398589843558119,6235.63847548526,1186.45237073448
2025-07-18,0.044,5055,0.390146166342367,0.396907678100967,6235.63847548526,1181.45237073405
2025-07-18,0.044,5060,0.388489019556509,0.396489754226051,6235.63847548526,1176.46489219961
2025-07-18,0.044,5065,0.386832967802273,0.396039211214517,6235.63847548526,1171.47741366545
2025-07-18,0.044,5070,0.38517800554993,0.394351514283349,6235.63847548526,1166.47741366447
2025-07-18,0.044,5075,0.386279989202834,0.392664907581669,6235.63847548526,1161.50245659466
2025-07-18,0.044,5080,0.384617289551645,0.390979385434232,6235.63847548526,1156.5024565963
2025-07-18,0.044,5085,0.382955664704914,0.38929494202027,6235.63847548526,1151.50245659664
2025-07-18,0.044,5090,0.381295109132915,0.387611571664538,6235.63847548526,1146.50245659614
2025-07-18,0.044,5095,0.379635617305918,0.387113868515093,6235.63847548526,1141.51497806006
2025-07-18,0.044,5100,0.379284888936837,0.38658674619519,6235.63847548526,1136.54002099212
2025-07-18,0.044,5105,0.376319802622505,0.384898097132208,6235.63847548526,1131.52749952596
2025-07-18,0.044,5110,0.377231858024792,0.383210499445102,6235.63847548526,1126.55254245742
2025-07-18,0.044,5115,0.375567139586403,0.381523947167585,6235.63847548526,1121.55254245809
2025-07-18,0.044,5120,0.373903457971974,0.379838434333373,6235.63847548526,1116.55254245685
2025-07-18,0.044,5125,0.372240807360739,0.378153955412739,6235.63847548526,1111.55254245676
2025-07-18,0.044,5130,0.37057918222297,0.378676556016023,6235.63847548526,1106.5775853877
2025-07-18,0.044,5135,0.368918576592382,0.376985993376189,6235.63847548526,1101.57758538823
2025-07-18,0.044,5140,0.368475384044268,0.375296447333153,6235.63847548526,1096.59010685263
2025-07-18,0.044,5145,0.367999609612439,0.373607912066148,6235.63847548526,1091.60262831742
2025-07-18,0.044,5150,0.366333024599883,0.371920381463371,6235.63847548526,1086.60262831756
2025-07-18,0.044,5155,0.364667436539041,0.370233849558536,6235.63847548526,1081.60262831837
2025-07-18,0.044,5160,0.363002839609144,0.369599109859234,6235.63847548526,1076.61514978401
2025-07-18,0.044,5165,0.36133922755287,0.368940003705479,6235.63847548526,1071.62767124943
2025-07-18,0.044,5170,0.360818868963164,0.367248597636638,6235.63847548526,1066.64019271459
2025-07-18,0.044,5175,0.360269110993604,0.36555816610956,6235.63847548526,1061.65271418072
2025-07-18,0.044,5180,0.358599792403773,0.363868702721402,6235.63847548526,1056.65271417982
2025-07-18,0.044,5185,0.356931435113462,0.362180201214841,6235.63847548526,1051.65271417827
2025-07-18,0.044,5190,0.355264033010867,0.362464100931871,6235.63847548526,1046.67775711113
2025-07-18,0.044,5195,0.353597579838664,0.360769943823456,6235.63847548526,1041.67775711119
2025-07-18,0.044,5200,0.353006752726351,0.359076729824667,6235.63847548526,1036.69027857583
2025-07-18,0.044,5205,0.352389250207194,0.357384452387143,6235.63847548526,1031.70280004163
2025-07-18,0.044,5210,0.350717320858253,0.355693105108039,6235.63847548526,1026.702800043
2025-07-18,0.044,5215,0.349046315264889,0.354946971079742,6235.63847548526,1021.71532150803
2025-07-18,0.044,5220,0.347376227169781,0.354180185991988,6235.63847548526,1016.72784297289
2025-07-18,0.044,5225,0.346723800636154,0.352484278724729,6235.63847548526,1011.74036443773
2025-07-18,0.044,5230,0.345051502687199,0.350789274985886,6235.63847548526,1006.74036443722
2025-07-18,0.044,5235,0.34437162804003,0.349095168372617,6235.63847548526,1001.75288590425
2025-07-18,0.044,5240,0.342697167239915,0.348300417996253,6235.63847548526,996.765407367268
2025-07-18,0.044,5245,0.341023591050727,0.347486521665024,6235.63847548526,991.777928831957
2025-07-18,0.044,5250,0.340314315131954,0.345787983265972,6235.63847548526,986.790450298324
2025-07-18,0.044,5255,0.338638606068551,0.344090314052817,6235.63847548526,981.790450299491
2025-07-18,0.044,5260,0.337903969217437,0.342393507040639,6235.63847548526,976.802971764297
2025-07-18,0.044,5265,0.336226166715509,0.341553288040992,6235.63847548526,971.815493229756
2025-07-18,0.044,5270,0.334549214336469,0.340695256332952,6235.63847548526,966.828014694946
2025-07-18,0.044,5275,0.333787226578607,0.338994123181895,6235.63847548526,961.840536159997
2025-07-18,0.044,5280,0.332108202588915,0.337293823273506,6235.63847548526,956.840536159258
2025-07-18,0.044,5285,0.33132267914544,0.336413464561931,6235.63847548526,951.865579090833
2025-07-18,0.044,5290,0.329641616141386,0.335516439105288,6235.63847548526,946.878100558019
2025-07-18,0.044,5295,0.328833362169767,0.333811920451154,6235.63847548526,941.890622021724
2025-07-18,0.044,5300,0.327150289400701,0.332108204917221,6235.63847548526,936.890622020434
2025-07-18,0.044,5305,0.326320061891568,0.331190064777101,6235.63847548526,931.915664952498
2025-07-18,0.044,5310,0.324635005841976,0.330256283656417,6235.63847548526,926.928186416813
2025-07-18,0.044,5315,0.323783516820541,0.328548439307577,6235.63847548526,921.940707883492
2025-07-18,0.044,5320,0.322096501064525,0.326841366501283,6235.63847548526,916.940707882623
2025-07-18,0.044,5325,0.320410253504113,0.325887555251364,6235.63847548526,911.95322934895
2025-07-18,0.044,5330,0.319535466720879,0.324178820179792,6235.63847548526,906.965750815507
2025-07-18,0.044,5335,0.318643428787661,0.323207895877565,6235.63847548526,901.990793745856
2025-07-18,0.044,5340,0.316952552990612,0.32076358506531,6235.63847548526,896.978272278945
2025-07-18,0.044,5345,0.315262413083915,0.320509917243205,6235.63847548526,892.003315209007
2025-07-18,0.044,5350,0.315113558487143,0.318797879032396,6235.63847548526,887.028358140436
2025-07-18,0.044,5355,0.313418174361236,0.317086554884067,6235.63847548526,882.028358140079
2025-07-18,0.044,5360,0.311723500659831,0.316080367507744,6235.63847548526,877.040879606563
2025-07-18,0.044,5365,0.310775036802201,0.31506070316617,6235.63847548526,872.065922537383
2025-07-18,0.044,5370,0.309811359790314,0.313345376950116,6235.63847548526,867.078444003133
2025-07-18,0.044,5375,0.308112254448646,0.312310259493204,6235.63847548526,862.090965466994
2025-07-18,0.044,5380,0.306413824461362,0.311262349447615,6235.63847548526,857.103486934388
2025-07-18,0.044,5385,0.30613591605887,0.309543083300512,6235.63847548526,852.128529866411
2025-07-18,0.044,5390,0.304432466388429,0.308480414556979,6235.63847548526,847.141051329486
2025-07-18,0.044,5395,0.302729664132696,0.307405575755703,6235.63847548526,842.153572793474
2025-07-18,0.044,5400,0.302395268687748,0.30568241973614,6235.63847548526,837.178615725754
2025-07-18,0.044,5405,0.300687547739149,0.304593453207965,6235.63847548526,832.191137191827
2025-07-18,0.044,5410,0.298980445392466,0.30349288400122,6235.63847548526,827.203658656651
2025-07-18,0.044,5415,0.298592507485108,0.301765876962812,6235.63847548526,822.22870158743
2025-07-18,0.044,5420,0.296880574630165,0.300651753956704,6235.63847548526,817.241223050808
2025-07-18,0.044,5425,0.295811634884284,0.299526546756768,6235.63847548526,812.266265984623
2025-07-18,0.044,5430,0.294730423944848,0.297795716639191,6235.63847548526,807.278787448281
2025-07-18,0.044,5435,0.293014326186248,0.296657478199167,6235.63847548526,802.29130891321
2025-07-18,0.044,5440,0.2919187837931,0.295508629666712,6235.63847548526,797.316351844443
2025-07-18,0.044,5445,0.290811544279453,0.29434938495498,6235.63847548526,792.341394774401
2025-07-18,0.044,5450,0.289692865214207,0.293179949682533,6235.63847548526,787.366437704017
2025-07-18,0.044,5455,0.287970323722025,0.29200052131886,6235.63847548526,782.378959172114
2025-07-18,0.044,5460,0.286838156923111,0.290259452764767,6235.63847548526,777.391480639383
2025-07-18,0.044,5465,0.285695051304001,0.289068103908697,6235.63847548526,772.416523569137
2025-07-18,0.044,5470,0.2845412325649,0.287867146131963,6235.63847548526,767.441566496233
2025-07-18,0.044,5475,0.283376917238307,0.286656754203067,6235.63847548526,762.466609429772
2025-07-18,0.044,5480,0.281645763049577,0.285437095760074,6235.63847548526,757.47913089276
2025-07-18,0.044,5485,0.281017618132738,0.28420833247476,6235.63847548526,752.516695288642
2025-07-18,0.044,5490,0.279281992285978,0.282970619616062,6235.63847548526,747.529216753882
2025-07-18,0.044,5495,0.278085182969238,0.28121743848429,6235.63847548526,742.541738221006
2025-07-18,0.044,5500,0.276878670871981,0.280468938605616,6235.63847548526,737.57930261921
2025-07-18,0.044,5505,0.275662631344785,0.278711630405166,6235.63847548526,732.591824081433
2025-07-18,0.044,5510,0.274437233626426,0.277933184285662,6235.63847548526,727.629388478548
2025-07-18,0.044,5515,0.273707766779755,0.276171777101731,6235.63847548526,722.65443141038
2025-07-18,0.044,5520,0.271959005937752,0.275364407013443,6235.63847548526,717.679474339632
2025-07-18,0.044,5525,0.271198280704056,0.27359892311046,6235.63847548526,712.704517274328
2025-07-18,0.044,5530,0.269445213222742,0.272763581621759,6235.63847548526,707.72956020117
2025-07-18,0.044,5535,0.268654337730365,0.270994037879947,6235.63847548526,702.754603130138
2025-07-18,0.044,5540,0.26689698936663,0.270131613676295,6235.63847548526,697.779646061523
2025-07-18,0.044,5545,0.266076994182209,0.268358022028224,6235.63847548526,692.804688994371
2025-07-18,0.044,5550,0.264315384581137,0.26746934456879,6235.63847548526,687.829731925021
2025-07-18,0.044,5555,0.263467228530366,0.265691711562822,6235.63847548526,682.854774856166
2025-07-18,0.044,5560,0.262596254203403,0.264777555737091,6235.63847548526,677.904860717476
2025-07-18,0.044,5565,0.260825948086752,0.26384287123351,6235.63847548526,672.929903646771
2025-07-18,0.044,5570,0.259928502516316,0.262056973467288,6235.63847548526,667.954946579654
2025-07-18,0.044,5575,0.258583370184268,0.261098186480995,6235.63847548526,662.992510972647
2025-07-18,0.044,5580,0.257230858430487,0.259715500894432,6235.63847548526,658.017553906492
2025-07-18,0.044,5585,0.255871056458216,0.258326019854495,6235.63847548526,653.04259683662
2025-07-18,0.044,5590,0.2549150577644,0.257325037989287,6235.63847548526,648.092682697598
2025-07-18,0.044,5595,0.253535981780409,0.255917602505303,6235.63847548526,643.117725629241
2025-07-18,0.044,5600,0.252149944014653,0.253728967533936,6235.63847548526,638.117725626165
2025-07-18,0.044,5605,0.251150863502689,0.25346262965028,6235.63847548526,633.192854418449
2025-07-18,0.044,5610,0.249746468786912,0.252031500010326,6235.63847548526,628.217897350192
2025-07-18,0.044,5615,0.248335398816581,0.250962735469504,6235.63847548526,623.255461747533
2025-07-18,0.044,5620,0.247295473261358,0.249877359335372,6235.63847548526,618.305547608686
2025-07-18,0.044,5625,0.246237968264944,0.248061058252664,6235.63847548526,613.33059054178
2025-07-18,0.044,5630,0.245163326060043,0.246955463105438,6235.63847548526,608.380676404948
2025-07-18,0.044,5635,0.243713530678425,0.245834048280129,6235.63847548526,603.418240797728
2025-07-18,0.044,5640,0.24225753458021,0.244697167533796,6235.63847548526,598.455805189855
2025-07-18,0.044,5645,0.241145758070433,0.243880662917281,6235.63847548526,593.51841251807
2025-07-18,0.044,5650,0.240018060164686,0.242046460650535,6235.63847548526,588.543455451257
2025-07-18,0.044,5655,0.238874796366258,0.241197009624829,6235.63847548526,583.606062777871
2025-07-18,0.044,5660,0.237047992875291,0.23967995645518,6235.63847548526,578.618584241538
2025-07-18,0.044,5665,0.236215032807517,0.238791981853252,6235.63847548526,573.693713035275
2025-07-18,0.044,5670,0.234708003433635,0.237568818872514,6235.63847548526,568.731277431896
2025-07-18,0.044,5675,0.233835084243201,0.236332227384403,6235.63847548526,563.79388475831
2025-07-18,0.044,5680,0.232309650043496,0.235082445749291,6235.63847548526,558.831449157513
2025-07-18,0.044,5685,0.231398459024974,0.233819700977056,6235.63847548526,553.894056484739
2025-07-18,0.044,5690,0.229549353850805,0.232544209600196,6235.63847548526,548.919099414745
2025-07-18,0.044,5695,0.228907254520377,0.231256177964868,6235.63847548526,543.994228197791
2025-07-18,0.044,5700,0.227641786357206,0.230521818182221,6235.63847548526,539.069356995641
2025-07-18,0.044,5705,0.226363371646096,0.228643272155238,6235.63847548526,534.094399925599
2025-07-18,0.044,5710,0.225072220807739,0.227868679964964,6235.63847548526,529.16952872418
2025-07-18,0.044,5715,0.223768533348894,0.22652456975944,6235.63847548526,524.219614579984
2025-07-18,0.044,5720,0.223004815368312,0.225168976201053,6235.63847548526,519.294743373159
2025-07-18,0.044,5725,0.221668594774668,0.224324977341425,6235.63847548526,514.369872165642
2025-07-18,0.044,5730,0.220852656373175,0.22293964679875,6235.63847548526,509.445000960809
2025-07-18,0.044,5735,0.219485394361562,0.221543397517521,6235.63847548526,504.495086821555
2025-07-18,0.044,5740,0.218106771087653,0.220634417516999,6235.63847548526,499.570215609956
2025-07-18,0.044,5745,0.217222945091237,0.21969788550226,6235.63847548526,494.670387331333
2025-07-18,0.044,5750,0.21631035257776,0.218256536197761,6235.63847548526,489.7455161267
2025-07-18,0.044,5755,0.214396225517334,0.216804957333413,6235.63847548526,484.770559054464
2025-07-18,0.044,5760,0.213448674064788,0.215808903765336,6235.63847548526,479.87073077861
2025-07-18,0.044,5765,0.212474176103219,0.214787692264135,6235.63847548526,474.970902504483
2025-07-18,0.044,5770,0.211473523111295,0.213294114389651,6235.63847548526,470.046031292835
2025-07-18,0.044,5775,0.210447454908387,0.21223301783504,6235.63847548526,465.146203023468
2025-07-18,0.044,5780,0.20895185373561,0.21114840014673,6235.63847548526,460.221331806366
2025-07-18,0.044,5785,0.207885464067354,0.210040838890238,6235.63847548526,455.321503533199
2025-07-18,0.044,5790,0.206795319270602,0.208910876124404,6235.63847548526,450.421675259949
2025-07-18,0.044,5795,0.205682004332348,0.207759020438668,6235.63847548526,445.521846978505
2025-07-18,0.044,5800,0.204546067714275,0.206585750008962,6235.63847548526,440.622018704855
2025-07-18,0.044,5805,0.203388023535549,0.205391514052911,6235.63847548526,435.722190423728
2025-07-18,0.044,5810,0.202208354628718,0.204564234470765,6235.63847548526,430.847405075016
2025-07-18,0.044,5815,0.20178728797667,0.203322740005856,6235.63847548526,425.997662657233
2025-07-18,0.044,5820,0.200552213671241,0.202434367991123,6235.63847548526,421.122877310685
2025-07-18,0.044,5825,0.199297174865715,0.201147888172035,6235.63847548526,416.223049043158
2025-07-18,0.044,5830,0.198390036992141,0.20020156068108,6235.63847548526,411.373306628145
2025-07-18,0.044,5835,0.197090021418066,0.198872072094459,6235.63847548526,406.473478340677
2025-07-18,0.044,5840,0.196125049285724,0.198215039588624,6235.63847548526,401.648778853332
2025-07-18,0.044,5845,0.195128567309262,0.196838886938883,6235.63847548526,396.773993520841
2025-07-18,0.044,5850,0.194101462136875,0.196109063715808,6235.63847548526,391.949294025036
2025-07-18,0.044,5855,0.193044557406964,0.194688382059949,6235.63847548526,387.074508682912
2025-07-18,0.044,5860,0.191958617822675,0.193889658574171,6235.63847548526,382.249809190168
2025-07-18,0.044,5865,0.1911631827787,0.192739079236919,6235.63847548526,377.425109710233
2025-07-18,0.044,5870,0.190015264404667,0.191868017307426,6235.63847548526,372.600410233526
2025-07-18,0.044,5875,0.189146411892463,0.19065958581255,6235.63847548526,367.775710736996
2025-07-18,0.044,5880,0.187939796476607,0.189720091755467,6235.63847548526,362.951011257372
2025-07-18,0.044,5885,0.187001545298604,0.188456536878111,6235.63847548526,358.126311775148
2025-07-18,0.044,5890,0.186026860927,0.187451976114871,6235.63847548526,353.326655220532
2025-07-18,0.044,5895,0.185016774510511,0.186689873833437,6235.63847548526,348.55204159044
2025-07-18,0.044,5900,0.184247658496975,0.185612324010354,6235.63847548526,343.777427984096
2025-07-18,0.044,5905,0.183164141370014,0.184767759954338,6235.63847548526,339.002814344629
2025-07-18,0.044,5910,0.18231210461449,0.183880898719444,6235.63847548526,334.253243643885
2025-07-18,0.044,5915,0.181417545270921,0.182698822343757,6235.63847548526,329.478630032638
2025-07-18,0.044,5920,0.180228871929984,0.181985349507113,6235.63847548526,324.729059338218
2025-07-18,0.044,5925,0.179505945587132,0.180734955381889,6235.63847548526,319.979488645377
2025-07-18,0.044,5930,0.178491187423777,0.179934793293771,6235.63847548526,315.25496089465
2025-07-18,0.044,5935,0.177675753828223,0.178853838904601,6235.63847548526,310.530433121244
2025-07-18,0.044,5940,0.176813559544832,0.1779664845053,6235.63847548526,305.830948289876
2025-07-18,0.044,5945,0.175678813855502,0.177034908290811,6235.63847548526,301.106420527927
2025-07-18,0.044,5950,0.174731975737841,0.175840072941371,6235.63847548526,296.381892764858
2025-07-18,0.044,5955,0.173742124632591,0.175043895458681,6235.63847548526,291.707450871232
2025-07-18,0.044,5960,0.172710366194271,0.173986604084383,6235.63847548526,287.007966036429
2025-07-18,0.044,5965,0.17205646584267,0.173096693786691,6235.63847548526,282.383609998507
2025-07-18,0.044,5970,0.170935867234286,0.172362372130061,6235.63847548526,277.73421102218
2025-07-18,0.044,5975,0.170178173892127,0.171176692263606,6235.63847548526,273.084812060172
2025-07-18,0.044,5980,0.169170025790746,0.170343844682137,6235.63847548526,268.460456015088
2025-07-18,0.044,5985,0.168309992030209,0.16945957412471,6235.63847548526,263.861142909896
2025-07-18,0.044,5990,0.167398863584922,0.168338230312748,6235.63847548526,259.236786878977
2025-07-18,0.044,5995,0.166437995529233,0.167358852511926,6235.63847548526,254.637473759604
2025-07-18,0.044,6000,0.165609718704336,0.166511636514879,6235.63847548526,250.088246504457
2025-07-18,0.044,6005,0.164549487988681,0.165610779829995,6235.63847548526,245.513976333438
2025-07-18,0.044,6010,0.163617132373613,0.16465765455736,6235.63847548526,240.964749092332
2025-07-18,0.044,6015,0.162632850868397,0.163822918573851,6235.63847548526,236.440564790292
2025-07-18,0.044,6020,0.161765208347945,0.162931806870037,6235.63847548526,231.941423386274
2025-07-18,0.044,6025,0.161005498837931,0.16198571497459,6235.63847548526,227.467324938198
2025-07-18,0.044,6030,0.160024015957053,0.160985889404566,6235.63847548526,222.968183550334
2025-07-18,0.044,6035,0.158989138752261,0.160090307352394,6235.63847548526,218.494085084465
2025-07-18,0.044,6040,0.158056828684688,0.159291215266603,6235.63847548526,214.07007251409
2025-07-18,0.044,6045,0.157219445416761,0.158128373321426,6235.63847548526,209.62101697139
2025-07-18,0.044,6050,0.156320626727604,0.157360957553666,6235.63847548526,205.247090247634
2025-07-18,0.044,6055,0.155361735840636,0.156383312158352,6235.63847548526,200.84812058341
2025-07-18,0.044,6060,0.154487656426002,0.155490578789105,6235.63847548526,196.499236772155
2025-07-18,0.044,6065,0.153409584043642,0.154535827630982,6235.63847548526,192.125310039199
2025-07-18,0.044,6070,0.152552089010236,0.153658176303235,6235.63847548526,187.826512124774
2025-07-18,0.044,6075,0.151765262151714,0.152715997563311,6235.63847548526,183.552757118538
2025-07-18,0.044,6080,0.150775733080348,0.151843684896705,6235.63847548526,179.27900211681
2025-07-18,0.044,6085,0.149986152417388,0.150904598293247,6235.63847548526,175.055332969435
2025-07-18,0.044,6090,0.14899643504424,0.149899862033911,6235.63847548526,170.806620880223
2025-07-18,0.044,6095,0.14806852402064,0.149083925087609,6235.63847548526,166.63303759475
2025-07-18,0.044,6100,0.147197164795519,0.148196098769696,6235.63847548526,162.484497221339
2025-07-18,0.044,6105,0.146254271847595,0.147237547669949,6235.63847548526,158.335956859159
2025-07-18,0.044,6110,0.145362066567352,0.146330078740304,6235.63847548526,154.237502379877
2025-07-18,0.044,6115,0.14439654524573,0.145469061997894,6235.63847548526,150.16409080634
2025-07-18,0.044,6120,0.14347618899444,0.144532871807644,6235.63847548526,146.115722202369
2025-07-18,0.044,6125,0.142596616959402,0.143637969475432,6235.63847548526,142.117439425481
2025-07-18,0.044,6130,0.14175366598319,0.142780225895314,6235.63847548526,138.169242503902
2025-07-18,0.044,6135,0.140943387694644,0.141955720490287,6235.63847548526,134.27113148701
2025-07-18,0.044,6140,0.140050955259004,0.141049865950117,6235.63847548526,130.373020418195
2025-07-18,0.044,6145,0.139077149095485,0.140063390743682,6235.63847548526,126.474909347651
2025-07-18,0.044,6150,0.138239134565475,0.139213071550712,6235.63847548526,122.676970054859
2025-07-18,0.044,6155,0.137422425349032,0.138384655755026,6235.63847548526,118.929116573884
2025-07-18,0.044,6160,0.136412288437397,0.137574949356748,6235.63847548526,115.181263112219
2025-07-18,0.044,6165,0.135631072797387,0.136676445425518,6235.63847548526,111.508538463283
2025-07-18,0.044,6170,0.134758355150979,0.135689474726368,6235.63847548526,107.835813761842
2025-07-18,0.044,6175,0.133896923824504,0.135023661885922,6235.63847548526,104.288303764014
2025-07-18,0.044,6180,0.133043915874158,0.134058794381851,6235.63847548526,100.715750782675
2025-07-18,0.044,6185,0.132196576040312,0.133202683817659,6235.63847548526,97.2183266335187
2025-07-18,0.044,6190,0.131452073572751,0.132450072877414,6235.63847548526,93.8210742228637
2025-07-18,0.044,6195,0.130607434574372,0.131598116011905,6235.63847548526,90.4238217851539
2025-07-18,0.044,6200,0.1297607927959,0.13074489327529,6235.63847548526,87.0766552201699
2025-07-18,0.044,6205,0.12890969784033,0.129985780393801,6235.63847548526,83.8046174244089
2025-07-18,0.044,6210,0.128149069522389,0.129219562394183,6235.63847548526,80.6077084668884
2025-07-18,0.044,6215,0.12737833533588,0.128444108439488,6235.63847548526,77.4608853257771
2025-07-18,0.044,6220,0.126595369828064,0.127657309811682,6235.63847548526,74.3641480642877
2025-07-18,0.044,6225,0.125798052057296,0.126953336756337,6235.63847548526,71.3425395879324
2025-07-18,0.044,6230,0.125080342139496,0.126137355863252,6235.63847548526,68.3710169691813
2025-07-18,0.044,6235,0.124343797386777,0.125399771521709,6235.63847548526,65.4746231652114
2025-07-18,0.044,6240,0.123690248318409,0.124650177775566,6235.63847548526,62.6574127054985
2025-07-18,0.044,6245,0.122989889958807,0.123950698933721,6235.63847548526,59.9026903380786
2025-07-18,0.044,6250,0.122265138805785,0.123227787433822,6235.63847548526,57.1980537809791
2025-07-18,0.044,6255,0.121610662634897,0.122576140155255,6235.63847548526,54.5935889784348
2025-07-18,0.044,6260,0.120928709246638,0.12180112392217,6235.63847548526,52.0141671085521
2025-07-18,0.044,6265,0.120217514221285,0.121289216793791,6235.63847548526,49.5599599257034
2025-07-18,0.044,6270,0.119671305172811,0.120651610076152,6235.63847548526,47.1808815053412
2025-07-18,0.044,6275,0.119094883583459,0.119983641078426,6235.63847548526,44.8518889283159
2025-07-18,0.044,6280,0.118387211140225,0.119383166919432,6235.63847548526,42.5729822235644
2025-07-18,0.044,6285,0.117946230919783,0.11885123271772,6235.63847548526,40.444333159955
2025-07-18,0.044,6290,0.117271313237017,0.118287915855627,6235.63847548526,38.3156840109125
2025-07-18,0.044,6295,0.116765821611504,0.11758906725723,6235.63847548526,36.2621636910906
2025-07-18,0.044,6300,0.11622746084747,0.117166009321102,6235.63847548526,34.333858032983
2025-07-18,0.044,6305,0.115655024445623,0.116607490953055,6235.63847548526,32.4305953066697
2025-07-18,0.044,6310,0.115154818657798,0.116015137926911,6235.63847548526,30.6024613761008
2025-07-18,0.044,6315,0.114731059464875,0.11560621339293,6235.63847548526,28.899542069031
2025-07-18,0.044,6320,0.114277338751612,0.11505751116482,6235.63847548526,27.2216656915164
2025-07-18,0.044,6325,0.113793123481355,0.114702581221254,6235.63847548526,25.6439610800246
2025-07-18,0.044,6330,0.113277822118749,0.114091035819635,6235.63847548526,24.0662564410059
2025-07-18,0.044,6335,0.112730781864877,0.11368166730672,6235.63847548526,22.5887234999808
2025-07-18,0.044,6340,0.112395353233947,0.113247540601793,6235.63847548526,21.21136231095
2025-07-18,0.044,6345,0.11191445259894,0.112788899158396,6235.63847548526,19.8590440808051
2025-07-18,0.044,6350,0.111535930071773,0.112434104402123,6235.63847548526,18.6068975479428
2025-07-18,0.044,6355,0.111138915698329,0.112062906581486,6235.63847548526,17.4048368700971
2025-07-18,0.044,6360,0.110724754803172,0.11167683583037,6235.63847548526,16.2528620337655
2025-07-18,0.044,6365,0.110295056973644,0.111277705317414,6235.63847548526,15.1509730884388
2025-07-18,0.044,6370,0.1098517563048,0.111012161677291,6235.63847548526,14.12421293127
2025-07-18,0.044,6375,0.109698740587869,0.1105988682218,6235.63847548526,13.1725815730643
2025-07-18,0.044,6380,0.109247142416962,0.110180770597017,6235.63847548526,12.2209501977653
2025-07-18,0.044,6385,0.108953857587724,0.109922396540007,6235.63847548526,11.3694905407855
2025-07-18,0.044,6390,0.108673926177977,0.10968004661549,6235.63847548526,10.5681167708295
2025-07-18,0.044,6395,0.108238473939092,0.109287011899823,6235.63847548526,9.76674299896121
2025-07-18,0.044,6400,0.107815860127417,0.10891035289092,6235.63847548526,9.01545506211875
2025-07-18,0.044,6405,0.10760556428865,0.108557854572389,6235.63847548526,8.33929593758631
2025-07-18,0.044,6410,0.107442540637539,0.108436510953433,6235.63847548526,7.73826558295838
2025-07-18,0.044,6415,0.107130027926153,0.108171169730451,6235.63847548526,7.1372352606935
2025-07-18,0.044,6420,0.106651965351174,0.107963903745953,6235.63847548526,6.56124785558876
2025-07-18,0.044,6425,0.106453872748517,0.107374710377163,6235.63847548526,6.01030338217782
2025-07-18,0.044,6430,0.106099587745834,0.107309855546893,6235.63847548526,5.53448768815349
2025-07-18,0.044,6435,0.105828735421517,0.107103945800894,6235.63847548526,5.08371493831331
2025-07-18,0.044,6440,0.105390918932965,0.10674107807861,6235.63847548526,4.63294218544908
2025-07-18,0.044,6450,0.104847402570884,0.106358893707494,6235.63847548526,3.88165425197278
2025-07-18,0.044,6460,0.10461655506224,0.105974240167403,6235.63847548526,3.2555809952039
2025-07-18,0.044,6470,0.104125947426661,0.105663535968042,6235.63847548526,2.70463651625082
2025-07-18,0.044,6475,0.103826670991848,0.105469194703611,6235.63847548526,2.45420721518451
2025-07-18,0.044,6480,0.10379537535192,0.105326234360103,6235.63847548526,2.24134229543031
2025-07-18,0.044,6490,0.10328063423805,0.105037578786138,6235.63847548526,1.84065540566189
2025-07-18,0.044,6500,0.103189631071306,0.104912234845686,6235.63847548526,1.52761877387351
2025-07-18,0.044,6510,0.102807907413827,0.105431606815539,6235.63847548526,1.27718947019903
2025-07-18,0.044,6520,0.103282561784741,0.10552129376155,6235.63847548526,1.07684601830173
2025-07-18,0.044,6525,0.10314975038347,0.10555905714572,6235.63847548526,0.976674296772323
2025-07-18,0.044,6530,0.103310403964147,0.105466548437827,6235.63847548526,0.889024041451549
2025-07-18,0.044,6540,0.103272366567413,0.106683127695558,6235.63847548526,0.763809385412038
2025-07-18,0.044,6550,0.103842361012366,0.107161846125357,6235.63847548526,0.651116197766569
2025-07-18,0.044,6560,0.104697528903489,0.108380167974937,6235.63847548526,0.575987407572775
2025-07-18,0.044,6570,0.105247761993081,0.109385549175157,6235.63847548526,0.500858614426022
2025-07-18,0.044,6575,0.105792410348648,0.109463751313113,6235.63847548526,0.463294216883575
2025-07-18,0.044,6580,0.105406999817926,0.110825629989206,6235.63847548526,0.438251287802114
2025-07-18,0.044,6590,0.107077693127188,0.112112653758885,6235.63847548526,0.400686892911139
2025-07-18,0.044,6600,0.107574689344591,0.11322411463762,6235.63847548526,0.350601030257153
2025-07-18,0.044,6610,0.110105565571521,0.11501389398171,6235.63847548526,0.338079565405749
2025-07-18,0.044,6620,0.110160229404519,0.116723657437131,6235.63847548526,0.300515168996617
2025-07-18,0.044,6625,0.11139462529966,0.118016632212542,6235.63847548526,0.300515168477393
2025-07-18,0.044,6630,0.112626646758793,0.118347013657194,6235.63847548526,0.287993703454783
2025-07-18,0.044,6640,0.113648061113692,0.119876212582888,6235.63847548526,0.262950773240723
2025-07-18,0.044,6650,0.114469783901488,0.121301752250126,6235.63847548526,0.237907842263436
2025-07-18,0.044,6660,0.116856815319503,0.123803378690891,6235.63847548526,0.237907842048028
2025-07-18,0.044,6670,0.119235357150174,0.126295729886408,6235.63847548526,0.23790784179173
2025-07-18,0.044,6675,0.120421494528843,0.12753848367406,6235.63847548526,0.237907842403486
2025-07-18,0.044,6680,0.119734370408546,0.127548986809915,6235.63847548526,0.212864911546335
2025-07-18,0.044,6690,0.119911528480436,0.128669907452182,6235.63847548526,0.18782198054625
2025-07-18,0.044,6700,0.122202023220423,0.13109627939094,6235.63847548526,0.187821980537688
2025-07-18,0.044,6710,0.124485011645977,0.133514298530357,6235.63847548526,0.187821981042095
2025-07-18,0.044,6720,0.126760616866302,0.135924107915759,6235.63847548526,0.187821980316464
2025-07-18,0.044,6725,0.127895687936457,0.137125977078943,6235.63847548526,0.18782198031661
2025-07-18,0.044,6730,0.126361988103383,0.138325844771707,6235.63847548526,0.175300515788074
2025-07-18,0.044,6740,0.128584313814406,0.139175638495018,6235.63847548526,0.16277905051763
2025-07-18,0.044,6750,0.130799815113744,0.141540332286599,6235.63847548526,0.162779050220644
2025-07-18,0.044,6775,0.132859918984186,0.145662261955612,6235.63847548526,0.137736119320428
2025-07-18,0.044,6800,0.138213026101249,0.15143882063811,6235.63847548526,0.137736118911962
2025-07-18,0.044,6825,0.143528352226324,0.157172127972647,6235.63847548526,0.137736118821989
2025-07-18,0.044,6850,0.143856437233234,0.160749373197344,6235.63847548526,0.11269318840851
2025-07-18,0.044,6875,0.141179132068281,0.166340027379303,6235.63847548526,0.100171723218695
2025-07-18,0.044,6900,0.154014578900622,0.171892056558191,6235.63847548526,0.112693188048109
2025-07-18,0.044,6925,NA,0.17969938608801,6235.63847548526,NA
2025-07-18,0.044,6950,0.155599089219541,0.182884480771409,6235.63847548526,0.100171723060348
2025-07-18,0.044,6975,NA,0.185641354790196,6235.63847548526,NA
2025-07-18,0.044,7000,0.165069716047707,0.190985123797738,6235.63847548526,0.0876502575821834
2025-07-18,0.044,7025,NA,0.196295655794341,6235.63847548526,NA
2025-07-18,0.044,7050,0.174431963849232,0.198304579560291,6235.63847548526,0.0751287922949671
2025-07-18,0.044,7100,NA,0.204638938473819,6235.63847548526,NA
2025-07-18,0.044,7200,NA,0.224603345147881,6235.63847548526,NA
2025-07-18,0.044,7300,NA,0.244136384305663,6235.63847548526,NA
2025-07-18,0.044,7400,NA,0.263266154676836,6235.63847548526,NA
2025-07-18,0.044,7500,NA,0.282016621956109,6235.63847548526,NA
2025-07-18,0.044,7600,NA,0.305909125478672,6235.63847548526,NA
2025-07-18,0.044,7800,NA,0.328792769893276,6235.63847548526,NA
2025-07-18,0.044,8000,NA,0.352114710864116,6235.63847548526,NA
2025-07-18,0.044,8200,NA,0.384096947260085,6235.63847548526,NA
2025-07-18,0.044,8400,NA,0.415090049087109,6235.63847548526,NA
2025-07-18,0.044,8600,NA,0.445162149576442,6235.63847548526,NA
2025-07-18,0.044,8800,NA,0.488006360123641,6235.63847548526,NA
2025-07-18,0.044,9000,NA,0.517099772136376,6235.63847548526,NA
2025-07-18,0.044,9200,NA,0.545407580961141,6235.63847548526,NA
2025-07-18,0.044,9400,NA,0.557338561797063,6235.63847548526,NA
2025-07-18,0.044,9600,NA,0.583580893602206,6235.63847548526,NA
2025-07-18,0.044,10000,NA,0.651610571824482,6235.63847548526,NA
2025-07-18,0.044,10400,NA,0.700978255792728,6235.63847548526,NA
2025-07-18,0.044,10800,NA,0.748161755492879,6235.63847548526,NA
2025-07-18,0.044,11000,NA,0.770994376963676,6235.63847548526,NA
2025-07-18,0.044,12000,NA,0.878373712057777,6235.63847548526,NA
2025-07-21,0.048,2400,NA,1.28842600346232,6236.27184170231,NA
2025-07-21,0.048,2600,NA,1.18430810138027,6236.27184170231,NA
2025-07-21,0.048,2800,NA,1.08789433857782,6236.27184170231,NA
2025-07-21,0.048,3000,NA,0.998076898412344,6236.27184170231,NA
2025-07-21,0.048,3200,NA,0.913963595685256,6236.27184170231,NA
2025-07-21,0.048,3400,NA,0.86065849189298,6236.27184170231,NA
2025-07-21,0.048,3600,NA,0.76005307450177,6236.27184170231,NA
2025-07-21,0.048,3800,0.655774470090128,0.727401130154206,6236.27184170231,2436.39716395371
2025-07-21,0.048,4000,0.621648867839318,0.668904390934218,6236.27184170231,2236.44729285423
2025-07-21,0.048,4200,0.575160136235015,0.609685196998951,6236.27184170231,2036.49742175488
2025-07-21,0.048,4400,0.534138996175969,0.557248806602569,6236.27184170231,1836.59767955606
2025-07-21,0.048,4600,0.491452138398515,0.506882098001713,6236.27184170231,1636.74806625808
2025-07-21,0.048,4800,0.445625458401129,0.456159307091125,6236.27184170231,1436.94858186039
2025-07-21,0.048,4900,0.423464959044664,0.42927961100325,6236.27184170231,1337.07390411231
2025-07-21,0.048,5000,0.399245516478515,0.404053359839517,6236.27184170231,1237.22429081322
2025-07-21,0.048,5100,0.373540923634067,0.379507702042045,6236.27184170231,1137.39974196598
2025-07-21,0.048,5150,0.361196145409831,0.36661462293152,6236.27184170231,1087.49999976741
2025-07-21,0.048,5175,0.35486427429173,0.360035852087087,6236.27184170231,1062.55012866803
2025-07-21,0.048,5200,0.348435375659501,0.35337566036657,6236.27184170231,1037.60025756922
2025-07-21,0.048,5225,0.341915371706083,0.346638380166169,6236.27184170231,1012.6503864691
2025-07-21,0.048,5250,0.336852368951665,0.341264722543382,6236.27184170231,987.750644269312
2025-07-21,0.048,5275,0.330097859429153,0.33432530430789,6236.27184170231,962.800773171766
2025-07-21,0.048,5300,0.3232698487649,0.327321976389023,6236.27184170231,937.850902071726
2025-07-21,0.048,5325,0.31769401425341,0.321500566375486,6236.27184170231,912.951159873389
2025-07-21,0.048,5350,0.311915299122594,0.315499430750135,6236.27184170231,888.051417673006
2025-07-21,0.048,5375,0.305950860080509,0.30933228876761,6236.27184170231,863.151675473508
2025-07-21,0.048,5400,0.299815153872855,0.303010817466765,6236.27184170231,838.251933276297
2025-07-21,0.048,5425,0.293520429137719,0.29654499247653,6236.27184170231,813.352191079252
2025-07-21,0.048,5450,0.287077103882252,0.289943351551086,6236.27184170231,788.452448877899
2025-07-21,0.048,5475,0.281413472864057,0.2840944774169,6236.27184170231,763.60283557896
2025-07-21,0.048,5500,0.275511770475461,0.278025961767429,6236.27184170231,738.753222283188
2025-07-21,0.048,5525,0.269391413919028,0.270976181661328,6236.27184170231,713.878544533925
2025-07-21,0.048,5550,0.263068472438189,0.265293219296868,6236.27184170231,689.053995684769
2025-07-21,0.048,5575,0.25726311449682,0.258654194064645,6236.27184170231,664.229446835784
2025-07-21,0.048,5600,0.251193125465933,0.253770032020076,6236.27184170231,639.480091342813
2025-07-21,0.048,5625,0.244878838736676,0.24729571322244,6236.27184170231,614.680606940121
2025-07-21,0.048,5650,0.239481736959822,0.241715335748534,6236.27184170231,589.981380347223
2025-07-21,0.048,5675,0.232657174517402,0.235789586028985,6236.27184170231,565.232024850336
2025-07-21,0.048,5700,0.22761820308683,0.22954733419049,6236.27184170231,540.582927148768
2025-07-21,0.048,5725,0.222116805114191,0.223895103579243,6236.27184170231,515.983958352683
2025-07-21,0.048,5750,0.216199707235841,0.218655648084266,6236.27184170231,491.435118468825
2025-07-21,0.048,5775,0.21067094365902,0.212930832665379,6236.27184170231,466.93640747731
2025-07-21,0.048,5790,0.207852312912715,0.209282114981443,6236.27184170231,452.287309781146
2025-07-21,0.048,5800,0.205379095593974,0.207449811012039,6236.27184170231,442.537954281928
2025-07-21,0.048,5810,0.203514134216415,0.205507032540201,6236.27184170231,432.838727682675
2025-07-21,0.048,5820,0.201538948192806,0.203459366337224,6236.27184170231,423.139501082352
2025-07-21,0.048,5825,0.200829050470696,0.202086326051112,6236.27184170231,418.289887786414
2025-07-21,0.048,5830,0.199459033636011,0.201311696753453,6236.27184170231,413.440274497803
2025-07-21,0.048,5840,0.197879677896504,0.199068302051967,6236.27184170231,403.791176784205
2025-07-21,0.048,5850,0.19558383038002,0.197301977921399,6236.27184170231,394.142079102135
2025-07-21,0.048,5860,0.193754692325293,0.195407245653589,6236.27184170231,384.543110297196
2025-07-21,0.048,5870,0.19179900936055,0.193390664087769,6236.27184170231,374.944141503091
2025-07-21,0.048,5875,0.190775695107599,0.192338481017793,6236.27184170231,370.144657108565
2025-07-21,0.048,5880,0.190237377417233,0.191257896974865,6236.27184170231,365.395301613892
2025-07-21,0.048,5890,0.188028484724676,0.189502868186416,6236.27184170231,355.846461713494
2025-07-21,0.048,5900,0.18618768403749,0.18760621448372,6236.27184170231,346.347750730504
2025-07-21,0.048,5910,0.184208196176702,0.185574925442698,6236.27184170231,336.84903972767
2025-07-21,0.048,5920,0.182537774260658,0.183850940546044,6236.27184170231,327.450586531531
2025-07-21,0.048,5925,0.181642503037396,0.182930498729493,6236.27184170231,322.751359951466
2025-07-21,0.048,5930,0.18070860884833,0.181972409216496,6236.27184170231,318.052133335171
2025-07-21,0.048,5940,0.179136137037841,0.179946776650443,6236.27184170231,308.703809044957
2025-07-21,0.048,5950,0.177389751796,0.178169671878997,6236.27184170231,299.405613659997
2025-07-21,0.048,5960,0.175478381304876,0.176604081814739,6236.27184170231,290.157547175387
2025-07-21,0.048,5970,0.173772626320024,0.17449592635606,6236.27184170231,280.90948067848
2025-07-21,0.048,5975,0.172852932326396,0.173916585943552,6236.27184170231,276.360640788117
2025-07-21,0.048,5980,0.171890090594444,0.172934680184016,6236.27184170231,271.761671986669
2025-07-21,0.048,5990,0.170175561095748,0.171181821377167,6236.27184170231,262.663992203357
2025-07-21,0.048,6000,0.168275317290046,0.169246273897525,6236.27184170231,253.566312422705
2025-07-21,0.048,6010,0.166510428851434,0.1674469116807,6236.27184170231,244.56889042598
2025-07-21,0.048,6020,0.16455285442875,0.165758095852769,6236.27184170231,235.621597330984
2025-07-21,0.048,6025,0.163801188780917,0.164689442634099,6236.27184170231,231.17301524749
2025-07-21,0.048,6030,0.16270201393869,0.163866307000853,6236.27184170231,226.724433136445
2025-07-21,0.048,6040,0.160934838375562,0.162059738530087,6236.27184170231,217.927526767659
2025-07-21,0.048,6050,0.159230100278547,0.160046069093543,6236.27184170231,209.18074930383
2025-07-21,0.048,6060,0.157568338934851,0.158357433127285,6236.27184170231,200.58435849635
2025-07-21,0.048,6070,0.155676643360711,0.156441130555532,6236.27184170231,191.987967708221
2025-07-21,0.048,6075,0.154646860490403,0.155650297409229,6236.27184170231,187.739901209118
2025-07-21,0.048,6080,0.153809593928836,0.154797385064966,6236.27184170231,183.541963616225
2025-07-21,0.048,6085,0.152910563800351,0.153883411574733,6236.27184170231,179.344026036996
2025-07-21,0.048,6090,0.151950685565935,0.152909244232678,6236.27184170231,175.146088428906
2025-07-21,0.048,6095,0.151167211905239,0.152111391824545,6236.27184170231,171.048408658812
2025-07-21,0.048,6100,0.150317530086157,0.151248014615965,6236.27184170231,166.950728870776
2025-07-21,0.048,6105,0.149402579871374,0.150320005803495,6236.27184170231,162.853049082749
2025-07-21,0.048,6110,0.148423133676551,0.149328096184317,6236.27184170231,158.755369287104
2025-07-21,0.048,6115,0.147603254616414,0.14849581801929,6236.27184170231,154.757947287805
2025-07-21,0.048,6120,0.146714115715748,0.147594891339694,6236.27184170231,150.760525300846
2025-07-21,0.048,6125,0.145756431182552,0.146625991790951,6236.27184170231,146.763103315297
2025-07-21,0.048,6130,0.144945597447402,0.145804112279027,6236.27184170231,142.86593915129
2025-07-21,0.048,6135,0.144061923081942,0.144909972176136,6236.27184170231,138.968774957534
2025-07-21,0.048,6140,0.143315635676459,0.144153466561298,6236.27184170231,135.171868566493
2025-07-21,0.048,6145,0.142285470381818,0.143113928669097,6236.27184170231,131.274704386326
2025-07-21,0.048,6150,0.141593659235145,0.142412757876068,6236.27184170231,127.578055781825
2025-07-21,0.048,6155,0.140618928006375,0.141429451203654,6236.27184170231,123.781149424618
2025-07-21,0.048,6160,0.139769328260094,0.14057158495089,6236.27184170231,120.084500822678
2025-07-21,0.048,6165,0.139038950026972,0.139833299498072,6236.27184170231,116.488110062538
2025-07-21,0.048,6170,0.138028686513675,0.138815807902961,6236.27184170231,112.79146145208
2025-07-21,0.048,6175,0.137329264424299,0.13810939827493,6236.27184170231,109.295328449511
2025-07-21,0.048,6180,0.136350158744292,0.13731732515993,6236.27184170231,105.74906659043
2025-07-21,0.048,6185,0.135671913911628,0.136439663209286,6236.27184170231,102.303062533738
2025-07-21,0.048,6190,0.134713894684382,0.135666748854837,6236.27184170231,98.8570584463703
2025-07-21,0.048,6195,0.134047829222688,0.134805096775807,6236.27184170231,95.5113121524103
2025-07-21,0.048,6200,0.133101512791188,0.134042478046901,6236.27184170231,92.1655658479347
2025-07-21,0.048,6205,0.132439272882489,0.13318803076662,6236.27184170231,88.9200774032763
2025-07-21,0.048,6210,0.131682150120926,0.132427410597752,6236.27184170231,85.7247178077737
2025-07-21,0.048,6215,0.130829551224918,0.131757412772006,6236.27184170231,82.5794871451419
2025-07-21,0.048,6220,0.130065490110174,0.131175266168165,6236.27184170231,79.5345142662379
2025-07-21,0.048,6225,0.129387205696301,0.13012517537256,6236.27184170231,76.4394125042411
2025-07-21,0.048,6230,0.128608211115113,0.129344858458834,6236.27184170231,73.4445684868215
2025-07-21,0.048,6235,0.127911163025187,0.12864706676604,6236.27184170231,70.5499823318853
2025-07-21,0.048,6240,0.127144409078531,0.128064105254946,6236.27184170231,67.7241447217741
2025-07-21,0.048,6245,0.126398264863893,0.12731854617282,6236.27184170231,64.9169263003475
2025-07-21,0.048,6250,0.125729051677416,0.126650710470638,6236.27184170231,62.2099656654318
2025-07-21,0.048,6255,0.12513572410951,0.125874809772146,6236.27184170231,59.5531339003157
2025-07-21,0.048,6260,0.124432315522957,0.125359211695989,6236.27184170231,56.9965599837506
2025-07-21,0.048,6265,0.123802551560029,0.124733365690717,6236.27184170231,54.4901149517807
2025-07-21,0.048,6270,0.123246307947371,0.123994828053208,6236.27184170231,52.0337988611884
2025-07-21,0.048,6275,0.122575651065384,0.123328811194911,6236.27184170231,49.6276116090785
2025-07-21,0.048,6280,0.121977096595047,0.122735670328076,6236.27184170231,47.321682196497
2025-07-21,0.048,6290,0.12080731265871,0.121579218856472,6236.27184170231,42.9103389243398
2025-07-21,0.048,6300,0.119738234233077,0.120527013667584,6236.27184170231,38.7997690983993
2025-07-21,0.048,6310,0.118573163662083,0.119585182572915,6236.27184170231,34.9398437256754
2025-07-21,0.048,6320,0.117722069870667,0.118556742116787,6236.27184170231,31.3806917633661
2025-07-21,0.048,6325,0.117212632202302,0.118061690617336,6236.27184170231,29.6763091430007
2025-07-21,0.048,6330,0.116788663752838,0.117653206424309,6236.27184170231,28.0721843227568
2025-07-21,0.048,6340,0.11577147381893,0.116671627646309,6236.27184170231,24.9641925056619
2025-07-21,0.048,6350,0.114905316612465,0.115846838042378,6236.27184170231,22.1569740855703
2025-07-21,0.048,6360,0.114226707836401,0.114968884180314,6236.27184170231,19.6004001363541
2025-07-21,0.048,6375,0.113100568586294,0.113907841758827,6236.27184170231,16.1916348948192
2025-07-21,0.048,6400,0.111163583813985,0.112118494897657,6236.27184170231,11.4795182470359
2025-07-21,0.048,6425,0.109584586342631,0.110750500924708,6236.27184170231,7.97049519275663
2025-07-21,0.048,6450,0.107985637322385,0.109461605487693,6236.27184170231,5.36379237083366
2025-07-21,0.048,6475,0.106783801919643,0.108705133924337,6236.27184170231,3.55915193548316
2025-07-21,0.048,6500,0.106052059881026,0.107772838845236,6236.27184170231,2.30592942454942
2025-07-21,0.048,6525,0.105547586161984,0.107321482672679,6236.27184170231,1.47880256822431
2025-07-21,0.048,6550,0.105620861312482,0.108047164566199,6236.27184170231,0.977513560175332
2025-07-21,0.048,6575,0.106476075624214,0.109727928382876,6236.27184170231,0.67674015858092
2025-07-21,0.048,6600,0.109006963638196,0.11305610593691,6236.27184170231,0.526353457053013
2025-07-21,0.048,6625,0.109956133991311,0.116839130522445,6236.27184170231,0.401031204585191
2025-07-21,0.048,6700,0.118952955552816,0.127876401992166,6236.27184170231,0.225580052595941
2025-07-21,0.048,6800,0.135607558066531,0.148183454319516,6236.27184170231,0.175451152036524
2025-07-21,0.048,7000,0.166422395876108,0.182721975022962,6236.27184170231,0.100257801217738
2025-07-21,0.048,7200,NA,0.222567292682928,6236.27184170231,NA
2025-07-21,0.048,7400,NA,0.25193749478347,6236.27184170231,NA
2025-07-21,0.048,7600,NA,0.287502121524803,6236.27184170231,NA
2025-07-21,0.048,7800,NA,0.321761610999977,6236.27184170231,NA
2025-07-21,0.048,8000,NA,0.35483520378516,6236.27184170231,NA
2025-07-22,0.052,2400,NA,1.23821814022116,6237.00593358236,NA
2025-07-22,0.052,2600,NA,1.13817034872903,6237.00593358236,NA
2025-07-22,0.052,2800,NA,1.04552561404349,6237.00593358236,NA
2025-07-22,0.052,3000,0.914157994575271,0.959219410596601,6237.00593358236,3237.08129964615
2025-07-22,0.052,3200,NA,0.905369785923537,6237.00593358236,NA
2025-07-22,0.052,3400,NA,0.802349109891229,6237.00593358236,NA
2025-07-22,0.052,3600,0.695431158112392,0.770674288961779,6237.00593358236,2637.13154368867
2025-07-22,0.052,3800,0.662360027074709,0.699144348056747,6237.00593358236,2437.15666570983
2025-07-22,0.052,4000,0.616542392547828,0.653098298228333,6237.00593358236,2237.23203177356
2025-07-22,0.052,4200,0.576812027596688,0.594149555275561,6237.00593358236,2037.30739783749
2025-07-22,0.052,4400,0.529099562867608,0.547112656953628,6237.00593358236,1837.43300794349
2025-07-22,0.052,4600,0.487274564242938,0.495547132181403,6237.00593358236,1637.60886209226
2025-07-22,0.052,4800,0.441588468552341,0.44728385083093,6237.00593358236,1437.86008230536
2025-07-22,0.052,4900,0.41785348150857,0.422612455463699,6237.00593358236,1338.01081443189
2025-07-22,0.052,5000,0.3927892081498,0.396824281656871,6237.00593358236,1238.16154656028
2025-07-22,0.052,5100,0.3667051461761,0.371820126771002,6237.00593358236,1138.33740070887
2025-07-22,0.052,5150,0.355763964349571,0.360343119997186,6237.00593358236,1088.48813283619
2025-07-22,0.052,5175,0.349304730649338,0.35369790889132,6237.00593358236,1063.5383768771
2025-07-22,0.052,5200,0.342775181221607,0.346992142318537,6237.00593358236,1038.58862092262
2025-07-22,0.052,5225,0.337557262706686,0.341523956473062,6237.00593358236,1013.68910900492
2025-07-22,0.052,5250,0.330841860001159,0.334655313514551,6237.00593358236,988.739353049005
2025-07-22,0.052,5275,0.325313850650104,0.328912839928612,6237.00593358236,963.839841133496
2025-07-22,0.052,5300,0.318435413525049,0.321899240103823,6237.00593358236,938.890085177988
2025-07-22,0.052,5325,0.312635523611347,0.31591308392897,6237.00593358236,913.990573258585
2025-07-22,0.052,5350,0.306680836826289,0.309786956956073,6237.00593358236,889.091061343601
2025-07-22,0.052,5375,0.300582072983749,0.304483379901834,6237.00593358236,864.216671452127
2025-07-22,0.052,5400,0.295295442071351,0.298056286580208,6237.00593358236,839.342281557841
2025-07-22,0.052,5425,0.288887816010879,0.291515236191795,6237.00593358236,814.442769642999
2025-07-22,0.052,5450,0.283207998024261,0.285678971728712,6237.00593358236,789.593501771663
2025-07-22,0.052,5475,0.277326517122585,0.279655088986034,6237.00593358236,764.744233902226
2025-07-22,0.052,5500,0.271258029267273,0.273456208985357,6237.00593358236,739.894966026583
2025-07-22,0.052,5525,0.26501482602456,0.267092967139447,6237.00593358236,715.045698153504
2025-07-22,0.052,5550,0.258607229358957,0.261217433023447,6237.00593358236,690.221552306446
2025-07-22,0.052,5575,0.252670989745796,0.255122379046175,6237.00593358236,665.422528473059
2025-07-22,0.052,5600,0.246515611094984,0.249947108702329,6237.00593358236,640.67374868702
2025-07-22,0.052,5625,0.241250550923086,0.24339057754994,6237.00593358236,615.924968893548
2025-07-22,0.052,5650,0.235651944701531,0.237644514297552,6237.00593358236,591.226433156825
2025-07-22,0.052,5675,0.229748486187805,0.232521853056273,6237.00593358236,566.578141448822
2025-07-22,0.052,5700,0.224439065666487,0.226160237823446,6237.00593358236,541.929849743507
2025-07-22,0.052,5725,0.218747058413597,0.221132034228067,6237.00593358236,517.382046131706
2025-07-22,0.052,5750,0.213452502528166,0.215654106166385,6237.00593358236,492.884486546882
2025-07-22,0.052,5775,0.208412522649869,0.210436225195406,6237.00593358236,468.487415068941
2025-07-22,0.052,5800,0.203502635001963,0.205358384726145,6237.00593358236,444.190831663649
2025-07-22,0.052,5825,0.198617711601189,0.200317912119998,6237.00593358236,419.994736340481
2025-07-22,0.052,5850,0.194192670049066,0.195742076637361,6237.00593358236,395.999617184435
2025-07-22,0.052,5860,0.192222036592136,0.193718137041125,6237.00593358236,386.401569528791
2025-07-22,0.052,5870,0.190628991429417,0.192068091589899,6237.00593358236,376.904009957203
2025-07-22,0.052,5875,0.189543510521496,0.190959065101062,6237.00593358236,372.104986110084
2025-07-22,0.052,5880,0.188433122846508,0.189825818550038,6237.00593358236,367.305962300763
2025-07-22,0.052,5890,0.187040548214913,0.188377906768328,6237.00593358236,357.908890798348
2025-07-22,0.052,5900,0.185058200175187,0.186349838502704,6237.00593358236,348.411331228735
2025-07-22,0.052,5910,0.18337546733886,0.184619641975515,6237.00593358236,339.014259736935
2025-07-22,0.052,5920,0.181550430886959,0.18275060809896,6237.00593358236,329.617188243473
2025-07-22,0.052,5925,0.180586637023194,0.181765978657452,6237.00593358236,324.918652489956
2025-07-22,0.052,5930,0.179589645002103,0.181132794557888,6237.00593358236,320.270360794661
2025-07-22,0.052,5940,0.177873462987914,0.178991026648858,6237.00593358236,310.923533349307
2025-07-22,0.052,5950,0.176367303090967,0.17744325816966,6237.00593358236,301.727438024717
2025-07-22,0.052,5960,0.174344196737397,0.17572949322859,6237.00593358236,292.481098678538
2025-07-22,0.052,5970,0.172855176377244,0.173857349025675,6237.00593358236,283.335247397584
2025-07-22,0.052,5975,0.171878520657684,0.172863917276164,6237.00593358236,278.737199739186
2025-07-22,0.052,5980,0.170863984411037,0.172154856289179,6237.00593358236,274.18939611253
2025-07-22,0.052,5990,0.169350115782517,0.170284778749264,6237.00593358236,265.144032917005
2025-07-22,0.052,6000,0.167651059480802,0.168553939172942,6237.00593358236,256.148913778328
2025-07-22,0.052,6010,0.165774695950066,0.1666481849935,6237.00593358236,247.153794614971
2025-07-22,0.052,6020,0.164009940224921,0.164854834463893,6237.00593358236,238.259163557393
2025-07-22,0.052,6025,0.163197289974193,0.164028099705454,6237.00593358236,233.862092062495
2025-07-22,0.052,6030,0.162335173543548,0.163152471530482,6237.00593358236,229.465020596332
2025-07-22,0.052,6040,0.160466169061862,0.161521297293962,6237.00593358236,220.721121660425
2025-07-22,0.052,6050,0.158665566148744,0.159688162410198,6237.00593358236,212.02746674859
2025-07-22,0.052,6060,0.156915349678662,0.157906873672087,6237.00593358236,203.434299917863
2025-07-22,0.052,6070,0.155198839809823,0.156160846552879,6237.00593358236,194.941621220662
2025-07-22,0.052,6075,0.154378020987,0.155325771073188,6237.00593358236,190.745525879549
2025-07-22,0.052,6080,0.153500585027599,0.154434688182167,6237.00593358236,186.549430589457
2025-07-22,0.052,6085,0.152567314242582,0.153488340464049,6237.00593358236,182.353335254274
2025-07-22,0.052,6090,0.151578867979228,0.152487352050479,6237.00593358236,178.157239928234
2025-07-22,0.052,6095,0.150760123095364,0.151655973630371,6237.00593358236,174.061632680639
2025-07-22,0.052,6100,0.149881218702197,0.150765000024233,6237.00593358236,169.96602543124
2025-07-22,0.052,6105,0.149161093311987,0.150032833506249,6237.00593358236,165.970906330115
2025-07-22,0.052,6110,0.148161026907767,0.149021763671328,6237.00593358236,161.875299077069
2025-07-22,0.052,6115,0.14731529404192,0.148165072485719,6237.00593358236,157.880179952479
2025-07-22,0.052,6120,0.146406303564019,0.14724563620651,6237.00593358236,153.88506078902
2025-07-22,0.052,6125,0.145642035375522,0.146471056385363,6237.00593358236,149.990429716288
2025-07-22,0.052,6130,0.144810517839104,0.145629748029341,6237.00593358236,146.095798627129
2025-07-22,0.052,6135,0.143912315278038,0.144722245775811,6237.00593358236,142.201167546135
2025-07-22,0.052,6140,0.142947825396167,0.143949034998849,6237.00593358236,138.356780551553
2025-07-22,0.052,6145,0.142115544757315,0.143105991617974,6237.00593358236,134.562637565208
2025-07-22,0.052,6150,0.14140938484015,0.142193499512712,6237.00593358236,130.818738637036
2025-07-22,0.052,6155,0.1404353299844,0.141405759667029,6237.00593358236,127.074839686618
2025-07-22,0.052,6160,0.139583987355233,0.14054516478464,6237.00593358236,123.381184798547
2025-07-22,0.052,6165,0.138849964303904,0.139611885705032,6237.00593358236,119.737773948253
2025-07-22,0.052,6170,0.138039382025848,0.138794675466147,6237.00593358236,116.144607135482
2025-07-22,0.052,6175,0.137152364939942,0.138088698757595,6237.00593358236,112.601684351299
2025-07-22,0.052,6180,0.136374696183749,0.137117990551309,6237.00593358236,109.058761605641
2025-07-22,0.052,6185,0.135517495681107,0.136439857768392,6237.00593358236,105.616326916298
2025-07-22,0.052,6190,0.134763815757169,0.135496757310158,6237.00593358236,102.173892264103
2025-07-22,0.052,6195,0.133927652958372,0.134838143156656,6237.00593358236,98.8319456386887
2025-07-22,0.052,6200,0.133189721117093,0.133914024798722,6237.00593358236,95.4899990605709
2025-07-22,0.052,6205,0.132366438509503,0.133267241206782,6237.00593358236,92.248540543012
2025-07-22,0.052,6210,0.131636587637789,0.132533387103189,6237.00593358236,89.0573260674248
2025-07-22,0.052,6215,0.130818535279571,0.131711924212598,6237.00593358236,85.8661116053652
2025-07-22,0.052,6220,0.130089556213098,0.130980119164188,6237.00593358236,82.7753851885241
2025-07-22,0.052,6225,0.129447143725454,0.13015782157574,6237.00593358236,79.7349028638764
2025-07-22,0.052,6230,0.128711842579411,0.129775948761129,6237.00593358236,76.8451526512047
2025-07-22,0.052,6235,0.127882532859571,0.128768340099246,6237.00593358236,73.8046702793736
2025-07-22,0.052,6240,0.127275662406238,0.128161180644876,6237.00593358236,70.9948320201331
2025-07-22,0.052,6245,0.126564924019985,0.12745083239547,6237.00593358236,68.1811656589164
2025-07-22,0.052,6250,0.125932881954729,0.126819879541069,6237.00593358236,65.4679873771488
2025-07-22,0.052,6255,0.125200844512232,0.126089658905189,6237.00593358236,62.7548091014282
2025-07-22,0.052,6260,0.124545061724877,0.125436438855624,6237.00593358236,60.1421188486486
2025-07-22,0.052,6270,0.123280933065503,0.124179783623354,6237.00593358236,55.1177146102993
2025-07-22,0.052,6275,0.122670970621223,0.123574789348452,6237.00593358236,52.7060005811918
2025-07-22,0.052,6280,0.12195358375594,0.122863287277687,6237.00593358236,50.294286515058
2025-07-22,0.052,6290,0.120922800586979,0.121662083137029,6237.00593358236,45.8225667278696
2025-07-22,0.052,6300,0.119822926670744,0.120576863144948,6237.00593358236,41.6020671763147
2025-07-22,0.052,6310,0.118647552325134,0.119612595034265,6237.00593358236,37.632787816656
2025-07-22,0.052,6320,0.117787110092337,0.118580888400763,6237.00593358236,33.9649727136913
2025-07-22,0.052,6325,0.117181831764049,0.117988257433038,6237.00593358236,32.1561872157723
2025-07-22,0.052,6330,0.116658025389068,0.117682846056284,6237.00593358236,30.4981337908299
2025-07-22,0.052,6340,0.115875085201585,0.116725420110622,6237.00593358236,27.3327591161343
2025-07-22,0.052,6350,0.11504452154321,0.115930369819286,6237.00593358236,24.4186046608044
2025-07-22,0.052,6375,0.112989044017658,0.113990983835445,6237.00593358236,18.0878553189909
2025-07-22,0.052,6400,0.1113496332516,0.112224981302204,6237.00593358236,13.1136950938669
2025-07-22,0.052,6425,0.109782647949709,0.110833615061649,6237.00593358236,9.29514785615953
2025-07-22,0.052,6450,0.108555071373082,0.109422853300883,6237.00593358236,6.43123743559823
2025-07-22,0.052,6475,0.107139493947009,0.108797643359826,6237.00593358236,4.37123169477155
2025-07-22,0.052,6500,0.106430673066626,0.107878509032857,6237.00593358236,2.91415446308861
2025-07-22,0.052,6525,0.106051031933735,0.107499469039584,6237.00593358236,1.93439563666519
2025-07-22,0.052,6550,0.105755175344519,0.107716321971354,6237.00593358236,1.28122308201542
2025-07-22,0.052,6575,0.106200008912113,0.108824243824306,6237.00593358236,0.879270743720667
2025-07-22,0.052,6600,0.107243337287193,0.110689380843482,6237.00593358236,0.628050533555992
2025-07-22,0.052,6625,0.109085501488836,0.114711454106045,6237.00593358236,0.502440426486466
2025-07-22,0.052,6700,0.117509671425668,0.124844426198777,6237.00593358236,0.276342233767942
2025-07-22,0.052,6800,0.130152620430199,0.142229488872897,6237.00593358236,0.175854148981817
2025-07-22,0.052,7000,0.159771619972339,0.175427092206539,6237.00593358236,0.100488084740138
2025-07-22,0.052,7200,NA,0.213718500479082,6237.00593358236,NA
2025-07-22,0.052,7400,NA,0.241945066252166,6237.00593358236,NA
2025-07-22,0.052,7600,NA,0.276121339144916,6237.00593358236,NA
2025-07-22,0.052,7800,NA,0.309043126059399,6237.00593358236,NA
2025-07-22,0.052,8000,NA,0.340825096524171,6237.00593358236,NA
2025-07-23,0.056,2400,NA,1.19310189651226,6237.74225317449,NA
2025-07-23,0.056,2600,NA,1.09670991152406,6237.74225317449,NA
2025-07-23,0.056,2800,NA,1.00745052930404,6237.74225317449,NA
2025-07-23,0.056,3000,NA,0.92429813406833,6237.74225317449,NA
2025-07-23,0.056,3200,NA,0.872411722976139,6237.74225317449,NA
2025-07-23,0.056,3400,NA,0.773160474947372,6237.74225317449,NA
2025-07-23,0.056,3600,0.670154063575485,0.74263700329701,6237.74225317449,2637.86755654046
2025-07-23,0.056,3800,0.638287594068,0.686269439195171,6237.74225317449,2437.91767788689
2025-07-23,0.056,4000,0.60811981502708,0.629356834563652,6237.74225317449,2237.99285990641
2025-07-23,0.056,4200,0.564752515950878,0.579559258643329,6237.74225317449,2038.09310259948
2025-07-23,0.056,4400,0.516215548727155,0.53214309433688,6237.74225317449,1838.21840596537
2025-07-23,0.056,4600,0.473704600467265,0.484671152102803,6237.74225317449,1638.41889135106
2025-07-23,0.056,4800,0.431067918130076,0.436128820897608,6237.74225317449,1438.69455875584
2025-07-23,0.056,4900,0.407299742096687,0.411581503163166,6237.74225317449,1338.84492279557
2025-07-23,0.056,5000,0.382456184621102,0.387878772913324,6237.74225317449,1239.02034750696
2025-07-23,0.056,5100,0.359928609273987,0.36439646969115,6237.74225317449,1139.27095423984
2025-07-23,0.056,5150,0.347311970568746,0.351437942323252,6237.74225317449,1089.37119693411
2025-07-23,0.056,5175,0.342260263593005,0.346148930280965,6237.74225317449,1064.47143962466
2025-07-23,0.056,5200,0.3357482946251,0.339491658256719,6237.74225317449,1039.52156097323
2025-07-23,0.056,5225,0.330406984018117,0.333946143533721,6237.74225317449,1014.62180366705
2025-07-23,0.056,5250,0.32374457604091,0.327155205183184,6237.74225317449,989.671925010938
2025-07-23,0.056,5275,0.318149098044572,0.321381769632733,6237.74225317449,964.77216770421
2025-07-23,0.056,5300,0.31240826940713,0.315476854617812,6237.74225317449,939.872410399685
2025-07-23,0.056,5325,0.306532160635998,0.309448797367212,6237.74225317449,914.972653089111
2025-07-23,0.056,5350,0.300529458933531,0.304204578739342,6237.74225317449,890.097956455603
2025-07-23,0.056,5375,0.295300811873589,0.297909368261276,6237.74225317449,865.223259821323
2025-07-23,0.056,5400,0.289024238033356,0.292321645271602,6237.74225317449,840.348563191435
2025-07-23,0.056,5425,0.283444655094022,0.285791698867623,6237.74225317449,815.473866551944
2025-07-23,0.056,5450,0.277683723858807,0.279901509808836,6237.74225317449,790.624230593579
2025-07-23,0.056,5475,0.271753913718351,0.275216600591125,6237.74225317449,765.824715977469
2025-07-23,0.056,5500,0.265665763897259,0.268304858206649,6237.74225317449,740.950019348145
2025-07-23,0.056,5525,0.260063056654955,0.262544365129601,6237.74225317449,716.150504727702
2025-07-23,0.056,5550,0.254248452863208,0.256586030615954,6237.74225317449,691.350990114996
2025-07-23,0.056,5575,0.248236266513433,0.251519299660855,6237.74225317449,666.60159684775
2025-07-23,0.056,5600,0.243088441809303,0.245142135415568,6237.74225317449,641.852203579691
2025-07-23,0.056,5625,0.237636569242876,0.239554756578689,6237.74225317449,617.15293166466
2025-07-23,0.056,5650,0.231905676798671,0.234583887820347,6237.74225317449,592.503781087316
2025-07-23,0.056,5675,0.226763736015944,0.228430625018008,6237.74225317449,567.854630512127
2025-07-23,0.056,5700,0.221268548655206,0.223585279479715,6237.74225317449,543.305722635711
2025-07-23,0.056,5725,0.216177229911022,0.218322028110879,6237.74225317449,518.80693608843
2025-07-23,0.056,5750,0.211354708324168,0.212678153936952,6237.74225317449,494.35827089782
2025-07-23,0.056,5775,0.206682409214117,0.207898808173618,6237.74225317449,470.059969753775
2025-07-23,0.056,5800,0.201495721146544,0.203176450329663,6237.74225317449,445.8117899461
2025-07-23,0.056,5825,0.1968849780931,0.198427732564387,6237.74225317449,421.713974181431
2025-07-23,0.056,5850,0.192640384364343,0.19405101559443,6237.74225317449,397.816643806633
2025-07-23,0.056,5860,0.191022349197602,0.192382457051131,6237.74225317449,388.317857273396
2025-07-23,0.056,5870,0.18928197215052,0.19059507950065,6237.74225317449,378.819070730489
2025-07-23,0.056,5875,0.188151052887299,0.189444494488151,6237.74225317449,374.019556112345
2025-07-23,0.056,5880,0.1874250170912,0.188694233245657,6237.74225317449,369.320284191279
2025-07-23,0.056,5890,0.185867362768392,0.186684554235306,6237.74225317449,359.871619017521
2025-07-23,0.056,5900,0.184174977792214,0.184963765375794,6237.74225317449,350.473075160263
2025-07-23,0.056,5910,0.18235420432388,0.183495863046058,6237.74225317449,341.124652673509
2025-07-23,0.056,5920,0.180410477940284,0.181515209140303,6237.74225317449,331.726108819741
2025-07-23,0.056,5925,0.179757434842008,0.180841396529979,6237.74225317449,327.127079606479
2025-07-23,0.056,5930,0.17870616184881,0.179773211300903,6237.74225317449,322.427807665526
2025-07-23,0.056,5940,0.177209549608963,0.178238812684859,6237.74225317449,313.229749234697
2025-07-23,0.056,5950,0.175558348881187,0.176552659711897,6237.74225317449,304.031690766995
2025-07-23,0.056,5960,0.173759479101173,0.174721314568187,6237.74225317449,294.833632301314
2025-07-23,0.056,5970,0.172129921582435,0.173059527176564,6237.74225317449,285.735816533709
2025-07-23,0.056,5975,0.171103086639114,0.172018379114943,6237.74225317449,281.136787324977
2025-07-23,0.056,5980,0.170343755333377,0.171243453685809,6237.74225317449,276.638000782742
2025-07-23,0.056,5990,0.168698044897698,0.169568340086777,6237.74225317449,267.640427690562
2025-07-23,0.056,6000,0.166888622505318,0.167731641584493,6237.74225317449,258.642854639332
2025-07-23,0.056,6010,0.165194180324884,0.166010580167609,6237.74225317449,249.745524259998
2025-07-23,0.056,6020,0.163330147213997,0.164385033884304,6237.74225317449,240.898315234777
2025-07-23,0.056,6025,0.16246644156869,0.163505091211985,6237.74225317449,236.499771373446
2025-07-23,0.056,6030,0.161558356510954,0.162581373759316,6237.74225317449,232.101227528834
2025-07-23,0.056,6040,0.159860498850497,0.160852807483191,6237.74225317449,223.404382542458
2025-07-23,0.056,6050,0.158219578468753,0.159182475934541,6237.74225317449,214.807780221429
2025-07-23,0.056,6060,0.156619863726727,0.157321338363746,6237.74225317449,206.261299302631
2025-07-23,0.056,6070,0.154819266052299,0.155728314155784,6237.74225317449,197.815061019859
2025-07-23,0.056,6075,0.153957528553527,0.154854056334669,6237.74225317449,193.617002561877
2025-07-23,0.056,6080,0.153044348288193,0.153928855314242,6237.74225317449,189.418944095148
2025-07-23,0.056,6090,0.151281501483288,0.152142803734276,6237.74225317449,181.123069881089
2025-07-23,0.056,6100,0.149727963315222,0.150566959517433,6237.74225317449,173.027681066902
2025-07-23,0.056,6110,0.147946392415474,0.148764991925705,6237.74225317449,164.932292213937
2025-07-23,0.056,6120,0.146340768431712,0.147140012293979,6237.74225317449,157.037388772408
2025-07-23,0.056,6125,0.145349011898682,0.146336805508638,6237.74225317449,153.089937050457
2025-07-23,0.056,6130,0.144495461598456,0.145472340544394,6237.74225317449,149.192606660053
2025-07-23,0.056,6140,0.142987170136966,0.143752113243291,6237.74225317449,141.548309949534
2025-07-23,0.056,6150,0.141219603418357,0.141969552667788,6237.74225317449,133.95413454868
2025-07-23,0.056,6160,0.139562577558915,0.140298806826112,6237.74225317449,126.560444602319
2025-07-23,0.056,6170,0.137996735164446,0.138720608982499,6237.74225317449,119.367239980742
2025-07-23,0.056,6175,0.137107712242545,0.138005529614414,6237.74225317449,115.820759058643
2025-07-23,0.056,6180,0.136326109085032,0.13721735219264,6237.74225317449,112.324399401174
2025-07-23,0.056,6190,0.134717571807841,0.13559709218358,6237.74225317449,105.431922866384
2025-07-23,0.056,6200,0.133155205429363,0.134024899333306,6237.74225317449,98.7399317707818
2025-07-23,0.056,6210,0.131624244121216,0.132486091050391,6237.74225317449,92.2484260518042
2025-07-23,0.056,6220,0.130282110793377,0.130966960740362,6237.74225317449,86.0075269551262
2025-07-23,0.056,6225,0.129484829547916,0.130168014901319,6237.74225317449,82.9121381635705
2025-07-23,0.056,6230,0.128772631313527,0.129454593723974,6237.74225317449,79.9169920178531
2025-07-23,0.056,6240,0.127344765377121,0.128195890455155,6237.74225317449,74.1294713857037
2025-07-23,0.056,6250,0.125937772707918,0.12678998816096,6237.74225317449,68.5158805545761
2025-07-23,0.056,6260,0.124672027039724,0.125527899098025,6237.74225317449,63.2030178325278
2025-07-23,0.056,6270,0.123540691882766,0.124230502432133,6237.74225317449,58.1407618597736
2025-07-23,0.056,6275,0.122829205819108,0.123695759128706,6237.74225317449,55.6848158674086
2025-07-23,0.056,6280,0.12236594341503,0.123063210365761,6237.74225317449,53.3291125493854
2025-07-23,0.056,6290,0.121140368163305,0.121847660364994,6237.74225317449,48.717948747206
2025-07-23,0.056,6300,0.120036436445508,0.120756471613844,6237.74225317449,44.4075129154739
2025-07-23,0.056,6310,0.11905811380406,0.119793792281265,6237.74225317449,40.397805214533
2025-07-23,0.056,6320,0.118025083237311,0.118779745415527,6237.74225317449,36.5885828658483
2025-07-23,0.056,6325,0.117534894114814,0.118300358034185,6237.74225317449,34.7842144177673
2025-07-23,0.056,6350,0.115401974061281,0.116027783395726,6237.74225317449,26.7146776135311
2025-07-23,0.056,6375,0.113404517350049,0.114105036071757,6237.74225317449,20.0986599398356
2025-07-23,0.056,6400,0.111564717107035,0.112638771123523,6237.74225317449,14.835918550181
2025-07-23,0.056,6425,0.110019089069048,0.11097323617717,6237.74225317449,10.6758467877377
2025-07-23,0.056,6450,0.108713026446599,0.109872866040626,6237.74225317449,7.56832329943614
2025-07-23,0.056,6475,0.107556546598761,0.109005172006394,6237.74225317449,5.26274138109616
2025-07-23,0.056,6500,0.106300399082813,0.108167581810232,6237.74225317449,3.5586155932736
2025-07-23,0.056,6525,0.105929089648986,0.107558896587551,6237.74225317449,2.40582462458741
2025-07-23,0.056,6550,0.105865604736016,0.107485768411397,6237.74225317449,1.62894376111022
2025-07-23,0.056,6575,0.106166841604849,0.108307729559565,6237.74225317449,1.12773029755832
2025-07-23,0.056,6600,0.106434440411959,0.11017629821139,6237.74225317449,0.801941544129171
2025-07-23,0.056,6625,0.107799028072592,0.11255728811076,6237.74225317449,0.601456157151617
2025-07-23,0.056,6700,0.115723680672708,0.121944801384061,6237.74225317449,0.325788751821626
2025-07-23,0.056,6800,0.125234008618076,0.139505792929792,6237.74225317449,0.200485386197526
2025-07-23,0.056,7000,0.153784313905144,0.173462628470628,6237.74225317449,0.125303365588444
2025-07-23,0.056,7200,NA,0.205744263974056,6237.74225317449,NA
2025-07-23,0.056,7400,NA,0.23294854693394,6237.74225317449,NA
2025-07-23,0.056,7600,NA,0.265877608787403,6237.74225317449,NA
2025-07-23,0.056,7800,NA,0.29759786327002,6237.74225317449,NA
2025-07-23,0.056,8000,NA,0.328219836980081,6237.74225317449,NA
2025-07-24,0.06,2400,NA,1.15272299169854,6238.53507669199,NA
2025-07-24,0.06,2600,NA,1.05960485206952,6238.53507669199,NA
2025-07-24,0.06,2800,NA,0.973377133067741,6238.53507669199,NA
2025-07-24,0.06,3000,NA,0.920265013282763,6238.53507669199,NA
2025-07-24,0.06,3200,0.779165697187076,0.817822693807975,6238.53507669199,3038.61020322412
2025-07-24,0.06,3400,0.711478319010101,0.787744905266017,6238.53507669199,2838.66028757897
2025-07-24,0.06,3600,0.647534508337077,0.717561680669006,6238.53507669199,2638.660287579
2025-07-24,0.06,3800,0.636185945789254,0.673463084842794,6238.53507669199,2438.76045628838
2025-07-24,0.06,4000,0.587615014686426,0.616434718415961,6238.53507669199,2238.81054064355
2025-07-24,0.06,4200,0.553270459225921,0.571814620073987,6238.53507669199,2038.96079370803
2025-07-24,0.06,4400,0.509495372847913,0.522799917111299,6238.53507669199,1839.11104677267
2025-07-24,0.06,4600,0.46503052175907,0.474593953572124,6238.53507669199,1639.31138419146
2025-07-24,0.06,4800,0.421484291314588,0.428197867027159,6238.53507669199,1439.61189032051
2025-07-24,0.06,4900,0.399746738863137,0.403524302842483,6238.53507669199,1339.78718556211
2025-07-24,0.06,5000,0.376534837437986,0.381265174679137,6238.53507669199,1240.0125651581
2025-07-24,0.06,5100,0.353575570503438,0.357540965656899,6238.53507669199,1140.26298693282
2025-07-24,0.06,5150,0.342208101379755,0.34582329057789,6238.53507669199,1090.41323999688
2025-07-24,0.06,5175,0.335779271432565,0.339266558609071,6238.53507669199,1065.46332434964
2025-07-24,0.06,5200,0.330446361355205,0.333754739718899,6238.53507669199,1040.5634930594
2025-07-24,0.06,5225,0.3249707717863,0.32811427665942,6238.53507669199,1015.66366177319
2025-07-24,0.06,5250,0.319362793403743,0.322353708203452,6238.53507669199,990.76383048046
2025-07-24,0.06,5275,0.313631336199708,0.31648047649148,6238.53507669199,965.863999188635
2025-07-24,0.06,5300,0.307784140337905,0.310501081718519,6238.53507669199,940.964167899746
2025-07-24,0.06,5325,0.301827944955796,0.305263841607116,6238.53507669199,916.089378786961
2025-07-24,0.06,5350,0.29660464936268,0.299051631906571,6238.53507669199,891.214589674948
2025-07-24,0.06,5375,0.291199262452892,0.293512733211832,6238.53507669199,866.364842737265
2025-07-24,0.06,5400,0.285625310231636,0.287093755929886,6238.53507669199,841.490053624567
2025-07-24,0.06,5425,0.279187222938055,0.281972216350233,6238.53507669199,816.640306687338
2025-07-24,0.06,5450,0.274015957281279,0.276634559583644,6238.53507669199,791.840644103294
2025-07-24,0.06,5475,0.268629706285535,0.271097370447906,6238.53507669199,767.040981527946
2025-07-24,0.06,5500,0.261849605328345,0.265374538600584,6238.53507669199,742.191234590759
2025-07-24,0.06,5525,0.257274395578063,0.259477733950096,6238.53507669199,717.441656365135
2025-07-24,0.06,5550,0.251330212801975,0.253416767688727,6238.53507669199,692.641993783679
2025-07-24,0.06,5575,0.246217647970519,0.248168813002142,6238.53507669199,667.942499909433
2025-07-24,0.06,5600,0.239901406628008,0.242663488777255,6238.53507669199,643.19292169012
2025-07-24,0.06,5625,0.235199680343944,0.236919226033339,6238.53507669199,618.543512175026
2025-07-24,0.06,5650,0.229331841862795,0.231747745881333,6238.53507669199,593.894102660756
2025-07-24,0.06,5675,0.224771205710094,0.226268285939535,6238.53507669199,569.34486185247
2025-07-24,0.06,5700,0.219100537676734,0.221195478395674,6238.53507669199,544.795621036743
2025-07-24,0.06,5725,0.214470810049163,0.216407190189395,6238.53507669199,520.396633304057
2025-07-24,0.06,5750,0.210009012105404,0.211794252125057,6238.53507669199,496.097814268955
2025-07-24,0.06,5775,0.205063341297952,0.20671760753219,6238.53507669199,471.798995237265
2025-07-24,0.06,5800,0.200707128413109,0.202229211306738,6238.53507669199,447.700513621978
2025-07-24,0.06,5825,0.196269300675152,0.197670882505716,6238.53507669199,423.702200702101
2025-07-24,0.06,5850,0.192126507779757,0.193413526456265,6238.53507669199,399.904225231096
2025-07-24,0.06,5860,0.190367040657164,0.19161227423669,6238.53507669199,390.40506877271
2025-07-24,0.06,5870,0.188502666594903,0.189708686982945,6238.53507669199,380.905912318897
2025-07-24,0.06,5875,0.187731204812632,0.188916384093203,6238.53507669199,376.206418452589
2025-07-24,0.06,5880,0.186928523205912,0.18809359814248,6238.53507669199,371.506924574391
2025-07-24,0.06,5890,0.185232397659924,0.186359297247602,6238.53507669199,362.107936839905
2025-07-24,0.06,5900,0.183419581033317,0.184510757997416,6238.53507669199,352.70894909798
2025-07-24,0.06,5910,0.18184819043013,0.182902830445473,6238.53507669199,343.41013006169
2025-07-24,0.06,5920,0.180146448281421,0.181167049184259,6238.53507669199,334.111311046875
2025-07-24,0.06,5925,0.179080254918501,0.180419500127725,6238.53507669199,329.461901526852
2025-07-24,0.06,5930,0.178319748109052,0.179636493874546,6238.53507669199,324.862576365239
2025-07-24,0.06,5940,0.176693072015049,0.177967210791389,6238.53507669199,315.66392603799
2025-07-24,0.06,5950,0.174930408273238,0.176164810571221,6238.53507669199,306.465275689498
2025-07-24,0.06,5960,0.173337036128983,0.174531874970882,6238.53507669199,297.366794115032
2025-07-24,0.06,5970,0.171598859331484,0.172756859708945,6238.53507669199,288.268312482647
2025-07-24,0.06,5975,0.170820155497561,0.171959654570001,6238.53507669199,283.769156031603
2025-07-24,0.06,5980,0.170002755647221,0.171124425276566,6238.53507669199,279.269999589146
2025-07-24,0.06,5990,0.168254777989297,0.169342641045741,6238.53507669199,270.271686657208
2025-07-24,0.06,6000,0.166624751025774,0.167679523463546,6238.53507669199,261.373542472416
2025-07-24,0.06,6010,0.165093517160254,0.166116156495377,6238.53507669199,252.575566990516
2025-07-24,0.06,6020,0.163394639119501,0.164387471912181,6238.53507669199,243.777591515582
2025-07-24,0.06,6025,0.162484050259231,0.16346276420168,6238.53507669199,239.378603749362
2025-07-24,0.06,6030,0.161533468661378,0.162498545567509,6238.53507669199,234.979616015942
2025-07-24,0.06,6040,0.159984297232033,0.160921573868274,6238.53507669199,226.381977976172
2025-07-24,0.06,6050,0.158255094746174,0.159166626133993,6238.53507669199,217.784339894654
2025-07-24,0.06,6060,0.156572864533,0.157459751670303,6238.53507669199,209.286870551289
2025-07-24,0.06,6070,0.154923920225199,0.15578733323149,6238.53507669199,200.889569893452
2025-07-24,0.06,6075,0.154027896231362,0.154880243670276,6238.53507669199,196.690919555612
2025-07-24,0.06,6080,0.15308485194352,0.154136634981347,6238.53507669199,192.54235358445
2025-07-24,0.06,6090,0.151470245208007,0.152495716345833,6238.53507669199,184.345390380034
2025-07-24,0.06,6100,0.149852597122211,0.150653385524761,6238.53507669199,176.198511503293
2025-07-24,0.06,6110,0.148221254374513,0.149003493450721,6238.53507669199,168.201885667316
2025-07-24,0.06,6120,0.146566051870049,0.147331007927579,6238.53507669199,160.305428594003
2025-07-24,0.06,6125,0.145750095278662,0.146506849876769,6238.53507669199,156.407284401585
2025-07-24,0.06,6130,0.144877189912548,0.145813207953641,6238.53507669199,152.559224570359
2025-07-24,0.06,6140,0.143145106292993,0.144062680800168,6238.53507669199,144.863104881187
2025-07-24,0.06,6150,0.141540554930902,0.142441040396429,6238.53507669199,137.367322630522
2025-07-24,0.06,6160,0.13986761626112,0.140752636678738,6238.53507669199,129.9717090626
2025-07-24,0.06,6170,0.138291823703576,0.139162872972903,6238.53507669199,122.776432951624
2025-07-24,0.06,6175,0.137578371239614,0.138442999185308,6238.53507669199,119.278963600074
2025-07-24,0.06,6180,0.136796622126391,0.137655284368918,6238.53507669199,115.78149422935
2025-07-24,0.06,6190,0.13519725852208,0.136045252173476,6238.53507669199,108.886724208641
2025-07-24,0.06,6200,0.133653146502622,0.134492157111229,6238.53507669199,102.19229164073
2025-07-24,0.06,6210,0.132150558664305,0.132982350940883,6238.53507669199,95.6981964920162
2025-07-24,0.06,6220,0.13067674432797,0.131503163600887,6238.53507669199,89.404438740642
2025-07-24,0.06,6225,0.129905649981559,0.130894991187699,6238.53507669199,86.357728532796
2025-07-24,0.06,6230,0.129219781109469,0.130207356440696,6238.53507669199,83.361102752815
2025-07-24,0.06,6240,0.127871044995614,0.128692622409777,6238.53507669199,77.4804968549283
2025-07-24,0.06,6250,0.126551411548062,0.127373738385859,6238.53507669199,71.8710491406023
2025-07-24,0.06,6260,0.125217558405506,0.126207985330042,6238.53507669199,66.5120231529145
2025-07-24,0.06,6270,0.124026695001328,0.124857515209968,6238.53507669199,61.3533346237512
2025-07-24,0.06,6275,0.123546109560805,0.124213713159939,6238.53507669199,58.8992012086314
2025-07-24,0.06,6280,0.122974846334363,0.123813680573758,6238.53507669199,56.5452365529679
2025-07-24,0.06,6290,0.121721427593559,0.122571139244068,6238.53507669199,51.8373071957485
2025-07-24,0.06,6300,0.12077104783077,0.12163449197816,6238.53507669199,47.5300527256863
2025-07-24,0.06,6310,0.119608571284185,0.120489190475042,6238.53507669199,43.3229668864446
2025-07-24,0.06,6320,0.118759604982775,0.119480519668866,6238.53507669199,39.4664715641928
2025-07-24,0.06,6325,0.118185911004413,0.119098773455918,6238.53507669199,37.6133504605725
2025-07-24,0.06,6350,0.116020108424596,0.11700739591894,6238.53507669199,29.2993475466379
2025-07-24,0.06,6375,0.114038703931053,0.115132770759997,6238.53507669199,22.3877066150338
2025-07-24,0.06,6400,0.112496081300118,0.113489892418059,6238.53507669199,16.828343214926
2025-07-24,0.06,6425,0.111033185556817,0.11190230247732,6238.53507669199,12.3708356148709
2025-07-24,0.06,6450,0.109424381106463,0.110811716029941,6238.53507669199,8.91501515424807
2025-07-24,0.06,6475,0.108132359481499,0.109836183718238,6238.53507669199,6.310628697791
2025-07-24,0.06,6500,0.1070608993439,0.108676068656456,6238.53507669199,4.35733886843795
2025-07-24,0.06,6525,0.106595401911162,0.107978116456037,6238.53507669199,3.00506128201502
2025-07-24,0.06,6550,0.106028358012541,0.107837208369133,6238.53507669199,2.05345854882921
2025-07-24,0.06,6575,0.106313448803832,0.108089012090898,6238.53507669199,1.42740411227446
2025-07-24,0.06,6600,0.10703949158485,0.109332815071638,6238.53507669199,1.02672926903449
2025-07-24,0.06,6625,0.107476999136242,0.111412242430312,6238.53507669199,0.751265321370589
2025-07-24,0.06,6700,0.113847768251343,0.12075745590539,6238.53507669199,0.400674837005024
2025-07-24,0.06,6800,0.125465757472349,0.134586587836085,6238.53507669199,0.22537959644302
2025-07-24,0.06,7000,0.148409510610072,0.167400903035842,6238.53507669199,0.125210886648241
2025-07-24,0.06,7200,NA,0.198593235134256,6238.53507669199,NA
2025-07-24,0.06,7400,NA,0.232681456861785,6238.53507669199,NA
2025-07-24,0.06,7600,NA,0.25669363795453,6238.53507669199,NA
2025-07-24,0.06,7800,NA,0.287338075747168,6238.53507669199,NA
2025-07-24,0.06,8000,NA,0.316921356303707,6238.53507669199,NA
2025-07-25,0.064,1800,NA,1.44132261500463,6240.51536032224,NA
2025-07-25,0.064,2000,NA,1.32228483578311,6240.51536032224,NA
2025-07-25,0.064,2200,NA,1.21476860631137,6240.51536032224,NA
2025-07-25,0.064,2400,NA,1.11670396947163,6240.51536032224,NA
2025-07-25,0.064,2600,NA,1.02652543910032,6240.51536032224,NA
2025-07-25,0.064,2800,NA,0.943019996647838,6240.51536032224,NA
2025-07-25,0.064,3000,NA,0.891604717781,6240.51536032224,NA
2025-07-25,0.064,3200,0.754911962450616,0.792377058697856,6240.51536032224,3040.5907263859
2025-07-25,0.064,3400,0.689362881696408,0.763282479330482,6240.51536032224,2840.64097042834
2025-07-25,0.064,3600,0.659075464957554,0.708136566992985,6240.51536032224,2640.69121447096
2025-07-25,0.064,3800,0.616494290901003,0.652629399285411,6240.51536032224,2440.7414585134
2025-07-25,0.064,4000,0.580196726681217,0.597409500063243,6240.51536032224,2240.81682457743
2025-07-25,0.064,4200,0.542792286018069,0.559290021504968,6240.51536032224,2040.99267872612
2025-07-25,0.064,4400,0.502740263204417,0.510568569611075,6240.51536032224,1841.16853287471
2025-07-25,0.064,4500,0.480420019907496,0.487099629412656,6240.51536032224,1741.26902095936
2025-07-25,0.064,4600,0.460099617798635,0.46563396989298,6240.51536032224,1641.41975308757
2025-07-25,0.064,4700,0.438212684698677,0.442891309380758,6240.51536032224,1541.57048521437
2025-07-25,0.064,4750,0.425696945335649,0.430092630436068,6240.51536032224,1491.6207292569
2025-07-25,0.064,4800,0.415189126238498,0.419199273915494,6240.51536032224,1441.72121734273
2025-07-25,0.064,4850,0.404292356275169,0.407968196109746,6240.51536032224,1391.82170542747
2025-07-25,0.064,4900,0.393061317323035,0.396443840459681,6240.51536032224,1341.92219351237
2025-07-25,0.064,4950,0.381539264659074,0.384661821759184,6240.51536032224,1292.022681596
2025-07-25,0.064,5000,0.369760798372122,0.374050647247567,6240.51536032224,1242.14829170544
2025-07-25,0.064,5050,0.359107701684482,0.363011820760184,6240.51536032224,1192.29902382952
2025-07-25,0.064,5100,0.34803142060457,0.351600657764798,6240.51536032224,1142.44975595824
2025-07-25,0.064,5150,0.337695074582587,0.33986049517463,6240.51536032224,1092.62561010694
2025-07-25,0.064,5175,0.331271275523531,0.334387523058717,6240.51536032224,1067.70097617273
2025-07-25,0.064,5200,0.325831691758475,0.328800843004807,6240.51536032224,1042.80146425634
2025-07-25,0.064,5225,0.320275241416702,0.323107532773428,6240.51536032224,1017.90195234233
2025-07-25,0.064,5250,0.314609282819667,0.317313801957846,6240.51536032224,993.002440426767
2025-07-25,0.064,5275,0.309712914919642,0.312265360286363,6240.51536032224,968.153172551694
2025-07-25,0.064,5300,0.303808052146097,0.306250810851074,6240.51536032224,943.253660637708
2025-07-25,0.064,5325,0.298601740529801,0.300914631685957,6240.51536032224,918.404392767695
2025-07-25,0.064,5350,0.293234341103677,0.295427913103324,6240.51536032224,893.555124894708
2025-07-25,0.064,5375,0.287716969784731,0.289112859779173,6240.51536032224,868.680734999721
2025-07-25,0.064,5400,0.281385866862235,0.284040441208006,6240.51536032224,843.831467125344
2025-07-25,0.064,5425,0.276269063203393,0.278772882763302,6240.51536032224,819.032443297051
2025-07-25,0.064,5450,0.270958038769979,0.273324314500265,6240.51536032224,794.233419463624
2025-07-25,0.064,5475,0.265466603329544,0.267706671026652,6240.51536032224,769.434395638001
2025-07-25,0.064,5500,0.259806393757658,0.261930055737204,6240.51536032224,744.63537180709
2025-07-25,0.064,5525,0.253987231432946,0.256003024284961,6240.51536032224,719.836347979017
2025-07-25,0.064,5550,0.248981482024841,0.250871829800592,6240.51536032224,695.137812229576
2025-07-25,0.064,5575,0.243725452043938,0.245502625791461,6240.51536032224,670.439276491711
2025-07-25,0.064,5600,0.238237579639946,0.239911893611237,6240.51536032224,645.740740744173
2025-07-25,0.064,5610,0.235815438379503,0.238261166111744,6240.51536032224,635.891472873017
2025-07-25,0.064,5620,0.234173706437447,0.235762010149628,6240.51536032224,626.042204998294
2025-07-25,0.064,5625,0.233327224147966,0.234891129828037,6240.51536032224,621.14269308056
2025-07-25,0.064,5630,0.232464190510105,0.234004378751141,6240.51536032224,616.243181168784
2025-07-25,0.064,5640,0.229931574892747,0.231440866216332,6240.51536032224,606.34366925162
2025-07-25,0.064,5650,0.228117639223859,0.229582782947024,6240.51536032224,596.544645427115
2025-07-25,0.064,5660,0.226243036620384,0.227666280286437,6240.51536032224,586.745621589236
2025-07-25,0.064,5670,0.224310115033845,0.225693514246331,6240.51536032224,576.946597762289
2025-07-25,0.064,5675,0.223322457775335,0.224686651370103,6240.51536032224,572.047085839726
2025-07-25,0.064,5680,0.222321003263921,0.2236664427869,6240.51536032224,567.147573933186
2025-07-25,0.064,5690,0.220277633513914,0.221586846334971,6240.51536032224,557.348550104639
2025-07-25,0.064,5700,0.218181760744803,0.219456344373192,6240.51536032224,547.5495262666
2025-07-25,0.064,5710,0.216034980137534,0.217890226656487,6240.51536032224,537.800746488017
2025-07-25,0.064,5720,0.214445758781579,0.215646709718913,6240.51536032224,528.05196669783
2025-07-25,0.064,5725,0.213321736107542,0.215094263574052,6240.51536032224,523.202698831191
2025-07-25,0.064,5730,0.212773477712846,0.213936400421152,6240.51536032224,518.35343095726
2025-07-25,0.064,5740,0.211021917227873,0.212149015303674,6240.51536032224,508.654895207203
2025-07-25,0.064,5750,0.209194448423342,0.210287710967931,6240.51536032224,498.956359461584
2025-07-25,0.064,5760,0.207294082963628,0.208355311795149,6240.51536032224,489.257823717513
2025-07-25,0.064,5770,0.205323514408241,0.206865433454074,6240.51536032224,479.609532015801
2025-07-25,0.064,5775,0.204567779899391,0.206083733817364,6240.51536032224,474.810508177136
2025-07-25,0.064,5780,0.203787481321079,0.20478401830378,6240.51536032224,469.961240312561
2025-07-25,0.064,5790,0.201669627884015,0.203119977839122,6240.51536032224,460.312948606741
2025-07-25,0.064,5800,0.199961577480055,0.201366372373502,6240.51536032224,450.714900946186
2025-07-25,0.064,5810,0.19862103642278,0.199526868261962,6240.51536032224,441.167097335313
2025-07-25,0.064,5820,0.19672572397011,0.198041360443107,6240.51536032224,431.619293715898
2025-07-25,0.064,5825,0.195747441491948,0.197043867981651,6240.51536032224,426.820269879588
2025-07-25,0.064,5830,0.195176877630552,0.196449359525824,6240.51536032224,422.121734142937
2025-07-25,0.064,5840,0.19352360427349,0.19475568641411,6240.51536032224,412.62417456749
2025-07-25,0.064,5850,0.191770426343139,0.192964565965512,6240.51536032224,403.126614998492
2025-07-25,0.064,5860,0.189921304143229,0.191079703679725,6240.51536032224,393.629055406249
2025-07-25,0.064,5870,0.188355816524454,0.1894767993034,6240.51536032224,384.231983912053
2025-07-25,0.064,5875,0.187530740247793,0.188633932437258,6240.51536032224,379.533448167445
2025-07-25,0.064,5880,0.186678244524863,0.187764211466753,6240.51536032224,374.834912437214
2025-07-25,0.064,5890,0.184893158173434,0.186295279152457,6240.51536032224,365.488084973456
2025-07-25,0.064,5900,0.183346157598803,0.184365528719285,6240.51536032224,356.141257522255
2025-07-25,0.064,5910,0.181678542601688,0.182666397911765,6240.51536032224,346.844674149243
2025-07-25,0.064,5920,0.180215254393233,0.181171298052467,6240.51536032224,337.648578816507
2025-07-25,0.064,5925,0.179118995463779,0.180375049265392,6240.51536032224,333.000287108143
2025-07-25,0.064,5930,0.178310663639414,0.179547220639485,6240.51536032224,328.402239460684
2025-07-25,0.064,5940,0.176900522517832,0.177799186956687,6240.51536032224,319.256388169673
2025-07-25,0.064,5950,0.175058842894965,0.176221255849681,6240.51536032224,310.110536894918
2025-07-25,0.064,5960,0.173665523932906,0.174510650857003,6240.51536032224,301.065173706983
2025-07-25,0.064,5970,0.171850986396804,0.172944636458896,6240.51536032224,292.019810513208
2025-07-25,0.064,5975,0.171031476082199,0.172108913273459,6240.51536032224,287.522250944324
2025-07-25,0.064,5980,0.170177087591655,0.17123885309781,6240.51536032224,283.024691357678
2025-07-25,0.064,5990,0.168624433452439,0.169654912195334,6240.51536032224,274.130060294155
2025-07-25,0.064,6000,0.16692401669217,0.167925322046453,6240.51536032224,265.235429238802
2025-07-25,0.064,6010,0.165324339348566,0.166297194544425,6240.51536032224,256.441286246011
2025-07-25,0.064,6020,0.163808973910045,0.164518329427794,6240.51536032224,247.697387330496
2025-07-25,0.064,6025,0.16287372013554,0.163806459193575,6240.51536032224,243.350559863046
2025-07-25,0.064,6030,0.162132375870141,0.163052046580704,6240.51536032224,239.053976461602
2025-07-25,0.064,6040,0.160299040024428,0.161194792770565,6240.51536032224,230.36032154789
2025-07-25,0.064,6050,0.158749515129062,0.159621455412158,6240.51536032224,221.867642841377
2025-07-25,0.064,6055,0.158017583915547,0.1588779376727,6240.51536032224,217.671547509863
2025-07-25,0.064,6060,0.157027636622138,0.157877467452832,6240.51536032224,213.374964095774
2025-07-25,0.064,6065,0.15620836015681,0.157047424461984,6240.51536032224,209.178868791249
2025-07-25,0.064,6070,0.155552152599049,0.156380302967802,6240.51536032224,205.083261544595
2025-07-25,0.064,6075,0.154642194418785,0.155460383128449,6240.51536032224,200.887166256259
2025-07-25,0.064,6080,0.153891163671014,0.15469927037725,6240.51536032224,196.791559027201
2025-07-25,0.064,6085,0.15309226599881,0.153890689133058,6240.51536032224,192.695951759424
2025-07-25,0.064,6090,0.152245997040406,0.153035112478636,6240.51536032224,188.60034453548
2025-07-25,0.064,6095,0.151352767014293,0.152132930696351,6240.51536032224,184.504737292429
2025-07-25,0.064,6100,0.150605923580129,0.151377122991368,6240.51536032224,180.509618135953
2025-07-25,0.064,6105,0.149808448503158,0.150571057336761,6240.51536032224,176.514498995635
2025-07-25,0.064,6110,0.148960761460615,0.149715133619161,6240.51536032224,172.519379841291
2025-07-25,0.064,6115,0.148063188560921,0.14880966033917,6240.51536032224,168.524260705004
2025-07-25,0.064,6120,0.147300782144459,0.148039422227451,6240.51536032224,164.629629643249
2025-07-25,0.064,6125,0.146485158646411,0.147216315406997,6240.51536032224,160.734998587099
2025-07-25,0.064,6130,0.145616609541639,0.146340614909006,6240.51536032224,156.840367504864
2025-07-25,0.064,6135,0.14487468843832,0.145591668577572,6240.51536032224,153.04622454654
2025-07-25,0.064,6140,0.144076795721382,0.144787090565259,6240.51536032224,149.25208152525
2025-07-25,0.064,6145,0.143223150397149,0.143927085035438,6240.51536032224,145.457938566933
2025-07-25,0.064,6150,0.142488381123607,0.143186128287541,6240.51536032224,141.764283663865
2025-07-25,0.064,6155,0.141695038645042,0.142386929390692,6240.51536032224,138.070628785784
2025-07-25,0.064,6160,0.140843229335953,0.141529581622667,6240.51536032224,134.376973838672
2025-07-25,0.064,6165,0.140103250185721,0.14078427501627,6240.51536032224,130.783807068438
2025-07-25,0.064,6170,0.139302140767922,0.139978161485862,6240.51536032224,127.190640226295
2025-07-25,0.064,6175,0.138439852915716,0.139278970189862,6240.51536032224,123.64771745736
2025-07-25,0.064,6180,0.137682958182665,0.138516523173556,6240.51536032224,120.155038759916
2025-07-25,0.064,6185,0.137028010966282,0.137690713916925,6240.51536032224,116.71260407352
2025-07-25,0.064,6190,0.136142387371778,0.136965982408988,6240.51536032224,113.270169404026
2025-07-25,0.064,6195,0.135356287526941,0.136175471733126,6240.51536032224,109.877978765011
2025-07-25,0.064,6200,0.134666717957289,0.135481856731041,6240.51536032224,106.586276207223
2025-07-25,0.064,6205,0.133908667074574,0.13472017441788,6240.51536032224,103.294573622213
2025-07-25,0.064,6210,0.133243359331105,0.133889981105748,6240.51536032224,100.053115116673
2025-07-25,0.064,6215,0.132507368715318,0.133312819842545,6240.51536032224,96.9121447218354
2025-07-25,0.064,6220,0.131700121881752,0.13250318169275,6240.51536032224,93.7209302127965
2025-07-25,0.064,6225,0.130981061691738,0.131782154229315,6240.51536032224,90.6302038434685
2025-07-25,0.064,6230,0.130348271949077,0.131147837699709,6240.51536032224,87.6399655355765
2025-07-25,0.064,6235,0.129640450203193,0.130438944205268,6240.51536032224,84.6497272669701
2025-07-25,0.064,6240,0.129016255985819,0.129814143318548,6240.51536032224,81.7599769896426
2025-07-25,0.064,6245,0.128415186507972,0.129053393055558,6240.51536032224,78.8831467330579
2025-07-25,0.064,6250,0.12775643512991,0.128394931406128,6240.51536032224,76.0694803593954
2025-07-25,0.064,6255,0.127018313386138,0.12765750582598,6240.51536032224,73.2558139524233
2025-07-25,0.064,6260,0.126359449230733,0.127159827123754,6240.51536032224,70.5928797100087
2025-07-25,0.064,6265,0.125779255493915,0.126421101475499,6240.51536032224,67.9299454848497
2025-07-25,0.064,6270,0.125116526495345,0.125760363761009,6240.51536032224,65.3172552175279
2025-07-25,0.064,6275,0.124531126519816,0.125177407488604,6240.51536032224,62.8050531246179
2025-07-25,0.064,6280,0.124023203414788,0.124672386763068,6240.51536032224,60.3933390961986
2025-07-25,0.064,6290,0.12274984025553,0.123570486347119,6240.51536032224,55.620155077389
2025-07-25,0.064,6300,0.12161734312814,0.122449798681014,6240.51536032224,51.0981912129237
2025-07-25,0.064,6310,0.120628128378143,0.12130581645453,6240.51536032224,46.8274476059396
2025-07-25,0.064,6320,0.119615390166142,0.120307258210804,6240.51536032224,42.8079242085114
2025-07-25,0.064,6325,0.119143289365312,0.119843216697185,6240.51536032224,40.8986505802507
2025-07-25,0.064,6330,0.11857701278918,0.119462890023567,6240.51536032224,39.0396209995653
2025-07-25,0.064,6340,0.117693800447029,0.118422356198288,6240.51536032224,35.4722940124282
2025-07-25,0.064,6350,0.116794319936768,0.117733550022109,6240.51536032224,32.2064312544803
2025-07-25,0.064,6360,0.116076283619509,0.116854064862006,6240.51536032224,29.1415446706678
2025-07-25,0.064,6370,0.115364858382857,0.1161726756515,6240.51536032224,26.3278782466018
2025-07-25,0.064,6375,0.114859730409706,0.115684723885969,6240.51536032224,24.9210450687382
2025-07-25,0.064,6380,0.114670129868219,0.115512235669195,6240.51536032224,23.7151880652377
2025-07-25,0.064,6390,0.114005473468476,0.114666704638412,6240.51536032224,21.2532299748988
2025-07-25,0.064,6400,0.113156266914945,0.114082868557213,6240.51536032224,18.992248063567
2025-07-25,0.064,6410,0.112597188152643,0.113573732259012,6240.51536032224,16.982486347503
2025-07-25,0.064,6420,0.112136826527347,0.112911923523561,6240.51536032224,15.1234567806347
2025-07-25,0.064,6425,0.111754775015217,0.112554025716885,6240.51536032224,14.2190640201125
2025-07-25,0.064,6430,0.11153781192545,0.112361546370008,6240.51536032224,13.4151593397482
2025-07-25,0.064,6440,0.110793703232715,0.111965797576631,6240.51536032224,11.8575940439835
2025-07-25,0.064,6450,0.110528891262889,0.111156735682679,6240.51536032224,10.4507608384843
2025-07-25,0.064,6475,0.10928205668165,0.110416056730844,6240.51536032224,7.58685042054373
2025-07-25,0.064,6500,0.108101013346425,0.109040404375948,6240.51536032224,5.32586850929965
2025-07-25,0.064,6525,0.107156077164084,0.108344650824401,6240.51536032224,3.71805914254378
2025-07-25,0.064,6550,0.106744789981146,0.107889517847766,6240.51536032224,2.58756819034151
2025-07-25,0.064,6575,0.106301810909629,0.107797374538464,6240.51536032224,1.78366350791377
2025-07-25,0.064,6600,0.106767969435875,0.108690518853797,6240.51536032224,1.28122308539648
2025-07-25,0.064,6625,0.107427764477297,0.109900048581715,6240.51536032224,0.929514786433927
2025-07-25,0.064,6650,0.108140230612446,0.112290267742279,6240.51536032224,0.703416595973245
2025-07-25,0.064,6675,0.109723454687578,0.114829678230934,6240.51536032224,0.552684468539386
2025-07-25,0.064,6700,0.11174552043369,0.116507993978912,6240.51536032224,0.427074360401619
2025-07-25,0.064,6750,0.117643544971231,0.123866092061316,6240.51536032224,0.326586276719388
2025-07-25,0.064,6800,0.121112317018396,0.132115037875791,6240.51536032224,0.251220213350404
2025-07-25,0.064,6900,0.134458709970634,0.146630853149271,6240.51536032224,0.175854148800282
2025-07-25,0.064,7000,0.143366383443549,0.161728065311921,6240.51536032224,0.125610105990166
2025-07-25,0.064,7200,NA,0.191950574542571,6240.51536032224,NA
2025-07-25,0.064,7400,NA,0.224969038706584,6240.51536032224,NA
2025-07-25,0.064,7600,NA,0.248235127098471,6240.51536032224,NA
2025-07-25,0.064,7800,NA,0.277915906360154,6240.51536032224,NA
2025-07-25,0.064,8000,NA,0.306568441034488,6240.51536032224,NA
2025-07-28,0.068,2400,NA,1.08346297349093,6241.09277479789,NA
2025-07-28,0.068,2600,NA,0.995976950233853,6241.09277479789,NA
2025-07-28,0.068,2800,NA,0.942674499401243,6241.09277479789,NA
2025-07-28,0.068,3000,NA,0.839495714772712,6241.09277479789,NA
2025-07-28,0.068,3200,0.732469058295371,0.810381183128849,6241.09277479789,3041.2183962937
2025-07-28,0.068,3400,0.668877286100357,0.754131830200694,6241.09277479789,2841.243520593
2025-07-28,0.068,3600,0.659462356291169,0.697722913775833,6241.09277479789,2641.31889349051
2025-07-28,0.068,3800,0.612114880226019,0.641802089105926,6241.09277479789,2441.36914208856
2025-07-28,0.068,4000,0.571875282060922,0.593028119495494,6241.09277479789,2241.46963928525
2025-07-28,0.068,4200,0.532477813416423,0.547302753715424,6241.09277479789,2041.62038508039
2025-07-28,0.068,4400,0.491755211864569,0.502272826292418,6241.09277479789,1841.82137947378
2025-07-28,0.068,4600,0.451855687301743,0.456829417403176,6241.09277479789,1642.09774676436
2025-07-28,0.068,4800,0.40867496735287,0.413975969736748,6241.09277479789,1442.47461125223
2025-07-28,0.068,4900,0.386320398998308,0.390855209867053,6241.09277479789,1342.67560564686
2025-07-28,0.068,5000,0.365653032809797,0.368190259055976,6241.09277479789,1242.95197293909
2025-07-28,0.068,5100,0.343452769471855,0.346641398960983,6241.09277479789,1143.27858882689
2025-07-28,0.068,5200,0.321886643820482,0.324540582102038,6241.09277479789,1043.68057761115
2025-07-28,0.068,5225,0.316242190625848,0.318783176795883,6241.09277479789,1018.78107480982
2025-07-28,0.068,5250,0.311329082348064,0.313735503174486,6241.09277479789,993.931820606233
2025-07-28,0.068,5275,0.305475302908774,0.307783610211633,6241.09277479789,969.032317802796
2025-07-28,0.068,5300,0.300288474415219,0.303196289484383,6241.09277479789,944.208187893339
2025-07-28,0.068,5325,0.294249165914804,0.297042867484092,6241.09277479789,919.308685092665
2025-07-28,0.068,5350,0.289493648912656,0.292128162279131,6241.09277479789,894.509679486761
2025-07-28,0.068,5375,0.283260608290981,0.285795085534854,6241.09277479789,869.610176685762
2025-07-28,0.068,5400,0.278192756547371,0.280589933706202,6241.09277479789,844.811171073408
2025-07-28,0.068,5425,0.272948626540665,0.275219892379869,6241.09277479789,820.012165465815
2025-07-28,0.068,5450,0.267540081283195,0.269695287303862,6241.09277479789,795.213159862173
2025-07-28,0.068,5475,0.261977192009973,0.265027553857214,6241.09277479789,770.464402859391
2025-07-28,0.068,5500,0.257248946024558,0.259171027743925,6241.09277479789,745.715645844758
2025-07-28,0.068,5525,0.25135445207269,0.254084580107844,6241.09277479789,720.966888840295
2025-07-28,0.068,5550,0.24620872837408,0.24878249404284,6241.09277479789,696.268380424086
2025-07-28,0.068,5575,0.241666856042952,0.243278798759344,6241.09277479789,671.620120620176
2025-07-28,0.068,5600,0.236059636833812,0.238336757490588,6241.09277479789,646.971860807372
2025-07-28,0.068,5625,0.231711141411691,0.23313054075278,6241.09277479789,622.424098194543
2025-07-28,0.068,5650,0.226341551049211,0.228338406329786,6241.09277479789,597.87633557876
2025-07-28,0.068,5675,0.221994581395402,0.223850923091495,6241.09277479789,573.479318749266
2025-07-28,0.068,5700,0.217266345014252,0.218998906518703,6241.09277479789,549.082301932046
2025-07-28,0.068,5725,0.212733375399341,0.214345815209157,6241.09277479789,524.785782307662
2025-07-28,0.068,5750,0.208311854828626,0.20980999880307,6241.09277479789,500.589759882988
2025-07-28,0.068,5775,0.203929116712706,0.205779352861726,6241.09277479789,476.544483257373
2025-07-28,0.068,5800,0.199955270534476,0.201241350030376,6241.09277479789,452.599703812096
2025-07-28,0.068,5825,0.195841644479331,0.19703270520748,6241.09277479789,428.805670172824
2025-07-28,0.068,5850,0.191551334453693,0.193022531191517,6241.09277479789,405.162382343437
2025-07-28,0.068,5875,0.187738417905973,0.188760261542371,6241.09277479789,381.720088877327
2025-07-28,0.068,5900,0.183591392731553,0.18453960993422,6241.09277479789,358.428541220217
2025-07-28,0.068,5910,0.181811895188686,0.183038949933633,6241.09277479789,349.182270206244
2025-07-28,0.068,5920,0.180229050481984,0.181419865864842,6241.09277479789,339.986247774217
2025-07-28,0.068,5925,0.179393736641922,0.18056728137523,6241.09277479789,335.388236573582
2025-07-28,0.068,5930,0.178819893797468,0.179686651415955,6241.09277479789,330.840473949694
2025-07-28,0.068,5940,0.177000177671293,0.178122917594003,6241.09277479789,321.694700134301
2025-07-28,0.068,5950,0.175619081881469,0.176708092501947,6241.09277479789,312.699672107174
2025-07-28,0.068,5960,0.17383638844698,0.174895587577365,6241.09277479789,303.604146852142
2025-07-28,0.068,5970,0.172195360381063,0.173224959315163,6241.09277479789,294.609118846695
2025-07-28,0.068,5975,0.171326798325088,0.17259528382788,6241.09277479789,290.161853400166
2025-07-28,0.068,5980,0.170677795129518,0.171678266076982,6241.09277479789,285.714587977435
2025-07-28,0.068,5990,0.169022783546182,0.169996015491126,6241.09277479789,276.820057160298
2025-07-28,0.068,6000,0.167471754564858,0.16841835039313,6241.09277479789,268.02602353282
2025-07-28,0.068,6010,0.165778394028283,0.16670008279845,6241.09277479789,259.231989863432
2025-07-28,0.068,6020,0.164171406239026,0.165068866943453,6241.09277479789,250.538453439763
2025-07-28,0.068,6025,0.163423572983588,0.164309111885945,6241.09277479789,246.24193381546
2025-07-28,0.068,6030,0.162417661657096,0.163510685113718,6241.09277479789,241.895165584715
2025-07-28,0.068,6040,0.16094761364746,0.161799793011753,6241.09277479789,233.352374941455
2025-07-28,0.068,6050,0.159316011875671,0.16014714116699,6241.09277479789,224.859832873764
2025-07-28,0.068,6060,0.157729668743029,0.158540621803884,6241.09277479789,216.467788043027
2025-07-28,0.068,6070,0.155978945429739,0.156968864783471,6241.09277479789,208.125991777488
2025-07-28,0.068,6075,0.155238832983964,0.156217082429278,6241.09277479789,204.030466563199
2025-07-28,0.068,6080,0.154454168249006,0.155227986713948,6241.09277479789,199.884692735394
2025-07-28,0.068,6090,0.152752848833435,0.153698645907081,6241.09277479789,191.743890886833
2025-07-28,0.068,6100,0.151062973917115,0.151988679015885,6241.09277479789,183.653337599288
2025-07-28,0.068,6110,0.149556275599304,0.150462724003134,6241.09277479789,175.763778723573
2025-07-28,0.068,6120,0.147856864667415,0.148745605136642,6241.09277479789,167.874219850327
2025-07-28,0.068,6125,0.147023568886957,0.147903867644641,6241.09277479789,163.979688998377
2025-07-28,0.068,6130,0.146315540794915,0.147187529390369,6241.09277479789,160.185655392682
2025-07-28,0.068,6140,0.144742768487376,0.145599279374756,6241.09277479789,152.597588146749
2025-07-28,0.068,6150,0.143130630484281,0.143804533898556,6241.09277479789,145.059769401759
2025-07-28,0.068,6160,0.141637163204354,0.142466407149536,6241.09277479789,137.823442329063
2025-07-28,0.068,6170,0.140083774193418,0.140901285802467,6241.09277479789,130.637363839999
2025-07-28,0.068,6175,0.139221388552342,0.140033561209213,6241.09277479789,127.044324597299
2025-07-28,0.068,6180,0.138463088686357,0.139270194366345,6241.09277479789,123.551782544334
2025-07-28,0.068,6190,0.136927035080994,0.137725021657786,6241.09277479789,116.667195630374
2025-07-28,0.068,6200,0.135462781207445,0.136253007684402,6241.09277479789,109.983603116195
2025-07-28,0.068,6210,0.134058564170552,0.134842456635368,6241.09277479789,103.501005030819
2025-07-28,0.068,6220,0.132547797864839,0.133482663103208,6241.09277479789,97.169152712014
2025-07-28,0.068,6225,0.131847191104045,0.132779846488567,6241.09277479789,94.0785994542448
2025-07-28,0.068,6230,0.131077756549084,0.132008680546732,6241.09277479789,90.9880461975208
2025-07-28,0.068,6240,0.129793241966148,0.130722179481849,6241.09277479789,85.1084312458499
2025-07-28,0.068,6250,0.128473063840409,0.129402078190222,6241.09277479789,79.392785382219
2025-07-28,0.068,6260,0.127146706389388,0.128077980651636,6241.09277479789,73.8654395740894
2025-07-28,0.068,6270,0.125982036869178,0.126761910677085,6241.09277479789,68.5893367832557
2025-07-28,0.068,6275,0.125439503488971,0.126222034476599,6241.09277479789,66.0769068554048
2025-07-28,0.068,6280,0.12481820815863,0.125603939403454,6241.09277479789,63.5644768953653
2025-07-28,0.068,6290,0.12364969518657,0.12444348484549,6241.09277479789,58.7406114704563
2025-07-28,0.068,6300,0.122471407110974,0.123275638933224,6241.09277479789,54.1177404099667
2025-07-28,0.068,6310,0.121442155240053,0.122422655139058,6241.09277479789,49.8466095849574
2025-07-28,0.068,6320,0.120567111033438,0.121399762891648,6241.09277479789,45.7764730738609
2025-07-28,0.068,6325,0.120000628402187,0.120842269851548,6241.09277479789,43.7665291492297
2025-07-28,0.068,6350,0.117723321044338,0.118621639002092,6241.09277479789,34.8222786344566
2025-07-28,0.068,6375,0.115916756066032,0.116699489470801,6241.09277479789,27.3352375136473
2025-07-28,0.068,6400,0.114186569288627,0.11505759178243,6241.09277479789,21.1044113164478
2025-07-28,0.068,6425,0.112756067272777,0.113499153111391,6241.09277479789,16.0293028574071
2025-07-28,0.068,6450,0.111183117577392,0.112336158225586,6241.09277479789,11.9591663928998
2025-07-28,0.068,6475,0.109761177326386,0.111135933283303,6241.09277479789,8.74325612881324
2025-07-28,0.068,6500,0.108661190487288,0.110332510402021,6241.09277479789,6.33132338810842
2025-07-28,0.068,6525,0.107680586833128,0.109245255033557,6241.09277479789,4.4721252589045
2025-07-28,0.068,6550,0.10696047832314,0.108937266803653,6241.09277479789,3.16566169781154
2025-07-28,0.068,6575,0.10668922131006,0.108385831871382,6241.09277479789,2.21093832063868
2025-07-28,0.068,6600,0.106468348120671,0.108663649324404,6241.09277479789,1.55770654281018
2025-07-28,0.068,6625,0.107223401454369,0.109329540599673,6241.09277479789,1.13059346333861
2025-07-28,0.068,6700,0.111486552076463,0.115455418007224,6241.09277479789,0.527610281780255
2025-07-28,0.068,6800,0.120744679905896,0.128048071081633,6241.09277479789,0.276367290813987
2025-07-28,0.068,7000,0.138983111708897,0.16023136619714,6241.09277479789,0.150745795064555
2025-07-28,0.068,7200,NA,0.186110363745597,6241.09277479789,NA
2025-07-28,0.068,7400,NA,0.21814461057834,6241.09277479789,NA
2025-07-28,0.068,7600,NA,0.248897678272637,6241.09277479789,NA
2025-07-28,0.068,7800,NA,0.269515943388785,6241.09277479789,NA
2025-07-28,0.068,8000,NA,0.297313895304507,6241.09277479789,NA
2025-07-29,0.072,2400,NA,1.0529522720193,6241.89025034331,NA
2025-07-29,0.072,2600,NA,0.997073136112693,6241.89025034331,NA
2025-07-29,0.072,2800,NA,0.916143444355728,6241.89025034331,NA
2025-07-29,0.072,3000,0.777568593349681,0.815884305357923,6241.89025034331,3241.96551177775
2025-07-29,0.072,3200,0.711885285583888,0.787591315330511,6241.89025034331,3042.01568606735
2025-07-29,0.072,3400,0.682592207178865,0.732932816046644,6241.89025034331,2842.06586035715
2025-07-29,0.072,3600,0.640942607154015,0.678119765818788,6241.89025034331,2642.1160346467
2025-07-29,0.072,3800,0.606013551171862,0.631215966298451,6241.89025034331,2442.21638322579
2025-07-29,0.072,4000,0.563422224389575,0.582056847655214,6241.89025034331,2242.31673180509
2025-07-29,0.072,4200,0.522710863464639,0.536151011787348,6241.89025034331,2042.46725467435
2025-07-29,0.072,4400,0.48156819381316,0.494252110097038,6241.89025034331,1842.69303897725
2025-07-29,0.072,4600,0.441675583447336,0.45070894821492,6241.89025034331,1642.99408471519
2025-07-29,0.072,4800,0.400737488403634,0.405639324767882,6241.89025034331,1443.37039188672
2025-07-29,0.072,4900,0.37994644505104,0.384082520200289,6241.89025034331,1343.62126333395
2025-07-29,0.072,5000,0.357925339800218,0.362601733673695,6241.89025034331,1243.89722192648
2025-07-29,0.072,5100,0.337991076690955,0.340911636181957,6241.89025034331,1144.27352910194
2025-07-29,0.072,5200,0.316355498386177,0.319609960739796,6241.89025034331,1044.70001055956
2025-07-29,0.072,5250,0.306535480364419,0.309470975359135,6241.89025034331,995.001056302277
2025-07-29,0.072,5275,0.300692848856347,0.303515096190143,6241.89025034331,970.101404880921
2025-07-29,0.072,5300,0.294781182480356,0.297495644214614,6241.89025034331,945.201753460076
2025-07-29,0.072,5325,0.290121078602862,0.292685022601957,6241.89025034331,920.402450618351
2025-07-29,0.072,5350,0.285274018994473,0.287700780051444,6241.89025034331,895.603147779633
2025-07-29,0.072,5375,0.280254198757456,0.281413928775561,6241.89025034331,870.753670645966
2025-07-29,0.072,5400,0.273955582985708,0.276174523193653,6241.89025034331,845.904193514315
2025-07-29,0.072,5425,0.268680833421056,0.271820691584219,6241.89025034331,821.155064963518
2025-07-29,0.072,5450,0.264270109207287,0.266248442955679,6241.89025034331,796.40593640964
2025-07-29,0.072,5475,0.258663368174081,0.260548728862965,6241.89025034331,771.606633572079
2025-07-29,0.072,5500,0.253833546618953,0.255610243500215,6241.89025034331,746.907679307323
2025-07-29,0.072,5525,0.248788663909377,0.250466511085685,6241.89025034331,722.208725046461
2025-07-29,0.072,5550,0.243543503481554,0.245130863065475,6241.89025034331,697.50977078236
2025-07-29,0.072,5575,0.238866076131057,0.240355631128576,6241.89025034331,672.911165104586
2025-07-29,0.072,5600,0.233926472890179,0.235327903817382,6241.89025034331,648.312559418087
2025-07-29,0.072,5625,0.228743677023373,0.230717781985199,6241.89025034331,623.764128021637
2025-07-29,0.072,5650,0.223959685270064,0.225811023435625,6241.89025034331,599.265870921477
2025-07-29,0.072,5675,0.219472752239688,0.221201648989808,6241.89025034331,574.86796240382
2025-07-29,0.072,5700,0.215189796460968,0.216799766665251,6241.89025034331,550.570402445603
2025-07-29,0.072,5725,0.211028429064418,0.212525164558987,6241.89025034331,526.373191089667
2025-07-29,0.072,5750,0.206917373459579,0.208307871387352,6241.89025034331,502.276328296608
2025-07-29,0.072,5775,0.202795810207791,0.204087692425407,6241.89025034331,478.279814087899
2025-07-29,0.072,5800,0.198612114498035,0.199813138485983,6241.89025034331,454.383648467109
2025-07-29,0.072,5825,0.194322334744188,0.195810180764782,6241.89025034331,430.638005711039
2025-07-29,0.072,5850,0.190584052932405,0.191619619024863,6241.89025034331,407.093060089905
2025-07-29,0.072,5875,0.186572327391241,0.187534685417531,6241.89025034331,383.698637367868
2025-07-29,0.072,5900,0.182570977802192,0.183763011471393,6241.89025034331,360.555086087879
2025-07-29,0.072,5925,0.178503305967741,0.179613697135188,6241.89025034331,337.562057687583
2025-07-29,0.072,5950,0.174563024364062,0.175597850200593,6241.89025034331,314.870074994149
2025-07-29,0.072,5960,0.172987415451688,0.173993931846815,6241.89025034331,305.873560767703
2025-07-29,0.072,5970,0.171290931492029,0.172515010370311,6241.89025034331,296.927220881971
2025-07-29,0.072,5975,0.170640705644541,0.171606658867008,6241.89025034331,292.479138057292
2025-07-29,0.072,5980,0.169716107073405,0.170907445015539,6241.89025034331,288.031055241721
2025-07-29,0.072,5990,0.16824704422843,0.169174985665532,6241.89025034331,279.185063910706
2025-07-29,0.072,6000,0.166642472784696,0.167546347973356,6241.89025034331,270.38924686556
2025-07-29,0.072,6010,0.165126777599776,0.166007207761255,6241.89025034331,261.693778401131
2025-07-29,0.072,6020,0.163471462609008,0.164329946445054,6241.89025034331,252.998309901986
2025-07-29,0.072,6025,0.162698686934311,0.163546350839309,6241.89025034331,248.700749995721
2025-07-29,0.072,6030,0.161889611943635,0.16272681360366,6241.89025034331,244.403190032639
2025-07-29,0.072,6040,0.160164228607928,0.161185447967163,6241.89025034331,235.858244424229
2025-07-29,0.072,6050,0.158697707837024,0.159495207070174,6241.89025034331,227.41364741147
2025-07-29,0.072,6060,0.157074448823754,0.157853520530094,6241.89025034331,219.019224652389
2025-07-29,0.072,6070,0.155488141779862,0.156249584714017,6241.89025034331,210.725150508008
2025-07-29,0.072,6075,0.154540711108213,0.155482069265637,6241.89025034331,206.57811343915
2025-07-29,0.072,6080,0.153742163118532,0.154673204550136,6241.89025034331,202.481250658269
2025-07-29,0.072,6090,0.15220364281802,0.153114746816089,6241.89025034331,194.387873657592
2025-07-29,0.072,6100,0.150672808111535,0.15156508338649,6241.89025034331,186.394845237029
2025-07-29,0.072,6110,0.148965869037341,0.14984072872567,6241.89025034331,178.401816816253
2025-07-29,0.072,6120,0.147428020307716,0.148286262727489,6241.89025034331,170.609485591818
2025-07-29,0.072,6125,0.146589168606024,0.147439614837213,6241.89025034331,166.713319950905
2025-07-29,0.072,6130,0.145872581514002,0.146715348262967,6241.89025034331,162.917502900739
2025-07-29,0.072,6140,0.144291753993789,0.14512018958008,6241.89025034331,155.325868832033
2025-07-29,0.072,6150,0.142677876454747,0.143493127569285,6241.89025034331,147.834583280746
2025-07-29,0.072,6160,0.141184021802836,0.141987129780673,6241.89025034331,140.543994935877
2025-07-29,0.072,6170,0.139637449200032,0.140429622432209,6241.89025034331,133.353755143977
2025-07-29,0.072,6175,0.138783130267643,0.139727711383252,6241.89025034331,129.808809551794
2025-07-29,0.072,6180,0.138031052946129,0.138969956340973,6241.89025034331,126.314038208963
2025-07-29,0.072,6190,0.13651226955376,0.137440932620339,6241.89025034331,119.424844186368
2025-07-29,0.072,6200,0.135068945408844,0.135988863793005,6241.89025034331,112.736347284897
2025-07-29,0.072,6210,0.133537814279846,0.134450580688711,6241.89025034331,106.148198985793
2025-07-29,0.072,6220,0.13221390897206,0.133121137358546,6241.89025034331,99.8610964211161
2025-07-29,0.072,6225,0.131531515679403,0.132436618031074,6241.89025034331,96.7677194357725
2025-07-29,0.072,6230,0.130784034434794,0.131687450947087,6241.89025034331,93.6743424665412
2025-07-29,0.072,6240,0.129390977552729,0.130292378770281,6241.89025034331,87.6882856321615
2025-07-29,0.072,6250,0.12814862990903,0.129049910782244,6241.89025034331,81.9847892523642
2025-07-29,0.072,6260,0.126902376531285,0.127805537366426,6241.89025034331,76.4656174119575
2025-07-29,0.072,6270,0.125669952711696,0.126577113868333,6241.89025034331,71.1471426891585
2025-07-29,0.072,6275,0.125170717827655,0.126080697399234,6241.89025034331,68.6384282205186
2025-07-29,0.072,6280,0.124597376442199,0.125510763344729,6241.89025034331,66.1297137225724
2025-07-29,0.072,6290,0.123529555302041,0.124297908504181,6241.89025034331,61.2628076667602
2025-07-29,0.072,6300,0.122462489551803,0.12324015918111,6241.89025034331,56.6467730070749
2025-07-29,0.072,6310,0.121392731551729,0.122182026415074,6241.89025034331,52.2314355324334
2025-07-29,0.072,6320,0.120478142515482,0.121281423515591,6241.89025034331,48.1171437525584
2025-07-29,0.072,6325,0.119979854233527,0.120791154066522,6241.89025034331,46.1101721557666
2025-07-29,0.072,6350,0.117729267975534,0.118591473172862,6241.89025034331,36.9784514797636
2025-07-29,0.072,6375,0.115972613447117,0.116719670212358,6241.89025034331,29.3017851288263
2025-07-29,0.072,6400,0.114326892679577,0.114946286220117,6241.89025034331,22.8293017780841
2025-07-29,0.072,6425,0.112764026879369,0.113695365315562,6241.89025034331,17.5610013810376
2025-07-29,0.072,6450,0.111290084486179,0.112364138211629,6241.89025034331,13.2460124609942
2025-07-29,0.072,6475,0.110275783252963,0.111222877920889,6241.89025034331,9.88433506314249
2025-07-29,0.072,6500,0.108887698469292,0.110031270186247,6241.89025034331,7.17492341224431
2025-07-29,0.072,6525,0.107836958221711,0.109242600182142,6241.89025034331,5.1679518398972
2025-07-29,0.072,6550,0.106834579081602,0.10859959688674,6241.89025034331,3.66272314287275
2025-07-29,0.072,6575,0.107031670366973,0.108505162960462,6241.89025034331,2.65923734916147
2025-07-29,0.072,6600,0.106377618966491,0.108284507904282,6241.89025034331,1.85644871837901
2025-07-29,0.072,6625,0.106675038576921,0.109096738332256,6241.89025034331,1.35470582366789
2025-07-29,0.072,6700,0.109525416945641,0.114210603086299,6241.89025034331,0.602091474670264
2025-07-29,0.072,6800,0.117167301385655,0.12610983557221,6241.89025034331,0.301045737825213
2025-07-29,0.072,7000,0.134912333331584,0.155536890550357,6241.89025034331,0.150522869146227
2025-07-29,0.072,7200,NA,0.185468749867061,6241.89025034331,NA
2025-07-29,0.072,7400,NA,0.211824876921694,6241.89025034331,NA
2025-07-29,0.072,7600,NA,0.241709855060702,6241.89025034331,NA
2025-07-29,0.072,7800,NA,0.261752291287006,6241.89025034331,NA
2025-07-29,0.072,8000,NA,0.28876540340823,6241.89025034331,NA
2025-07-30,0.076,2400,NA,1.02501935749268,6242.62048192778,NA
2025-07-30,0.076,2600,NA,0.970633974229057,6242.62048192778,NA
2025-07-30,0.076,2800,NA,0.865648865165379,6242.62048192778,NA
2025-07-30,0.076,3000,0.756966266218686,0.836881323358056,6242.62048192778,3242.7459839359
2025-07-30,0.076,3200,0.727421261419252,0.766737339019092,6242.62048192778,3042.77108433738
2025-07-30,0.076,3400,0.685090316421719,0.713538170404814,6242.62048192778,2842.82128514068
2025-07-30,0.076,3600,0.638371297703027,0.669005573602222,6242.62048192778,2642.89658634562
2025-07-30,0.076,3800,0.59921306763805,0.621111370585933,6242.62048192778,2442.99698795156
2025-07-30,0.076,4000,0.555164318087779,0.576581615335828,6242.62048192778,2243.12248995981
2025-07-30,0.076,4200,0.517931168018782,0.5295228948163,6242.62048192778,2043.29819277134
2025-07-30,0.076,4400,0.478356487023749,0.486665015364088,6242.62048192778,1843.54919678737
2025-07-30,0.076,4600,0.438860353047063,0.444787398469144,6242.62048192778,1643.90060240969
2025-07-30,0.076,4800,0.396516097267151,0.400881791597879,6242.62048192778,1444.30220883356
2025-07-30,0.076,4900,0.376576224976644,0.380244318826745,6242.62048192778,1344.60341365314
2025-07-30,0.076,5000,0.355280833924594,0.358409129135917,6242.62048192778,1244.90461847385
2025-07-30,0.076,5100,0.334736334067448,0.338218212588101,6242.62048192778,1145.33132530314
2025-07-30,0.076,5200,0.314306730603217,0.317211755633674,6242.62048192778,1045.83333333175
2025-07-30,0.076,5250,0.304157154775209,0.306801140419864,6242.62048192778,996.134538153196
2025-07-30,0.076,5275,0.298258942954518,0.300807821792336,6242.62048192778,971.234939763575
2025-07-30,0.076,5300,0.293542899768657,0.295959577949086,6242.62048192778,946.435742968862
2025-07-30,0.076,5325,0.288662882109545,0.290958142892807,6242.62048192778,921.636546185021
2025-07-30,0.076,5350,0.283630303480852,0.28581351218855,6242.62048192778,896.837349395054
2025-07-30,0.076,5375,0.278454953974587,0.280534298969421,6242.62048192778,872.038152612369
2025-07-30,0.076,5400,0.273145253765459,0.275127938536503,6242.62048192778,847.238955824357
2025-07-30,0.076,5425,0.267708454654901,0.270529514988972,6242.62048192778,822.489959833713
2025-07-30,0.076,5450,0.263060126914805,0.264846494125813,6242.62048192778,797.740963860596
2025-07-30,0.076,5475,0.258205849556463,0.259895632068122,6242.62048192778,773.042168669866
2025-07-30,0.076,5500,0.253160018207534,0.255549782911786,6242.62048192778,748.393574300816
2025-07-30,0.076,5525,0.247934712703886,0.250203452912683,6242.62048192778,723.694779116326
2025-07-30,0.076,5550,0.243265480992046,0.24540283676038,6242.62048192778,699.096385542934
2025-07-30,0.076,5575,0.238358616067972,0.240376690078218,6242.62048192778,674.497991973795
2025-07-30,0.076,5600,0.233871466941655,0.23576600770626,6242.62048192778,649.999999993137
2025-07-30,0.076,5625,0.229702294188815,0.231473366027245,6242.62048192778,625.602409645014
2025-07-30,0.076,5650,0.225200768061291,0.226862042788941,6242.62048192778,601.204819272365
2025-07-30,0.076,5675,0.220917556750939,0.222471333715935,6242.62048192778,576.907630532502
2025-07-30,0.076,5700,0.216775726901294,0.218226316817483,6242.62048192778,552.710843372668
2025-07-30,0.076,5725,0.212252579683643,0.214060772730225,6242.62048192778,528.564257036218
2025-07-30,0.076,5750,0.208231250751543,0.209917053023349,6242.62048192778,504.568273099133
2025-07-30,0.076,5775,0.204173051049753,0.205745364244366,6242.62048192778,480.672690760412
2025-07-30,0.076,5800,0.200403766091538,0.201502731822744,6242.62048192778,456.927710845461
2025-07-30,0.076,5825,0.196468028905466,0.197492297909575,6242.62048192778,433.333333330268
2025-07-30,0.076,5850,0.192659828196914,0.193614041225212,6242.62048192778,409.93975904055
2025-07-30,0.076,5875,0.188594619128596,0.189781784018,6242.62048192778,386.69678712933
2025-07-30,0.076,5900,0.184813950789175,0.185645567860693,6242.62048192778,363.654618476833
2025-07-30,0.076,5925,0.180934913976636,0.181970597066493,6242.62048192778,340.913654626094
2025-07-30,0.076,5950,0.177145645891872,0.177872974916677,6242.62048192778,318.373493983832
2025-07-30,0.076,5975,0.173124151650015,0.174033677783916,6242.62048192778,296.134538159256
2025-07-30,0.076,5980,0.172369382078665,0.173267415983033,6242.62048192778,291.736947771829
2025-07-30,0.076,5990,0.170767194238646,0.171643277597526,6242.62048192778,282.941767076592
2025-07-30,0.076,6000,0.16925816906959,0.170112792573564,6242.62048192778,274.24698793997
2025-07-30,0.076,6010,0.167620728487335,0.168663369429939,6242.62048192778,265.602409640564
2025-07-30,0.076,6020,0.166061847292554,0.167080006238497,6242.62048192778,257.008032161028
2025-07-30,0.076,6025,0.165434168619078,0.166239058624454,6242.62048192778,252.761044151951
2025-07-30,0.076,6030,0.164569852811966,0.165365697637874,6242.62048192778,248.46385543507
2025-07-30,0.076,6040,0.162939073805464,0.163717118001069,6242.62048192778,239.969879531488
2025-07-30,0.076,6050,0.161362653332778,0.162313476928981,6242.62048192778,231.6265060119
2025-07-30,0.076,6060,0.159830396758656,0.160574797071773,6242.62048192778,223.283132544756
2025-07-30,0.076,6070,0.158332690651341,0.159061339534858,6242.62048192778,215.090361467923
2025-07-30,0.076,6075,0.157526275168692,0.158247451207181,6242.62048192778,210.993975902043
2025-07-30,0.076,6080,0.156681865799536,0.157395820450093,6242.62048192778,206.897590349667
2025-07-30,0.076,6090,0.155055050734742,0.155929837954533,6242.62048192778,198.855421675561
2025-07-30,0.076,6100,0.153615316401794,0.154301780592736,6242.62048192778,190.913654622252
2025-07-30,0.076,6110,0.152007698369089,0.152681668867692,6242.62048192778,183.022088350917
2025-07-30,0.076,6120,0.150399313741489,0.151061545937673,6242.62048192778,175.23092368164
2025-07-30,0.076,6125,0.149695059979699,0.150351614891677,6242.62048192778,171.435742950752
2025-07-30,0.076,6130,0.148945327990362,0.149596449362713,6242.62048192778,167.640562256215
2025-07-30,0.076,6140,0.147309952324878,0.147950901471926,6242.62048192778,160.050200816224
2025-07-30,0.076,6150,0.145809375270208,0.146440841225141,6242.62048192778,152.660642583915
2025-07-30,0.076,6160,0.144274046932301,0.144896859736362,6242.62048192778,145.371485970471
2025-07-30,0.076,6170,0.142851045119078,0.14346598213558,6242.62048192778,138.283132527758
2025-07-30,0.076,6175,0.141986777042248,0.14275095850133,6242.62048192778,134.738955823072
2025-07-30,0.076,6180,0.141224293064077,0.141984237733041,6242.62048192778,131.244979927286
2025-07-30,0.076,6190,0.139843502427915,0.140595747096454,6242.62048192778,124.457831358466
2025-07-30,0.076,6200,0.138395198181051,0.139140886920742,6242.62048192778,117.771084337605
2025-07-30,0.076,6210,0.137021154249346,0.137761436224934,6242.62048192778,111.285140540344
2025-07-30,0.076,6220,0.135564839755226,0.136300926704691,6242.62048192778,104.899598380401
2025-07-30,0.076,6225,0.134895587133058,0.135630039902444,6242.62048192778,101.807228874815
2025-07-30,0.076,6230,0.134166231171981,0.135045999221317,6242.62048192778,98.7650602286378
2025-07-30,0.076,6240,0.132963251697665,0.133694760760119,6242.62048192778,92.8313252590251
2025-07-30,0.076,6250,0.131582491475005,0.132460001940212,6242.62048192778,87.048192786307
2025-07-30,0.076,6260,0.130397695200843,0.131130157413745,6242.62048192778,81.4759036474443
2025-07-30,0.076,6275,0.128489576335176,0.129374189881245,6242.62048192778,73.4939758791049
2025-07-30,0.076,6300,0.125753875789604,0.12650747553249,6242.62048192778,61.2951807320014
2025-07-30,0.076,6325,0.123336259447201,0.124118466945753,6242.62048192778,50.5522088332973
2025-07-30,0.076,6350,0.121083634611405,0.121909073085236,6242.62048192778,41.1144578243785
2025-07-30,0.076,6375,0.119038385918104,0.1199248452291,6242.62048192778,32.9819277204808
2025-07-30,0.076,6400,0.117313295949008,0.118088865009352,6242.62048192778,26.1044176809945
2025-07-30,0.076,6425,0.115698726611917,0.116778143882281,6242.62048192778,20.4317269003567
2025-07-30,0.076,6450,0.11442130696077,0.115401176325288,6242.62048192778,15.763052217474
2025-07-30,0.076,6475,0.113035853017853,0.11417078642689,6242.62048192778,11.9477911646198
2025-07-30,0.076,6500,0.111805040968395,0.113144937375825,6242.62048192778,8.93574297514311
2025-07-30,0.076,6525,0.11082383544702,0.112034486982083,6242.62048192778,6.57630522148756
2025-07-30,0.076,6550,0.109750391301299,0.111237869449477,6242.62048192778,4.7690763108813
2025-07-30,0.076,6575,0.109078531849038,0.110925111101762,6242.62048192778,3.46385542873435
2025-07-30,0.076,6600,0.109004470749599,0.110549089321226,6242.62048192778,2.51004015674222
2025-07-30,0.076,6625,0.108686985212222,0.110649603765282,6242.62048192778,1.80722891639402
2025-07-30,0.076,6700,0.111011075085781,0.114741204187057,6242.62048192778,0.80321284835388
2025-07-30,0.076,6800,0.118797079365909,0.124252801495991,6242.62048192778,0.376506023693167
2025-07-30,0.076,7000,0.138943748632685,0.151256332054152,6242.62048192778,0.175702811788568
2025-07-30,0.076,7200,0.160518967630366,0.180395656523585,6242.62048192778,0.125502008318116
2025-07-30,0.076,7400,NA,0.206054103062057,6242.62048192778,NA
2025-07-30,0.076,7600,NA,0.23514446673959,6242.62048192778,NA
2025-07-30,0.076,7800,NA,0.254657180655296,6242.62048192778,NA
2025-07-30,0.076,8000,NA,0.280951620831604,6242.62048192778,NA
2025-07-31,0.08,1400,NA,1.54435332545561,6243.10206422026,NA
2025-07-31,0.08,1600,NA,1.40869239637547,6243.10206422026,NA
2025-07-31,0.08,1800,NA,1.28941015691068,6243.10206422026,NA
2025-07-31,0.08,2000,NA,1.18295198875507,6243.10206422026,NA
2025-07-31,0.08,2200,NA,1.08679796206889,6243.10206422026,NA
2025-07-31,0.08,2400,NA,0.999096865870311,6243.10206422026,NA
2025-07-31,0.08,2600,NA,0.875810991001637,6243.10206422026,NA
2025-07-31,0.08,2800,NA,0.843768492068806,6243.10206422026,NA
2025-07-31,0.08,2900,0.770545562283113,0.832945738239498,6243.10206422026,3343.20240825692
2025-07-31,0.08,3000,0.737841873944343,0.797793401162543,6243.10206422026,3243.20240825685
2025-07-31,0.08,3100,0.706193614480241,0.78100930843117,6243.10206422026,3143.22749426619
2025-07-31,0.08,3200,0.709046913127309,0.7609054980472,6243.10206422026,3043.27766628434
2025-07-31,0.08,3300,0.677947558308458,0.727731971584899,6243.10206422026,2943.27766628459
2025-07-31,0.08,3400,0.667790231839361,0.706165223257073,6243.10206422026,2843.32783830297
2025-07-31,0.08,3500,0.652233056482855,0.674415728447034,6243.10206422026,2743.35292431182
2025-07-31,0.08,3600,0.633727888655797,0.652114740244343,6243.10206422026,2643.40309633037
2025-07-31,0.08,3700,0.613429062526126,0.629031543087908,6243.10206422026,2543.45326834897
2025-07-31,0.08,3800,0.591974877773684,0.605436282661044,6243.10206422026,2443.50344036712
2025-07-31,0.08,3900,0.56975415138703,0.586726836066646,6243.10206422026,2343.57869839425
2025-07-31,0.08,4000,0.557383926228634,0.562037232324448,6243.10206422026,2243.67904243127
2025-07-31,0.08,4050,0.538090349022273,0.551780686095193,6243.10206422026,2193.67904243158
2025-07-31,0.08,4090,0.531540242249418,0.544153650283959,6243.10206422026,2153.72921444971
2025-07-31,0.08,4100,0.528700470189631,0.541255166630435,6243.10206422026,2143.72921444878
2025-07-31,0.08,4110,0.53028934244514,0.538363004474406,6243.10206422026,2133.75430045829
2025-07-31,0.08,4120,0.527441206672076,0.535477125980891,6243.10206422026,2123.75430045888
2025-07-31,0.08,4130,0.524599248041507,0.536279290849102,6243.10206422026,2113.77938646844
2025-07-31,0.08,4140,0.521763429882607,0.533388618663672,6243.10206422026,2103.77938646738
2025-07-31,0.08,4150,0.518933715961107,0.530504149668667,6243.10206422026,2093.77938646825
2025-07-31,0.08,4160,0.520166558584817,0.527625846611181,6243.10206422026,2083.80447247667
2025-07-31,0.08,4170,0.517329680318892,0.528191702782482,6243.10206422026,2073.82955848642
2025-07-31,0.08,4180,0.5144988320756,0.525309360840925,6243.10206422026,2063.82955848575
2025-07-31,0.08,4190,0.511673978057229,0.522433103346163,6243.10206422026,2053.82955848567
2025-07-31,0.08,4200,0.508855082466067,0.519562893918408,6243.10206422026,2043.82955848687
2025-07-31,0.08,4210,0.509780875458406,0.516698695886834,6243.10206422026,2033.85464449476
2025-07-31,0.08,4220,0.506955808545515,0.517045477630987,6243.10206422026,2023.87973050457
2025-07-31,0.08,4230,0.504136624680912,0.514177837343866,6243.10206422026,2013.8797305046
2025-07-31,0.08,4240,0.504817014902438,0.511316126816681,6243.10206422026,2003.90481651384
2025-07-31,0.08,4250,0.501992570229442,0.508460309960683,6243.10206422026,1993.90481651339
2025-07-31,0.08,4260,0.499173931479584,0.508620438217221,6243.10206422026,1983.92990252303
2025-07-31,0.08,4270,0.496361063728267,0.505761726548726,6243.10206422026,1973.92990252271
2025-07-31,0.08,4280,0.493553932341933,0.502908826187578,6243.10206422026,1963.92990252358
2025-07-31,0.08,4290,0.493997232428701,0.500061701772623,6243.10206422026,1953.95498853233
2025-07-31,0.08,4300,0.491185534651368,0.500054029566357,6243.10206422026,1943.98007454117
2025-07-31,0.08,4310,0.488379495240753,0.497204478182979,6243.10206422026,1933.98007454136
2025-07-31,0.08,4320,0.485579079854335,0.494360619654359,6243.10206422026,1923.98007454176
2025-07-31,0.08,4330,0.485821714850872,0.494208897311653,6243.10206422026,1914.03024656066
2025-07-31,0.08,4340,0.483017359678925,0.491363060595676,6243.10206422026,1904.03024655929
2025-07-31,0.08,4350,0.480218549659795,0.488522833206462,6243.10206422026,1894.03024656037
2025-07-31,0.08,4360,0.480290624422805,0.485688180219414,6243.10206422026,1884.05533256977
2025-07-31,0.08,4370,0.477488455094045,0.485398191835533,6243.10206422026,1874.08041857689
2025-07-31,0.08,4380,0.474691751028087,0.482561902922176,6243.10206422026,1864.0804185775
2025-07-31,0.08,4390,0.474610100086223,0.479731104300914,6243.10206422026,1854.10550458787
2025-07-31,0.08,4400,0.471810541516573,0.47690576162923,6243.10206422026,1844.10550458686
2025-07-31,0.08,4410,0.469016367155559,0.476489597808461,6243.10206422026,1834.13059059579
2025-07-31,0.08,4420,0.466227543533773,0.473662910248771,6243.10206422026,1824.13059059673
2025-07-31,0.08,4430,0.465998816384697,0.470841594237549,6243.10206422026,1814.15567660548
2025-07-31,0.08,4440,0.46320752970574,0.470316191517468,6243.10206422026,1804.18076261467
2025-07-31,0.08,4450,0.460421512129768,0.46749382762283,6243.10206422026,1794.18076261466
2025-07-31,0.08,4460,0.460066382242888,0.464676750147957,6243.10206422026,1784.20584862274
2025-07-31,0.08,4470,0.457278284034076,0.464050697796528,6243.10206422026,1774.23093463327
2025-07-31,0.08,4480,0.45681440346464,0.46123283146233,6243.10206422026,1764.25602064082
2025-07-31,0.08,4490,0.454024608356994,0.458420165982635,6243.10206422026,1754.25602064244
2025-07-31,0.08,4500,0.451239949784385,0.45770106111824,6243.10206422026,1744.28110665113
2025-07-31,0.08,4510,0.450669481238034,0.45488783175183,6243.10206422026,1734.30619266191
2025-07-31,0.08,4520,0.447883417095933,0.452079716656027,6243.10206422026,1724.3061926609
2025-07-31,0.08,4530,0.445102405524319,0.451274311221813,6243.10206422026,1714.33127866908
2025-07-31,0.08,4540,0.444433675315908,0.448465826798402,6243.10206422026,1704.35636467891
2025-07-31,0.08,4550,0.441651511669165,0.445662369770663,6243.10206422026,1694.35636467957
2025-07-31,0.08,4560,0.438874315464205,0.444776689714728,6243.10206422026,1684.38145068642
2025-07-31,0.08,4570,0.438114687881474,0.441973030415367,6243.10206422026,1674.4065366966
2025-07-31,0.08,4575,0.436725011263797,0.440573055261763,6243.10206422026,1669.40653669684
2025-07-31,0.08,4580,0.435336559335305,0.441017419530092,6243.10206422026,1664.43162270702
2025-07-31,0.08,4590,0.432563312520138,0.438213754846523,6243.10206422026,1654.43162270562
2025-07-31,0.08,4600,0.431719331122808,0.435414975240895,6243.10206422026,1644.45670871571
2025-07-31,0.08,4610,0.428945340850291,0.434389133320269,6243.10206422026,1634.48179472328
2025-07-31,0.08,4620,0.4280281673939,0.431590468674772,6243.10206422026,1624.5068807333
2025-07-31,0.08,4625,0.426640313840162,0.430192936933255,6243.10206422026,1619.50688073358
2025-07-31,0.08,4630,0.425253649614456,0.430503318371136,6243.10206422026,1614.531966743
2025-07-31,0.08,4640,0.422483873140032,0.427704924391263,6243.10206422026,1604.53196674333
2025-07-31,0.08,4650,0.421493189228674,0.424911270406737,6243.10206422026,1594.55705275341
2025-07-31,0.08,4660,0.418723022617403,0.423762092418921,6243.10206422026,1584.58213876164
2025-07-31,0.08,4670,0.417668422619826,0.420968790299705,6243.10206422026,1574.60722477069
2025-07-31,0.08,4675,0.416282653045868,0.419573884742329,6243.10206422026,1569.60722477061
2025-07-31,0.08,4680,0.414898036711192,0.419765384163234,6243.10206422026,1564.63231077968
2025-07-31,0.08,4690,0.413783386780234,0.416972554981263,6243.10206422026,1554.65739678896
2025-07-31,0.08,4700,0.411012932914157,0.414184317656143,6243.10206422026,1544.65739678926
2025-07-31,0.08,4710,0.408247019536668,0.412925661098972,6243.10206422026,1534.68248279976
2025-07-31,0.08,4720,0.40707135488035,0.411622516135526,6243.10206422026,1524.73265481683
2025-07-31,0.08,4725,0.405687844054674,0.410226165718487,6243.10206422026,1519.73265481644
2025-07-31,0.08,4730,0.404305449797453,0.408830937981708,6243.10206422026,1514.73265481494
2025-07-31,0.08,4740,0.403076616953985,0.407481804455047,6243.10206422026,1504.78282683581
2025-07-31,0.08,4750,0.40031083687204,0.404690977471093,6243.10206422026,1494.78282683389
2025-07-31,0.08,4760,0.399031740258182,0.403298165352241,6243.10206422026,1484.83299885469
2025-07-31,0.08,4770,0.396266186895076,0.400508156913518,6243.10206422026,1474.83299885251
2025-07-31,0.08,4775,0.394885036826608,0.399114787456313,6243.10206422026,1469.83299885337
2025-07-31,0.08,4780,0.394939485000222,0.399073794711115,6243.10206422026,1464.88317087074
2025-07-31,0.08,4790,0.392174246104004,0.396284661133535,6243.10206422026,1454.88317087193
2025-07-31,0.08,4800,0.390802378120183,0.394810713501656,6243.10206422026,1444.93334288803
2025-07-31,0.08,4810,0.388037528487698,0.392022500187196,6243.10206422026,1434.93334289187
2025-07-31,0.08,4820,0.386622736574009,0.390510783932457,6243.10206422026,1424.9835149077
2025-07-31,0.08,4825,0.385240016790445,0.389116632164289,6243.10206422026,1419.98351490898
2025-07-31,0.08,4830,0.385170704126464,0.387723526242269,6243.10206422026,1415.00860091756
2025-07-31,0.08,4840,0.382402688142744,0.386175723566071,6243.10206422026,1405.03368692726
2025-07-31,0.08,4850,0.380911599082322,0.38459646808926,6243.10206422026,1395.08385894678
2025-07-31,0.08,4860,0.378144189622429,0.381807117979182,6243.10206422026,1385.08385894507
2025-07-31,0.08,4870,0.376615814189618,0.38019470989254,6243.10206422026,1375.13403096259
2025-07-31,0.08,4875,0.375231927051414,0.378800067870349,6243.10206422026,1370.13403096194
2025-07-31,0.08,4880,0.37384904239465,0.377406432113095,6243.10206422026,1365.13403096132
2025-07-31,0.08,4890,0.372285019426143,0.37576222459922,6243.10206422026,1355.18420298344
2025-07-31,0.08,4895,0.370901469746853,0.374368127546254,6243.10206422026,1350.18420298064
2025-07-31,0.08,4900,0.370690092846303,0.3740903189699,6243.10206422026,1345.23437500047
2025-07-31,0.08,4905,0.369304934307266,0.372694804560391,6243.10206422026,1340.23437499935
2025-07-31,0.08,4910,0.367920754384528,0.371300271823082,6243.10206422026,1335.23437499965
2025-07-31,0.08,4915,0.367678783246364,0.370994859573213,6243.10206422026,1330.28454701908
2025-07-31,0.08,4920,0.366293037537547,0.369598944258439,6243.10206422026,1325.28454701814
2025-07-31,0.08,4925,0.364908258075901,0.368203998246738,6243.10206422026,1320.28454702046
2025-07-31,0.08,4930,0.364636906475373,0.367872002703649,6243.10206422026,1315.33471903568
2025-07-31,0.08,4935,0.363250600954377,0.366475706128696,6243.10206422026,1310.334719037
2025-07-31,0.08,4940,0.362953439203885,0.365080365905612,6243.10206422026,1305.35980504568
2025-07-31,0.08,4945,0.361565652297919,0.364722745312921,6243.10206422026,1300.38489105471
2025-07-31,0.08,4950,0.360178811120923,0.363326083775934,6243.10206422026,1295.38489105468
2025-07-31,0.08,4955,0.359854420263213,0.362945968250606,6243.10206422026,1290.43506307147
2025-07-31,0.08,4960,0.358466131316172,0.361548020615352,6243.10206422026,1285.43506307206
2025-07-31,0.08,4965,0.357078775146897,0.360151008086169,6243.10206422026,1280.43506307263
2025-07-31,0.08,4970,0.356728154461988,0.359746977506798,6243.10206422026,1275.48523508949
2025-07-31,0.08,4975,0.355339381372727,0.358348703181046,6243.10206422026,1270.48523509291
2025-07-31,0.08,4980,0.353951527964509,0.356951350573605,6243.10206422026,1265.48523509163
2025-07-31,0.08,4985,0.35357561488678,0.356524205150009,6243.10206422026,1260.53540710723
2025-07-31,0.08,4990,0.352186372498253,0.355125612719391,6243.10206422026,1255.53540710908
2025-07-31,0.08,4995,0.351788309659317,0.354678226454827,6243.10206422026,1250.5855791292
2025-07-31,0.08,5000,0.350397712487482,0.353278422431746,6243.10206422026,1245.58557912916
2025-07-31,0.08,5005,0.349008012877779,0.351879518008065,6243.10206422026,1240.58557912807
2025-07-31,0.08,5010,0.348586331116274,0.351410451136041,6243.10206422026,1235.63575114478
2025-07-31,0.08,5015,0.347195299715289,0.350010352873235,6243.10206422026,1230.63575114707
2025-07-31,0.08,5020,0.346752967767442,0.349522334314414,6243.10206422026,1225.68592316736
2025-07-31,0.08,5025,0.345360634115563,0.34812106651418,6243.10206422026,1220.68592316227
2025-07-31,0.08,5030,0.343969175470346,0.34672067532132,6243.10206422026,1215.68592316198
2025-07-31,0.08,5035,0.343504712096705,0.346212259051885,6243.10206422026,1210.73609518278
2025-07-31,0.08,5040,0.342111969681527,0.344810712000399,6243.10206422026,1205.73609518185
2025-07-31,0.08,5045,0.341628191550803,0.34428449859312,6243.10206422026,1200.78626720153
2025-07-31,0.08,5050,0.340234190831516,0.342881816783284,6243.10206422026,1195.78626720071
2025-07-31,0.08,5055,0.339731694863272,0.342338324140826,6243.10206422026,1190.83643921962
2025-07-31,0.08,5060,0.338336459413978,0.340934527072207,6243.10206422026,1185.83643921956
2025-07-31,0.08,5065,0.337815810950121,0.34037424748586,6243.10206422026,1180.88661123796
2025-07-31,0.08,5070,0.33641936288973,0.338969352766275,6243.10206422026,1175.88661123913
2025-07-31,0.08,5075,0.335023747053372,0.337565291434875,6243.10206422026,1170.88661124211
2025-07-31,0.08,5080,0.334483457432974,0.336986778153228,6243.10206422026,1165.93678325305
2025-07-31,0.08,5085,0.333086639317379,0.335581625573706,6243.10206422026,1160.93678325802
2025-07-31,0.08,5090,0.332529270987193,0.334987263219107,6243.10206422026,1155.9869552715
2025-07-31,0.08,5095,0.331131268782256,0.333581034234415,6243.10206422026,1150.98695527765
2025-07-31,0.08,5100,0.330557303847233,0.332971245248964,6243.10206422026,1146.03712729009
2025-07-31,0.08,5105,0.329158134287656,0.331563952955826,6243.10206422026,1141.03712729033
2025-07-31,0.08,5110,0.328568031133126,0.331712463254283,6243.10206422026,1136.11238531933
2025-07-31,0.08,5115,0.32716770964394,0.330301509553755,6243.10206422026,1131.11238532094
2025-07-31,0.08,5120,0.326561903954244,0.32889134325736,6243.10206422026,1126.1374713317
2025-07-31,0.08,5125,0.32516044406873,0.32748195883537,6243.10206422026,1121.13747132819
2025-07-31,0.08,5130,0.324539350864491,0.32757532814353,6243.10206422026,1116.21272935744
2025-07-31,0.08,5135,0.323136765242815,0.326162362495202,6243.10206422026,1111.21272935989
2025-07-31,0.08,5140,0.321734945197398,0.324750162714172,6243.10206422026,1106.21272935864
2025-07-31,0.08,5145,0.320333885489553,0.323338723270714,6243.10206422026,1101.21272935729
2025-07-31,0.08,5150,0.320446577558348,0.323379659554481,6243.10206422026,1096.31307339349
2025-07-31,0.08,5155,0.319041771459927,0.321964710334588,6243.10206422026,1091.31307339464
2025-07-31,0.08,5160,0.317637709109894,0.320550504863083,6243.10206422026,1086.31307339429
2025-07-31,0.08,5165,0.316234385124039,0.320545658347716,6243.10206422026,1081.36324541035
2025-07-31,0.08,5170,0.316292738013065,0.31912801804214,6243.10206422026,1076.41341742879
2025-07-31,0.08,5175,0.314885744325228,0.317711104168173,6243.10206422026,1071.41341742839
2025-07-31,0.08,5180,0.313479471975829,0.316294911196086,6243.10206422026,1066.41341743317
2025-07-31,0.08,5185,0.313490435097723,0.316242301074884,6243.10206422026,1061.51376146829
2025-07-31,0.08,5190,0.312080572645318,0.314822729293601,6243.10206422026,1056.51376146681
2025-07-31,0.08,5195,0.310671414214571,0.313403860369822,6243.10206422026,1051.5137614666
2025-07-31,0.08,5200,0.310637231183624,0.311985688773821,6243.10206422026,1046.56393348503
2025-07-31,0.08,5205,0.309224555118409,0.311887407612195,6243.10206422026,1041.61410550352
2025-07-31,0.08,5210,0.30781256473944,0.310465905955914,6243.10206422026,1036.61410550501
2025-07-31,0.08,5215,0.30640125422595,0.309045083000959,6243.10206422026,1031.6141055051
2025-07-31,0.08,5220,0.3063198548867,0.308907004097414,6243.10206422026,1026.71444954333
2025-07-31,0.08,5225,0.304905079562194,0.30748290565186,6243.10206422026,1021.71444954333
2025-07-31,0.08,5230,0.303490965331197,0.306059466990142,6243.10206422026,1016.71444953793
2025-07-31,0.08,5235,0.303368457267985,0.305883235584213,6243.10206422026,1011.81479357889
2025-07-31,0.08,5240,0.301950936724671,0.304456570180813,6243.10206422026,1006.81479357697
2025-07-31,0.08,5245,0.300534058066338,0.303030545352721,6243.10206422026,1001.81479358053
2025-07-31,0.08,5250,0.300372186926914,0.302817684593375,6243.10206422026,996.915137611664
2025-07-31,0.08,5255,0.298951954052122,0.301388476242789,6243.10206422026,991.915137615737
2025-07-31,0.08,5260,0.297532343126186,0.299959888240349,6243.10206422026,986.915137611917
2025-07-31,0.08,5265,0.29733272242691,0.299711811409594,6243.10206422026,982.015481654131
2025-07-31,0.08,5270,0.295909803559605,0.298280077865158,6243.10206422026,977.015481652987
2025-07-31,0.08,5275,0.294487486413994,0.296848944150667,6243.10206422026,972.015481656023
2025-07-31,0.08,5280,0.294251609472409,0.296566963249179,6243.10206422026,967.115825689679
2025-07-31,0.08,5285,0.292826024839752,0.295132716880022,6243.10206422026,962.115825689101
2025-07-31,0.08,5290,0.292559074465984,0.294821700687598,6243.10206422026,957.216169727385
2025-07-31,0.08,5295,0.291130272404871,0.293384384446404,6243.10206422026,952.216169720671
2025-07-31,0.08,5300,0.289702036267741,0.291947631946406,6243.10206422026,947.216169722351
2025-07-31,0.08,5305,0.289401447395693,0.291605022672907,6243.10206422026,942.316513759552
2025-07-31,0.08,5310,0.287970024389128,0.290165224020494,6243.10206422026,937.316513755283
2025-07-31,0.08,5315,0.286539145187635,0.288725966699327,6243.10206422026,932.316513762818
2025-07-31,0.08,5320,0.286206116895123,0.288352826925603,6243.10206422026,927.416857802344
2025-07-31,0.08,5325,0.284772076144527,0.28691054266055,6243.10206422026,922.416857796155
2025-07-31,0.08,5330,0.284411369381654,0.286511377368516,6243.10206422026,917.517201833826
2025-07-31,0.08,5335,0.28297420418934,0.285066097300675,6243.10206422026,912.517201832253
2025-07-31,0.08,5340,0.281537543657446,0.283621318982871,6243.10206422026,907.517201832078
2025-07-31,0.08,5345,0.28114651215843,0.283193504753251,6243.10206422026,902.617545876999
2025-07-31,0.08,5350,0.279706743482962,0.281745741546595,6243.10206422026,897.617545872776
2025-07-31,0.08,5355,0.279289918859722,0.281293584145586,6243.10206422026,892.71788991463
2025-07-31,0.08,5360,0.277847071144512,0.27984285991522,6243.10206422026,887.717889908039
2025-07-31,0.08,5365,0.277405284602447,0.279367103818804,6243.10206422026,882.818233945778
2025-07-31,0.08,5370,0.275959383604383,0.277913439228446,6243.10206422026,877.818233945326
2025-07-31,0.08,5375,0.274513928331483,0.276460217016312,6243.10206422026,872.818233948632
2025-07-31,0.08,5380,0.274044483255182,0.275958197623292,6243.10206422026,867.91857798198
2025-07-31,0.08,5385,0.272595978628446,0.275437304832779,6243.10206422026,862.968749998474
2025-07-31,0.08,5390,0.272103122285407,0.273977809289989,6243.10206422026,858.018922014326
2025-07-31,0.08,5395,0.270651586931286,0.273435299629404,6243.10206422026,853.069094037125
2025-07-31,0.08,5400,0.270136006317426,0.271972907673408,6243.10206422026,848.119266055381
2025-07-31,0.08,5405,0.268681455515432,0.271409367148378,6243.10206422026,843.169438069434
2025-07-31,0.08,5410,0.268143797463384,0.269944087510324,6243.10206422026,838.219610091932
2025-07-31,0.08,5415,0.266686243437124,0.269360069675703,6243.10206422026,833.269782114625
2025-07-31,0.08,5420,0.26612711694454,0.267891908321877,6243.10206422026,828.319954127236
2025-07-31,0.08,5425,0.264666568861722,0.267287935300385,6243.10206422026,823.370126141254
2025-07-31,0.08,5430,0.264086548292696,0.265816895723245,6243.10206422026,818.420298163219
2025-07-31,0.08,5435,0.263489468950005,0.265193461115846,6243.10206422026,813.520642203549
2025-07-31,0.08,5440,0.26202263938746,0.263719543751951,6243.10206422026,808.520642199838
2025-07-31,0.08,5445,0.261405696534964,0.263077113802009,6243.10206422026,803.620986234355
2025-07-31,0.08,5450,0.259935904784555,0.261600316468571,6243.10206422026,798.620986231535
2025-07-31,0.08,5455,0.259299583146549,0.260939332244636,6243.10206422026,793.7213302728
2025-07-31,0.08,5460,0.25864756202928,0.260263351107905,6243.10206422026,788.821674315657
2025-07-31,0.08,5465,0.257171584696265,0.258780528553967,6243.10206422026,783.821674307825
2025-07-31,0.08,5470,0.256501059218072,0.258086790733717,6243.10206422026,778.922018347123
2025-07-31,0.08,5475,0.255022129301458,0.257378774137688,6243.10206422026,773.972190365093
2025-07-31,0.08,5480,0.25433351011739,0.255889970018995,6243.10206422026,769.022362384538
2025-07-31,0.08,5485,0.25363035167826,0.255164916331656,6243.10206422026,764.122706414819
2025-07-31,0.08,5490,0.252912987222926,0.254426234339147,6243.10206422026,759.223050461332
2025-07-31,0.08,5495,0.251424786426639,0.253674216098409,6243.10206422026,754.273222475256
2025-07-31,0.08,5500,0.250690413256229,0.252176408564245,6243.10206422026,749.323394493017
2025-07-31,0.08,5505,0.249942475663559,0.251408301580511,6243.10206422026,744.423738529557
2025-07-31,0.08,5510,0.24844820700966,0.250627422671819,6243.10206422026,739.473910550631
2025-07-31,0.08,5515,0.247683900258587,0.249834026642206,6243.10206422026,734.57425459033
2025-07-31,0.08,5520,0.24690661174394,0.248327292963241,6243.10206422026,729.624426606038
2025-07-31,0.08,5525,0.246116603836749,0.247518626881383,6243.10206422026,724.724770640116
2025-07-31,0.08,5530,0.245314127703072,0.246697934805742,6243.10206422026,719.82511467318
2025-07-31,0.08,5535,0.243807671238092,0.24586543952614,6243.10206422026,714.875286689272
2025-07-31,0.08,5540,0.242989924906651,0.245021354228135,6243.10206422026,709.975630728818
2025-07-31,0.08,5545,0.242160194199904,0.243502759865145,6243.10206422026,705.02580274528
2025-07-31,0.08,5550,0.241318698560733,0.242644327688398,6243.10206422026,700.126146789956
2025-07-31,0.08,5555,0.240465647827757,0.241774716293815,6243.10206422026,695.22649082505
2025-07-31,0.08,5560,0.239601243836038,0.240894112673507,6243.10206422026,690.326834858859
2025-07-31,0.08,5565,0.238725679689493,0.240002696689146,6243.10206422026,685.427178900276
2025-07-31,0.08,5570,0.237839140488482,0.239100640780927,6243.10206422026,680.527522934052
2025-07-31,0.08,5575,0.23694180420293,0.238188110404128,6243.10206422026,675.627866968824
2025-07-31,0.08,5580,0.236033841235763,0.2372652647567,6243.10206422026,670.728211010286
2025-07-31,0.08,5585,0.235115415296028,0.236332256342714,6243.10206422026,665.828555046191
2025-07-31,0.08,5590,0.234186683544409,0.235389231845477,6243.10206422026,660.928899083308
2025-07-31,0.08,5595,0.233247796884267,0.234436331982009,6243.10206422026,656.029243115614
2025-07-31,0.08,5600,0.232298900107159,0.234055122298176,6243.10206422026,651.179759178969
2025-07-31,0.08,5605,0.231340132329394,0.233076290048656,6243.10206422026,646.280103222029
2025-07-31,0.08,5610,0.230371626992035,0.232088093205129,6243.10206422026,641.380447253322
2025-07-31,0.08,5615,0.229962920300225,0.231090647891879,6243.10206422026,636.5309633048
2025-07-31,0.08,5620,0.228968895996726,0.230084065431057,6243.10206422026,631.631307328515
2025-07-31,0.08,5625,0.227965619731044,0.229614746374342,6243.10206422026,626.781823402087
2025-07-31,0.08,5630,0.226953200933582,0.22858427578052,6243.10206422026,621.882167435862
2025-07-31,0.08,5635,0.226472788224292,0.227545076365868,6243.10206422026,617.032683475972
2025-07-31,0.08,5640,0.225436499629243,0.227022952628845,6243.10206422026,612.183199529905
2025-07-31,0.08,5645,0.224391471299426,0.225961003040963,6243.10206422026,607.283543580662
2025-07-31,0.08,5650,0.223858393753735,0.224890677370675,6243.10206422026,602.434059642505
2025-07-31,0.08,5655,0.222790618743149,0.224318524731175,6243.10206422026,597.584575686747
2025-07-31,0.08,5660,0.222221227038524,0.223226440455161,6243.10206422026,592.735091728357
2025-07-31,0.08,5665,0.221131452588015,0.222619724543168,6243.10206422026,587.885607785116
2025-07-31,0.08,5670,0.220527128428809,0.221992435278944,6243.10206422026,583.086295868423
2025-07-31,0.08,5675,0.219902018750448,0.220866498300459,6243.10206422026,578.23681192695
2025-07-31,0.08,5680,0.218778032892756,0.220206632973286,6243.10206422026,573.387327990857
2025-07-31,0.08,5685,0.218120018278162,0.219527406322902,6243.10206422026,568.588016047845
2025-07-31,0.08,5690,0.217442454329612,0.218369194506113,6243.10206422026,563.738532115272
2025-07-31,0.08,5695,0.216285865778967,0.217659108482219,6243.10206422026,558.889048162235
2025-07-31,0.08,5700,0.215577146034394,0.216930713384105,6243.10206422026,554.08973622492
2025-07-31,0.08,5705,0.214849948267864,0.216184387852604,6243.10206422026,549.290424316463
2025-07-31,0.08,5710,0.214104657377536,0.215420490446907,6243.10206422026,544.491112385758
2025-07-31,0.08,5715,0.213341638179923,0.214208646673429,6243.10206422026,539.641628439233
2025-07-31,0.08,5720,0.212561237010608,0.213416422655068,6243.10206422026,534.842316503144
2025-07-31,0.08,5725,0.211763782160799,0.212607449964356,6243.10206422026,530.043004589827
2025-07-31,0.08,5730,0.210949585187001,0.212195741212434,6243.10206422026,525.293864676573
2025-07-31,0.08,5735,0.210118941929651,0.211348761392971,6243.10206422026,520.494552760348
2025-07-31,0.08,5740,0.209272132949673,0.210486011662976,6243.10206422026,515.695240817862
2025-07-31,0.08,5745,0.208409425129193,0.209607741878832,6243.10206422026,510.895928892842
2025-07-31,0.08,5750,0.207926906466732,0.208714189382278,6243.10206422026,506.146788989258
2025-07-31,0.08,5755,0.20702814889562,0.208192209127139,6243.10206422026,501.397649080247
2025-07-31,0.08,5760,0.206114327181863,0.207264007356273,6243.10206422026,496.598337151783
2025-07-31,0.08,5765,0.205565499225205,0.206321268367613,6243.10206422026,491.849197250073
2025-07-31,0.08,5770,0.204617545266684,0.205735631050347,6243.10206422026,487.100057339223
2025-07-31,0.08,5775,0.204024684960776,0.204759962387197,6243.10206422026,482.350917419642
2025-07-31,0.08,5780,0.203043787940004,0.204131950183825,6243.10206422026,477.601777530128
2025-07-31,0.08,5785,0.202408572975151,0.203480684165437,6243.10206422026,472.902809621451
2025-07-31,0.08,5790,0.201395791252923,0.202455549758929,6243.10206422026,468.103497716029
2025-07-31,0.08,5795,0.200719725715084,0.201764258988744,6243.10206422026,463.404529811544
2025-07-31,0.08,5800,0.200021250082274,0.200708742220508,6243.10206422026,458.655389926549
2025-07-31,0.08,5805,0.199300818956326,0.200316225261985,6243.10206422026,454.006594031864
2025-07-31,0.08,5810,0.198558860745623,0.199560320932284,6243.10206422026,449.307626130323
2025-07-31,0.08,5815,0.197795778829255,0.198783677649558,6243.10206422026,444.608658260982
2025-07-31,0.08,5820,0.197011953012211,0.197986656592342,6243.10206422026,439.909690362048
2025-07-31,0.08,5825,0.196207741271604,0.197169598566491,6243.10206422026,435.210722477845
2025-07-31,0.08,5830,0.195383480775311,0.196332824296217,6243.10206422026,430.511754598979
2025-07-31,0.08,5835,0.194539488755083,0.195476636024798,6243.10206422026,425.812786710023
2025-07-31,0.08,5840,0.193985206740598,0.194908300352661,6243.10206422026,421.214162851173
2025-07-31,0.08,5845,0.193098735933589,0.194010305010868,6243.10206422026,416.515194945748
2025-07-31,0.08,5850,0.192494243845281,0.193093789301045,6243.10206422026,411.866399071544
2025-07-31,0.08,5855,0.191566742021537,0.19245415448298,6243.10206422026,407.217603206374
2025-07-31,0.08,5860,0.19091386568821,0.191788775580646,6243.10206422026,402.61897937795
2025-07-31,0.08,5865,0.190235370853643,0.19109815972829,6243.10206422026,398.0203555103
2025-07-31,0.08,5870,0.189246954567234,0.190099661729492,6243.10206422026,393.321387589867
2025-07-31,0.08,5875,0.18852252995919,0.189363749111971,6243.10206422026,388.722763767947
2025-07-31,0.08,5880,0.187773768000522,0.188603828162629,6243.10206422026,384.124139908424
2025-07-31,0.08,5885,0.187001079782835,0.187820293674928,6243.10206422026,379.525516038695
2025-07-31,0.08,5890,0.186204849622212,0.187282128779672,6243.10206422026,374.977064203317
2025-07-31,0.08,5895,0.185652024254441,0.186449065975377,6243.10206422026,370.428612388068
2025-07-31,0.08,5900,0.184806412169491,0.185593512604019,6243.10206422026,365.829988550507
2025-07-31,0.08,5905,0.183938350262841,0.184974076280848,6243.10206422026,361.28153669884
2025-07-31,0.08,5910,0.183304513946437,0.184071291612715,6243.10206422026,356.733084857358
2025-07-31,0.08,5915,0.182642222669477,0.183398698452888,6243.10206422026,352.234805050752
2025-07-31,0.08,5920,0.181702439320319,0.182698484157247,6243.10206422026,347.686353202931
2025-07-31,0.08,5925,0.180988016825687,0.181725856262304,6243.10206422026,343.137901372286
2025-07-31,0.08,5930,0.180246489351675,0.180974879938696,6243.10206422026,338.63962154351
2025-07-31,0.08,5935,0.179478276721036,0.180197490433757,6243.10206422026,334.141341751365
2025-07-31,0.08,5940,0.178683767469908,0.179630226801215,6243.10206422026,329.693233950384
2025-07-31,0.08,5945,0.177863321030596,0.178798243457991,6243.10206422026,325.194954133502
2025-07-31,0.08,5950,0.177248607094955,0.177940965248121,6243.10206422026,320.746846322146
2025-07-31,0.08,5955,0.17637450366966,0.177286219284726,6243.10206422026,316.298738532781
2025-07-31,0.08,5960,0.175701105497882,0.176376564075337,6243.10206422026,311.850630733496
2025-07-31,0.08,5965,0.174997568272399,0.1756645766982,6243.10206422026,307.452694943314
2025-07-31,0.08,5970,0.174044287003233,0.174923161128416,6243.10206422026,303.004587159805
2025-07-31,0.08,5975,0.173284471118719,0.174152722200266,6243.10206422026,298.60665137858
2025-07-31,0.08,5980,0.172710487266206,0.173353630405513,6243.10206422026,294.25888760626
2025-07-31,0.08,5985,0.171890581139506,0.172526223930667,6243.10206422026,289.860951819271
2025-07-31,0.08,5990,0.171042458121583,0.171879888683235,6243.10206422026,285.513188055969
2025-07-31,0.08,5995,0.170373669414473,0.170994396929083,6243.10206422026,281.165424318716
2025-07-31,0.08,6000,0.169467634576074,0.170081485001066,6243.10206422026,276.767488515292
2025-07-31,0.08,6005,0.16873676230543,0.169545341512355,6243.10206422026,272.520068809575
2025-07-31,0.08,6010,0.167974187959866,0.168773506764497,6243.10206422026,268.222477073943
2025-07-31,0.08,6015,0.167180271844802,0.167970608043201,6243.10206422026,263.924885303431
2025-07-31,0.08,6020,0.166550946185562,0.167136955013224,6243.10206422026,259.677465574826
2025-07-31,0.08,6025,0.165693152546855,0.166272822123686,6243.10206422026,255.379873831899
2025-07-31,0.08,6030,0.164996232368264,0.165569376138711,6243.10206422026,251.182626154729
2025-07-31,0.08,6035,0.164075813834777,0.164831816826462,6243.10206422026,246.935206426451
2025-07-31,0.08,6040,0.163312662505773,0.164060500272305,6243.10206422026,242.737958725016
2025-07-31,0.08,6045,0.162515812579081,0.163255740215533,6243.10206422026,238.54071101196
2025-07-31,0.08,6050,0.161868759776709,0.162417809650074,6243.10206422026,234.393635298473
2025-07-31,0.08,6055,0.16100345982357,0.161727920229326,6243.10206422026,230.246559643947
2025-07-31,0.08,6060,0.16028469736574,0.161001622062196,6243.10206422026,226.149655959987
2025-07-31,0.08,6065,0.159529603432199,0.160239244458525,6243.10206422026,222.052752296834
2025-07-31,0.08,6070,0.158738471826114,0.159441069143393,6243.10206422026,217.955848648131
2025-07-31,0.08,6075,0.15791154905693,0.158607332148865,6243.10206422026,213.858944935951
2025-07-31,0.08,6080,0.157221433644938,0.15791035609092,6243.10206422026,209.862385312177
2025-07-31,0.08,6085,0.156492617268878,0.15717492383212,6243.10206422026,205.865825695756
2025-07-31,0.08,6090,0.155725376706176,0.156401301090438,6243.10206422026,201.869266064506
2025-07-31,0.08,6095,0.154919936056329,0.155589701779027,6243.10206422026,197.872706429344
2025-07-31,0.08,6100,0.15407646775953,0.154574408832788,6243.10206422026,193.825974774755
2025-07-31,0.08,6105,0.153359683780095,0.154017580233138,6243.10206422026,189.979931199384
2025-07-31,0.08,6110,0.152602240876398,0.153254437926322,6243.10206422026,186.083715624693
2025-07-31,0.08,6115,0.151804313234863,0.152451027414168,6243.10206422026,182.187499968368
2025-07-31,0.08,6120,0.151126432782157,0.151767725790962,6243.10206422026,178.391628415659
2025-07-31,0.08,6125,0.150246555738976,0.150882786864069,6243.10206422026,174.49541287249
2025-07-31,0.08,6130,0.149484307501832,0.150273280040254,6243.10206422026,170.749713317528
2025-07-31,0.08,6135,0.14883602389847,0.149462368452357,6243.10206422026,167.004013778355
2025-07-31,0.08,6140,0.14798727209229,0.148609047053758,6243.10206422026,163.208142212193
2025-07-31,0.08,6145,0.147250256876152,0.147867565272759,6243.10206422026,159.51261464956
2025-07-31,0.08,6150,0.146468371702523,0.14708142293633,6243.10206422026,155.817087144211
2025-07-31,0.08,6155,0.145793872532839,0.146402794806219,6243.10206422026,152.221903629108
2025-07-31,0.08,6160,0.144921143535937,0.145677445278442,6243.10206422026,148.576548180931
2025-07-31,0.08,6165,0.144304050071118,0.144905352670647,6243.10206422026,145.031536685012
2025-07-31,0.08,6170,0.143488615893487,0.144086417302212,6243.10206422026,141.4363531929
2025-07-31,0.08,6175,0.142774600998001,0.143369056630377,6243.10206422026,137.9415137663
2025-07-31,0.08,6180,0.1420115385812,0.142750664552642,6243.10206422026,134.496846310891
2025-07-31,0.08,6185,0.141346346962016,0.141934705487429,6243.10206422026,131.052178917487
2025-07-31,0.08,6190,0.14063026001932,0.141215872452811,6243.10206422026,127.657683471871
2025-07-31,0.08,6195,0.139863058601271,0.140591893603783,6243.10206422026,124.313360071817
2025-07-31,0.08,6200,0.139189621721399,0.139770361155037,6243.10206422026,120.969036712479
2025-07-31,0.08,6205,0.13846327174945,0.139186536569851,6243.10206422026,117.725057307901
2025-07-31,0.08,6210,0.137827829483682,0.138404535999534,6243.10206422026,114.481077949878
2025-07-31,0.08,6215,0.137137792506513,0.137856562822376,6243.10206422026,111.337442650322
2025-07-31,0.08,6220,0.136392740704152,0.137109687956075,6243.10206422026,108.143635306815
2025-07-31,0.08,6225,0.135735217798773,0.136450624148393,6243.10206422026,105.05017199866
2025-07-31,0.08,6230,0.135020974292699,0.13573513427078,6243.10206422026,101.95670871477
2025-07-31,0.08,6235,0.134392033822654,0.135105246471053,6243.10206422026,98.9635894423145
2025-07-31,0.08,6240,0.133847255809523,0.134559828901248,6243.10206422026,96.0708141983557
2025-07-31,0.08,6245,0.133088624741947,0.133800873180444,6243.10206422026,93.0690939905021
2025-07-31,0.08,6250,0.132542824893329,0.133255071585596,6243.10206422026,90.2594609994419
2025-07-31,0.08,6255,0.1319363898333,0.132648965253332,6243.10206422026,87.4498279967686
2025-07-31,0.08,6260,0.131268512512641,0.131981757902849,6243.10206422026,84.6401949446013
2025-07-31,0.08,6265,0.130681078470401,0.13139534176708,6243.10206422026,81.9309059361833
2025-07-31,0.08,6270,0.130173775131443,0.130889409073017,6243.10206422026,79.3219609826899
2025-07-31,0.08,6275,0.12960306662401,0.130176973205853,6243.10206422026,76.6628440456573
2025-07-31,0.08,6280,0.128967889930694,0.12968739613691,6243.10206422026,74.1040710525313
2025-07-31,0.08,6285,0.128411409558375,0.129133428880351,6243.10206422026,71.5954701550268
2025-07-31,0.08,6290,0.127933932261426,0.128513880216395,6243.10206422026,69.1370412538704
2025-07-31,0.08,6295,0.127390380392672,0.128118624587426,6243.10206422026,66.7789563963433
2025-07-31,0.08,6300,0.126925807879666,0.127511407216434,6243.10206422026,64.4208715772697
2025-07-31,0.08,6305,0.126393890558176,0.126982848768016,6243.10206422026,62.1129587213886
2025-07-31,0.08,6310,0.12579308359688,0.126533939208966,6243.10206422026,59.8552178726611
2025-07-31,0.08,6315,0.125420081047716,0.126016835882697,6243.10206422026,57.6978211159521
2025-07-31,0.08,6320,0.124828546421285,0.125580110060191,6243.10206422026,55.5404242766117
2025-07-31,0.08,6325,0.124467885060387,0.124922502608185,6243.10206422026,53.4331995819966
2025-07-31,0.08,6330,0.123885101810255,0.124649391244548,6243.10206422026,51.426318809041
2025-07-31,0.08,6340,0.123118899526705,0.123742174936152,6243.10206422026,47.5630733907451
2025-07-31,0.08,6350,0.12222283405991,0.122859888823405,6243.10206422026,43.8503440395252
2025-07-31,0.08,6360,0.121352278682586,0.122005146139245,6243.10206422026,40.3383027507131
2025-07-31,0.08,6370,0.120678898991741,0.121349462450432,6243.10206422026,37.1272935789427
2025-07-31,0.08,6375,0.12023083067891,0.120911337606796,6243.10206422026,35.521788982457
2025-07-31,0.08,6380,0.119877583518822,0.120568470618878,6243.10206422026,34.0166284351678
2025-07-31,0.08,6390,0.11929770119299,0.11983284234578,6243.10206422026,31.1568233763572
2025-07-31,0.08,6400,0.118598193247314,0.119152518044431,6243.10206422026,28.4475344026453
2025-07-31,0.08,6410,0.11796453548291,0.118540230058577,6243.10206422026,25.9389334848378
2025-07-31,0.08,6420,0.11741269702603,0.118012052142743,6243.10206422026,23.6310206402428
2025-07-31,0.08,6425,0.117122416294172,0.117734679105212,6243.10206422026,22.5272362374561
2025-07-31,0.08,6430,0.116753620121624,0.117379863976258,6243.10206422026,21.4234518131896
2025-07-31,0.08,6440,0.116201550289291,0.116857403507917,6243.10206422026,19.4165710856548
2025-07-31,0.08,6450,0.115553880340195,0.116472312537253,6243.10206422026,17.5602064245483
2025-07-31,0.08,6460,0.115050839402726,0.11577707164968,6243.10206422026,15.8041857865296
2025-07-31,0.08,6470,0.11447453859427,0.115242384516645,6243.10206422026,14.198681178049
2025-07-31,0.08,6475,0.11432481335641,0.1151141108391,6243.10206422026,13.4962729451337
2025-07-31,0.08,6480,0.114099531373264,0.114912132001962,6243.10206422026,12.7938646601199
2025-07-31,0.08,6490,0.11369137809079,0.114554171185493,6243.10206422026,11.4893921969187
2025-07-31,0.08,6500,0.113261339018851,0.113875357227425,6243.10206422026,10.2350917434994
2025-07-31,0.08,6525,0.112059662668543,0.113152964212265,6243.10206422026,7.67631882226755
2025-07-31,0.08,6550,0.111032908051793,0.111918633946262,6243.10206422026,5.6192660507445
2025-07-31,0.08,6575,0.110245132844956,0.111333527919421,6243.10206422026,4.11410550355788
2025-07-31,0.08,6600,0.109748120474928,0.111099013037101,6243.10206422026,3.01032110268076
2025-07-31,0.08,6625,0.109510154023835,0.110785269379206,6243.10206422026,2.18248279912817
2025-07-31,0.08,6650,0.109813777261246,0.111400721242468,6243.10206422026,1.6305905982975
2025-07-31,0.08,6675,0.110325142185264,0.11229957674797,6243.10206422026,1.22921445112159
2025-07-31,0.08,6700,0.110868969812811,0.113334293445137,6243.10206422026,0.928182335778764
2025-07-31,0.08,6725,0.111963916159512,0.11497683272745,6243.10206422026,0.727494263850989
2025-07-31,0.08,6750,0.114446695105192,0.117900103240258,6243.10206422026,0.627150229423979
2025-07-31,0.08,6775,0.11484154575436,0.119175853786729,6243.10206422026,0.47663417420339
2025-07-31,0.08,6800,0.11763819292233,0.12248441288521,6243.10206422026,0.426462155996106
2025-07-31,0.08,6825,0.120093340982413,0.125567796229525,6243.10206422026,0.376290137318232
2025-07-31,0.08,6850,0.122125992810296,0.128396884127632,6243.10206422026,0.326118119260093
2025-07-31,0.08,6875,0.123605542638499,0.130931349438935,6243.10206422026,0.275946100905799
2025-07-31,0.08,6900,0.127771895812244,0.135297157274602,6243.10206422026,0.275946099873771
2025-07-31,0.08,6925,0.128344005378076,0.13739163160466,6243.10206422026,0.225774081900064
2025-07-31,0.08,6950,0.132362248285513,0.141640428654131,6243.10206422026,0.225774081451161
2025-07-31,0.08,7000,0.140321281968143,0.147328018527634,6243.10206422026,0.200688074225064
2025-07-31,0.08,7100,0.142238836150125,0.160134019850548,6243.10206422026,0.125430045657041
2025-07-31,0.08,7200,0.156369089698484,0.175731709194241,6243.10206422026,0.125430045411673
2025-07-31,0.08,7300,0.170201348399205,0.186132153492421,6243.10206422026,0.100344036856356
2025-07-31,0.08,7400,NA,0.200742847980786,6243.10206422026,NA
2025-07-31,0.08,7500,NA,0.215058718047282,6243.10206422026,NA
2025-07-31,0.08,7600,NA,0.221569583397936,6243.10206422026,NA
2025-07-31,0.08,7800,NA,0.248117945618308,6243.10206422026,NA
2025-07-31,0.08,8000,NA,0.273746197660277,6243.10206422026,NA
2025-07-31,0.08,8200,NA,0.283719320602205,6243.10206422026,NA
2025-07-31,0.08,8400,NA,0.322534666653523,6243.10206422026,NA
2025-08-01,0.084,1800,NA,1.25876854262616,6245.60737378817,NA
2025-08-01,0.084,2000,NA,1.15487232500277,6245.60737378817,NA
2025-08-01,0.084,2200,NA,1.06103248139178,6245.60737378817,NA
2025-08-01,0.084,2400,NA,1.00464163626284,6245.60737378817,NA
2025-08-01,0.084,2600,NA,0.896735483711465,6245.60737378817,NA
2025-08-01,0.084,2800,0.785396256998243,0.848797624076377,6245.60737378817,3445.7078002567
2025-08-01,0.084,3000,0.7559580914873,0.796512649413847,6245.60737378817,3245.7580134909
2025-08-01,0.084,3200,0.692375629753168,0.743015117206398,6245.60737378817,3045.78312010804
2025-08-01,0.084,3400,0.667016912214073,0.689599713534671,6245.60737378817,2845.85843995952
2025-08-01,0.084,3600,0.618900507564055,0.644366778890677,6245.60737378817,2645.93375981101
2025-08-01,0.084,3800,0.585056085713876,0.602381735391944,6245.60737378817,2446.08439951319
2025-08-01,0.084,4000,0.544427001463159,0.557267721764059,6245.60737378817,2246.23503921623
2025-08-01,0.084,4200,0.5042240084953,0.513721524788982,6245.60737378817,2046.43589215301
2025-08-01,0.084,4400,0.465919799630527,0.472775993862117,6245.60737378817,1846.73717155795
2025-08-01,0.084,4500,0.4471877160768,0.452976572728376,6245.60737378817,1746.9380244966
2025-08-01,0.084,4600,0.427182558219333,0.432150256842942,6245.60737378817,1647.13887743283
2025-08-01,0.084,4700,0.407700783130593,0.41192772684137,6245.60737378817,1547.38994360511
2025-08-01,0.084,4800,0.387098216475074,0.390742735058352,6245.60737378817,1447.6410097763
2025-08-01,0.084,4850,0.377037752355869,0.380407536018327,6245.60737378817,1397.79164947826
2025-08-01,0.084,4900,0.367760475370149,0.370840678102353,6245.60737378817,1347.99250241535
2025-08-01,0.084,4950,0.357108155754781,0.360905124276526,6245.60737378817,1298.16824873495
2025-08-01,0.084,5000,0.348038308026048,0.350646023021996,6245.60737378817,1248.39420829171
2025-08-01,0.084,5050,0.337687894376575,0.340885778883788,6245.60737378817,1198.62016784364
2025-08-01,0.084,5100,0.327058393473958,0.330024260061984,6245.60737378817,1148.82102078036
2025-08-01,0.084,5150,0.317567648768508,0.320272618725021,6245.60737378817,1099.12230018491
2025-08-01,0.084,5175,0.313306224731156,0.315871488734481,6245.60737378817,1074.32315312034
2025-08-01,0.084,5200,0.307628698962225,0.310106801213389,6245.60737378817,1049.42357959449
2025-08-01,0.084,5225,0.303108688700939,0.305465008447384,6245.60737378817,1024.62443252532
2025-08-01,0.084,5250,0.298440839857603,0.300684864220461,6245.60737378817,999.825285466335
2025-08-01,0.084,5275,0.293635241129525,0.295775267901899,6245.60737378817,975.026138406911
2025-08-01,0.084,5300,0.288700624975515,0.290743955726388,6245.60737378817,950.226991340282
2025-08-01,0.084,5325,0.28364457221581,0.285597668286583,6245.60737378817,925.427844277176
2025-08-01,0.084,5350,0.278473675741124,0.280342283828639,6245.60737378817,900.628697209668
2025-08-01,0.084,5375,0.273193672644036,0.275862255391001,6245.60737378817,875.879763383477
2025-08-01,0.084,5400,0.268671574619472,0.271201560851268,6245.60737378817,851.181042790755
2025-08-01,0.084,5425,0.263969536778903,0.266372304055969,6245.60737378817,826.482322204036
2025-08-01,0.084,5450,0.259099393030831,0.261384789070759,6245.60737378817,801.783601593902
2025-08-01,0.084,5475,0.254803299055447,0.256247803797245,6245.60737378817,777.135094241612
2025-08-01,0.084,5500,0.250282926451472,0.251649075096051,6245.60737378817,752.536800116818
2025-08-01,0.084,5525,0.24555426311713,0.247488699412525,6245.60737378817,727.988719222569
2025-08-01,0.084,5550,0.241247272231066,0.242467242230564,6245.60737378817,703.440638329243
2025-08-01,0.084,5575,0.236691245106475,0.238414271759511,6245.60737378817,678.992983910121
2025-08-01,0.084,5600,0.232450560604225,0.234072065238595,6245.60737378817,654.595542725011
2025-08-01,0.084,5625,0.228445289856099,0.22996681773968,6245.60737378817,630.298528001821
2025-08-01,0.084,5650,0.22412326931543,0.225555410459011,6245.60737378817,606.001513271152
2025-08-01,0.084,5670,0.221094137548353,0.222452269106275,6245.60737378817,586.7044985498
2025-08-01,0.084,5675,0.22041145510914,0.221750688822352,6245.60737378817,581.90535150276
2025-08-01,0.084,5680,0.219711183915511,0.22103203317558,6245.60737378817,577.106204418666
2025-08-01,0.084,5690,0.217827139156321,0.219118128904976,6245.60737378817,567.407483844419
2025-08-01,0.084,5700,0.216320454371792,0.217577536993812,6245.60737378817,557.809189708779
2025-08-01,0.084,5710,0.214749394970195,0.215974235641239,6245.60737378817,548.210895591746
2025-08-01,0.084,5720,0.21351574136825,0.214705417045107,6245.60737378817,538.713027932011
2025-08-01,0.084,5725,0.212671498181965,0.213846492868106,6245.60737378817,533.913880852514
2025-08-01,0.084,5730,0.211812582008517,0.212973225741379,6245.60737378817,529.114733815144
2025-08-01,0.084,5740,0.210430519971521,0.211559540646363,6245.60737378817,519.61686616102
2025-08-01,0.084,5750,0.208604393726689,0.210072233192151,6245.60737378817,510.06878526088
2025-08-01,0.084,5760,0.207443286806365,0.208513961286061,6245.60737378817,500.621130824471
2025-08-01,0.084,5770,0.205843448518579,0.206887113624977,6245.60737378817,491.123263171579
2025-08-01,0.084,5775,0.204845357245812,0.206219565759678,6245.60737378817,486.374329346487
2025-08-01,0.084,5780,0.204175902352023,0.205193837343991,6245.60737378817,481.625395518255
2025-08-01,0.084,5790,0.202774706292732,0.203765412177482,6245.60737378817,472.227954314139
2025-08-01,0.084,5800,0.201293053712778,0.202257981752816,6245.60737378817,462.830513121956
2025-08-01,0.084,5810,0.199733759098085,0.200674228133489,6245.60737378817,453.433071945002
2025-08-01,0.084,5820,0.198405778089882,0.199320877461796,6245.60737378817,444.136057229103
2025-08-01,0.084,5825,0.197557336385015,0.198461301213473,6245.60737378817,439.437336645729
2025-08-01,0.084,5830,0.196691018816444,0.197880509829497,6245.60737378817,434.788829273979
2025-08-01,0.084,5840,0.195196992888491,0.196356142867255,6245.60737378817,425.491814557903
2025-08-01,0.084,5850,0.193903512870583,0.194750451508125,6245.60737378817,416.245013075075
2025-08-01,0.084,5860,0.19223932732333,0.193340275898504,6245.60737378817,406.99821159032
2025-08-01,0.084,5870,0.190766776820832,0.191839914794256,6245.60737378817,397.801623311135
2025-08-01,0.084,5875,0.189997018194719,0.191056805659037,6245.60737378817,393.203329220802
2025-08-01,0.084,5880,0.189467739717536,0.190252174968791,6245.60737378817,388.655248304332
2025-08-01,0.084,5890,0.187813807013196,0.188833963791581,6245.60737378817,379.508873278869
2025-08-01,0.084,5900,0.186325879647395,0.187072668802916,6245.60737378817,370.362498281943
2025-08-01,0.084,5910,0.184744510359378,0.185715654686564,6245.60737378817,361.316549711923
2025-08-01,0.084,5920,0.183309813753963,0.184257080571047,6245.60737378817,352.320814386063
2025-08-01,0.084,5925,0.182554835362629,0.1834906579715,6245.60737378817,347.822946759658
2025-08-01,0.084,5930,0.181775244589474,0.182699931927293,6245.60737378817,343.325079101915
2025-08-01,0.084,5940,0.180369709149061,0.181271961653654,6245.60737378817,334.429770238243
2025-08-01,0.084,5950,0.17885883792404,0.179519988767404,6245.60737378817,325.484248159182
2025-08-01,0.084,5960,0.177245388211306,0.178106395640491,6245.60737378817,316.639152567375
2025-08-01,0.084,5970,0.175742486633698,0.176583680029589,6245.60737378817,307.844270159763
2025-08-01,0.084,5975,0.175158749505522,0.175782240719871,6245.60737378817,303.497042243339
2025-08-01,0.084,5980,0.174337898086409,0.175159641683445,6245.60737378817,299.149814281648
2025-08-01,0.084,5990,0.172818938615866,0.173622341269986,6245.60737378817,290.455358365094
2025-08-01,0.084,6000,0.171384938174075,0.171974269495022,6245.60737378817,281.81111569409
2025-08-01,0.084,6010,0.169832896961528,0.170601489979231,6245.60737378817,273.267299491653
2025-08-01,0.084,6020,0.168165166422206,0.169105665434556,6245.60737378817,264.723483269547
2025-08-01,0.084,6025,0.167474932994182,0.168219463692459,6245.60737378817,260.476681803278
2025-08-01,0.084,6030,0.166752588145862,0.167489264156856,6245.60737378817,256.280093512492
2025-08-01,0.084,6040,0.165212827003538,0.165934498971298,6245.60737378817,247.886916997868
2025-08-01,0.084,6050,0.163725056070826,0.164432253830585,6245.60737378817,239.594167019885
2025-08-01,0.084,6060,0.162107090898797,0.162973896247567,6245.60737378817,231.351630190533
2025-08-01,0.084,6070,0.160701109442183,0.161381364185378,6245.60737378817,223.209519859615
2025-08-01,0.084,6075,0.159861260934298,0.160703651807293,6245.60737378817,219.163571324485
2025-08-01,0.084,6080,0.15915531260198,0.159823088641309,6245.60737378817,215.117622765174
2025-08-01,0.084,6090,0.157635419189517,0.158291300784377,6245.60737378817,207.126152125715
2025-08-01,0.084,6100,0.15613399885136,0.156778590633828,6245.60737378817,199.235107974275
2025-08-01,0.084,6110,0.154643950107357,0.155277872280061,6245.60737378817,191.444490294533
2025-08-01,0.084,6120,0.153002406467084,0.153782345904129,6245.60737378817,183.704085805712
2025-08-01,0.084,6125,0.152279870697636,0.153053811980743,6245.60737378817,179.909203461237
2025-08-01,0.084,6130,0.151517271759335,0.152285455577182,6245.60737378817,176.114321079232
2025-08-01,0.084,6140,0.150023599879479,0.150780843712976,6245.60737378817,168.624982748343
2025-08-01,0.084,6150,0.148515173376216,0.149262302464476,6245.60737378817,161.236070930941
2025-08-01,0.084,6160,0.147133472372237,0.14787124559764,6245.60737378817,154.04801206608
2025-08-01,0.084,6170,0.145575521917954,0.146304879625261,6245.60737378817,146.859953188454
2025-08-01,0.084,6175,0.144875297144934,0.145600735439394,6245.60737378817,143.366350249461
2025-08-01,0.084,6180,0.144129065327767,0.144995145409081,6245.60737378817,139.922960498156
2025-08-01,0.084,6190,0.142783872314232,0.143498896094,6245.60737378817,133.086394209626
2025-08-01,0.084,6200,0.141388790533162,0.14209802265067,6245.60737378817,126.400467714068
2025-08-01,0.084,6210,0.13993836257979,0.140783633276809,6245.60737378817,119.865180886256
2025-08-01,0.084,6220,0.138566950361953,0.139407598352062,6245.60737378817,113.480533735247
2025-08-01,0.084,6225,0.137943343605397,0.138782136808391,6245.60737378817,110.38863664436
2025-08-01,0.084,6230,0.137266711415979,0.138103967936725,6245.60737378817,107.296739528465
2025-08-01,0.084,6240,0.13603059868588,0.136865753619028,6245.60737378817,101.313798260215
2025-08-01,0.084,6250,0.134816146627117,0.135511482102139,6245.60737378817,95.455358292317
2025-08-01,0.084,6260,0.133631104716625,0.134326991854754,6245.60737378817,89.8314761077941
2025-08-01,0.084,6270,0.132493277804764,0.133190953518794,6245.60737378817,84.4084467957618
2025-08-01,0.084,6275,0.131975634893479,0.132534879693134,6245.60737378817,81.7471453333781
2025-08-01,0.084,6280,0.131398311085383,0.131958928421682,6245.60737378817,79.1360571968314
2025-08-01,0.084,6290,0.130201509626676,0.130906757720833,6245.60737378817,74.0645205044148
2025-08-01,0.084,6300,0.129180899265094,0.129749849028053,6245.60737378817,69.1938367977421
2025-08-01,0.084,6310,0.128194146408115,0.12891276713029,6245.60737378817,64.6244324605798
2025-08-01,0.084,6320,0.127239864549258,0.127967571196263,6245.60737378817,60.2056678579161
2025-08-01,0.084,6325,0.126811350954592,0.127397686036193,6245.60737378817,58.0464988191352
2025-08-01,0.084,6330,0.126317505663394,0.126908376140414,6245.60737378817,55.9375429536753
2025-08-01,0.084,6340,0.125427434712558,0.126028464609195,6245.60737378817,51.9204842533657
2025-08-01,0.084,6350,0.124571029763121,0.125183811349939,6245.60737378817,48.1042784047438
2025-08-01,0.084,6360,0.123750812370954,0.124377051132418,6245.60737378817,44.4889255619655
2025-08-01,0.084,6370,0.122970612163589,0.123612134947136,6245.60737378817,41.0744256206254
2025-08-01,0.084,6375,0.122475141860018,0.123287592895027,6245.60737378817,39.4173888886276
2025-08-01,0.084,6380,0.122235774932603,0.122894534896295,6245.60737378817,37.8607786392932
2025-08-01,0.084,6390,0.121383649846954,0.12223149434122,6245.60737378817,34.797771322597
2025-08-01,0.084,6400,0.120757528810485,0.121457613157523,6245.60737378817,31.9356170031617
2025-08-01,0.084,6425,0.119207526321261,0.119973386780323,6245.60737378817,25.6087495049898
2025-08-01,0.084,6450,0.117785531500573,0.118637034928403,6245.60737378817,20.2861466462119
2025-08-01,0.084,6475,0.116466349889989,0.117189117616965,6245.60737378817,15.8171687907201
2025-08-01,0.084,6500,0.115235952715633,0.115791144224821,6245.60737378817,12.1516026862276
2025-08-01,0.084,6525,0.114086862912424,0.114737031279846,6245.60737378817,9.23923509495393
2025-08-01,0.084,6550,0.113009210934896,0.114167411692229,6245.60737378817,6.97963956128746
2025-08-01,0.084,6575,0.111971486793409,0.113374750534335,6245.60737378817,5.17196313227493
2025-08-01,0.084,6600,0.11146532345149,0.112612500987519,6245.60737378817,3.81620580442217
2025-08-01,0.084,6625,0.110962835632318,0.112383179683744,6245.60737378817,2.81194111743488
2025-08-01,0.084,6650,0.110990348647402,0.112314565511693,6245.60737378817,2.08384922149796
2025-08-01,0.084,6700,0.111537447691012,0.114226419853999,6245.60737378817,1.20511762236698
2025-08-01,0.084,6750,0.113492159169894,0.117442801446177,6245.60737378817,0.753198514851558
2025-08-01,0.084,6800,0.117602606650196,0.121648881639534,6245.60737378817,0.527238959435891
2025-08-01,0.084,6900,0.124248949167472,0.133485886206912,6245.60737378817,0.301279405572235
2025-08-01,0.084,7000,0.13165765357235,0.14598465861886,6245.60737378817,0.200852936122718
2025-08-01,0.084,7200,0.152211421398786,0.171068503284978,6245.60737378817,0.125533085382556
2025-08-01,0.084,7400,NA,0.195493045637524,6245.60737378817,NA
2025-08-01,0.084,7600,NA,0.223169305561439,6245.60737378817,NA
2025-08-01,0.084,7800,NA,0.241748132855076,6245.60737378817,NA
2025-08-01,0.084,8000,NA,0.266763011774872,6245.60737378817,NA
2025-08-04,0.088,2600,NA,0.87621335611431,6246.14747460585,NA
2025-08-04,0.088,2800,0.767428139826291,0.84790259572458,6246.14747460585,3446.27304296708
2025-08-04,0.088,3000,0.738670980664965,0.792292102725005,6246.14747460585,3246.32327031165
2025-08-04,0.088,3200,0.676549686197643,0.726032401164019,6246.14747460585,3046.32327031176
2025-08-04,0.088,3400,0.651778848862509,0.682760273068601,6246.14747460585,2846.42372500045
2025-08-04,0.088,3600,0.614115463998313,0.64243378323489,6246.14747460585,2646.54929336195
2025-08-04,0.088,3800,0.577821709615453,0.593492347710185,6246.14747460585,2446.67486172347
2025-08-04,0.088,4000,0.536456616268017,0.551843910092324,6246.14747460585,2246.8506574292
2025-08-04,0.088,4200,0.499063490155517,0.51022244066584,6246.14747460585,2047.10179415154
2025-08-04,0.088,4400,0.462019743304037,0.468139370663997,6246.14747460585,1847.42827189024
2025-08-04,0.088,4600,0.422331619070344,0.426874919526433,6246.14747460585,1647.8300906468
2025-08-04,0.088,4800,0.383028211095498,0.387446275295307,6246.14747460585,1448.40770510876
2025-08-04,0.088,4900,0.363413561450175,0.36718954625568,6246.14747460585,1348.7592965239
2025-08-04,0.088,5000,0.344360047625892,0.348328866262929,6246.14747460585,1249.2364562917
2025-08-04,0.088,5100,0.323971751955823,0.328036508314057,6246.14747460585,1149.7136160688
2025-08-04,0.088,5200,0.305453336647218,0.307726191119007,6246.14747460585,1050.36657154643
2025-08-04,0.088,5300,0.286140871782486,0.288037891902408,6246.14747460585,951.170209051508
2025-08-04,0.088,5350,0.276694733790381,0.278418453842178,6246.14747460585,901.672482500168
2025-08-04,0.088,5375,0.27135006009027,0.273819387536551,6246.14747460585,876.92361922255
2025-08-04,0.088,5400,0.266712915642546,0.269061865717042,6246.14747460585,852.224983293667
2025-08-04,0.088,5425,0.261917729828448,0.264155325882754,6246.14747460585,827.526347351972
2025-08-04,0.088,5450,0.257691341855314,0.259807060235375,6246.14747460585,802.928166112793
2025-08-04,0.088,5475,0.253252777208369,0.255257481792018,6246.14747460585,778.329984871773
2025-08-04,0.088,5500,0.248616850901469,0.250519823336796,6246.14747460585,753.731803633562
2025-08-04,0.088,5525,0.244403328276589,0.24619996855767,6246.14747460585,729.234077067036
2025-08-04,0.088,5550,0.239952717554218,0.241652824067655,6246.14747460585,704.736350512877
2025-08-04,0.088,5575,0.235821786507002,0.237424100366607,6246.14747460585,680.339078651477
2025-08-04,0.088,5600,0.231425768895321,0.233438932361773,6246.14747460585,655.992034129192
2025-08-04,0.088,5625,0.227741153237227,0.229160394544516,6246.14747460585,631.74544430284
2025-08-04,0.088,5650,0.223717601063519,0.225052617922735,6246.14747460585,607.549081813872
2025-08-04,0.088,5675,0.219803694078595,0.221472640284916,6246.14747460585,583.503401348696
2025-08-04,0.088,5700,0.215947370913979,0.217514719286155,6246.14747460585,559.507948256314
2025-08-04,0.088,5725,0.212103050169043,0.213574881806929,6246.14747460585,535.612949836965
2025-08-04,0.088,5750,0.208578209155947,0.209613639187998,6246.14747460585,511.86863344207
2025-08-04,0.088,5775,0.20494821614893,0.205919150637498,6246.14747460585,488.274999085644
2025-08-04,0.088,5800,0.201187805967255,0.202402155143978,6246.14747460585,464.832046775332
2025-08-04,0.088,5825,0.197561129778277,0.198417015660898,6246.14747460585,441.489549138789
2025-08-04,0.088,5850,0.193727740141022,0.194800243796462,6246.14747460585,418.347960885236
2025-08-04,0.088,5875,0.190179522640265,0.190936029710294,6246.14747460585,395.407282019666
2025-08-04,0.088,5900,0.186338157825869,0.187287973992981,6246.14747460585,372.667512496375
2025-08-04,0.088,5925,0.182645977791201,0.183541288886711,6246.14747460585,350.17887971132
2025-08-04,0.088,5950,0.179019641389444,0.179864491390593,6246.14747460585,327.991611026357
2025-08-04,0.088,5975,0.175185983560391,0.17598526147414,6246.14747460585,306.005251701905
2025-08-04,0.088,6000,0.171491039389426,0.172248172773886,6246.14747460585,284.420711140913
2025-08-04,0.088,6025,0.167664733915542,0.168563385985269,6246.14747460585,263.187761978927
2025-08-04,0.088,6050,0.163824221406821,0.164679972538707,6246.14747460585,242.306404210484
2025-08-04,0.088,6075,0.160057682977086,0.160874836317982,6246.14747460585,221.9273199321
2025-08-04,0.088,6080,0.159337509420038,0.16014742623901,6246.14747460585,217.931866793664
2025-08-04,0.088,6090,0.157795017174263,0.158591164680008,6246.14747460585,209.940960580258
2025-08-04,0.088,6100,0.156273979981263,0.157057034401282,6246.14747460585,202.050509049008
2025-08-04,0.088,6110,0.154767561787821,0.155538221177486,6246.14747460585,194.260512214367
2025-08-04,0.088,6120,0.153269193859402,0.154028173881905,6246.14747460585,186.570970024703
2025-08-04,0.088,6125,0.152539884027896,0.153293280043968,6246.14747460585,182.776426328275
2025-08-04,0.088,6130,0.151772538109328,0.152520568834256,6246.14747460585,178.981882558175
2025-08-04,0.088,6140,0.150271446062378,0.151009270656042,6246.14747460585,171.493249837119
2025-08-04,0.088,6150,0.148759915635597,0.149633911958795,6246.14747460585,164.155299121072
2025-08-04,0.088,6160,0.147232044426648,0.148095630600731,6246.14747460585,156.867575679888
2025-08-04,0.088,6170,0.14582435908628,0.146678404297143,6246.14747460585,149.780761652622
2025-08-04,0.088,6175,0.14512696509733,0.145976601368917,6246.14747460585,146.287582005629
2025-08-04,0.088,6180,0.144385759075125,0.145231248923987,6246.14747460585,142.794402353649
2025-08-04,0.088,6190,0.142910816965359,0.143748752623988,6246.14747460585,135.908497673682
2025-08-04,0.088,6200,0.141532566657038,0.142363945222665,6246.14747460585,129.223502469774
2025-08-04,0.088,6210,0.140242516525549,0.141068391411318,6246.14747460585,122.739416588859
2025-08-04,0.088,6220,0.138896094602773,0.139717578593641,6246.14747460585,116.355785346961
2025-08-04,0.088,6225,0.138148900467452,0.139105234728433,6246.14747460585,113.214197130808
2025-08-04,0.088,6230,0.137488101780436,0.138442712367058,6246.14747460585,110.122836212801
2025-08-04,0.088,6240,0.136285009965334,0.137101195603867,6246.14747460585,104.090796414629
2025-08-04,0.088,6250,0.135055824237921,0.135871209230079,6246.14747460585,98.2446859074021
2025-08-04,0.088,6260,0.13377427693602,0.134726155691596,6246.14747460585,92.5689959546185
2025-08-04,0.088,6275,0.132049613774597,0.133005424312149,6246.14747460585,84.4321660973815
2025-08-04,0.088,6300,0.129398268498815,0.130230733073876,6246.14747460585,71.8251026584906
2025-08-04,0.088,6325,0.127063378630332,0.127776969774046,6246.14747460585,60.5239501890396
2025-08-04,0.088,6350,0.124894329809265,0.125638087800844,6246.14747460585,50.4784812401751
2025-08-04,0.088,6375,0.122908794318027,0.123537813804972,6246.14747460585,41.5882412474093
2025-08-04,0.088,6400,0.121167134810656,0.121841692624559,6246.14747460585,33.9536849057532
2025-08-04,0.088,6425,0.119423799795766,0.120342053295306,6246.14747460585,27.3739027677145
2025-08-04,0.088,6450,0.117981601678051,0.118794331236718,6246.14747460585,21.798667521583
2025-08-04,0.088,6475,0.116636271439955,0.117549452141847,6246.14747460585,17.1777518420675
2025-08-04,0.088,6500,0.1153584034443,0.116401478033978,6246.14747460585,13.3604736374715
2025-08-04,0.088,6525,0.114116977373393,0.115328969576406,6246.14747460585,10.2463782740696
2025-08-04,0.088,6550,0.113227895952792,0.114300058802377,6246.14747460585,7.78523840719697
2025-08-04,0.088,6575,0.111957160141829,0.11367356494584,6246.14747460585,5.82637195384731
2025-08-04,0.088,6600,0.111511100429857,0.113069468669626,6246.14747460585,4.36977897071984
2025-08-04,0.088,6625,0.111003306400317,0.112909797779784,6246.14747460585,3.26477739671718
2025-08-04,0.088,6700,0.110856561831253,0.113286564909418,6246.14747460585,1.35613830430514
2025-08-04,0.088,6800,0.116206991541434,0.119909366938948,6246.14747460585,0.577614460301344
2025-08-04,0.088,7000,0.128544202478713,0.144822066384549,6246.14747460585,0.2260230497765
2025-08-04,0.088,7200,0.148631061336634,0.170593377723049,6246.14747460585,0.150682033624078
2025-08-04,0.088,7400,NA,0.195825633734601,6246.14747460585,NA
2025-08-04,0.088,7600,NA,0.217954739807787,6246.14747460585,NA
2025-08-04,0.088,7800,NA,0.243987876481031,6246.14747460585,NA
2025-08-04,0.088,8000,NA,0.269106963848564,6246.14747460585,NA
2025-08-05,0.092,2600,NA,0.857025311725491,6246.88755031956,NA
2025-08-05,0.092,2800,0.750633849985841,0.829339998327516,6246.88755031956,3447.01305232556
2025-08-05,0.092,3000,0.722512162194114,0.774955220423572,6246.88755031956,3247.06325312787
2025-08-05,0.092,3200,0.69752010329674,0.710155237777274,6246.88755031956,3047.11345393028
2025-08-05,0.092,3400,0.637536661691176,0.675637154220132,6246.88755031956,2847.18875513418
2025-08-05,0.092,3600,0.608726152298239,0.628401673914634,6246.88755031956,2647.31425714012
2025-08-05,0.092,3800,0.570704439763791,0.584997230201697,6246.88755031956,2447.46485954746
2025-08-05,0.092,4000,0.532690331769203,0.543125132411642,6246.88755031956,2247.66566275681
2025-08-05,0.092,4200,0.493863720789269,0.501595910049615,6246.88755031956,2047.91666676945
2025-08-05,0.092,4400,0.456016919656519,0.463481893116164,6246.88755031956,1848.29317278564
2025-08-05,0.092,4600,0.416154233703651,0.421788601256879,6246.88755031956,1648.69477920489
2025-08-05,0.092,4800,0.377993303578292,0.382128298393354,6246.88755031956,1449.29718883319
2025-08-05,0.092,5000,0.339271617145842,0.343763768493019,6246.88755031956,1250.15060247317
2025-08-05,0.092,5100,0.32095763456384,0.323493888451043,6246.88755031956,1150.70281129965
2025-08-05,0.092,5200,0.302185837669302,0.304314584961144,6246.88755031956,1051.40562253947
2025-08-05,0.092,5300,0.282759803255287,0.28543067632819,6246.88755031956,952.259036174634
2025-08-05,0.092,5350,0.273273303489028,0.275710587326939,6246.88755031956,902.761044206179
2025-08-05,0.092,5375,0.268736369204813,0.271056987573475,6246.88755031956,878.062249005028
2025-08-05,0.092,5400,0.264047603438528,0.266260180239464,6246.88755031956,853.363453834249
2025-08-05,0.092,5425,0.259925984889463,0.262020079705571,6246.88755031956,828.7650602374
2025-08-05,0.092,5450,0.2555997095143,0.257585756068801,6246.88755031956,804.166666668345
2025-08-05,0.092,5475,0.251083064674449,0.252969997406735,6246.88755031956,779.568273080526
2025-08-05,0.092,5500,0.246388084367247,0.248183617102061,6246.88755031956,754.969879510492
2025-08-05,0.092,5525,0.242098959013028,0.244358045190224,6246.88755031956,730.522088332695
2025-08-05,0.092,5550,0.238134170092356,0.239736743703648,6246.88755031956,706.074297166946
2025-08-05,0.092,5575,0.233909376863612,0.235923669995243,6246.88755031956,681.726907587853
2025-08-05,0.092,5600,0.230402211043309,0.231822810480846,6246.88755031956,657.479919617234
2025-08-05,0.092,5625,0.226112508705651,0.227899064654999,6246.88755031956,633.232931675247
2025-08-05,0.092,5650,0.222416671629167,0.223678350473612,6246.88755031956,609.086345316142
2025-08-05,0.092,5675,0.218784755441034,0.219969411871291,6246.88755031956,585.090361352089
2025-08-05,0.092,5700,0.214798452095774,0.216284054793117,6246.88755031956,561.144578212202
2025-08-05,0.092,5725,0.211188231940131,0.212583423151604,6246.88755031956,537.349397472135
2025-08-05,0.092,5750,0.207522436419521,0.208833692766034,6246.88755031956,513.654618315059
2025-08-05,0.092,5775,0.204081225263242,0.205005293271549,6246.88755031956,490.11044158116
2025-08-05,0.092,5800,0.200201663563121,0.201361039969686,6246.88755031956,466.666666468426
2025-08-05,0.092,5825,0.196737660760653,0.197555553920919,6246.88755031956,443.423694542453
2025-08-05,0.092,5850,0.193057574968251,0.194083695412535,6246.88755031956,420.381525825377
2025-08-05,0.092,5875,0.189392376512723,0.190359472933649,6246.88755031956,397.489959562353
2025-08-05,0.092,5900,0.185689503585226,0.186602030469566,6246.88755031956,374.799196475144
2025-08-05,0.092,5925,0.18211832301672,0.182979742556144,6246.88755031956,352.409638176063
2025-08-05,0.092,5950,0.178397670850236,0.179212565297331,6246.88755031956,330.220883126943
2025-08-05,0.092,5975,0.174685424597583,0.175650102490199,6246.88755031956,308.383533638275
2025-08-05,0.092,6000,0.170918461688481,0.171834303790148,6246.88755031956,286.79718822288
2025-08-05,0.092,6025,0.167213933917185,0.16808505216259,6246.88755031956,265.612449188586
2025-08-05,0.092,6050,0.163494069300353,0.16415875407633,6246.88755031956,244.779115788554
2025-08-05,0.092,6075,0.159688022275255,0.16048258696918,6246.88755031956,224.447790448593
2025-08-05,0.092,6080,0.158961037403245,0.159748815520465,6246.88755031956,220.45180646662
2025-08-05,0.092,6090,0.157409731062417,0.158339420184539,6246.88755031956,212.510039360199
2025-08-05,0.092,6100,0.155881980052288,0.156796910767505,6246.88755031956,204.618473069174
2025-08-05,0.092,6110,0.154521427928787,0.155272130094312,6246.88755031956,196.877509187992
2025-08-05,0.092,6120,0.153019043962803,0.153758756376429,6246.88755031956,189.186746053007
2025-08-05,0.092,6125,0.152141364404341,0.1528759453761,6246.88755031956,185.291163741639
2025-08-05,0.092,6130,0.151521287214823,0.152250682902629,6246.88755031956,181.596384570916
2025-08-05,0.092,6140,0.150022216283379,0.150741982241283,6246.88755031956,174.106424715843
2025-08-05,0.092,6150,0.14851603266681,0.149226868841934,6246.88755031956,166.716866454008
2025-08-05,0.092,6160,0.146997038562708,0.147840143352665,6246.88755031956,159.477910597167
2025-08-05,0.092,6170,0.145598638944967,0.146432703503107,6246.88755031956,152.389557109732
2025-08-05,0.092,6175,0.144907005040621,0.145736886505209,6246.88755031956,148.895581158208
2025-08-05,0.092,6180,0.14417343542697,0.144999379288817,6246.88755031956,145.401605264137
2025-08-05,0.092,6190,0.14271620940088,0.143534968400102,6246.88755031956,138.514054978471
2025-08-05,0.092,6200,0.141357082055399,0.142169589115281,6246.88755031956,131.82730798034
2025-08-05,0.092,6210,0.140087946664072,0.140760653619876,6246.88755031956,125.291163313209
2025-08-05,0.092,6220,0.138633822960789,0.139436848138228,6246.88755031956,118.855420308078
2025-08-05,0.092,6225,0.138036734450391,0.138838042210795,6246.88755031956,115.763050781311
2025-08-05,0.092,6230,0.137391315246023,0.138191182366819,6246.88755031956,112.67068130781
2025-08-05,0.092,6240,0.136086620940164,0.1368844521025,6246.88755031956,106.586343830837
2025-08-05,0.092,6250,0.134847471516394,0.135644436839775,6246.88755031956,100.702809591091
2025-08-05,0.092,6260,0.13374820179568,0.134412640207732,6246.88755031956,95.0301189391791
2025-08-05,0.092,6275,0.131969322127134,0.13276962187637,6246.88755031956,86.8473881234381
2025-08-05,0.092,6300,0.129335342088351,0.1300122814687,6246.88755031956,74.1465851372702
2025-08-05,0.092,6325,0.126902239452243,0.12759747975774,6246.88755031956,62.7008021741042
2025-08-05,0.092,6350,0.124796760527332,0.125375240339574,6246.88755031956,52.5100392707438
2025-08-05,0.092,6375,0.122749662576645,0.123359535235609,6246.88755031956,43.4738948770107
2025-08-05,0.092,6400,0.120952672904078,0.121604663171287,6246.88755031956,35.6425697105319
2025-08-05,0.092,6425,0.119338577959424,0.120045733373109,6246.88755031956,28.9156621749613
2025-08-05,0.092,6450,0.117853815344147,0.118632370748534,6246.88755031956,23.1927707375743
2025-08-05,0.092,6475,0.116671150489009,0.117323493785681,6246.88755031956,18.4236944902962
2025-08-05,0.092,6500,0.115339909560756,0.116081127806569,6246.88755031956,14.4076302906994
2025-08-05,0.092,6525,0.114004422092601,0.115144861509803,6246.88755031956,11.1445781377198
2025-08-05,0.092,6550,0.112927750332082,0.114263597232543,6246.88755031956,8.53413640189069
2025-08-05,0.092,6575,0.11218042246466,0.113370762581967,6246.88755031956,6.47590350285475
2025-08-05,0.092,6600,0.111365289366155,0.112799420047587,6246.88755031956,4.86947783327847
2025-08-05,0.092,6625,0.110834507239572,0.112004596911647,6246.88755031956,3.61445776862956
2025-08-05,0.092,6700,0.110627387647341,0.112797615755618,6246.88755031956,1.55622487659829
2025-08-05,0.092,6800,0.114786439979697,0.119217912750756,6246.88755031956,0.652610431439754
2025-08-05,0.092,7000,0.130223883923936,0.141498190376656,6246.88755031956,0.251004011108606
2025-08-05,0.092,7200,0.145245601914534,0.166708443310307,6246.88755031956,0.150602406917851
2025-08-05,0.092,7400,NA,0.191389301060414,6246.88755031956,NA
2025-08-05,0.092,7600,NA,0.213035491640411,6246.88755031956,NA
2025-08-05,0.092,7800,NA,0.238496501140006,6246.88755031956,NA
2025-08-05,0.092,8000,NA,0.263063441695575,6246.88755031956,NA
2025-08-06,0.096,2600,NA,0.883550341550505,6247.66974688684,NA
2025-08-06,0.096,2800,0.734952921649774,0.812016687287745,6247.66974688684,3447.79529931759
2025-08-06,0.096,3000,0.745378084995314,0.758778527689727,6247.66974688684,3247.89574126194
2025-08-06,0.096,3200,0.667843394060226,0.71515423233185,6247.66974688684,3047.92085174845
2025-08-06,0.096,3400,0.63565087564981,0.668487105597343,6247.66974688684,2848.02129369285
2025-08-06,0.096,3600,0.603078769075473,0.620742593039837,6247.66974688684,2648.14684612342
2025-08-06,0.096,3800,0.563815454246425,0.576947778339316,6247.66974688684,2448.29750904032
2025-08-06,0.096,4000,0.525197416012976,0.534948558655805,6247.66974688684,2248.49839292922
2025-08-06,0.096,4200,0.488756018480287,0.495828662701114,6247.66974688684,2048.79971876377
2025-08-06,0.096,4400,0.450322909478018,0.457280525174541,6247.66974688684,1849.1763760559
2025-08-06,0.096,4600,0.411733504466087,0.416950680833331,6247.66974688684,1649.62836480561
2025-08-06,0.096,4800,0.374253733485453,0.378088946768725,6247.66974688684,1450.28123744374
2025-08-06,0.096,5000,0.336704336538104,0.339497718256296,6247.66974688684,1251.1852149445
2025-08-06,0.096,5100,0.318076452992003,0.320442382241188,6247.66974688684,1151.78786661672
2025-08-06,0.096,5200,0.299115683180082,0.301118233352682,6247.66974688684,1052.49096022554
2025-08-06,0.096,5300,0.280466613355081,0.282144743129583,6247.66974688684,953.394937728057
2025-08-06,0.096,5400,0.26226663848053,0.263655515907023,6247.66974688684,854.60024105299
2025-08-06,0.096,5500,0.244889721531998,0.246579472757039,6247.66974688684,756.357975093702
2025-08-06,0.096,5600,0.228986303143241,0.230332108064812,6247.66974688684,658.969465656613
2025-08-06,0.096,5700,0.21375862971363,0.215172101041012,6247.66974688684,562.836480516438
2025-08-06,0.096,5725,0.210368424038859,0.211365576713094,6247.66974688684,539.092004809991
2025-08-06,0.096,5750,0.20689816289421,0.207835671779018,6247.66974688684,515.498192040462
2025-08-06,0.096,5775,0.203323178309543,0.204205733632722,6247.66974688684,492.004821227486
2025-08-06,0.096,5800,0.19962174500302,0.200453722379959,6247.66974688684,468.611892325072
2025-08-06,0.096,5825,0.196036626755627,0.196820685403315,6247.66974688684,445.419847328154
2025-08-06,0.096,5850,0.192505645416381,0.193244810677994,6247.66974688684,422.42868619306
2025-08-06,0.096,5875,0.188741130575978,0.189671709838754,6247.66974688684,399.588188035376
2025-08-06,0.096,5900,0.185174277601541,0.186053415552947,6247.66974688684,376.998794688051
2025-08-06,0.096,5925,0.181515327010816,0.182347216203149,6247.66974688684,354.61028527201
2025-08-06,0.096,5950,0.177923199687934,0.178711165815899,6247.66974688684,332.523101634106
2025-08-06,0.096,5975,0.174144847867898,0.17507961808226,6247.66974688684,310.687022876804
2025-08-06,0.096,6000,0.170505136655335,0.171216214683289,6247.66974688684,289.152269972773
2025-08-06,0.096,6025,0.166753043184251,0.167599767617601,6247.66974688684,268.019284849726
2025-08-06,0.096,6050,0.163162241831885,0.16380910007515,6247.66974688684,247.288067476298
2025-08-06,0.096,6075,0.159333092477208,0.160107532163411,6247.66974688684,226.958617941384
2025-08-06,0.096,6100,0.155668068790182,0.156412107197167,6247.66974688684,207.181599002458
2025-08-06,0.096,6125,0.151928499861497,0.15278958499791,6247.66974688684,187.957010851547
2025-08-06,0.096,6150,0.14831917493968,0.149153286209467,6247.66974688684,169.385295328476
2025-08-06,0.096,6175,0.144744691086416,0.145556864470883,6247.66974688684,151.516673364509
2025-08-06,0.096,6200,0.14124859971016,0.142044180127768,6247.66974688684,134.451586997212
2025-08-06,0.096,6225,0.138000156465236,0.138784944454915,6247.66974688684,118.390920041821
2025-08-06,0.096,6250,0.134931919190847,0.13571234975503,6247.66974688684,103.354760914665
2025-08-06,0.096,6275,0.132028293763596,0.132811550018679,6247.66974688684,89.3933306744768
2025-08-06,0.096,6300,0.12952623149297,0.13018803717252,6247.66974688684,76.6874246442162
2025-08-06,0.096,6325,0.127122399306748,0.127800983344556,6247.66974688684,65.1366010599031
2025-08-06,0.096,6350,0.124930930640928,0.125635157336155,6247.66974688684,54.7910807462495
2025-08-06,0.096,6375,0.122965447106798,0.123705645554393,6247.66974688684,45.6508638051191
2025-08-06,0.096,6400,0.121120777938467,0.121909389007315,6247.66974688684,37.6155082220815
2025-08-06,0.096,6500,0.11530564547564,0.116243715627818,6247.66974688684,15.5685014152554
2025-08-06,0.096,6600,0.1111430472781,0.11247353514474,6247.66974688684,5.37364404850118
2025-08-06,0.096,6700,0.110260985555887,0.112224800712936,6247.66974688684,1.7577340314601
2025-08-06,0.096,6800,0.113403380117874,0.117516702620068,6247.66974688684,0.703093613068106
2025-08-06,0.096,7000,0.127358643829712,0.138387407958753,6247.66974688684,0.251104862268877
2025-08-06,0.096,7200,0.142075404608831,0.16307355460245,6247.66974688684,0.150662916497893
2025-08-06,0.096,7400,NA,0.187239307731845,6247.66974688684,NA
2025-08-06,0.096,7600,NA,0.208434103431191,6247.66974688684,NA
2025-08-06,0.096,7800,NA,0.233360814624926,6247.66974688684,NA
2025-08-06,0.096,8000,NA,0.25741208099782,6247.66974688684,NA
2025-08-07,0.1,2600,0.784075081047677,0.86578759206571,6248.35485383249,3648.48039185204
2025-08-07,0.1,2800,0.720187697608737,0.809906464875027,6248.35485383249,3448.50549945597
2025-08-07,0.1,3000,0.693223848522693,0.754739481946356,6248.35485383249,3248.55571466355
2025-08-07,0.1,3200,0.669263223119371,0.700800163924437,6248.35485383249,3048.63103747511
2025-08-07,0.1,3400,0.632437816696436,0.655078613656541,6248.35485383249,2848.73146789098
2025-08-07,0.1,3600,0.590992417295141,0.61326189769098,6248.35485383249,2648.85700591058
2025-08-07,0.1,3800,0.557081510509148,0.572857243117735,6248.35485383249,2449.05786674081
2025-08-07,0.1,4000,0.521203056145369,0.529978304715882,6248.35485383249,2249.28383517636
2025-08-07,0.1,4200,0.483685182575421,0.492248714312644,6248.35485383249,2049.61023402727
2025-08-07,0.1,4400,0.446511792565654,0.452882003905844,6248.35485383249,1850.01195568932
2025-08-07,0.1,4600,0.407401833968353,0.412257438752402,6248.35485383249,1650.46389255786
2025-08-07,0.1,4800,0.370575204311423,0.374150175799366,6248.35485383249,1451.16690547088
2025-08-07,0.1,5000,0.332770242408781,0.336696865875864,6248.35485383249,1252.1209944176
2025-08-07,0.1,5100,0.314103768638686,0.317453548947434,6248.35485383249,1152.72357690583
2025-08-07,0.1,5200,0.296136974235828,0.298955268832891,6248.35485383249,1053.52702023834
2025-08-07,0.1,5300,0.277398662607903,0.279778845603573,6248.35485383249,954.430893976791
2025-08-07,0.1,5400,0.259818222572989,0.261786681973784,6248.35485383249,855.736489377041
2025-08-07,0.1,5500,0.243381174393358,0.244977187710226,6248.35485383249,757.644667280004
2025-08-07,0.1,5600,0.227577547363989,0.228856219061922,6248.35485383249,660.356288498581
2025-08-07,0.1,5700,0.213051579364772,0.214061317844969,6248.35485383249,564.47393554124
2025-08-07,0.1,5725,0.209209636839342,0.210479699478707,6248.35485383249,540.729315720832
2025-08-07,0.1,5750,0.205942303462222,0.206839265326996,6248.35485383249,517.185556750771
2025-08-07,0.1,5775,0.202268342716459,0.203395947780987,6248.35485383249,493.742228208762
2025-08-07,0.1,5800,0.198751498126299,0.199815122057548,6248.35485383249,470.44954524384
2025-08-07,0.1,5825,0.195327061253741,0.196330325877891,6248.35485383249,447.357723152065
2025-08-07,0.1,5850,0.191938182131563,0.192648852414853,6248.35485383249,424.416546676766
2025-08-07,0.1,5875,0.188310676483416,0.188982893912792,6248.35485383249,401.626015806656
2025-08-07,0.1,5900,0.184649146565717,0.185497392256285,6248.35485383249,379.08656101002
2025-08-07,0.1,5925,0.181112994930991,0.181916635363405,6248.35485383249,356.798182222832
2025-08-07,0.1,5950,0.177442187730776,0.178205030413657,6248.35485383249,334.710664279757
2025-08-07,0.1,5975,0.173785376562628,0.174510499662604,6248.35485383249,312.924437567282
2025-08-07,0.1,6000,0.170257869056585,0.170948021430442,6248.35485383249,291.539932521342
2025-08-07,0.1,6025,0.166453554873552,0.167112335792002,6248.35485383249,270.356288361406
2025-08-07,0.1,6050,0.162819797431585,0.163607103484676,6248.35485383249,249.725011402277
2025-08-07,0.1,6075,0.159118777108417,0.159722915148627,6248.35485383249,229.395025711014
2025-08-07,0.1,6100,0.155434717042446,0.156161099319647,6248.35485383249,209.667622546568
2025-08-07,0.1,6125,0.151833298030653,0.152534579563757,6248.35485383249,190.492586687416
2025-08-07,0.1,6150,0.148094340427927,0.148910346204788,6248.35485383249,171.869918007101
2025-08-07,0.1,6175,0.144679255780248,0.145474330227764,6248.35485383249,154.100907937712
2025-08-07,0.1,6200,0.14122405222988,0.142003293466032,6248.35485383249,137.034910776943
2025-08-07,0.1,6225,0.138032591956683,0.138801452002031,6248.35485383249,120.973217776642
2025-08-07,0.1,6250,0.134937012361177,0.135828957307656,6248.35485383249,105.903873252987
2025-08-07,0.1,6275,0.132137172794044,0.132904094524283,6248.35485383249,91.8938302815657
2025-08-07,0.1,6300,0.129630602631119,0.130278007444321,6248.35485383249,79.0889522493019
2025-08-07,0.1,6325,0.127248109227869,0.127910983017996,6248.35485383249,67.4390240472553
2025-08-07,0.1,6350,0.125102083428442,0.125788633475684,6248.35485383249,56.9942608508693
2025-08-07,0.1,6375,0.123062624214616,0.123782539475169,6248.35485383249,47.6542321753921
2025-08-07,0.1,6400,0.121308087280902,0.12191980279441,6248.35485383249,39.4691532897517
2025-08-07,0.1,6425,0.119605300013642,0.120263871093474,6248.35485383249,32.338593781029
2025-08-07,0.1,6450,0.118033435163537,0.118752411097963,6248.35485383249,26.2123384647947
2025-08-07,0.1,6500,0.115258446193078,0.116153015868507,6248.35485383249,16.6714489984797
2025-08-07,0.1,6600,0.110871154637363,0.112113266540035,6248.35485383249,5.87517931508404
2025-08-07,0.1,6700,0.109341254745913,0.111603919675621,6248.35485383249,1.9332855052137
2025-08-07,0.1,6800,0.112068535553334,0.11590483979369,6248.35485383249,0.753228117812512
2025-08-07,0.1,7000,0.124674246497835,0.135471914571519,6248.35485383249,0.251076038959084
2025-08-07,0.1,7200,0.139103753343463,0.159664527771561,6248.35485383249,0.150645622646744
2025-08-07,0.1,7400,NA,0.183345362191117,6248.35485383249,NA
2025-08-07,0.1,7600,NA,0.204115328113136,6248.35485383249,NA
2025-08-07,0.1,7800,NA,0.228539148545168,6248.35485383249,NA
2025-08-07,0.1,8000,NA,0.252105080314486,6248.35485383249,NA
2025-08-08,0.104,2400,NA,0.877205422457615,6250.14367421699,NA
2025-08-08,0.104,2600,0.769043629863059,0.830743844581609,6250.14367421699,3650.24403993323
2025-08-08,0.104,2800,0.74098201121324,0.780457165548223,6250.14367421699,3450.29422279122
2025-08-08,0.104,3000,0.700688063827553,0.740299629416596,6250.14367421699,3250.36949707832
2025-08-08,0.104,3200,0.656484275989654,0.69537059347777,6250.14367421699,3050.44477136565
2025-08-08,0.104,3400,0.62858685096493,0.648702008495837,6250.14367421699,2850.57022851105
2025-08-08,0.104,3600,0.591511516707621,0.606158096073419,6250.14367421699,2650.72077708541
2025-08-08,0.104,3800,0.550702251952222,0.565385766843733,6250.14367421699,2450.8964170883
2025-08-08,0.104,4000,0.514321441318585,0.525164319428019,6250.14367421699,2251.14733137812
2025-08-08,0.104,4200,0.478878823800811,0.484914410939945,6250.14367421699,2051.47351995692
2025-08-08,0.104,4400,0.441308797330838,0.445848330441594,6250.14367421699,1851.87498281862
2025-08-08,0.104,4500,0.422767469304111,0.42795692500044,6250.14367421699,1752.15098854114
2025-08-08,0.104,4600,0.404542338970262,0.407921501633124,6250.14367421699,1652.42699425867
2025-08-08,0.104,4650,0.395059399766621,0.398208888387283,6250.14367421699,1602.57754283462
2025-08-08,0.104,4700,0.386363274906856,0.389267563464883,6250.14367421699,1552.778274266
2025-08-08,0.104,4750,0.376425339369064,0.3800321411343,6250.14367421699,1502.9539142695
2025-08-08,0.104,4800,0.367189826525568,0.37053811264366,6250.14367421699,1453.15464570084
2025-08-08,0.104,4850,0.357697432069488,0.360814370093052,6250.14367421699,1403.35537713324
2025-08-08,0.104,4900,0.349444538320412,0.352297841478574,6250.14367421699,1353.65647428267
2025-08-08,0.104,4950,0.339421171980775,0.342091841181345,6250.14367421699,1303.85720571444
2025-08-08,0.104,5000,0.330481479637745,0.33294424722616,6250.14367421699,1254.15830285974
2025-08-08,0.104,5050,0.321202908841241,0.323481771653309,6250.14367421699,1204.45940001075
2025-08-08,0.104,5100,0.311621739407678,0.314772397420248,6250.14367421699,1154.81068002251
2025-08-08,0.104,5150,0.302756574989528,0.304698591523084,6250.14367421699,1105.16196002715
2025-08-08,0.104,5200,0.293494203676095,0.296164590715029,6250.14367421699,1055.61360575305
2025-08-08,0.104,5250,0.284707381530844,0.286345640658331,6250.14367421699,1006.06525147215
2025-08-08,0.104,5300,0.27546620522746,0.277713972633953,6250.14367421699,956.617262903284
2025-08-08,0.104,5325,0.2710536051263,0.273202028935836,6250.14367421699,931.918360050842
2025-08-08,0.104,5350,0.266513216653967,0.268568995840722,6250.14367421699,907.219457206469
2025-08-08,0.104,5375,0.262513426157115,0.264467119147451,6250.14367421699,882.620920070856
2025-08-08,0.104,5400,0.258338615992316,0.260198507919167,6250.14367421699,858.02238293688
2025-08-08,0.104,5425,0.254000132287873,0.25577340539452,6250.14367421699,833.423845796507
2025-08-08,0.104,5450,0.250075631508663,0.251757682296723,6250.14367421699,808.92567437705
2025-08-08,0.104,5475,0.245951455314977,0.247550069350136,6250.14367421699,784.427502957865
2025-08-08,0.104,5500,0.241640652700238,0.243162520807598,6250.14367421699,759.9293315473
2025-08-08,0.104,5525,0.238124027407442,0.239559954813846,6250.14367421699,735.631891560205
2025-08-08,0.104,5550,0.234343605577464,0.235702102679497,6250.14367421699,711.334451565863
2025-08-08,0.104,5575,0.230319077552321,0.231607281045767,6250.14367421699,687.03701158856
2025-08-08,0.104,5600,0.226476301347667,0.227695321689178,6250.14367421699,662.839937299163
2025-08-08,0.104,5625,0.222764594971069,0.224297704287424,6250.14367421699,638.793411612221
2025-08-08,0.104,5650,0.219502026327553,0.220586029197444,6250.14367421699,614.847251641209
2025-08-08,0.104,5675,0.215899866041197,0.216923319264939,6250.14367421699,590.951274506463
2025-08-08,0.104,5700,0.212307639328735,0.213273959841541,6250.14367421699,567.155663109524
2025-08-08,0.104,5725,0.208693709162305,0.209909162101797,6250.14367421699,543.510600291343
2025-08-08,0.104,5750,0.20531830293084,0.206178990654448,6250.14367421699,519.965903156964
2025-08-08,0.104,5775,0.201836564399611,0.202649230366408,6250.14367421699,496.571754615432
2025-08-08,0.104,5790,0.199667611766705,0.20071434994656,6250.14367421699,482.62559463139
2025-08-08,0.104,5800,0.198229783152575,0.199253373018801,6250.14367421699,473.328154631815
2025-08-08,0.104,5810,0.196979097698009,0.19772956193972,6250.14367421699,464.080897505594
2025-08-08,0.104,5820,0.195409839095921,0.19638854285203,6250.14367421699,454.833640395659
2025-08-08,0.104,5825,0.194723801130576,0.195691536817139,6250.14367421699,450.235103258774
2025-08-08,0.104,5830,0.194020168007972,0.194977193339407,6250.14367421699,445.636566118648
2025-08-08,0.104,5840,0.192795649079773,0.193497393945857,6250.14367421699,436.48967470579
2025-08-08,0.104,5850,0.19126387504716,0.19217917756381,6250.14367421699,427.342783309227
2025-08-08,0.104,5860,0.189890735516986,0.190786019254896,6250.14367421699,418.246074720195
2025-08-08,0.104,5870,0.188443666291168,0.189319861845315,6250.14367421699,409.149366197368
2025-08-08,0.104,5875,0.187801576419484,0.188668034559557,6250.14367421699,404.651194783246
2025-08-08,0.104,5880,0.187139325742367,0.187782422024508,6250.14367421699,400.102840492058
2025-08-08,0.104,5890,0.185755414739023,0.18638475989783,6250.14367421699,391.106497643738
2025-08-08,0.104,5900,0.1842939130692,0.184910151609,6250.14367421699,382.110154789441
2025-08-08,0.104,5910,0.182756552992889,0.183561123874763,6250.14367421699,373.163994850309
2025-08-08,0.104,5920,0.181342274907326,0.182130185010418,6250.14367421699,364.268017693697
2025-08-08,0.104,5925,0.180702330278986,0.181481855714042,6250.14367421699,359.870211982125
2025-08-08,0.104,5930,0.1798470942849,0.18061912431946,6250.14367421699,355.372040572437
2025-08-08,0.104,5940,0.178462064093755,0.179218309374829,6250.14367421699,346.57642917103
2025-08-08,0.104,5950,0.176991664946404,0.177732885520524,6250.14367421699,337.780817795914
2025-08-08,0.104,5960,0.175619453973941,0.176345823008898,6250.14367421699,329.085572094263
2025-08-08,0.104,5970,0.174157888857768,0.174870136568669,6250.14367421699,320.390326373467
2025-08-08,0.104,5975,0.173482393172929,0.174187605178336,6250.14367421699,316.092886371305
2025-08-08,0.104,5980,0.172783441546973,0.173481798872712,6250.14367421699,311.795446400379
2025-08-08,0.104,5990,0.171316025687763,0.172001187336773,6250.14367421699,303.200566432572
2025-08-08,0.104,6000,0.169757155843476,0.170597684362361,6250.14367421699,294.655869356532
2025-08-08,0.104,6010,0.168273331535694,0.169098506037782,6250.14367421699,286.161355071979
2025-08-08,0.104,6020,0.166856652675157,0.167666852237842,6250.14367421699,277.767206507513
2025-08-08,0.104,6025,0.16611083631517,0.166913842284081,6250.14367421699,273.570132273885
2025-08-08,0.104,6030,0.165499587481583,0.166136248033694,6250.14367421699,269.423240841043
2025-08-08,0.104,6040,0.164038474638935,0.164664111678704,6250.14367421699,261.129457990584
2025-08-08,0.104,6050,0.162474554406949,0.1632434068853,6250.14367421699,252.885858036734
2025-08-08,0.104,6060,0.161111441146367,0.16171632904677,6250.14367421699,244.74262382196
2025-08-08,0.104,6070,0.159637297936748,0.160381150079218,6250.14367421699,236.699755292746
2025-08-08,0.104,6075,0.158932746588292,0.15952318152649,6250.14367421699,232.653229602567
2025-08-08,0.104,6080,0.158053047660554,0.158785448027816,6250.14367421699,228.606703871478
2025-08-08,0.104,6090,0.156647932333934,0.157369170072544,6250.14367421699,220.71438387704
2025-08-08,0.104,6100,0.15526719175636,0.155977799175376,6250.14367421699,212.922429655461
2025-08-08,0.104,6110,0.153765033054024,0.154465691765156,6250.14367421699,205.130475416017
2025-08-08,0.104,6120,0.152280065111224,0.15297130247588,6250.14367421699,197.438886897041
2025-08-08,0.104,6125,0.151559471003825,0.152246187670496,6250.14367421699,193.643275504709
2025-08-08,0.104,6130,0.150943280048788,0.151625543538361,6250.14367421699,189.94802977816
2025-08-08,0.104,6140,0.149474632369954,0.150148594137409,6250.14367421699,182.4571727363
2025-08-08,0.104,6150,0.148007200794676,0.148806639798127,6250.14367421699,175.116864201184
2025-08-08,0.104,6160,0.146667718534753,0.147326754402758,6250.14367421699,167.876921412276
2025-08-08,0.104,6170,0.145316677543045,0.145969139874384,6250.14367421699,160.787527153197
2025-08-08,0.104,6175,0.144521711216259,0.145301024193353,6250.14367421699,157.242829980231
2025-08-08,0.104,6180,0.143949459623735,0.144595983463988,6250.14367421699,153.798498617572
2025-08-08,0.104,6190,0.142561457203905,0.143202690404338,6250.14367421699,146.909835815395
2025-08-08,0.104,6200,0.141275360391226,0.1419119484748,6250.14367421699,140.221904453051
2025-08-08,0.104,6210,0.13995754200406,0.140590179097131,6250.14367421699,133.634338814745
2025-08-08,0.104,6220,0.138603590338268,0.139358865734192,6250.14367421699,127.197321727151
2025-08-08,0.104,6225,0.138052957944122,0.138681007836955,6250.14367421699,124.054087468925
2025-08-08,0.104,6230,0.137334314229921,0.138086586838138,6250.14367421699,120.910853198736
2025-08-08,0.104,6240,0.13614387879757,0.136894072373658,6250.14367421699,114.825116164965
2025-08-08,0.104,6250,0.135027133536338,0.135651367189402,6250.14367421699,108.889927640973
2025-08-08,0.104,6260,0.133755436134816,0.134504411424561,6250.14367421699,103.075590494901
2025-08-08,0.104,6270,0.132727546614198,0.13347746996122,6250.14367421699,97.5554760743084
2025-08-08,0.104,6275,0.132205673461156,0.132956480837028,6250.14367421699,94.8456017648448
2025-08-08,0.104,6280,0.131636132308362,0.132388109076142,6250.14367421699,92.1357274293764
2025-08-08,0.104,6290,0.130602873422063,0.131358059760266,6250.14367421699,86.9167101692731
2025-08-08,0.104,6300,0.129625306607091,0.130384912944025,6250.14367421699,81.8984243430559
2025-08-08,0.104,6310,0.128701678357662,0.129339438889046,6250.14367421699,77.0306871461444
2025-08-08,0.104,6320,0.127702225898745,0.128474587862491,6250.14367421699,72.3636813614044
2025-08-08,0.104,6325,0.127318300245453,0.127965309537598,6250.14367421699,70.1054527516071
2025-08-08,0.104,6330,0.126882809298473,0.127533494258886,6250.14367421699,67.8974069359365
2025-08-08,0.104,6340,0.125984619106535,0.126643631254918,6250.14367421699,63.5816811411285
2025-08-08,0.104,6350,0.125137137100478,0.12580579847833,6250.14367421699,59.4666868142233
2025-08-08,0.104,6360,0.124342031220825,0.125021734446433,6250.14367421699,55.5524238799464
2025-08-08,0.104,6375,0.123218826509943,0.123917909685214,6250.14367421699,50.0323095147834
2025-08-08,0.104,6400,0.121461495899544,0.12205351219437,6250.14367421699,41.6517721929056
2025-08-08,0.104,6425,0.119768946777762,0.120403766803636,6250.14367421699,34.3250749461857
2025-08-08,0.104,6450,0.1183860514981,0.119075200953959,6250.14367421699,28.1024005171174
2025-08-08,0.104,6475,0.116920400495169,0.117679500279935,6250.14367421699,22.6826518350606
2025-08-08,0.104,6500,0.11567415643065,0.116310071342625,6250.14367421699,18.1160117888563
2025-08-08,0.104,6525,0.114404488002668,0.115125155597239,6250.14367421699,14.3021145386643
2025-08-08,0.104,6550,0.113288680903411,0.114390281695426,6250.14367421699,11.2409602044607
2025-08-08,0.104,6575,0.112308667620451,0.113272159386457,6250.14367421699,8.68163445824962
2025-08-08,0.104,6600,0.111423418737764,0.112559683356006,6250.14367421699,6.67432012509204
2025-08-08,0.104,6625,0.110535322045267,0.11189522850029,6250.14367421699,5.06846866975167
2025-08-08,0.104,6650,0.109987226049945,0.111623888250255,6250.14367421699,3.8640800663072
2025-08-08,0.104,6700,0.109883143476275,0.111488383726033,6250.14367421699,2.2582286088947
2025-08-08,0.104,6750,0.110310930493814,0.112681352064749,6250.14367421699,1.35493716809887
2025-08-08,0.104,6800,0.112432006452505,0.114957722861334,6250.14367421699,0.878200014892045
2025-08-08,0.104,6900,0.117464293606335,0.123518475764825,6250.14367421699,0.45164572124272
2025-08-08,0.104,7000,0.125305171412559,0.132530436265819,6250.14367421699,0.276005718787495
2025-08-08,0.104,7200,0.136139922568377,0.156266260626792,6250.14367421699,0.150548574278231
2025-08-08,0.104,7400,0.160170384795665,0.179495336804373,6250.14367421699,0.125457145356894
2025-08-08,0.104,7600,NA,0.199870392268852,6250.14367421699,NA
2025-08-08,0.104,7800,NA,0.21659266788226,6250.14367421699,NA
2025-08-08,0.104,8000,NA,0.246930497112077,6250.14367421699,NA
2025-08-11,0.108,2600,0.75477823849874,0.848230339198039,6250.36048548202,3650.5112868856
2025-08-11,0.108,2800,0.727246520274962,0.791336547282526,6250.36048548202,3450.56155402005
2025-08-11,0.108,3000,0.68770665677438,0.736047243573792,6250.36048548202,3250.61182115444
2025-08-11,0.108,3200,0.655999995090259,0.682502769216123,6250.36048548202,3050.68722185623
2025-08-11,0.108,3400,0.616956921606441,0.642263363572865,6250.36048548202,2850.81288969288
2025-08-11,0.108,3600,0.580575614606976,0.599184573678361,6250.36048548202,2650.96369109654
2025-08-11,0.108,3800,0.544414378404295,0.558143931288045,6250.36048548202,2451.16475963322
2025-08-11,0.108,4000,0.510347203548317,0.517909375652613,6250.36048548202,2251.44122887491
2025-08-11,0.108,4200,0.474052890662951,0.481459511379087,6250.36048548202,2051.81823238444
2025-08-11,0.108,4400,0.437638251919579,0.44184045868414,6250.36048548202,1852.24550302645
2025-08-11,0.108,4600,0.400420071405778,0.404624552634689,6250.36048548202,1652.82357507463
2025-08-11,0.108,4800,0.363735558372311,0.366884516866701,6250.36048548202,1453.5775820921
2025-08-11,0.108,5000,0.326844660181775,0.330333798798455,6250.36048548202,1254.63319191319
2025-08-11,0.108,5100,0.309013256216125,0.311987784831691,6250.36048548202,1155.33693180173
2025-08-11,0.108,5200,0.291608892900281,0.293291591248568,6250.36048548202,1056.19147308509
2025-08-11,0.108,5300,0.273371908285249,0.275501836028454,6250.36048548202,957.247082906847
2025-08-11,0.108,5400,0.25665979863982,0.258423168586078,6250.36048548202,858.755096946052
2025-08-11,0.108,5500,0.24070493093614,0.242619504303806,6250.36048548202,760.916583726693
2025-08-11,0.108,5600,0.225930674521321,0.227469871340372,6250.36048548202,664.033146063199
2025-08-11,0.108,5700,0.211929755921684,0.213157924470222,6250.36048548202,568.55718818082
2025-08-11,0.108,5725,0.208490220709481,0.209650968197499,6250.36048548202,544.964667916145
2025-08-11,0.108,5750,0.204982677558016,0.206080634695977,6250.36048548202,521.472681956989
2025-08-11,0.108,5775,0.201646302619096,0.202684005078229,6250.36048548202,498.181764560418
2025-08-11,0.108,5800,0.198173460546761,0.199155675388976,6250.36048548202,474.991381391719
2025-08-11,0.108,5825,0.19454962401852,0.195712662123514,6250.36048548202,451.95179964869
2025-08-11,0.108,5850,0.191203607853685,0.192305067346603,6250.36048548202,429.163553551491
2025-08-11,0.108,5875,0.187634861966115,0.188680188464674,6250.36048548202,406.475841731608
2025-08-11,0.108,5900,0.184233622010584,0.185225719203949,6250.36048548202,384.089732748906
2025-08-11,0.108,5925,0.180743180560934,0.181686229068831,6250.36048548202,361.904692249323
2025-08-11,0.108,5950,0.177130963009407,0.178028961407102,6250.36048548202,339.920720343494
2025-08-11,0.108,5975,0.17353797319451,0.174394183293801,6250.36048548202,318.238351237152
2025-08-11,0.108,6000,0.169911704168119,0.170892780177448,6250.36048548202,296.907852068069
2025-08-11,0.108,6025,0.166360423052649,0.16729904719624,6250.36048548202,275.929222780282
2025-08-11,0.108,6050,0.162819170244039,0.163719156578874,6250.36048548202,255.352730676755
2025-08-11,0.108,6075,0.15922819252246,0.160093440379743,6250.36048548202,235.178375546801
2025-08-11,0.108,6100,0.155531230291891,0.156365659666546,6250.36048548202,215.406157570069
2025-08-11,0.108,6125,0.151942806576954,0.152884587176477,6250.36048548202,196.287412226217
2025-08-11,0.108,6150,0.148514973287382,0.149299021894248,6250.36048548202,177.771872611839
2025-08-11,0.108,6175,0.145036747006413,0.14592927417502,6250.36048548202,159.960072869125
2025-08-11,0.108,6200,0.141688605534358,0.142564142614341,6250.36048548202,142.902280125674
2025-08-11,0.108,6225,0.138636651271033,0.139377372132384,6250.36048548202,126.799562911489
2025-08-11,0.108,6250,0.13555515560116,0.136414181787087,6250.36048548202,111.601654149459
2025-08-11,0.108,6275,0.132878018074271,0.133738786561008,6250.36048548202,97.5685081138704
2025-08-11,0.108,6300,0.130240773313307,0.131111006365708,6250.36048548202,84.4990530682835
2025-08-11,0.108,6325,0.128028115894761,0.128789564795202,6250.36048548202,72.6862765098581
2025-08-11,0.108,6350,0.12571427449854,0.126630783077925,6250.36048548202,61.8788426000963
2025-08-11,0.108,6375,0.123814379647765,0.124633858821272,6250.36048548202,52.2778198546779
2025-08-11,0.108,6400,0.12195769161609,0.122822702422673,6250.36048548202,43.7324070182261
2025-08-11,0.108,6425,0.120330322705402,0.121254359427092,6250.36048548202,36.2928711243899
2025-08-11,0.108,6500,0.116186393596466,0.117199829572803,6250.36048548202,19.5539153126227
2025-08-11,0.108,6600,0.111891812001632,0.112952242660603,6250.36048548202,7.38926877034544
2025-08-11,0.108,6700,0.109769504368837,0.111604675502098,6250.36048548202,2.53849028860452
2025-08-11,0.108,6800,0.111173223002633,0.115018539535128,6250.36048548202,0.980209123102753
2025-08-11,0.108,7000,0.12294836839701,0.131890064247728,6250.36048548202,0.30160280598558
2025-08-11,0.108,7200,0.13358182887576,0.156074735303478,6250.36048548202,0.175934971207894
2025-08-11,0.108,7400,NA,0.176133435623355,6250.36048548202,NA
2025-08-11,0.108,7600,NA,0.201067203477342,6250.36048548202,NA
2025-08-11,0.108,7800,NA,0.219636062854567,6250.36048548202,NA
2025-08-11,0.108,8000,NA,0.242316226092304,6250.36048548202,NA
2025-08-15,0.124,200,NA,2.76682558163841,6253.12305854254,NA
2025-08-15,0.124,400,NA,2.18654309472723,6253.12305854254,NA
2025-08-15,0.124,600,NA,1.90720532876092,6253.12305854254,NA
2025-08-15,0.124,800,NA,1.62628539242366,6253.12305854254,NA
2025-08-15,0.124,1000,NA,1.44940485102235,6253.12305854254,NA
2025-08-15,0.124,1200,NA,1.34127391052535,6253.12305854254,NA
2025-08-15,0.124,1400,NA,1.24163925387283,6253.12305854254,NA
2025-08-15,0.124,1600,NA,1.13267980561204,6253.12305854254,NA
2025-08-15,0.124,1800,NA,1.05344022000133,6253.12305854254,NA
2025-08-15,0.124,2000,NA,0.951372645958591,6253.12305854254,NA
2025-08-15,0.124,2200,0.798369154818986,0.900178275642296,6253.12305854254,4053.21087216253
2025-08-15,0.124,2300,0.799537125732204,0.873218887882422,6253.12305854254,3953.23596176845
2025-08-15,0.124,2400,0.787731865440301,0.846024777293359,6253.12305854254,3853.26105137417
2025-08-15,0.124,2500,0.755315611187731,0.82570980959724,6253.12305854254,3753.28614097981
2025-08-15,0.124,2600,0.750955611603508,0.791859141482969,6253.12305854254,3653.31123058548
2025-08-15,0.124,2700,0.729771046773683,0.770600962151983,6253.12305854254,3553.34886499398
2025-08-15,0.124,2800,0.707763569100434,0.748314742397018,6253.12305854254,3453.38649940259
2025-08-15,0.124,2900,0.691720175402539,0.717229668682253,6253.12305854254,3353.4115890085
2025-08-15,0.124,3000,0.67836111588121,0.695074990819475,6253.12305854254,3253.47431302265
2025-08-15,0.124,3100,0.653994726328856,0.672576680683556,6253.12305854254,3153.51194743146
2025-08-15,0.124,3200,0.633674304865948,0.655532616822478,6253.12305854254,3053.58721624891
2025-08-15,0.124,3300,0.618939977596843,0.632237855045787,6253.12305854254,2953.66248506612
2025-08-15,0.124,3350,0.610743618038428,0.622915567967631,6253.12305854254,2903.71266427775
2025-08-15,0.124,3400,0.599683350613629,0.613349928192481,6253.12305854254,2853.75029868586
2025-08-15,0.124,3450,0.588626119154905,0.603585851516359,6253.12305854254,2803.78793309478
2025-08-15,0.124,3500,0.579793335949559,0.593659623721964,6253.12305854254,2753.83811230618
2025-08-15,0.124,3550,0.572684806560259,0.583600890698594,6253.12305854254,2703.90083631962
2025-08-15,0.124,3600,0.563232828156977,0.573434102865255,6253.12305854254,2653.95101553162
2025-08-15,0.124,3650,0.553619431324354,0.563179585027464,6253.12305854254,2604.00119474394
2025-08-15,0.124,3700,0.545447591306542,0.554252192981818,6253.12305854254,2554.07646356067
2025-08-15,0.124,3750,0.535495008247438,0.545092042470021,6253.12305854254,2504.13918757391
2025-08-15,0.124,3800,0.52816609650485,0.535737209160344,6253.12305854254,2454.22700119498
2025-08-15,0.124,3850,0.517914637916198,0.526218821491207,6253.12305854254,2404.28972520804
2025-08-15,0.124,3875,0.513983382865535,0.521948522677314,6253.12305854254,2379.3399044201
2025-08-15,0.124,3900,0.509959558279974,0.516562587312611,6253.12305854254,2354.37753883031
2025-08-15,0.124,3925,0.505851364891341,0.512198748787632,6253.12305854254,2329.42771804193
2025-08-15,0.124,3950,0.501666075746867,0.507774475722152,6253.12305854254,2304.47789725329
2025-08-15,0.124,3975,0.49741016950473,0.503294584945631,6253.12305854254,2279.52807646347
2025-08-15,0.124,4000,0.493089440446538,0.498763427626243,6253.12305854254,2254.57825567642
2025-08-15,0.124,4025,0.489649704563424,0.49418494442263,6253.12305854254,2229.64097968937
2025-08-15,0.124,4050,0.485181350981853,0.489562714232823,6253.12305854254,2204.6911589001
2025-08-15,0.124,4075,0.480664168739773,0.484899994357529,6253.12305854254,2179.74133811245
2025-08-15,0.124,4100,0.476101826375012,0.48019975542472,6253.12305854254,2154.79151732471
2025-08-15,0.124,4125,0.471497658749983,0.475464712530741,6253.12305854254,2129.84169653537
2025-08-15,0.124,4150,0.466854705032181,0.470697350851675,6253.12305854254,2104.8918757479
2025-08-15,0.124,4175,0.462175739253207,0.466623501001614,6253.12305854254,2079.95459976293
2025-08-15,0.124,4200,0.457463298976037,0.461776800825532,6253.12305854254,2055.00477897503
2025-08-15,0.124,4225,0.452719708432572,0.457580808456369,6253.12305854254,2030.06750298647
2025-08-15,0.124,4250,0.447947100205989,0.452666402584304,6253.12305854254,2005.11768219805
2025-08-15,0.124,4275,0.444485578505068,0.448363865166376,6253.12305854254,1980.2054958178
2025-08-15,0.124,4300,0.439621925784302,0.442775908472943,6253.12305854254,1955.24313022758
2025-08-15,0.124,4325,0.434736284828588,0.438995316094519,6253.12305854254,1930.31839904582
2025-08-15,0.124,4350,0.431036988616335,0.433972760242959,6253.12305854254,1905.39366785931
2025-08-15,0.124,4375,0.426078356126951,0.429494126460876,6253.12305854254,1880.45639187567
2025-08-15,0.124,4400,0.421667385549258,0.424968607863119,6253.12305854254,1855.53166069143
2025-08-15,0.124,4425,0.417206581064751,0.420399197342093,6253.12305854254,1830.60692950862
2025-08-15,0.124,4440,0.41354272036679,0.416711996536259,6253.12305854254,1815.60692951233
2025-08-15,0.124,4450,0.412699158792214,0.416291641036309,6253.12305854254,1805.6947431305
2025-08-15,0.124,4460,0.409734103618981,0.413833720981894,6253.12305854254,1795.68219832748
2025-08-15,0.124,4470,0.40834162095549,0.411380290775404,6253.12305854254,1785.70728793169
2025-08-15,0.124,4475,0.408148048323222,0.411139395169294,6253.12305854254,1780.7574671457
2025-08-15,0.124,4480,0.405907674453818,0.409913032513436,6253.12305854254,1775.73237754043
2025-08-15,0.124,4490,0.404494479030749,0.407463630568119,6253.12305854254,1765.75746714714
2025-08-15,0.124,4500,0.404046640056102,0.40692627650558,6253.12305854254,1755.85782557079
2025-08-15,0.124,4510,0.400631138205014,0.404476154531498,6253.12305854254,1745.83273596143
2025-08-15,0.124,4520,0.399179441033595,0.402957485662701,6253.12305854254,1735.88291517427
2025-08-15,0.124,4525,0.399400615302111,0.402192149363627,6253.12305854254,1730.93309438389
2025-08-15,0.124,4530,0.397709788545015,0.400511405192035,6253.12305854254,1725.90800477878
2025-08-15,0.124,4540,0.395282120903726,0.398976539168475,6253.12305854254,1715.93309438444
2025-08-15,0.124,4550,0.395176918269141,0.397868350724435,6253.12305854254,1706.03345280651
2025-08-15,0.124,4560,0.393649082421346,0.396295979031123,6253.12305854254,1696.08363201732
2025-08-15,0.124,4570,0.391663033684058,0.394281461654478,6253.12305854254,1686.10872162434
2025-08-15,0.124,4575,0.390889357245809,0.393910787120712,6253.12305854254,1681.14635603106
2025-08-15,0.124,4580,0.38967404429574,0.392687766021148,6253.12305854254,1676.14635603495
2025-08-15,0.124,4590,0.387682173919246,0.391080430004559,6253.12305854254,1666.18399044165
2025-08-15,0.124,4600,0.386542016227123,0.389459842722926,6253.12305854254,1656.24671445264
2025-08-15,0.124,4610,0.384535395592796,0.387826376268719,6253.12305854254,1646.28434886378
2025-08-15,0.124,4620,0.382109173247727,0.38538317329377,6253.12305854254,1636.28434886663
2025-08-15,0.124,4625,0.381727175723203,0.384958254604243,6253.12305854254,1631.33452807815
2025-08-15,0.124,4630,0.380514442100109,0.383737139369016,6253.12305854254,1626.33452807953
2025-08-15,0.124,4640,0.378906223655381,0.382078946737011,6253.12305854254,1616.38470728846
2025-08-15,0.124,4650,0.377284898155088,0.380408920196504,6253.12305854254,1606.43488650124
2025-08-15,0.124,4660,0.375650828815033,0.378727370721924,6253.12305854254,1596.48506570841
2025-08-15,0.124,4670,0.374004363425992,0.376288104622121,6253.12305854254,1586.51015531332
2025-08-15,0.124,4675,0.372792228759729,0.375814480963362,6253.12305854254,1581.53524492433
2025-08-15,0.124,4680,0.371581073146322,0.375330883858464,6253.12305854254,1576.56033452824
2025-08-15,0.124,4690,0.369922395644502,0.372891671600747,6253.12305854254,1566.58542413297
2025-08-15,0.124,4700,0.368251995265293,0.371891728596767,6253.12305854254,1556.66069294889
2025-08-15,0.124,4710,0.366570175561647,0.369452637702024,6253.12305854254,1546.68578255544
2025-08-15,0.124,4720,0.364877227571869,0.368411970435682,6253.12305854254,1536.76105137363
2025-08-15,0.124,4725,0.363666773651815,0.367192039580836,6253.12305854254,1531.76105137436
2025-08-15,0.124,4730,0.363173430401692,0.365973058529496,6253.12305854254,1526.78614097969
2025-08-15,0.124,4740,0.361459051806357,0.36489351451195,6253.12305854254,1516.86140979878
2025-08-15,0.124,4750,0.359734348481648,0.362454829470122,6253.12305854254,1506.88649940318
2025-08-15,0.124,4760,0.35799956693701,0.361338120443159,6253.12305854254,1496.96176821961
2025-08-15,0.124,4770,0.356254944077622,0.358899701264822,6253.12305854254,1486.9868578256
2025-08-15,0.124,4775,0.3557122312723,0.357681871269977,6253.12305854254,1482.01194742928
2025-08-15,0.124,4780,0.354500707058881,0.357747415133433,6253.12305854254,1477.06212664405
2025-08-15,0.124,4790,0.352737074450554,0.355309292232091,6253.12305854254,1467.08721625212
2025-08-15,0.124,4800,0.350964256091258,0.354122904123922,6253.12305854254,1457.16248507019
2025-08-15,0.124,4810,0.349815738323837,0.351685099472965,6253.12305854254,1447.21266427766
2025-08-15,0.124,4820,0.347391861310945,0.350465981633622,6253.12305854254,1437.26284348675
2025-08-15,0.124,4825,0.346804146416742,0.349246805877657,6253.12305854254,1432.28793309186
2025-08-15,0.124,4830,0.346208841971151,0.348028509784967,6253.12305854254,1427.3130226977
2025-08-15,0.124,4840,0.343785045721389,0.346777939872607,6253.12305854254,1417.36320190839
2025-08-15,0.124,4850,0.342568918446145,0.34492262714244,6253.12305854254,1407.4384707297
2025-08-15,0.124,4860,0.340736985114022,0.343059976754538,6253.12305854254,1397.48864993998
2025-08-15,0.124,4870,0.338897279021898,0.341753019916899,6253.12305854254,1387.56391875948
2025-08-15,0.124,4875,0.33768505951797,0.340532689903018,6253.12305854254,1382.56391875687
2025-08-15,0.124,4880,0.337621952518238,0.339313202881586,6253.12305854254,1377.61409796928
2025-08-15,0.124,4890,0.335195138055738,0.337978086050712,6253.12305854254,1367.66427718263
2025-08-15,0.124,4900,0.333890279458756,0.336080509320032,6253.12305854254,1357.7395459944
2025-08-15,0.124,4910,0.332560030680083,0.334176345664925,6253.12305854254,1347.81481480964
2025-08-15,0.124,4920,0.330130285170818,0.332790638082126,6253.12305854254,1337.86499402463
2025-08-15,0.124,4925,0.329454397748422,0.33156926178554,6253.12305854254,1332.89008363272
2025-08-15,0.124,4930,0.328772502858861,0.330867165781741,6253.12305854254,1327.94026284396
2025-08-15,0.124,4940,0.32686877590673,0.328937528125911,6253.12305854254,1317.99044205999
2025-08-15,0.124,4950,0.324958550651334,0.327504492912658,6253.12305854254,1308.06571086976
2025-08-15,0.124,4960,0.323551361967833,0.325556730264335,6253.12305854254,1298.14097969086
2025-08-15,0.124,4970,0.322122097737892,0.323603169841947,6253.12305854254,1288.21624850665
2025-08-15,0.124,4975,0.320904098213235,0.322866959492241,6253.12305854254,1283.24133811512
2025-08-15,0.124,4980,0.319686862518607,0.3221256977362,6253.12305854254,1278.26642772013
2025-08-15,0.124,4990,0.318233374297463,0.320155054675007,6253.12305854254,1268.34169653891
2025-08-15,0.124,5000,0.316759190779038,0.318646615948135,6253.12305854254,1258.4420549596
2025-08-15,0.124,5010,0.314794531028829,0.316659592087007,6253.12305854254,1248.49223417376
2025-08-15,0.124,5020,0.312824280578308,0.31512148797127,6253.12305854254,1238.56750298863
2025-08-15,0.124,5025,0.312529097015172,0.314345560497254,6253.12305854254,1233.64277180875
2025-08-15,0.124,5030,0.311307777325536,0.313118723739998,6253.12305854254,1228.64277180641
2025-08-15,0.124,5040,0.309772350325643,0.311552150839384,6253.12305854254,1218.74313022891
2025-08-15,0.124,5050,0.308218515007468,0.309968059033547,6253.12305854254,1208.84348865379
2025-08-15,0.124,5060,0.306210896839352,0.30836689564836,6253.12305854254,1198.91875746391
2025-08-15,0.124,5070,0.304198231339439,0.306329508190704,6253.12305854254,1188.96893667636
2025-08-15,0.124,5075,0.303831641528277,0.305517931434762,6253.12305854254,1184.04420548758
2025-08-15,0.124,5080,0.302606409410713,0.304702297895893,6253.12305854254,1179.06929510339
2025-08-15,0.124,5090,0.300997603505167,0.303059052991211,6253.12305854254,1169.16965351944
2025-08-15,0.124,5095,0.298934731569411,0.301419897174707,6253.12305854254,1164.09438471149
2025-08-15,0.124,5100,0.299372231117249,0.300998601038956,6253.12305854254,1159.2449223429
2025-08-15,0.124,5105,0.297321979184455,0.299766320555732,6253.12305854254,1154.19474312531
2025-08-15,0.124,5110,0.297730689368725,0.299330788572352,6253.12305854254,1149.34528077186
2025-08-15,0.124,5115,0.295692698152106,0.298097284709614,6253.12305854254,1144.29510154952
2025-08-15,0.124,5120,0.296073356172834,0.297647854774076,6253.12305854254,1139.44563919619
2025-08-15,0.124,5125,0.294843643811609,0.297186681879506,6253.12305854254,1134.49581839635
2025-08-15,0.124,5130,0.294008536172185,0.295950130845719,6253.12305854254,1129.52090800497
2025-08-15,0.124,5135,0.292386103707701,0.294714204380135,6253.12305854254,1124.49581840199
2025-08-15,0.124,5140,0.292712738034182,0.294237932563843,6253.12305854254,1119.64635603691
2025-08-15,0.124,5145,0.290709520656269,0.293000804546618,6253.12305854254,1114.5961768281
2025-08-15,0.124,5150,0.29063040072902,0.292511561007573,6253.12305854254,1109.72162485422
2025-08-15,0.124,5155,0.289017871570444,0.291273236240839,6253.12305854254,1104.69653524076
2025-08-15,0.124,5160,0.289293055854405,0.290771303140677,6253.12305854254,1099.84707287311
2025-08-15,0.124,5165,0.287311479648263,0.289531785698971,6253.12305854254,1094.79689366778
2025-08-15,0.124,5170,0.287561835017904,0.289017432975719,6253.12305854254,1089.94743130593
2025-08-15,0.124,5175,0.286691005482498,0.288492678980019,6253.12305854254,1085.02270012194
2025-08-15,0.124,5180,0.285816742422693,0.287250211428539,6253.12305854254,1080.04778972726
2025-08-15,0.124,5185,0.283855683107349,0.286008315912847,6253.12305854254,1074.99761051248
2025-08-15,0.124,5190,0.284058047570241,0.286166894972489,6253.12305854254,1070.19832736116
2025-08-15,0.124,5195,0.282106851106482,0.28422680482147,6253.12305854254,1065.0979689366
2025-08-15,0.124,5200,0.282635882346625,0.284363412089828,6253.12305854254,1060.32377538866
2025-08-15,0.124,5205,0.28034442252362,0.282432428818398,6253.12305854254,1055.19832735662
2025-08-15,0.124,5210,0.28084550128084,0.282547511039269,6253.12305854254,1050.4241338081
2025-08-15,0.124,5215,0.279259972764413,0.280625413312796,6253.12305854254,1045.34886498726
2025-08-15,0.124,5220,0.279042367207588,0.2807193999132,6253.12305854254,1040.52449224231
2025-08-15,0.124,5225,0.278471705266283,0.28012984594795,6253.12305854254,1035.62485065802
2025-08-15,0.124,5230,0.277559843404469,0.279205922149123,6253.12305854254,1030.6750298658
2025-08-15,0.124,5235,0.275648843987183,0.277629221406549,6253.12305854254,1025.59976105264
2025-08-15,0.124,5240,0.276053963340852,0.277670055244833,6253.12305854254,1020.82556749542
2025-08-15,0.124,5245,0.274480143877493,0.275776095101645,6253.12305854254,1015.75029867694
2025-08-15,0.124,5250,0.274204337790194,0.275797339733725,6253.12305854254,1010.92592592263
2025-08-15,0.124,5255,0.272634025774963,0.274542767171563,6253.12305854254,1005.90083631682
2025-08-15,0.124,5260,0.272659383360363,0.274223945913887,6253.12305854254,1001.07646355312
2025-08-15,0.124,5265,0.270776058047863,0.272657582997411,6253.12305854254,996.001194750812
2025-08-15,0.124,5270,0.271092684731203,0.272629646376075,6253.12305854254,991.227001187513
2025-08-15,0.124,5275,0.270454928710913,0.271975680686374,6253.12305854254,986.327359623611
2025-08-15,0.124,5280,0.269199513447339,0.271313811269436,6253.12305854254,981.377538834326
2025-08-15,0.124,5285,0.26763923803356,0.269454823307559,6253.12305854254,976.30227001496
2025-08-15,0.124,5290,0.267896181346264,0.26938029189022,6253.12305854254,971.528076454458
2025-08-15,0.124,5295,0.266339009419446,0.268116852991628,6253.12305854254,966.502986855883
2025-08-15,0.124,5300,0.266267367575914,0.267726152694202,6253.12305854254,961.678614097888
2025-08-15,0.124,5305,0.264418380563296,0.266171736318051,6253.12305854254,956.603345285819
2025-08-15,0.124,5310,0.264618795215066,0.266336957599399,6253.12305854254,951.854241348538
2025-08-15,0.124,5315,0.263067326183826,0.264785123024048,6253.12305854254,946.804062131261
2025-08-15,0.124,5320,0.263234763285306,0.264640381380597,6253.12305854254,942.029868572985
2025-08-15,0.124,5325,0.262531708310293,0.263646853151888,6253.12305854254,937.105137387945
2025-08-15,0.124,5330,0.261543203984798,0.263199529606079,6253.12305854254,932.205495827576
2025-08-15,0.124,5335,0.259717787436871,0.261925401598156,6253.12305854254,927.155316610129
2025-08-15,0.124,5340,0.259833232873547,0.261462528748849,6253.12305854254,922.356033445946
2025-08-15,0.124,5345,0.258289233776951,0.259917729878992,6253.12305854254,917.30585424348
2025-08-15,0.124,5350,0.258374394204211,0.259972515657039,6253.12305854254,912.556750298657
2025-08-15,0.124,5355,0.256832519105162,0.258429697593883,6253.12305854254,907.506571093988
2025-08-15,0.124,5360,0.256888336177441,0.258456306643993,6253.12305854254,902.757467141307
2025-08-15,0.124,5365,0.25534842864285,0.256915323140789,6253.12305854254,897.707287931711
2025-08-15,0.124,5370,0.255375788280747,0.256914574735789,6253.12305854254,892.95818398722
2025-08-15,0.124,5375,0.254609796417891,0.256134336838963,6253.12305854254,888.058542409188
2025-08-15,0.124,5380,0.253837435763817,0.255347952358664,6253.12305854254,883.158900825676
2025-08-15,0.124,5385,0.252301021998553,0.253810223391302,6253.12305854254,878.108721626349
2025-08-15,0.124,5390,0.252273922694419,0.253757034685951,6253.12305854254,873.359617692326
2025-08-15,0.124,5395,0.250739047212114,0.252220736171856,6253.12305854254,868.309438476167
2025-08-15,0.124,5400,0.250930224744654,0.252142381384309,6253.12305854254,863.585424133854
2025-08-15,0.124,5405,0.249152384955971,0.251087297244513,6253.12305854254,858.560334522897
2025-08-15,0.124,5410,0.249313802512197,0.250976557751702,6253.12305854254,853.836320194377
2025-08-15,0.124,5415,0.247541609448699,0.249442194351294,6253.12305854254,848.761051379302
2025-08-15,0.124,5420,0.247909217311849,0.249307822257115,6253.12305854254,844.062126651822
2025-08-15,0.124,5425,0.24731120548243,0.248465168867569,6253.12305854254,839.187574676239
2025-08-15,0.124,5430,0.246473039321464,0.247617064767136,6253.12305854254,834.287933098849
2025-08-15,0.124,5435,0.244711961592894,0.246537806840243,6253.12305854254,829.262843496198
2025-08-15,0.124,5440,0.244780161471917,0.246350827244207,6253.12305854254,824.538829154676
2025-08-15,0.124,5445,0.243475834747436,0.244818612288563,6253.12305854254,819.513739531973
2025-08-15,0.124,5450,0.24350936279668,0.244828433230631,6253.12305854254,814.814814822302
2025-08-15,0.124,5455,0.241758177896639,0.243514334312998,6253.12305854254,809.764635604936
2025-08-15,0.124,5460,0.242200382515228,0.243491789321773,6253.12305854254,805.115890090375
2025-08-15,0.124,5465,0.240453879548393,0.242173044559684,6253.12305854254,800.065710868955
2025-08-15,0.124,5470,0.240642015439612,0.241909560015566,6253.12305854254,795.366786144435
2025-08-15,0.124,5475,0.239957717301252,0.24121226658035,6253.12305854254,790.517323786205
2025-08-15,0.124,5480,0.239264546132581,0.240506342404212,6253.12305854254,785.667861413719
2025-08-15,0.124,5485,0.237734483550719,0.239383844334333,6253.12305854254,780.667861420696
2025-08-15,0.124,5490,0.237852096204129,0.239069081896853,6253.12305854254,775.968936669024
2025-08-15,0.124,5495,0.23632157974803,0.237536319207119,6253.12305854254,770.918757467794
2025-08-15,0.124,5500,0.236804908224574,0.237796172466312,6253.12305854254,766.345280771471
2025-08-15,0.124,5505,0.234874540499158,0.236459089089614,6253.12305854254,761.270011950484
2025-08-15,0.124,5510,0.234926096916177,0.23628973520986,6253.12305854254,756.596176835721
2025-08-15,0.124,5515,0.234368216358575,0.235716201157047,6253.12305854254,751.796893675588
2025-08-15,0.124,5520,0.233606473654966,0.234941633559509,6253.12305854254,746.947431302518
2025-08-15,0.124,5525,0.232836898965062,0.234159444687408,6253.12305854254,742.097968940299
2025-08-15,0.124,5530,0.232247767150873,0.233555542388224,6253.12305854254,737.298685783871
2025-08-15,0.124,5535,0.231647114294359,0.232940439625409,6253.12305854254,732.499402635451
2025-08-15,0.124,5540,0.23103513640982,0.232132527623797,6253.12305854254,727.675029881431
2025-08-15,0.124,5545,0.230047691027195,0.231317374589169,6253.12305854254,722.800477894342
2025-08-15,0.124,5550,0.22941757301617,0.230673578796463,6253.12305854254,718.0011947361
2025-08-15,0.124,5555,0.228776591418351,0.230019200559966,6253.12305854254,713.201911594324
2025-08-15,0.124,5560,0.228124916200107,0.229354399659705,6253.12305854254,708.402628439981
2025-08-15,0.124,5565,0.227462710488408,0.228679330200463,6253.12305854254,703.60334528633
2025-08-15,0.124,5570,0.226790131443938,0.22799413988418,6253.12305854254,698.804062129876
2025-08-15,0.124,5575,0.226107329970059,0.227298971028587,6253.12305854254,694.004778980782
2025-08-15,0.124,5580,0.225414450858327,0.226593960567206,6253.12305854254,689.205495811996
2025-08-15,0.124,5585,0.224711633952648,0.225879240049351,6253.12305854254,684.406212662103
2025-08-15,0.124,5590,0.22416487964391,0.225154936222203,6253.12305854254,679.632019129071
2025-08-15,0.124,5595,0.2234409263724,0.224583721308119,6253.12305854254,674.857825555993
2025-08-15,0.124,5600,0.22270745265587,0.223999766046735,6253.12305854254,670.083632017195
2025-08-15,0.124,5605,0.222125331372362,0.223244316173347,6253.12305854254,665.30943847662
2025-08-15,0.124,5610,0.221530571604958,0.222637246067737,6253.12305854254,660.560334515208
2025-08-15,0.124,5615,0.220766159643539,0.222018014490013,6253.12305854254,655.786140974345
2025-08-15,0.124,5620,0.219992726513312,0.221232728388276,6253.12305854254,650.986857827176
2025-08-15,0.124,5625,0.219518664550867,0.220591365821316,6253.12305854254,646.262843482019
2025-08-15,0.124,5630,0.218724588219217,0.219938354882773,6253.12305854254,641.488649934906
2025-08-15,0.124,5635,0.218223603758408,0.219273863792787,6253.12305854254,636.764635599314
2025-08-15,0.124,5640,0.217409457570794,0.218598054368656,6253.12305854254,631.990442049744
2025-08-15,0.124,5645,0.216882366828546,0.217911081588277,6253.12305854254,627.266427716718
2025-08-15,0.124,5650,0.216194835545661,0.217357874523769,6253.12305854254,622.542413374446
2025-08-15,0.124,5655,0.215496230691844,0.216504234292707,6253.12305854254,617.768219824809
2025-08-15,0.124,5660,0.214786696040018,0.215926554544764,6253.12305854254,613.044205491893
2025-08-15,0.124,5665,0.21420799940424,0.21533532943757,6253.12305854254,608.345280782623
2025-08-15,0.124,5670,0.213615691780071,0.214730773611873,6253.12305854254,603.646356036328
2025-08-15,0.124,5675,0.21287143131086,0.213975720569213,6253.12305854254,598.897252090242
2025-08-15,0.124,5680,0.212116807258661,0.213210495883329,6253.12305854254,594.148148155242
2025-08-15,0.124,5685,0.211487838412382,0.212569987077235,6253.12305854254,589.449223395644
2025-08-15,0.124,5690,0.210846006837194,0.21191685812266,6253.12305854254,584.750298680352
2025-08-15,0.124,5695,0.210191495159634,0.211251283060509,6253.12305854254,580.051373961072
2025-08-15,0.124,5700,0.209524478439241,0.210573428073654,6253.12305854254,575.352449230854
2025-08-15,0.124,5705,0.208845123732003,0.210012686900556,6253.12305854254,570.678614103584
2025-08-15,0.124,5710,0.208282505216322,0.209437287728768,6253.12305854254,566.029868574921
2025-08-15,0.124,5715,0.207577658609506,0.208721002443468,6253.12305854254,561.330943844348
2025-08-15,0.124,5720,0.2069872046083,0.207993080573637,6253.12305854254,556.657108737732
2025-08-15,0.124,5725,0.206382450439998,0.207253653086511,6253.12305854254,551.983273591302
2025-08-15,0.124,5730,0.20564002627697,0.206748410589787,6253.12305854254,547.334528071674
2025-08-15,0.124,5735,0.20500858549685,0.206105484128498,6253.12305854254,542.685782549571
2025-08-15,0.124,5740,0.204363422115152,0.205328847539653,6253.12305854254,538.011947426357
2025-08-15,0.124,5745,0.20370472050464,0.204779367075116,6253.12305854254,533.388291516068
2025-08-15,0.124,5750,0.203032656015893,0.203978686065701,6253.12305854254,528.714456398639
2025-08-15,0.124,5755,0.202464794736193,0.203400692432947,6253.12305854254,524.115890074655
2025-08-15,0.124,5760,0.201649100224799,0.202692039481665,6253.12305854254,519.442054932674
2025-08-15,0.124,5765,0.201053018415897,0.202085032240329,6253.12305854254,514.84348866434
2025-08-15,0.124,5770,0.200441879012712,0.201350058512378,6253.12305854254,510.219832710949
2025-08-15,0.124,5775,0.199815891417306,0.20071477224314,6253.12305854254,505.621266428506
2025-08-15,0.124,5780,0.199063680800248,0.20006503621312,6253.12305854254,500.997610508421
2025-08-15,0.124,5785,0.198409707543551,0.199401032175737,6253.12305854254,496.399044195419
2025-08-15,0.124,5790,0.197741429754185,0.198722932425668,6253.12305854254,491.800477883873
2025-08-15,0.124,5795,0.19705901885371,0.198030900817479,6253.12305854254,487.201911583566
2025-08-15,0.124,5800,0.196469851387329,0.197325092765624,6253.12305854254,482.628434885566
2025-08-15,0.124,5805,0.195758619109073,0.196816757113799,6253.12305854254,478.08004777687
2025-08-15,0.124,5810,0.195138836595839,0.196081839992799,6253.12305854254,473.506571109302
2025-08-15,0.124,5815,0.194399450436152,0.195437090758607,6253.12305854254,468.933094380802
2025-08-15,0.124,5820,0.193852783584425,0.19477717639148,6253.12305854254,464.40979692679
2025-08-15,0.124,5825,0.19308488964073,0.19400079300596,6253.12305854254,459.811230614821
2025-08-15,0.124,5830,0.192505982875295,0.193412543619911,6253.12305854254,455.313022725257
2025-08-15,0.124,5835,0.191710188544533,0.192708147831429,6253.12305854254,450.73954599346
2025-08-15,0.124,5840,0.191099781684761,0.192087800267326,6253.12305854254,446.241338111161
2025-08-15,0.124,5845,0.190472895654108,0.191451195303531,6253.12305854254,441.743130206675
2025-08-15,0.124,5850,0.18982972864966,0.190605152336371,6253.12305854254,437.194743136231
2025-08-15,0.124,5855,0.189074258112553,0.190129959981151,6253.12305854254,432.721624838782
2025-08-15,0.124,5860,0.188399998176355,0.189445676831263,6253.12305854254,428.223416987569
2025-08-15,0.124,5865,0.187709966583395,0.188745831426673,6253.12305854254,423.725209088402
2025-08-15,0.124,5870,0.187097829209864,0.188030572778993,6253.12305854254,419.252090780367
2025-08-15,0.124,5875,0.18646845611138,0.187300041023165,6253.12305854254,414.7789725491
2025-08-15,0.124,5880,0.185730321561922,0.186737054198509,6253.12305854254,410.330943850602
2025-08-15,0.124,5885,0.185067912268929,0.185974731601078,6253.12305854254,405.857825570672
2025-08-15,0.124,5890,0.184388795631024,0.185287210213495,6253.12305854254,401.409796874762
2025-08-15,0.124,5895,0.18369313259239,0.184672143975986,6253.12305854254,396.98685783262
2025-08-15,0.124,5900,0.183157774616063,0.183863204318122,6253.12305854254,392.563918753212
2025-08-15,0.124,5905,0.182340331255497,0.183214239830647,6253.12305854254,388.115890064235
2025-08-15,0.124,5910,0.181681873971641,0.182547742904666,6253.12305854254,383.718040609143
2025-08-15,0.124,5915,0.181005871880153,0.181863877249226,6253.12305854254,379.320191161499
2025-08-15,0.124,5920,0.180312483887945,0.181162794931842,6253.12305854254,374.922341699883
2025-08-15,0.124,5925,0.17960185740592,0.18044463725161,6253.12305854254,370.524492249484
2025-08-15,0.124,5930,0.178957793130379,0.179876288191711,6253.12305854254,366.201911600406
2025-08-15,0.124,5935,0.178212361086473,0.179122928555427,6253.12305854254,361.804062148123
2025-08-15,0.124,5940,0.177614457377784,0.178434803845438,6253.12305854254,357.481481496055
2025-08-15,0.124,5945,0.176834044275899,0.177728695151015,6253.12305854254,353.10872161668
2025-08-15,0.124,5950,0.176198534198205,0.177004734749066,6253.12305854254,348.78614099068
2025-08-15,0.124,5955,0.175543727553323,0.176342855145788,6253.12305854254,344.48864995238
2025-08-15,0.124,5960,0.17479044489667,0.175662001591281,6253.12305854254,340.166069279745
2025-08-15,0.124,5965,0.17409819719254,0.174962316403278,6253.12305854254,335.868578270319
2025-08-15,0.124,5970,0.173465077994519,0.174243929239342,6253.12305854254,331.596176829421
2025-08-15,0.124,5975,0.172734569085198,0.173584091124251,6253.12305854254,327.323775360249
2025-08-15,0.124,5980,0.172062130757749,0.172904498784237,6253.12305854254,323.076463565239
2025-08-15,0.124,5985,0.171369908956028,0.172205287406594,6253.12305854254,318.829151722015
2025-08-15,0.124,5990,0.17065803144585,0.171486578645332,6253.12305854254,314.581839896935
2025-08-15,0.124,5995,0.17000140828539,0.170823099932088,6253.12305854254,310.384707311212
2025-08-15,0.124,6000,0.169324133919953,0.170065119189604,6253.12305854254,306.16248508533
2025-08-15,0.124,6005,0.168626337279508,0.169434800944226,6253.12305854254,301.990442065747
2025-08-15,0.124,6010,0.167908132160032,0.168710212336097,6253.12305854254,297.7933094593
2025-08-15,0.124,6015,0.167169618096626,0.168037730061863,6253.12305854254,293.62126643374
2025-08-15,0.124,6020,0.166554587074752,0.167272346760103,6253.12305854254,289.474313017794
2025-08-15,0.124,6025,0.165774608056498,0.166629283801848,6253.12305854254,285.327359601728
2025-08-15,0.124,6030,0.165116065061862,0.165964122450647,6253.12305854254,281.230585429026
2025-08-15,0.124,6035,0.16443537201498,0.165206904519559,6253.12305854254,277.108721590652
2025-08-15,0.124,6040,0.163732632671009,0.164567946511071,6253.12305854254,273.037037018471
2025-08-15,0.124,6045,0.163077087661948,0.163837112075407,6253.12305854254,268.965352461063
2025-08-15,0.124,6050,0.162329998154897,0.163084539261179,6253.12305854254,264.86857824922
2025-08-15,0.124,6055,0.16169738463593,0.162446376078301,6253.12305854254,260.872162526614
2025-08-15,0.124,6060,0.160905733235433,0.161784636464447,6253.12305854254,256.825567458666
2025-08-15,0.124,6065,0.16022672282651,0.161099411514606,6253.12305854254,252.829151748439
2025-08-15,0.124,6070,0.159524131475516,0.160390772824201,6253.12305854254,248.832735966101
2025-08-15,0.124,6075,0.158930521745973,0.159658773507723,6253.12305854254,244.886499380997
2025-08-15,0.124,6080,0.158180038295734,0.159034887790951,6253.12305854254,240.940262798295
2025-08-15,0.124,6085,0.157536845679914,0.158255399899837,6253.12305854254,236.994026307458
2025-08-15,0.124,6090,0.156803582675118,0.157582355921676,6253.12305854254,233.072879293188
2025-08-15,0.124,6095,0.156110583510085,0.156884365158681,6253.12305854254,229.176821985992
2025-08-15,0.124,6100,0.15545662538738,0.156161455113974,6253.12305854254,225.305854270629
2025-08-15,0.124,6105,0.154713109248633,0.155540934673118,6253.12305854254,221.459976090719
2025-08-15,0.124,6110,0.154007864064859,0.154830694398923,6253.12305854254,217.614098001438
2025-08-15,0.124,6115,0.153339732085683,0.15409477523304,6253.12305854254,213.793309430903
2025-08-15,0.124,6120,0.152645014484981,0.153458215089144,6253.12305854254,210.022700063843
2025-08-15,0.124,6125,0.151985926084562,0.152794500489355,6253.12305854254,206.277180385596
2025-08-15,0.124,6130,0.15129952039232,0.152103629978482,6253.12305854254,202.531660708088
2025-08-15,0.124,6135,0.150647316211957,0.151385576198924,6253.12305854254,198.811230564287
2025-08-15,0.124,6140,0.149967076020677,0.150762649889924,6253.12305854254,195.140979719469
2025-08-15,0.124,6145,0.149258758636561,0.150111173450842,6253.12305854254,191.470728794148
2025-08-15,0.124,6150,0.148643502787597,0.149431111811562,6253.12305854254,187.850657076312
2025-08-15,0.124,6155,0.147998844939433,0.148722401089177,6253.12305854254,184.230585370258
2025-08-15,0.124,6160,0.147324731249984,0.148104961143256,6253.12305854254,180.660692928506
2025-08-15,0.124,6165,0.146621076590544,0.147457598676128,6253.12305854254,177.090800469784
2025-08-15,0.124,6170,0.146006780876947,0.146780232051549,6253.12305854254,173.571087179012
2025-08-15,0.124,6175,0.145302441549896,0.146131991667375,6253.12305854254,170.051373925366
2025-08-15,0.124,6180,0.144685739095039,0.145512040788482,6253.12305854254,166.606929511063
2025-08-15,0.124,6185,0.144037551679837,0.144860786266107,6253.12305854254,163.162485022847
2025-08-15,0.124,6190,0.143357738150712,0.144178085637001,6253.12305854254,159.718040608755
2025-08-15,0.124,6195,0.142762934727563,0.143580552129035,6253.12305854254,156.373954563608
2025-08-15,0.124,6200,0.142135380327444,0.142950454345173,6253.12305854254,153.029868621482
2025-08-15,0.124,6205,0.141532950536562,0.142345659722547,6253.12305854254,149.735961791914
2025-08-15,0.124,6210,0.140897058180055,0.141707592145752,6253.12305854254,146.442054964164
2025-08-15,0.124,6215,0.140285236001008,0.141151530723072,6253.12305854254,143.223416936293
2025-08-15,0.124,6220,0.139696829890832,0.140561197211724,6253.12305854254,140.029868617799
2025-08-15,0.124,6225,0.139131222702801,0.13993636271008,6253.12305854254,136.861409797493
2025-08-15,0.124,6230,0.138473014111176,0.139334161093229,6253.12305854254,133.692950992059
2025-08-15,0.124,6235,0.137894153329794,0.138754012321829,6253.12305854254,130.599761059185
2025-08-15,0.124,6240,0.137393833600473,0.138195373318405,6253.12305854254,127.581839886078
2025-08-15,0.124,6245,0.136742588391324,0.137600541227983,6253.12305854254,124.513739545887
2025-08-15,0.124,6250,0.136340450579566,0.137026325417941,6253.12305854254,121.596176824469
2025-08-15,0.124,6255,0.135752666418247,0.136495373179469,6253.12305854254,118.648745560567
2025-08-15,0.124,6260,0.135140877563086,0.135883468054505,6253.12305854254,115.688172040229
2025-08-15,0.124,6265,0.134662418011858,0.135462234637509,6253.12305854254,112.903225772146
2025-08-15,0.124,6270,0.134031225487413,0.134945687630959,6253.12305854254,110.043010749608
2025-08-15,0.124,6275,0.133646999046033,0.134390533520194,6253.12305854254,107.308243734895
2025-08-15,0.124,6280,0.133166502372193,0.13391079631081,6253.12305854254,104.598566273458
2025-08-15,0.124,6285,0.132646441369154,0.133391727748389,6253.12305854254,101.888888910065
2025-08-15,0.124,6290,0.132143725375952,0.132890240518909,6253.12305854254,99.2293906757502
2025-08-15,0.124,6295,0.131600566699948,0.132406092187462,6253.12305854254,96.5949820828655
2025-08-15,0.124,6300,0.131189380070745,0.131939079900349,6253.12305854254,94.0609318527593
2025-08-15,0.124,6305,0.130737376046921,0.131489041403716,6253.12305854254,91.5519712790297
2025-08-15,0.124,6310,0.130243971533236,0.13099787017246,6253.12305854254,89.0430107257464
2025-08-15,0.124,6315,0.129766695489274,0.130581268484562,6253.12305854254,86.6093190004253
2025-08-15,0.124,6320,0.129363851473071,0.130122998551561,6253.12305854254,84.2258064278813
2025-08-15,0.124,6325,0.128918804137842,0.129680992421095,6253.12305854254,81.8673834965193
2025-08-15,0.124,6330,0.12848973014892,0.129255240779939,6253.12305854254,79.5591397727524
2025-08-15,0.124,6335,0.128017481500632,0.128786630255977,6253.12305854254,77.2508960430225
2025-08-15,0.124,6340,0.127620191368394,0.12839324527571,6253.12305854254,75.0430107526615
2025-08-15,0.124,6345,0.127179277068128,0.127956572276657,6253.12305854254,72.8351254685901
2025-08-15,0.124,6350,0.126874344303866,0.12759599153337,6253.12305854254,70.7526881589056
2025-08-15,0.124,6355,0.12646566089512,0.127191799718778,6253.12305854254,68.645161294867
2025-08-15,0.124,6360,0.126012114222763,0.12674309592381,6253.12305854254,66.5376344017418
2025-08-15,0.124,6365,0.125635417669919,0.126371503891789,6253.12305854254,64.530465914889
2025-08-15,0.124,6370,0.125275356866563,0.126016859602319,6253.12305854254,62.5734766952801
2025-08-15,0.124,6375,0.124932312927356,0.125617312613549,6253.12305854254,60.6415770679255
2025-08-15,0.124,6380,0.12454391285117,0.125297285584178,6253.12305854254,58.759856646103
2025-08-15,0.124,6390,0.123882211508852,0.124521113346948,6253.12305854254,55.0967742289611
2025-08-15,0.124,6400,0.123229670742691,0.123685598544936,6253.12305854254,51.5591397881734
2025-08-15,0.124,6410,0.122454894761727,0.123186360896031,6253.12305854254,48.2473118613595
2025-08-15,0.124,6420,0.121823279649663,0.122571325799621,6253.12305854254,45.0860214962196
2025-08-15,0.124,6425,0.121538965930645,0.122227129348728,6253.12305854254,43.5555555229813
2025-08-15,0.124,6430,0.121207290966248,0.121904015858136,6253.12305854254,42.0501792343453
2025-08-15,0.124,6440,0.12068203871297,0.121325416429151,6253.12305854254,39.2150537577344
2025-08-15,0.124,6450,0.120110703454548,0.120772037943082,6253.12305854254,36.5053763589186
2025-08-15,0.124,6460,0.119492538823249,0.120173731728419,6253.12305854254,33.8960573569464
2025-08-15,0.124,6470,0.118904941071963,0.11968574693004,6253.12305854254,31.4623655935613
2025-08-15,0.124,6475,0.11873410566172,0.11936890051278,6253.12305854254,30.3082437071067
2025-08-15,0.124,6480,0.118354992908871,0.119161997016491,6253.12305854254,29.1541218513623
2025-08-15,0.124,6490,0.117851245766956,0.118603338222462,6253.12305854254,26.9713261629392
2025-08-15,0.124,6500,0.11740395947405,0.118010829054268,6253.12305854254,24.9139784571194
2025-08-15,0.124,6510,0.116935092399822,0.117655438542586,6253.12305854254,23.0322580513964
2025-08-15,0.124,6520,0.116354030059185,0.117198087563031,6253.12305854254,21.2007168199364
2025-08-15,0.124,6525,0.116127072714038,0.116797911349447,6253.12305854254,20.2974910282267
2025-08-15,0.124,6530,0.115947304610633,0.116729751051633,6253.12305854254,19.5197132710597
2025-08-15,0.124,6540,0.115437819503024,0.116255898636767,6253.12305854254,17.9139784759898
2025-08-15,0.124,6550,0.115033655046033,0.115783200625336,6253.12305854254,16.4336917456407
2025-08-15,0.124,6560,0.114532912583574,0.115431609764239,6253.12305854254,15.0537634262139
2025-08-15,0.124,6570,0.114047971027228,0.114993199848583,6253.12305854254,13.7491039255976
2025-08-15,0.124,6575,0.11396748787656,0.11481522177627,6253.12305854254,13.1720430232171
2025-08-15,0.124,6580,0.113716073273009,0.114710246151562,6253.12305854254,12.5949820922881
2025-08-15,0.124,6590,0.113308433527623,0.114357229348292,6253.12305854254,11.4910394255686
2025-08-15,0.124,6600,0.113101363848462,0.113932044504234,6253.12305854254,10.4874551905912
2025-08-15,0.124,6610,0.11269801997397,0.113577933979015,6253.12305854254,9.53405017134122
2025-08-15,0.124,6620,0.112229565009982,0.11347289272517,6253.12305854254,8.6810035791143
2025-08-15,0.124,6625,0.112233835269505,0.113352800279886,6253.12305854254,8.3046595107194
2025-08-15,0.124,6630,0.112029771870511,0.113183999081872,6253.12305854254,7.90322579363331
2025-08-15,0.124,6640,0.111452642330483,0.112860750840546,6253.12305854254,7.12544802699318
2025-08-15,0.124,6650,0.111384337823189,0.112693202707953,6253.12305854254,6.4982078971189
2025-08-15,0.124,6660,0.11113272880605,0.112331623266724,6253.12305854254,5.87096774393103
2025-08-15,0.124,6670,0.110888366933734,0.112169040975203,6253.12305854254,5.31899642023427
2025-08-15,0.124,6675,0.110576749165134,0.112124986361522,6253.12305854254,5.04301074964275
2025-08-15,0.124,6680,0.110666709832671,0.111811359701025,6253.12305854254,4.79211469921736
2025-08-15,0.124,6700,0.110373438245677,0.111684781030566,6253.12305854254,3.93906810729754
2025-08-15,0.124,6725,0.109985549232753,0.11170658285548,6253.12305854254,3.07347671010857
2025-08-15,0.124,6750,0.110330255728275,0.111635073143337,6253.12305854254,2.42114695194056
2025-08-15,0.124,6775,0.10983788454609,0.111653219381627,6253.12305854254,1.8566308276892
2025-08-15,0.124,6800,0.11100694845366,0.112594091359563,6253.12305854254,1.5304659464693
2025-08-15,0.124,6825,0.11083363718056,0.113385666362505,6253.12305854254,1.2043010741648
2025-08-15,0.124,6850,0.112233779826708,0.114457447951911,6253.12305854254,1.00358423026581
2025-08-15,0.124,6875,0.112145854826593,0.115702062201925,6253.12305854254,0.802867382887637
2025-08-15,0.124,6900,0.113780482669154,0.117330001402171,6253.12305854254,0.689964158426687
2025-08-15,0.124,6925,0.113658663639127,0.118547975315457,6253.12305854254,0.551971327772989
2025-08-15,0.124,6950,0.116464510964461,0.121071601196145,6253.12305854254,0.514336917111663
2025-08-15,0.124,6975,0.117496212504793,0.122127603416273,6253.12305854254,0.426523296851469
2025-08-15,0.124,7000,0.119982689092132,0.125650693542929,6253.12305854254,0.413978493263329
2025-08-15,0.124,7050,0.122150518608221,0.129473750447257,6253.12305854254,0.313620072358388
2025-08-15,0.124,7100,0.125586480743159,0.134353782076208,6253.12305854254,0.263440861105431
2025-08-15,0.124,7200,0.133937345698067,0.145219231806872,6253.12305854254,0.213261648290126
2025-08-15,0.124,7300,0.139749544494784,0.155141878665968,6253.12305854254,0.163082436879381
2025-08-15,0.124,7400,0.146299424257761,0.16395703833782,6253.12305854254,0.125448028793448
2025-08-15,0.124,7500,0.14941156873493,0.175708247286838,6253.12305854254,0.112903225840362
2025-08-15,0.124,7600,0.159457956495496,0.185056923244625,6253.12305854254,0.100358422766712
2025-08-15,0.124,7800,NA,0.204568231154282,6253.12305854254,NA
2025-08-15,0.124,8000,NA,0.222430864839685,6253.12305854254,NA
2025-08-15,0.124,8200,NA,0.238470468054701,6253.12305854254,NA
2025-08-15,0.124,8400,NA,0.262211929100038,6253.12305854254,NA
2025-08-15,0.124,8600,NA,0.276463545766921,6253.12305854254,NA
2025-08-15,0.124,8800,NA,0.294624048716934,6253.12305854254,NA
2025-08-15,0.124,9000,NA,0.305853066990119,6253.12305854254,NA
2025-08-15,0.124,9200,NA,0.329444548575638,6253.12305854254,NA
2025-08-15,0.124,9400,NA,0.339155256684737,6253.12305854254,NA
2025-08-15,0.124,9600,NA,0.345532663655969,6253.12305854254,NA
2025-08-15,0.124,9800,NA,0.360788009444135,6253.12305854254,NA
2025-08-15,0.124,10000,NA,0.386021202744548,6253.12305854254,NA
2025-08-15,0.124,10400,NA,0.415442102553592,6253.12305854254,NA
2025-08-15,0.124,10800,NA,0.443560506560129,6253.12305854254,NA
2025-08-15,0.124,11000,NA,0.457167060253527,6253.12305854254,NA
2025-08-15,0.124,12000,NA,0.521155301998279,6253.12305854254,NA
2025-08-22,0.144,2600,0.722557456630972,0.755881443057333,6256.75009400576,3657.02669675099
2025-08-22,0.144,2800,0.686117112511426,0.710090564263868,6256.75009400576,3457.12727956693
2025-08-22,0.144,3000,0.652226008262714,0.66924286455341,6256.75009400576,3257.27815379133
2025-08-22,0.144,3200,0.613765879991845,0.626729446542468,6256.75009400576,3057.42902801646
2025-08-22,0.144,3400,0.580539370879313,0.589973111076201,6256.75009400576,2857.68048505685
2025-08-22,0.144,3600,0.543685553733642,0.553253134588766,6256.75009400576,2657.95708780157
2025-08-22,0.144,3800,0.511002390434744,0.516414736215914,6256.75009400576,2458.33427336373
2025-08-22,0.144,4000,0.476620403373736,0.480771161987527,6256.75009400576,2258.78689603808
2025-08-22,0.144,4200,0.441128352126817,0.445436739996743,6256.75009400576,2059.3149558244
2025-08-22,0.144,4400,0.406579950527412,0.409938932157678,6256.75009400576,1859.9687441291
2025-08-22,0.144,4600,0.37336263720667,0.375942106644122,6256.75009400576,1660.87398947339
2025-08-22,0.144,4700,0.356272530503733,0.359657672257523,6256.75009400576,1561.42719496544
2025-08-22,0.144,4800,0.340539125196489,0.342506098119143,6256.75009400576,1462.08098327464
2025-08-22,0.144,4900,0.323782653164372,0.326351230493276,6256.75009400576,1362.83535439093
2025-08-22,0.144,4950,0.315489587689155,0.317888861633452,6256.75009400576,1313.23768566626
2025-08-22,0.144,5000,0.307710999210547,0.309201643709959,6256.75009400576,1263.6903083339
2025-08-22,0.144,5050,0.299611755350867,0.301683824679125,6256.75009400576,1214.24351381923
2025-08-22,0.144,5100,0.291872561817165,0.293791761238682,6256.75009400576,1164.8470107164
2025-08-22,0.144,5150,0.283780097258233,0.28556349471438,6256.75009400576,1115.45050762758
2025-08-22,0.144,5200,0.276478830080042,0.278120071185998,6256.75009400576,1066.25517014233
2025-08-22,0.144,5250,0.269232755842487,0.270741303999761,6256.75009400576,1017.16041549274
2025-08-22,0.144,5300,0.261968977599345,0.263354931982627,6256.75009400576,968.166243665011
2025-08-22,0.144,5350,0.254626543489532,0.256320890645959,6256.75009400576,919.322946048842
2025-08-22,0.144,5400,0.247936408729606,0.24909827962548,6256.75009400576,870.680814074008
2025-08-22,0.144,5450,0.241298554198964,0.242357863778385,6256.75009400576,822.290139116533
2025-08-22,0.144,5500,0.234926598957252,0.235890077044458,6256.75009400576,774.201212649242
2025-08-22,0.144,5550,0.228351109278665,0.229520468735634,6256.75009400576,726.363743184868
2025-08-22,0.144,5600,0.222042675911789,0.223106686050867,6256.75009400576,678.878313606266
2025-08-22,0.144,5625,0.218926026016146,0.219940973645437,6256.75009400576,655.286473038886
2025-08-22,0.144,5650,0.215805868963415,0.21677428393338,6256.75009400576,631.795215254487
2025-08-22,0.144,5675,0.212895077736548,0.21358784698132,6256.75009400576,608.454831756138
2025-08-22,0.144,5700,0.209702920717651,0.210584591284383,6256.75009400576,585.215031035677
2025-08-22,0.144,5725,0.206456665935258,0.207299450583079,6256.75009400576,562.025521744026
2025-08-22,0.144,5750,0.203344029748874,0.204149302178581,6256.75009400576,539.037178025032
2025-08-22,0.144,5775,0.2003253103137,0.200902680251367,6256.75009400576,516.199708595538
2025-08-22,0.144,5800,0.196995824833525,0.197732636613889,6256.75009400576,493.462821997605
2025-08-22,0.144,5825,0.193900354377383,0.194605496388077,6256.75009400576,470.977392383459
2025-08-22,0.144,5850,0.190646152357526,0.191321969203134,6256.75009400576,448.592545587004
2025-08-22,0.144,5875,0.187388324436952,0.188036518254997,6256.75009400576,426.408864450894
2025-08-22,0.144,5900,0.184099784262732,0.18472207407096,6256.75009400576,404.426348953883
2025-08-22,0.144,5925,0.180755301869762,0.181502723451518,6256.75009400576,382.695290503759
2025-08-22,0.144,5950,0.177475041735306,0.178050349230028,6256.75009400576,361.165397656674
2025-08-22,0.144,5975,0.174081583416443,0.174774249051579,6256.75009400576,339.937253300294
2025-08-22,0.144,5980,0.173436990906379,0.174124552020691,6256.75009400576,335.741915751018
2025-08-22,0.144,5990,0.172096297345032,0.172773971015023,6256.75009400576,327.351240868282
2025-08-22,0.144,6000,0.170821167146708,0.171355634836861,6256.75009400576,319.010857308365
2025-08-22,0.144,6010,0.169474663733206,0.170001701506482,6256.75009400576,310.720765212606
2025-08-22,0.144,6020,0.168057342260093,0.168707155997341,6256.75009400576,302.480964479303
2025-08-22,0.144,6025,0.167386842538791,0.168032267709444,6256.75009400576,298.386209837137
2025-08-22,0.144,6030,0.166697915727235,0.16733905084776,6256.75009400576,294.291455191747
2025-08-22,0.144,6040,0.165391597718674,0.166024284433775,6256.75009400576,286.202528670118
2025-08-22,0.144,6050,0.164008808959032,0.16463343667796,6256.75009400576,278.113602209904
2025-08-22,0.144,6060,0.162673281909667,0.163290095395638,6256.75009400576,270.125258551799
2025-08-22,0.144,6070,0.161258709875418,0.161989892683932,6256.75009400576,262.187206253088
2025-08-22,0.144,6075,0.160643025181512,0.161248709799273,6256.75009400576,258.243325828675
2025-08-22,0.144,6080,0.160006180547672,0.160608273461717,6256.75009400576,254.349736833789
2025-08-22,0.144,6090,0.158669136315627,0.159264332640487,6256.75009400576,246.562558772695
2025-08-22,0.144,6100,0.157247676859899,0.157954029880979,6256.75009400576,238.825672109351
2025-08-22,0.144,6110,0.155974694378743,0.156557045582513,6256.75009400576,231.189368310778
2025-08-22,0.144,6120,0.15461202771644,0.155188438391856,6256.75009400576,223.603355962099
2025-08-22,0.144,6125,0.153896999862135,0.154585258449744,6256.75009400576,219.860641085533
2025-08-22,0.144,6130,0.153273627682452,0.15384440749427,6256.75009400576,216.117926325055
2025-08-22,0.144,6140,0.151955800564138,0.152634338763412,6256.75009400576,208.783370921386
2025-08-22,0.144,6150,0.150654963534448,0.151215457761544,6256.75009400576,201.448815572182
2025-08-22,0.144,6160,0.14925644313581,0.149923496090471,6256.75009400576,194.21484305843
2025-08-22,0.144,6170,0.147980087375185,0.148642003503771,6256.75009400576,187.131744696292
2025-08-22,0.144,6175,0.147468306702949,0.148017885683952,6256.75009400576,183.690778329849
2025-08-22,0.144,6180,0.146710456636663,0.147477197195558,6256.75009400576,180.199520581179
2025-08-22,0.144,6190,0.14544429551129,0.146206085363104,6256.75009400576,173.317587948644
2025-08-22,0.144,6200,0.144286600724049,0.144935778397082,6256.75009400576,166.586529431486
2025-08-22,0.144,6210,0.143017237595249,0.143663118677406,6256.75009400576,159.905762424637
2025-08-22,0.144,6220,0.141849066447677,0.142492140901945,6256.75009400576,153.426160950723
2025-08-22,0.144,6225,0.141274816149596,0.141916680175555,6256.75009400576,150.236651678955
2025-08-22,0.144,6230,0.14067097773332,0.141311764189957,6256.75009400576,147.047142353835
2025-08-22,0.144,6240,0.13948005292006,0.140225592648139,6256.75009400576,140.818998002582
2025-08-22,0.144,6250,0.13837964596717,0.139017484933377,6256.75009400576,134.691436348454
2025-08-22,0.144,6260,0.137293238975364,0.137930462250037,6256.75009400576,128.746004938296
2025-08-22,0.144,6275,0.135705806340829,0.136343245129367,6256.75009400576,120.095882723325
2025-08-22,0.144,6300,0.133282500781648,0.133923544516145,6256.75009400576,106.517202473507
2025-08-22,0.144,6325,0.130850723533979,0.131499849256675,6256.75009400576,93.7431848002934
2025-08-22,0.144,6350,0.128709102599292,0.129371277897488,6256.75009400576,82.0755780819259
2025-08-22,0.144,6375,0.126740997537634,0.127421812093007,6256.75009400576,71.4137995680185
2025-08-22,0.144,6400,0.124832814352502,0.125538726887108,6256.75009400576,61.6572664448927
2025-08-22,0.144,6425,0.123112522586414,0.123850819244207,6256.75009400576,52.906561373067
2025-08-22,0.144,6450,0.121618794245127,0.12226802867063,6256.75009400576,45.1113931690663
2025-08-22,0.144,6500,0.118871836774492,0.119466740314817,6256.75009400576,32.0859183798692
2025-08-22,0.144,6550,0.116550111005081,0.117081254601238,6256.75009400576,22.1785109734761
2025-08-22,0.144,6600,0.114365499783793,0.115242532364104,6256.75009400576,14.8862568359379
2025-08-22,0.144,6650,0.112678783069634,0.113805814206626,6256.75009400576,9.75653318614368
2025-08-22,0.144,6700,0.111234017703035,0.11273621947904,6256.75009400576,6.23613460699727
2025-08-22,0.144,6750,0.110636078051116,0.112172256511911,6256.75009400576,3.97302125063013
2025-08-22,0.144,6800,0.110509195391147,0.111935464400376,6256.75009400576,2.51457040940217
2025-08-22,0.144,6900,0.112581628517285,0.115206686776841,6256.75009400576,1.15670238515521
2025-08-22,0.144,7000,0.116091090484292,0.121634876730799,6256.75009400576,0.628642604688899
2025-08-22,0.144,7200,0.129176783255872,0.138234807262444,6256.75009400576,0.301748448714863
2025-08-22,0.144,7400,0.142914019696382,0.157522062098196,6256.75009400576,0.20116563368685
2025-08-22,0.144,7600,0.154992036576229,0.173298841717083,6256.75009400576,0.125728520101581
2025-08-22,0.144,7800,NA,0.194086202853048,6256.75009400576,NA
2025-08-22,0.144,8000,NA,0.209053638416347,6256.75009400576,NA
2025-08-29,0.164,1200,NA,1.19081242913749,6261.99567726089,NA
2025-08-29,0.164,1400,NA,1.11271159535838,6261.99567726089,NA
2025-08-29,0.164,1600,NA,1.01521987091363,6261.99567726089,NA
2025-08-29,0.164,1800,0.861615273479836,0.949767115689163,6261.99567726089,4462.12175795267
2025-08-29,0.164,2000,0.828465559044018,0.886928940181132,6261.99567726089,4262.17219022949
2025-08-29,0.164,2200,0.78397644991249,0.827245439305312,6261.99567726089,4062.22262250624
2025-08-29,0.164,2400,0.749905474678331,0.779377762684255,6261.99567726089,3862.32348705975
2025-08-29,0.164,2600,0.700068073367451,0.731054638474155,6261.99567726089,3662.39913547473
2025-08-29,0.164,2800,0.666157079997562,0.683410445074002,6261.99567726089,3462.52521616674
2025-08-29,0.164,3000,0.632533435003094,0.644986509308055,6261.99567726089,3262.72694527422
2025-08-29,0.164,3100,0.617930374012901,0.625001247265645,6261.99567726089,3162.85302596578
2025-08-29,0.164,3200,0.601703974410462,0.607724252643738,6261.99567726089,3063.0043227954
2025-08-29,0.164,3300,0.581675367160238,0.589634817173162,6261.99567726089,2963.13040348856
2025-08-29,0.164,3400,0.564028263055433,0.571003362878103,6261.99567726089,2863.28170031681
2025-08-29,0.164,3500,0.547947928884174,0.55397181715658,6261.99567726089,2763.48342942532
2025-08-29,0.164,3600,0.530994557943007,0.536270677570478,6261.99567726089,2663.6851585321
2025-08-29,0.164,3700,0.515017096790223,0.519600535939606,6261.99567726089,2563.93731991623
2025-08-29,0.164,3800,0.498236972075095,0.502269059383642,6261.99567726089,2464.18948129909
2025-08-29,0.164,3900,0.479648313944087,0.483282412337428,6261.99567726089,2364.39121040377
2025-08-29,0.164,3950,0.471453467639337,0.474861782736052,6261.99567726089,2314.54250723648
2025-08-29,0.164,4000,0.463094888859686,0.46629947641561,6261.99567726089,2264.69380406901
2025-08-29,0.164,4050,0.454594938369112,0.457614602805661,6261.99567726089,2214.84510089541
2025-08-29,0.164,4100,0.445972393667987,0.449752118461225,6261.99567726089,2165.02161386591
2025-08-29,0.164,4150,0.438151759904152,0.441689000749734,6261.99567726089,2115.22334297028
2025-08-29,0.164,4200,0.428420588455302,0.431808166199702,6261.99567726089,2065.32420752859
2025-08-29,0.164,4250,0.420331642258434,0.4235140234462,6261.99567726089,2015.52593663608
2025-08-29,0.164,4300,0.412080383125995,0.415076569939072,6261.99567726089,1965.72766574242
2025-08-29,0.164,4350,0.40368611868463,0.407890201627621,6261.99567726089,1915.97982712377
2025-08-29,0.164,4400,0.396511230670141,0.399139261012863,6261.99567726089,1866.2319885102
2025-08-29,0.164,4450,0.387804440711704,0.390293323312708,6261.99567726089,1816.43371761432
2025-08-29,0.164,4500,0.380190368474151,0.382517250714723,6261.99567726089,1766.73631127575
2025-08-29,0.164,4550,0.372353194275872,0.374534455209717,6261.99567726089,1717.03890493471
2025-08-29,0.164,4580,0.366699123865982,0.369862271787392,6261.99567726089,1687.19020176822
2025-08-29,0.164,4590,0.365518577333144,0.367603702348705,6261.99567726089,1677.24063404365
2025-08-29,0.164,4600,0.364317932713625,0.366367393458789,6261.99567726089,1667.34149859436
2025-08-29,0.164,4610,0.362071976875059,0.365112738969344,6261.99567726089,1657.39193087008
2025-08-29,0.164,4620,0.360850489256321,0.36285539130946,6261.99567726089,1647.44236314359
2025-08-29,0.164,4630,0.359610219771637,0.361581749917582,6261.99567726089,1637.5432277026
2025-08-29,0.164,4640,0.357365187979687,0.360290901176986,6261.99567726089,1627.59365997996
2025-08-29,0.164,4650,0.356105401029741,0.358034840197447,6261.99567726089,1617.64409225565
2025-08-29,0.164,4660,0.354828013247288,0.35672614920807,6261.99567726089,1607.74495680787
2025-08-29,0.164,4670,0.352583978116012,0.354472543427668,6261.99567726089,1597.74495680896
2025-08-29,0.164,4675,0.352410460933312,0.354273467115541,6261.99567726089,1592.84582135972
2025-08-29,0.164,4680,0.351288260886657,0.353146546136548,6261.99567726089,1587.8458213652
2025-08-29,0.164,4690,0.349976005696684,0.351804861880813,6261.99567726089,1577.94668591849
2025-08-29,0.164,4700,0.347733017139151,0.349552560970649,6261.99567726089,1567.94668591569
2025-08-29,0.164,4710,0.3464034994487,0.348194544954934,6261.99567726089,1558.0475504703
2025-08-29,0.164,4720,0.34505840335092,0.346821722656512,6261.99567726089,1548.14841502787
2025-08-29,0.164,4725,0.343937018939113,0.345695802121691,6261.99567726089,1543.14841501883
2025-08-29,0.164,4730,0.3436981565266,0.34543448785021,6261.99567726089,1538.24927957795
2025-08-29,0.164,4740,0.341455090552878,0.343182463135397,6261.99567726089,1528.24927958271
2025-08-29,0.164,4750,0.340078980976807,0.341780179902519,6261.99567726089,1518.35014413315
2025-08-29,0.164,4760,0.338688549114729,0.340364246973157,6261.99567726089,1508.451008688
2025-08-29,0.164,4770,0.337284165603926,0.338935007044915,6261.99567726089,1498.55187324246
2025-08-29,0.164,4775,0.336162236513933,0.33780875923752,6261.99567726089,1493.55187323578
2025-08-29,0.164,4780,0.335041130189227,0.337492787826923,6261.99567726089,1488.60230551085
2025-08-29,0.164,4790,0.333622087370061,0.336037903495031,6261.99567726089,1478.70317006552
2025-08-29,0.164,4800,0.332189811039187,0.333784327255017,6261.99567726089,1468.75360234838
2025-08-29,0.164,4810,0.330744623958085,0.332316156733484,6261.99567726089,1458.8544669034
2025-08-29,0.164,4820,0.329286835354952,0.330835928494992,6261.99567726089,1448.95533145601
2025-08-29,0.164,4825,0.328164453409357,0.329709420935911,6261.99567726089,1443.95533145067
2025-08-29,0.164,4830,0.327816741361263,0.329343917425222,6261.99567726089,1439.05619600267
2025-08-29,0.164,4840,0.326334625884886,0.327840387204875,6261.99567726089,1429.1570605535
2025-08-29,0.164,4850,0.324088665098668,0.326325590891759,6261.99567726089,1419.20749283363
2025-08-29,0.164,4860,0.322593831975977,0.324799771211819,6261.99567726089,1409.30835739113
2025-08-29,0.164,4870,0.321087524959167,0.3232631609957,6261.99567726089,1399.40922194454
2025-08-29,0.164,4875,0.320694026328442,0.322134457116053,6261.99567726089,1394.4596542205
2025-08-29,0.164,4880,0.319569992740469,0.321715984197375,6261.99567726089,1389.51008650163
2025-08-29,0.164,4890,0.318041473971293,0.319458481996152,6261.99567726089,1379.5605187748
2025-08-29,0.164,4900,0.316502197989822,0.317900111864634,6261.99567726089,1369.66138333023
2025-08-29,0.164,4910,0.314952384384458,0.317013160407865,6261.99567726089,1359.81268016211
2025-08-29,0.164,4920,0.31339224444901,0.31542578263405,6261.99567726089,1349.91354471083
2025-08-29,0.164,4925,0.312948304951087,0.314295009181019,6261.99567726089,1344.96397698682
2025-08-29,0.164,4930,0.311821980891657,0.313828831446245,6261.99567726089,1340.0144092643
2025-08-29,0.164,4940,0.310241788271505,0.312222482922624,6261.99567726089,1330.11527381874
2025-08-29,0.164,4950,0.309308371530779,0.310606906010922,6261.99567726089,1320.26657064452
2025-08-29,0.164,4960,0.307700361614996,0.308982263401553,6261.99567726089,1310.36743519271
2025-08-29,0.164,4970,0.306083126658073,0.307348711527604,6261.99567726089,1300.46829974982
2025-08-29,0.164,4975,0.304953903129534,0.306840271975104,6261.99567726089,1295.51873203214
2025-08-29,0.164,4980,0.304456827167636,0.305706400419322,6261.99567726089,1290.56916430839
2025-08-29,0.164,4990,0.302821617102947,0.304666070757413,6261.99567726089,1280.72046114233
2025-08-29,0.164,5000,0.301177644602503,0.302999118891075,6261.99567726089,1270.82132569611
2025-08-29,0.164,5010,0.30012871897875,0.301323957561761,6261.99567726089,1260.97262251916
2025-08-29,0.164,5020,0.298460149084958,0.299640711188346,6261.99567726089,1251.07348708064
2025-08-29,0.164,5025,0.297917543963809,0.299087052868947,6261.99567726089,1246.17435163006
2025-08-29,0.164,5030,0.296783359105291,0.298526969151379,6261.99567726089,1241.22478390689
2025-08-29,0.164,5040,0.295676294796704,0.296820957470743,6261.99567726089,1231.37608074341
2025-08-29,0.164,5050,0.293976411073089,0.295107319131336,6261.99567726089,1221.47694529057
2025-08-29,0.164,5060,0.292268776417348,0.293939748395787,6261.99567726089,1211.62824212038
2025-08-29,0.164,5070,0.291107208637869,0.292204629683273,6261.99567726089,1201.77953895338
2025-08-29,0.164,5075,0.290517381387651,0.291605068947997,6261.99567726089,1196.88040350878
2025-08-29,0.164,5080,0.289377792966452,0.290999757295823,6261.99567726089,1191.93083578475
2025-08-29,0.164,5090,0.288178480720292,0.289244016191124,6261.99567726089,1182.08213260996
2025-08-29,0.164,5100,0.286428159621939,0.288003420889058,6261.99567726089,1172.23342944551
2025-08-29,0.164,5110,0.285192712496442,0.286741109472858,6261.99567726089,1162.43515855298
2025-08-29,0.164,5120,0.283935316280649,0.284952962562618,6261.99567726089,1152.58645537236
2025-08-29,0.164,5125,0.283298573655735,0.284307678108985,6261.99567726089,1147.68731992746
2025-08-29,0.164,5130,0.282152169699519,0.283657253045778,6261.99567726089,1142.73775219927
2025-08-29,0.164,5140,0.280861006492035,0.282341242879599,6261.99567726089,1132.93948130015
2025-08-29,0.164,5150,0.279549334979381,0.280522555719351,6261.99567726089,1123.09077814234
2025-08-29,0.164,5160,0.278217670735914,0.279175164493501,6261.99567726089,1113.29250726091
2025-08-29,0.164,5170,0.276866502705986,0.277808706184166,6261.99567726089,1103.49423636484
2025-08-29,0.164,5175,0.276183750708619,0.277118466353299,6261.99567726089,1098.59510090778
2025-08-29,0.164,5180,0.275496294950173,0.276423624333722,6261.99567726089,1093.69596545212
2025-08-29,0.164,5190,0.274107488245988,0.275020340511153,6261.99567726089,1083.89769457426
2025-08-29,0.164,5200,0.272700500669955,0.273599254894128,6261.99567726089,1074.09942367571
2025-08-29,0.164,5210,0.271275729780399,0.272160748306268,6261.99567726089,1064.30115279008
2025-08-29,0.164,5220,0.269833553345038,0.270705182362667,6261.99567726089,1054.50288188944
2025-08-29,0.164,5225,0.269106051006922,0.269971110416903,6261.99567726089,1049.60374644652
2025-08-29,0.164,5230,0.268374330650659,0.269659400243642,6261.99567726089,1044.7550432759
2025-08-29,0.164,5240,0.266898402794156,0.268164455507761,6261.99567726089,1034.95677238647
2025-08-29,0.164,5250,0.265823665710767,0.266653582245471,6261.99567726089,1025.20893377782
2025-08-29,0.164,5260,0.264309183864539,0.265533530643581,6261.99567726089,1015.46109514773
2025-08-29,0.164,5270,0.262779065112283,0.263985860244291,6261.99567726089,1005.6628242697
2025-08-29,0.164,5275,0.262409198500851,0.263206395054164,6261.99567726089,1000.81412108364
2025-08-29,0.164,5280,0.261631683703922,0.262816690253259,6261.99567726089,995.9654179227
2025-08-29,0.164,5290,0.260456398561553,0.26123382604699,6261.99567726089,986.217579314678
2025-08-29,0.164,5300,0.258869961714577,0.260017769785092,6261.99567726089,976.469740689526
2025-08-29,0.164,5310,0.257647852292501,0.25877575581681,6261.99567726089,966.772334352374
2025-08-29,0.164,5320,0.256399826054923,0.257508449455708,6261.99567726089,957.074927989906
2025-08-29,0.164,5325,0.255581976259365,0.256683102222386,6261.99567726089,952.17579255592
2025-08-29,0.164,5330,0.255126543513275,0.256216477743814,6261.99567726089,947.377521677499
2025-08-29,0.164,5340,0.253828626325376,0.254900431343366,6261.99567726089,937.68011531605
2025-08-29,0.164,5350,0.252506660933409,0.253560868320313,6261.99567726089,927.982708992748
2025-08-29,0.164,5360,0.251161200164633,0.252198314580872,6261.99567726089,918.285302655675
2025-08-29,0.164,5370,0.250133995893703,0.25081326678191,6261.99567726089,908.638328586279
2025-08-29,0.164,5375,0.249269468501744,0.250280278876016,6261.99567726089,903.789625404146
2025-08-29,0.164,5380,0.24873765304366,0.24973895214062,6261.99567726089,898.991354516067
2025-08-29,0.164,5390,0.247319440265739,0.24830513359777,6261.99567726089,889.293948192616
2025-08-29,0.164,5400,0.24620422411976,0.247171928956262,6261.99567726089,879.69740641476
2025-08-29,0.164,5410,0.24505713083932,0.246007470147785,6261.99567726089,870.100864613405
2025-08-29,0.164,5420,0.243566144951977,0.244812590560522,6261.99567726089,860.453890567782
2025-08-29,0.164,5425,0.242968489353443,0.243896351628127,6261.99567726089,855.605187372523
2025-08-29,0.164,5430,0.242363337481298,0.243283097395102,6261.99567726089,850.806916484329
2025-08-29,0.164,5440,0.241130922683897,0.242034869759018,6261.99567726089,841.210374714213
2025-08-29,0.164,5450,0.239869625681707,0.241052994995062,6261.99567726089,831.664265178776
2025-08-29,0.164,5460,0.238872102079153,0.239743769659358,6261.99567726089,822.11815567094
2025-08-29,0.164,5470,0.237550210319877,0.238407572203259,6261.99567726089,812.521613892151
2025-08-29,0.164,5475,0.236879170431481,0.237729537645771,6261.99567726089,807.723343002449
2025-08-29,0.164,5480,0.236483301293766,0.237324843644584,6261.99567726089,803.025936644013
2025-08-29,0.164,5485,0.235796781805546,0.236631570903546,6261.99567726089,798.227665756077
2025-08-29,0.164,5490,0.235103794282046,0.235931925733309,6261.99567726089,793.429394897175
2025-08-29,0.164,5495,0.234678860313007,0.235225968524323,6261.99567726089,788.681556256872
2025-08-29,0.164,5500,0.233970953438419,0.234784283991184,6261.99567726089,783.933717646688
2025-08-29,0.164,5505,0.233256791714108,0.23406377312074,6261.99567726089,779.135446761702
2025-08-29,0.164,5510,0.232803900023456,0.233602938703719,6261.99567726089,774.43804041765
2025-08-29,0.164,5515,0.232075324772631,0.232868217014939,6261.99567726089,769.639769502914
2025-08-29,0.164,5520,0.231603497984365,0.232388723841174,6261.99567726089,764.942363171089
2025-08-29,0.164,5525,0.230860840408616,0.231640111039637,6261.99567726089,760.144092281826
2025-08-29,0.164,5530,0.230370553497249,0.231142418076533,6261.99567726089,755.446685929643
2025-08-29,0.164,5535,0.229614122097179,0.230634586357533,6261.99567726089,750.698847341497
2025-08-29,0.164,5540,0.229105819187164,0.229864748132444,6261.99567726089,745.951008716089
2025-08-29,0.164,5545,0.228587483895751,0.229339389213628,6261.99567726089,741.253602386171
2025-08-29,0.164,5550,0.2278099970385,0.228804272071498,6261.99567726089,736.505763773527
2025-08-29,0.164,5555,0.227274296510088,0.228013892653911,6261.99567726089,731.757925148976
2025-08-29,0.164,5560,0.226728932200293,0.227461853962677,6261.99567726089,727.060518780017
2025-08-29,0.164,5565,0.226174032748044,0.226900401055406,6261.99567726089,722.363112444674
2025-08-29,0.164,5570,0.225609721844622,0.226329653839878,6261.99567726089,717.665706131343
2025-08-29,0.164,5575,0.225036118670211,0.225749727712781,6261.99567726089,712.968299782666
2025-08-29,0.164,5580,0.224216742524264,0.225160734287306,6261.99567726089,708.220461145522
2025-08-29,0.164,5585,0.2236269506352,0.224562781102106,6261.99567726089,703.523054832961
2025-08-29,0.164,5590,0.223028163916296,0.223955971475779,6261.99567726089,698.8256485026
2025-08-29,0.164,5595,0.222420486268225,0.223340405379982,6261.99567726089,694.128242167925
2025-08-29,0.164,5600,0.222032599438089,0.222716179002875,6261.99567726089,689.481268107131
2025-08-29,0.164,5605,0.221405516083466,0.222083385040159,6261.99567726089,684.78386173808
2025-08-29,0.164,5610,0.220769862814926,0.221442113131631,6261.99567726089,680.086455403177
2025-08-29,0.164,5615,0.220125728399153,0.221014025180485,6261.99567726089,675.439481341578
2025-08-29,0.164,5620,0.219473198401409,0.220354253713166,6261.99567726089,670.742075016545
2025-08-29,0.164,5625,0.219031313488397,0.219686280786423,6261.99567726089,666.095100919888
2025-08-29,0.164,5630,0.218360469905338,0.219010182797813,6261.99567726089,661.397694584387
2025-08-29,0.164,5635,0.217681495585164,0.218540277880992,6261.99567726089,656.750720554362
2025-08-29,0.164,5640,0.217207904668215,0.217846461189361,6261.99567726089,652.103746457698
2025-08-29,0.164,5645,0.216511202768352,0.217355369702601,6261.99567726089,647.456772389443
2025-08-29,0.164,5650,0.216016425718022,0.216644209747364,6261.99567726089,642.809798359398
2025-08-29,0.164,5655,0.215302368621982,0.216132416414962,6261.99567726089,638.162824293815
2025-08-29,0.164,5660,0.214786886524589,0.215404258949623,6261.99567726089,633.515850228006
2025-08-29,0.164,5665,0.214055817512051,0.214872212698164,6261.99567726089,628.868876181346
2025-08-29,0.164,5670,0.213520076092758,0.214329308826195,6261.99567726089,624.272334397317
2025-08-29,0.164,5675,0.212973475161206,0.213575493278407,6261.99567726089,619.625360308214
2025-08-29,0.164,5680,0.212216722454848,0.213012977353727,6261.99567726089,614.978386239804
2025-08-29,0.164,5685,0.211650498265612,0.212439950726198,6261.99567726089,610.381844476035
2025-08-29,0.164,5690,0.211073758716912,0.211856530247698,6261.99567726089,605.785302698162
2025-08-29,0.164,5695,0.210486619933033,0.211262827822455,6261.99567726089,601.188760895951
2025-08-29,0.164,5700,0.209889192945087,0.210658951280161,6261.99567726089,596.592219094477
2025-08-29,0.164,5705,0.209281584564133,0.210045003648376,6261.99567726089,591.995677308909
2025-08-29,0.164,5710,0.208663896944615,0.209421083880123,6261.99567726089,587.399135542537
2025-08-29,0.164,5715,0.208036228020923,0.208787286562852,6261.99567726089,582.8025937493
2025-08-29,0.164,5720,0.20739867165291,0.208143702500513,6261.99567726089,578.206051957426
2025-08-29,0.164,5725,0.206936375350484,0.207674726141402,6261.99567726089,573.710374731479
2025-08-29,0.164,5730,0.206277843560823,0.207010378824339,6261.99567726089,569.1138329338
2025-08-29,0.164,5735,0.205609705469843,0.206336517028542,6261.99567726089,564.517291174275
2025-08-29,0.164,5740,0.205112593419195,0.205833078823787,6261.99567726089,560.021613944146
2025-08-29,0.164,5745,0.204424079008917,0.205139033812607,6261.99567726089,555.42507213611
2025-08-29,0.164,5750,0.203903825775077,0.204612679542789,6261.99567726089,550.929394921363
2025-08-29,0.164,5755,0.203195306410377,0.203898811330609,6261.99567726089,546.332853129521
2025-08-29,0.164,5760,0.202652367322774,0.203349982500836,6261.99567726089,541.837175889338
2025-08-29,0.164,5765,0.201924180462566,0.202616617632633,6261.99567726089,537.240634119063
2025-08-29,0.164,5770,0.201358971560455,0.202045718204072,6261.99567726089,532.744956861594
2025-08-29,0.164,5775,0.200782069321343,0.201463228902627,6261.99567726089,528.249279641338
2025-08-29,0.164,5780,0.200193588414322,0.200869261195969,6261.99567726089,523.753602402283
2025-08-29,0.164,5785,0.199593638269795,0.200263921458599,6261.99567726089,519.257925167886
2025-08-29,0.164,5790,0.198982323079475,0.199647310826327,6261.99567726089,514.762247898138
2025-08-29,0.164,5795,0.198359742232942,0.199019525778352,6261.99567726089,510.266570702644
2025-08-29,0.164,5800,0.19772598973557,0.198380657846219,6261.99567726089,505.77089348745
2025-08-29,0.164,5805,0.197081155372675,0.197730793759344,6261.99567726089,501.275216268552
2025-08-29,0.164,5810,0.196425323836403,0.197070016027087,6261.99567726089,496.779539006481
2025-08-29,0.164,5815,0.195758575744366,0.196558077175532,6261.99567726089,492.33429402869
2025-08-29,0.164,5820,0.195239912743823,0.195874513035776,6261.99567726089,487.889049113937
2025-08-29,0.164,5825,0.194550373151116,0.195337485081658,6261.99567726089,483.443804146045
2025-08-29,0.164,5830,0.194006626432218,0.194631490037692,6261.99567726089,478.998559166897
2025-08-29,0.164,5835,0.193294642402021,0.194069795277589,6261.99567726089,474.553314243015
2025-08-29,0.164,5840,0.19272622509364,0.19334168597909,6261.99567726089,470.108069287035
2025-08-29,0.164,5845,0.192145014032429,0.192755703344876,6261.99567726089,465.713256590117
2025-08-29,0.164,5850,0.191399386556301,0.192157123263167,6261.99567726089,461.268011625254
2025-08-29,0.164,5855,0.190794064717787,0.191546045414584,6261.99567726089,456.873198916973
2025-08-29,0.164,5860,0.190176236526768,0.190922564241057,6261.99567726089,452.478386265335
2025-08-29,0.164,5865,0.189545993514791,0.190286768363748,6261.99567726089,448.083573583931
2025-08-29,0.164,5870,0.188903422120233,0.189638740874094,6261.99567726089,443.688760912428
2025-08-29,0.164,5875,0.188394751919877,0.18897855991588,6261.99567726089,439.344380556549
2025-08-29,0.164,5880,0.187726701576946,0.188306297812124,6261.99567726089,434.949567828556
2025-08-29,0.164,5885,0.187046567032571,0.18762202266579,6261.99567726089,430.554755148259
2025-08-29,0.164,5890,0.186354413188294,0.187068464318049,6261.99567726089,426.210374791415
2025-08-29,0.164,5895,0.185792248401329,0.186359349780016,6261.99567726089,421.865994378964
2025-08-29,0.164,5900,0.185216134730503,0.185779036571974,6261.99567726089,417.572046205381
2025-08-29,0.164,5905,0.184486318637867,0.185184958852838,6261.99567726089,413.227665847147
2025-08-29,0.164,5910,0.183883628513221,0.184577211355574,6261.99567726089,408.933717683834
2025-08-29,0.164,5915,0.183267262644164,0.183818279354391,6261.99567726089,404.589337335801
2025-08-29,0.164,5920,0.182637305286283,0.183184420628038,6261.99567726089,400.295389144988
2025-08-29,0.164,5925,0.181993834874402,0.182537120152069,6261.99567726089,396.001441069076
2025-08-29,0.164,5930,0.181336923149463,0.182011191816809,6261.99567726089,391.757925191423
2025-08-29,0.164,5935,0.180666635886123,0.18133629188738,6261.99567726089,387.463977071523
2025-08-29,0.164,5940,0.179983032747234,0.180648157573128,6261.99567726089,383.170028969222
2025-08-29,0.164,5945,0.179418400974081,0.180078826986547,6261.99567726089,378.976945384969
2025-08-29,0.164,5950,0.178707442708388,0.179363502418691,6261.99567726089,374.682997274231
2025-08-29,0.164,5955,0.178113772879435,0.178765311018638,6261.99567726089,370.489913690117
2025-08-29,0.164,5960,0.177505242780171,0.178023015785578,6261.99567726089,366.246397800677
2025-08-29,0.164,5965,0.17688193026334,0.177396223178221,6261.99567726089,362.053314262364
2025-08-29,0.164,5970,0.176243905178138,0.176754785523379,6261.99567726089,357.860230727757
2025-08-29,0.164,5975,0.175591230388837,0.176098763502537,6261.99567726089,353.667147106753
2025-08-29,0.164,5980,0.174923961629272,0.175554178447802,6261.99567726089,349.524495819751
2025-08-29,0.164,5985,0.174242147357323,0.174868340571291,6261.99567726089,345.331412222756
2025-08-29,0.164,5990,0.173670348765919,0.174168074034275,6261.99567726089,341.188760966907
2025-08-29,0.164,5995,0.172958783248805,0.173576983386777,6261.99567726089,337.046109693663
2025-08-29,0.164,6000,0.172355735729121,0.172847192905511,6261.99567726089,332.903458309959
2025-08-29,0.164,6005,0.171614586895943,0.172225105805462,6261.99567726089,328.760807076951
2025-08-29,0.164,6010,0.170980490682333,0.171587205866731,6261.99567726089,324.668588093724
2025-08-29,0.164,6015,0.170330551071018,0.170933540674079,6261.99567726089,320.576368975551
2025-08-29,0.164,6020,0.169664809971515,0.170264150245274,6261.99567726089,316.484150029458
2025-08-29,0.164,6025,0.169102506504798,0.169579065575896,6261.99567726089,312.442363285621
2025-08-29,0.164,6030,0.168404550811919,0.168996686869007,6261.99567726089,308.400576569078
2025-08-29,0.164,6035,0.167808673166388,0.168397261903101,6261.99567726089,304.409222094181
2025-08-29,0.164,6040,0.16707862729901,0.167663863856531,6261.99567726089,300.317003072693
2025-08-29,0.164,6045,0.166449325213872,0.167031166518531,6261.99567726089,296.32564856642
2025-08-29,0.164,6050,0.165803010921198,0.166381533079513,6261.99567726089,292.334294142306
2025-08-29,0.164,6055,0.165139709013725,0.165714986240463,6261.99567726089,288.342939647119
2025-08-29,0.164,6060,0.164459434770963,0.165031539389144,6261.99567726089,284.351585170799
2025-08-29,0.164,6065,0.163876030590608,0.164444942518588,6261.99567726089,280.461095262813
2025-08-29,0.164,6070,0.163161209664538,0.163840219200347,6261.99567726089,276.520173074761
2025-08-29,0.164,6075,0.162542034839284,0.16310487730894,6261.99567726089,272.579250870179
2025-08-29,0.164,6080,0.161904687873331,0.16246456364403,6261.99567726089,268.688760964321
2025-08-29,0.164,6085,0.161249176479194,0.161806159183627,6261.99567726089,264.798271082368
2025-08-29,0.164,6090,0.160575497164414,0.161240449841151,6261.99567726089,260.958213431679
2025-08-29,0.164,6095,0.159993943987676,0.160545290153264,6261.99567726089,257.118155758757
2025-08-29,0.164,6100,0.159283336277622,0.159832005472885,6261.99567726089,253.227665871075
2025-08-29,0.164,6105,0.15866373187983,0.159209734145589,6261.99567726089,249.438040511427
2025-08-29,0.164,6110,0.158024815635339,0.1585682254774,6261.99567726089,245.648415128932
2025-08-29,0.164,6115,0.157366568772178,0.157907458950117,6261.99567726089,241.858789843451
2025-08-29,0.164,6120,0.156688958839576,0.157335061401883,6261.99567726089,238.119596754963
2025-08-29,0.164,6125,0.156099172043682,0.156635193150786,6261.99567726089,234.380403623116
2025-08-29,0.164,6130,0.155488985499907,0.156022661274833,6261.99567726089,230.691642880082
2025-08-29,0.164,6135,0.154858370540977,0.15538977592609,6261.99567726089,227.002882025
2025-08-29,0.164,6140,0.154207284384261,0.154736493303289,6261.99567726089,223.314121247755
2025-08-29,0.164,6145,0.153535669258657,0.154168152101425,6261.99567726089,219.675792727468
2025-08-29,0.164,6150,0.152948471248482,0.153473475391605,6261.99567726089,216.037464208611
2025-08-29,0.164,6155,0.152339783988533,0.152862783750852,6261.99567726089,212.449567931117
2025-08-29,0.164,6160,0.151709548106995,0.152230619449508,6261.99567726089,208.861671689991
2025-08-29,0.164,6165,0.151057687497351,0.15157690565346,6261.99567726089,205.273775418771
2025-08-29,0.164,6170,0.150384109027343,0.151005024698216,6261.99567726089,201.736311427272
2025-08-29,0.164,6175,0.149791856991491,0.150410707600074,6261.99567726089,198.249279745729
2025-08-29,0.164,6180,0.149176991861451,0.149793871267597,6261.99567726089,194.762247999276
2025-08-29,0.164,6185,0.14853941279245,0.149154414710493,6261.99567726089,191.27521634324
2025-08-29,0.164,6190,0.147981209036811,0.148594411610536,6261.99567726089,187.889049194772
2025-08-29,0.164,6195,0.147399464211349,0.148010964793069,6261.99567726089,184.502882051202
2025-08-29,0.164,6200,0.14679406597528,0.147403962208346,6261.99567726089,181.116714910234
2025-08-29,0.164,6205,0.146164881469616,0.146773270706342,6261.99567726089,177.730547785354
2025-08-29,0.164,6210,0.145612922668397,0.146219894694098,6261.99567726089,174.44524524078
2025-08-29,0.164,6215,0.145036406491596,0.145541122645546,6261.99567726089,171.109510337639
2025-08-29,0.164,6220,0.144435183200006,0.145039625229725,6261.99567726089,167.874640007431
2025-08-29,0.164,6225,0.143809079334796,0.144412409743712,6261.99567726089,164.589337396381
2025-08-29,0.164,6230,0.143258285268872,0.143860604610717,6261.99567726089,161.404899407908
2025-08-29,0.164,6235,0.142681886817065,0.143283301757379,6261.99567726089,158.220461336565
2025-08-29,0.164,6240,0.142179791317529,0.142680305896995,6261.99567726089,155.086455594689
2025-08-29,0.164,6245,0.141551453442294,0.142151383214139,6261.99567726089,151.952449814187
2025-08-29,0.164,6250,0.141096643372657,0.14159610453898,6261.99567726089,148.919308585493
2025-08-29,0.164,6255,0.140515171977682,0.14101424780929,6261.99567726089,145.835735132725
2025-08-29,0.164,6260,0.140006532190829,0.14050531916692,6261.99567726089,142.853026216536
2025-08-29,0.164,6265,0.139449238511968,0.139947834857969,6261.99567726089,139.848703430857
2025-08-29,0.164,6270,0.138942748334033,0.13944125431264,6261.99567726089,136.923631364277
2025-08-29,0.164,6275,0.1384084282003,0.138906946256997,6261.99567726089,133.998559305032
2025-08-29,0.164,6280,0.13784599303875,0.138344627656288,6261.99567726089,131.073487257996
2025-08-29,0.164,6285,0.137354895440186,0.137853752847546,6261.99567726089,128.249279794173
2025-08-29,0.164,6290,0.136835141482558,0.137334330528066,6261.99567726089,125.425072232387
2025-08-29,0.164,6295,0.136386333204838,0.136885963027859,6261.99567726089,122.701729376031
2025-08-29,0.164,6300,0.135808363582744,0.136308551762752,6261.99567726089,119.87752184106
2025-08-29,0.164,6305,0.135401018513642,0.135901873462405,6261.99567726089,117.255043426414
2025-08-29,0.164,6310,0.134863808951621,0.135365455524573,6261.99567726089,114.531700487703
2025-08-29,0.164,6315,0.134396877718676,0.134899432622176,6261.99567726089,111.909222088771
2025-08-29,0.164,6320,0.133899670644022,0.134403260043176,6261.99567726089,109.286743676341
2025-08-29,0.164,6325,0.133472720943686,0.133977463436602,6261.99567726089,106.765129880598
2025-08-29,0.164,6330,0.133015123745725,0.133521151463795,6261.99567726089,104.243515987694
2025-08-29,0.164,6335,0.13252644671274,0.133033897026042,6261.99567726089,101.721902225995
2025-08-29,0.164,6340,0.132108021378825,0.132617017396563,6261.99567726089,99.3011529265043
2025-08-29,0.164,6345,0.13165819082906,0.132168876469676,6261.99567726089,96.8804036287399
2025-08-29,0.164,6350,0.131278980287341,0.131688989957641,6261.99567726089,94.5100866235932
2025-08-29,0.164,6355,0.130868126896996,0.131279709192775,6261.99567726089,92.1902018959447
2025-08-29,0.164,6360,0.13042513036318,0.130838411595062,6261.99567726089,89.8703171506731
2025-08-29,0.164,6365,0.129949436985519,0.130468309097084,6261.99567726089,87.6008647374094
2025-08-29,0.164,6370,0.129544720865421,0.130066011941854,6261.99567726089,85.3818445473269
2025-08-29,0.164,6375,0.129211875344964,0.129630963664136,6261.99567726089,83.2132566586217
2025-08-29,0.164,6380,0.12874124108615,0.129267849868966,6261.99567726089,81.0446687049812
2025-08-29,0.164,6385,0.128342348642527,0.128871865189043,6261.99567726089,78.9265131502889
2025-08-29,0.164,6390,0.128016317492933,0.128442385638245,6261.99567726089,76.8587898052842
2025-08-29,0.164,6395,0.127657212459369,0.128085865606902,6261.99567726089,74.8414987244955
2025-08-29,0.164,6400,0.127264392529971,0.127695794388771,6261.99567726089,72.8242075825242
2025-08-29,0.164,6405,0.126837151936849,0.127271476111265,6261.99567726089,70.8069165053666
2025-08-29,0.164,6410,0.126484100791059,0.126921454674226,6261.99567726089,68.8904900405535
2025-08-29,0.164,6415,0.1262068080801,0.126647289606407,6261.99567726089,67.0749280397079
2025-08-29,0.164,6420,0.125784996224473,0.12622887824233,6261.99567726089,65.1585015430869
2025-08-29,0.164,6425,0.125439083520698,0.125886472986683,6261.99567726089,63.3429395381763
2025-08-29,0.164,6430,0.125170925920042,0.125621918440238,6261.99567726089,61.6282421944584
2025-08-29,0.164,6435,0.124755010209428,0.125209926217007,6261.99567726089,59.8126802259518
2025-08-29,0.164,6440,0.124417091309245,0.124876036596632,6261.99567726089,58.097982861193
2025-08-29,0.164,6445,0.124159342693552,0.124622407628141,6261.99567726089,56.4841499122801
2025-08-29,0.164,6450,0.123867185492226,0.124217799919811,6261.99567726089,54.8198847967975
2025-08-29,0.164,6455,0.12353976754511,0.124011763863189,6261.99567726089,53.2564842289605
2025-08-29,0.164,6460,0.123176151854383,0.123652994687829,6261.99567726089,51.6426514337927
2025-08-29,0.164,6465,0.1228958729449,0.123377649896242,6261.99567726089,50.1296830937036
2025-08-29,0.164,6470,0.122579907064031,0.123066889963046,6261.99567726089,48.6167147963569
2025-08-29,0.164,6475,0.122350445770831,0.122842703884635,6261.99567726089,47.2046109993722
2025-08-29,0.164,6480,0.122086030922773,0.122459482835079,6261.99567726089,45.7420750011609
2025-08-29,0.164,6485,0.121785680702134,0.12228935741278,6261.99567726089,44.3804035276021
2025-08-29,0.164,6490,0.121448315356807,0.121958183034267,6261.99567726089,42.9682997856696
2025-08-29,0.164,6495,0.121201964674236,0.12171807832475,6261.99567726089,41.6570606060574
2025-08-29,0.164,6500,0.120919506324409,0.121442207481428,6261.99567726089,40.3458214226083
2025-08-29,0.164,6505,0.120732342937684,0.121129455682075,6261.99567726089,39.0850144564561
2025-08-29,0.164,6510,0.120375972791069,0.12091261570151,6261.99567726089,37.8242075567857
2025-08-29,0.164,6515,0.120116069473288,0.120660077544584,6261.99567726089,36.6138329154218
2025-08-29,0.164,6520,0.11995700234241,0.120370679386385,6261.99567726089,35.4538905574126
2025-08-29,0.164,6525,0.119623303497643,0.120182854324075,6261.99567726089,34.2939482068244
2025-08-29,0.164,6530,0.119391934302838,0.119959670581586,6261.99567726089,33.1844381008143
2025-08-29,0.164,6535,0.119267855942453,0.119699938976405,6261.99567726089,32.1253602861862
2025-08-29,0.164,6540,0.118963421435768,0.119548370010886,6261.99567726089,31.0662824616546
2025-08-29,0.164,6550,0.11853653721905,0.118989421051668,6261.99567726089,28.9985591267924
2025-08-29,0.164,6560,0.118115017565881,0.118582940657368,6261.99567726089,27.0821326138295
2025-08-29,0.164,6570,0.117703247550396,0.118187359502055,6261.99567726089,25.2665706393416
2025-08-29,0.164,6575,0.117440859638609,0.117933786412918,6261.99567726089,24.3587896720476
2025-08-29,0.164,6580,0.11730637433053,0.117807886298266,6261.99567726089,23.5518732435069
2025-08-29,0.164,6590,0.116756444793889,0.117450612186676,6261.99567726089,21.8876080779638
2025-08-29,0.164,6600,0.116401760777691,0.11694294112082,6261.99567726089,20.3242075159375
2025-08-29,0.164,6610,0.116082887569678,0.116645524566292,6261.99567726089,18.912103788775
2025-08-29,0.164,6620,0.115613377591835,0.116200194923907,6261.99567726089,17.5000000398049
2025-08-29,0.164,6625,0.115518127739671,0.116116749003299,6261.99567726089,16.8948127032177
2025-08-29,0.164,6630,0.115388363072891,0.115999480939241,6261.99567726089,16.2896254137916
2025-08-29,0.164,6640,0.115018949317061,0.115657432059997,6261.99567726089,15.0792507255011
2025-08-29,0.164,6650,0.114714555846776,0.115382009852221,6261.99567726089,13.9697406504481
2025-08-29,0.164,6660,0.114256434925387,0.11495680332581,6261.99567726089,12.86023057708
2025-08-29,0.164,6670,0.114120310489576,0.114609497421671,6261.99567726089,11.9020172987245
2025-08-29,0.164,6675,0.113875201085374,0.114626585153647,6261.99567726089,11.4481268205204
2025-08-29,0.164,6680,0.113845470503929,0.114613921058381,6261.99567726089,11.0446686023939
2025-08-29,0.164,6690,0.113416952543688,0.114226644099013,6261.99567726089,10.1368876242553
2025-08-29,0.164,6700,0.113103343199971,0.113956080193655,6261.99567726089,9.32997118382735
2025-08-29,0.164,6710,0.112931912907433,0.113828783095141,6261.99567726089,8.62391933037179
2025-08-29,0.164,6720,0.112615697606737,0.113562974464642,6261.99567726089,7.9178674458033
2025-08-29,0.164,6725,0.112561814192953,0.113533735592412,6261.99567726089,7.61527378595
2025-08-29,0.164,6730,0.112474320948163,0.11347252892729,6261.99567726089,7.31268011140457
2025-08-29,0.164,6740,0.112190607932205,0.11324710855543,6261.99567726089,6.70749280014201
2025-08-29,0.164,6750,0.1121243069326,0.113238340589947,6261.99567726089,6.20317004242688
2025-08-29,0.164,6760,0.111924038818616,0.113103797219726,6261.99567726089,5.69884726172509
2025-08-29,0.164,6770,0.111572625054327,0.11282842827196,6261.99567726089,5.19452450385754
2025-08-29,0.164,6775,0.111553217892583,0.112844296116883,6261.99567726089,4.99279540147569
2025-08-29,0.164,6780,0.111502021780984,0.112830798778951,6261.99567726089,4.79106628105322
2025-08-29,0.164,6790,0.111296247658836,0.112708895056778,6261.99567726089,4.3876080724484
2025-08-29,0.164,6800,0.111447614789291,0.112935861278592,6261.99567726089,4.08501441192358
2025-08-29,0.164,6810,0.111491883316126,0.112549281938039,6261.99567726089,3.73198847437222
2025-08-29,0.164,6820,0.111416367025164,0.112540208091299,6261.99567726089,3.42939480774258
2025-08-29,0.164,6825,0.111623190631439,0.112773323661451,6261.99567726089,3.328530275224
2025-08-29,0.164,6830,0.111205130259558,0.112989246580318,6261.99567726089,3.17723342630386
2025-08-29,0.164,6840,0.111490618027097,0.112754319587758,6261.99567726089,2.92507205289486
2025-08-29,0.164,6850,0.111687414781703,0.113021610767381,6261.99567726089,2.7233429386667
2025-08-29,0.164,6900,0.112327747509622,0.113676358913564,6261.99567726089,1.84077810693454
2025-08-29,0.164,7000,0.114983099073185,0.118045737934747,6261.99567726089,0.958213260370552
2025-08-29,0.164,7100,0.120159429524056,0.123723274763134,6261.99567726089,0.579971182167188
2025-08-29,0.164,7200,0.125181808278807,0.131927596838523,6261.99567726089,0.403458214673977
2025-08-29,0.164,7300,0.131086861827962,0.140146583752003,6261.99567726089,0.302593661262564
2025-08-29,0.164,7400,0.133328541731758,0.146971676757253,6261.99567726089,0.201729106657011
2025-08-29,0.164,7600,0.144679649991631,0.165055603163761,6261.99567726089,0.151296830857268
2025-08-29,0.164,7800,0.162430944354278,0.181272710495212,6261.99567726089,0.126080692013865
2025-08-29,0.164,8000,NA,0.195316834313238,6261.99567726089,NA
2025-08-29,0.164,8200,NA,0.213121070580753,6261.99567726089,NA
2025-09-19,0.22,200,NA,2.079920102121,6272.9004677649,NA
2025-09-19,0.22,400,NA,1.64403759933691,6272.9004677649,NA
2025-09-19,0.22,600,NA,1.39626854770049,6272.9004677649,NA
2025-09-19,0.22,800,NA,1.22321967793732,6272.9004677649,NA
2025-09-19,0.22,1000,NA,1.14218815144104,6272.9004677649,NA
2025-09-19,0.22,1200,0.98260308413878,1.04565462535761,6272.9004677649,5072.98899212824
2025-09-19,0.22,1400,0.934427379997648,0.972924193937846,6272.9004677649,4873.03957747873
2025-09-19,0.22,1600,0.877715738334064,0.912345490378284,6272.9004677649,4673.10280916683
2025-09-19,0.22,1800,0.835519469129181,0.853198138375383,6272.9004677649,4473.19133352996
2025-09-19,0.22,2000,0.783272227000761,0.800903176878951,6272.9004677649,4273.27985789352
2025-09-19,0.22,2200,0.743464754943285,0.758838020866831,6272.9004677649,4073.44426028283
2025-09-19,0.22,2300,0.72234154142462,0.742830607215895,6272.9004677649,3973.55807732155
2025-09-19,0.22,2400,0.70584240182342,0.719054620150969,6272.9004677649,3873.65924802175
2025-09-19,0.22,2500,0.683811134679156,0.699242268185356,6272.9004677649,3773.76041872341
2025-09-19,0.22,2600,0.667440921990976,0.675875166946316,6272.9004677649,3673.87423576212
2025-09-19,0.22,2700,0.649966790681724,0.657249966627864,6272.9004677649,3574.02599181254
2025-09-19,0.22,2800,0.631810372017757,0.638192076460595,6272.9004677649,3474.17774786435
2025-09-19,0.22,2900,0.614401420919599,0.62105865947444,6272.9004677649,3374.36744292753
2025-09-19,0.22,3000,0.597504298806036,0.602389155995595,6272.9004677649,3274.55713799213
2025-09-19,0.22,3100,0.580069981827886,0.586066756826319,6272.9004677649,3174.78477206978
2025-09-19,0.22,3200,0.563856175743923,0.568393139277488,6272.9004677649,3075.02505248306
2025-09-19,0.22,3250,0.554058729779953,0.559799896894943,6272.9004677649,3025.12622318602
2025-09-19,0.22,3300,0.547090101776062,0.551773161008791,6272.9004677649,2975.29062557564
2025-09-19,0.22,3350,0.537250491783238,0.542367064357666,6272.9004677649,2925.37914994045
2025-09-19,0.22,3400,0.530561168001548,0.534145178266115,6272.9004677649,2875.55619866515
2025-09-19,0.22,3450,0.52127914592731,0.524702979331943,6272.9004677649,2825.65736936753
2025-09-19,0.22,3500,0.513109658226594,0.516871168678579,6272.9004677649,2775.82177175652
2025-09-19,0.22,3550,0.503799022430405,0.507903720012443,6272.9004677649,2725.93558879282
2025-09-19,0.22,3600,0.49649560171428,0.500343489279157,6272.9004677649,2676.13793019533
2025-09-19,0.22,3650,0.487141787329706,0.49083482287147,6272.9004677649,2626.23910089927
2025-09-19,0.22,3700,0.480488868074343,0.483931252842586,6272.9004677649,2576.49202765127
2025-09-19,0.22,3750,0.471926073537145,0.475205860588836,6272.9004677649,2526.64378369811
2025-09-19,0.22,3800,0.463327158672525,0.467220617742727,6272.9004677649,2476.82083242633
2025-09-19,0.22,3825,0.458626646454748,0.463192199990643,6272.9004677649,2451.89671045215
2025-09-19,0.22,3850,0.455455172946079,0.459142145432363,6272.9004677649,2427.02317382878
2025-09-19,0.22,3875,0.450745870061833,0.455071967176034,6272.9004677649,2402.09905185647
2025-09-19,0.22,3900,0.447485823701782,0.450983065843495,6272.9004677649,2377.22551523158
2025-09-19,0.22,3925,0.442771010152758,0.446876738301433,6272.9004677649,2352.30139326189
2025-09-19,0.22,3950,0.440775890333593,0.443403985432338,6272.9004677649,2327.50373465464
2025-09-19,0.22,3975,0.436034412291662,0.438616525521073,6272.9004677649,2302.55432000914
2025-09-19,0.22,4000,0.432582335947877,0.435083533107143,6272.9004677649,2277.70607606024
2025-09-19,0.22,4025,0.427841882360778,0.430299937456966,6272.9004677649,2252.75666140785
2025-09-19,0.22,4050,0.424329534021386,0.427298643503721,6272.9004677649,2227.93371013671
2025-09-19,0.22,4075,0.419591833656648,0.423082876973512,6272.9004677649,2203.00958816268
2025-09-19,0.22,4100,0.417168890294637,0.419413183867927,6272.9004677649,2178.21192956445
2025-09-19,0.22,4125,0.41241600995401,0.41570605232244,6272.9004677649,2153.31310026763
2025-09-19,0.22,4150,0.409845500276283,0.411963732645219,6272.9004677649,2128.51544166694
2025-09-19,0.22,4175,0.405081079248246,0.407164491939943,6272.9004677649,2103.5660270175
2025-09-19,0.22,4200,0.401870628871195,0.403385655104572,6272.9004677649,2078.74307574494
2025-09-19,0.22,4225,0.397605527855903,0.399576212972131,6272.9004677649,2053.86953912372
2025-09-19,0.22,4250,0.394303347734982,0.396681676380094,6272.9004677649,2029.09717320125
2025-09-19,0.22,4275,0.390005018730938,0.392791473300924,6272.9004677649,2004.22363657354
2025-09-19,0.22,4300,0.387076027569215,0.388876357633922,6272.9004677649,1979.42597798078
2025-09-19,0.22,4325,0.382292885938794,0.384937619988449,6272.9004677649,1954.52714867465
2025-09-19,0.22,4350,0.379266113473733,0.381399046478471,6272.9004677649,1929.75478276244
2025-09-19,0.22,4375,0.375326166564104,0.376993973064424,6272.9004677649,1904.88124612866
2025-09-19,0.22,4400,0.372181468579455,0.373793781060014,6272.9004677649,1880.13417288261
2025-09-19,0.22,4425,0.367381900892644,0.369752377615337,6272.9004677649,1855.23534357787
2025-09-19,0.22,4450,0.364543754718346,0.366451464675194,6272.9004677649,1830.51356301439
2025-09-19,0.22,4475,0.360870282043819,0.36272550819009,6272.9004677649,1805.71590440524
2025-09-19,0.22,4490,0.358501070901192,0.360689998657095,6272.9004677649,1790.84236779024
2025-09-19,0.22,4500,0.357160473819044,0.358965405344865,6272.9004677649,1780.91824581727
2025-09-19,0.22,4510,0.355088004895194,0.3572397434855,6272.9004677649,1770.94353848976
2025-09-19,0.22,4520,0.353738652216691,0.355863827013344,6272.9004677649,1761.04470918611
2025-09-19,0.22,4525,0.353416092717512,0.354824108095317,6272.9004677649,1756.09529453784
2025-09-19,0.22,4530,0.352380532591339,0.354479679686896,6272.9004677649,1751.14587990021
2025-09-19,0.22,4540,0.351013840287207,0.353087478166407,6272.9004677649,1741.24705059253
2025-09-19,0.22,4550,0.349983385846011,0.352024464396964,6272.9004677649,1731.39880664634
2025-09-19,0.22,4560,0.348255482118586,0.350279589643924,6272.9004677649,1721.44939199522
2025-09-19,0.22,4570,0.346864171611867,0.348864226276524,6272.9004677649,1711.55056269759
2025-09-19,0.22,4575,0.34649991039818,0.348153757973817,6272.9004677649,1706.62644072462
2025-09-19,0.22,4580,0.345464999869503,0.347441456857387,6272.9004677649,1701.65173340406
2025-09-19,0.22,4590,0.344058129290869,0.346011429379493,6272.9004677649,1691.7529040904
2025-09-19,0.22,4600,0.342968282080783,0.344255292899257,6272.9004677649,1681.85407480743
2025-09-19,0.22,4610,0.340576992044777,0.343130168936276,6272.9004677649,1671.90466015228
2025-09-19,0.22,4620,0.339155465068163,0.34167920780073,6272.9004677649,1662.00583084698
2025-09-19,0.22,4625,0.339390894392836,0.340951201820828,6272.9004677649,1657.13229421947
2025-09-19,0.22,4630,0.337726697931646,0.340221533284612,6272.9004677649,1652.10700155479
2025-09-19,0.22,4640,0.336913597735699,0.338146740856458,6272.9004677649,1642.20817224969
2025-09-19,0.22,4650,0.335769941181078,0.337286538584742,6272.9004677649,1632.38522097963
2025-09-19,0.22,4660,0.33400698349058,0.335809455742727,6272.9004677649,1622.46109900015
2025-09-19,0.22,4670,0.33254373719164,0.334326134349135,6272.9004677649,1612.56226971325
2025-09-19,0.22,4675,0.332107434102272,0.333582168265169,6272.9004677649,1607.63814773928
2025-09-19,0.22,4680,0.331074024458131,0.332836683106772,6272.9004677649,1602.663440411
2025-09-19,0.22,4690,0.329597960104663,0.331341207517024,6272.9004677649,1592.76461110805
2025-09-19,0.22,4700,0.32869389152105,0.33012413422177,6272.9004677649,1582.94165983787
2025-09-19,0.22,4710,0.326627216587767,0.328332587402057,6272.9004677649,1572.96695250976
2025-09-19,0.22,4720,0.325132748281591,0.326819636417311,6272.9004677649,1563.0681232054
2025-09-19,0.22,4725,0.325225890143315,0.326613760286236,6272.9004677649,1558.24517193674
2025-09-19,0.22,4730,0.323632350360997,0.325850821124157,6272.9004677649,1553.21987927217
2025-09-19,0.22,4740,0.322679595580124,0.32432086055122,6272.9004677649,1543.37163531697
2025-09-19,0.22,4750,0.321706049895887,0.323053501803223,6272.9004677649,1533.54868404022
2025-09-19,0.22,4760,0.319638204261025,0.321244900138862,6272.9004677649,1523.57397672075
2025-09-19,0.22,4770,0.318109258102098,0.320223175973688,6272.9004677649,1513.7257327769
2025-09-19,0.22,4775,0.318136762968109,0.319445602532541,6272.9004677649,1508.85219614623
2025-09-19,0.22,4780,0.31710219950261,0.318666773406628,6272.9004677649,1503.87748882273
2025-09-19,0.22,4790,0.315557024320225,0.317105383170624,6272.9004677649,1493.97865953274
2025-09-19,0.22,4800,0.314775943576469,0.316044497618783,6272.9004677649,1484.20629359743
2025-09-19,0.22,4810,0.31295949668357,0.314468196471802,6272.9004677649,1474.2821716133
2025-09-19,0.22,4820,0.311393842881923,0.312887177448384,6272.9004677649,1464.3833423159
2025-09-19,0.22,4825,0.311354908505134,0.312585145171865,6272.9004677649,1459.56039105782
2025-09-19,0.22,4830,0.310318565049364,0.311789263238573,6272.9004677649,1454.58568372153
2025-09-19,0.22,4840,0.308738198970383,0.310194106156396,6272.9004677649,1444.68685443269
2025-09-19,0.22,4850,0.308116400871371,0.30930722454882,6272.9004677649,1434.96507384287
2025-09-19,0.22,4860,0.306041460304719,0.307461445505915,6272.9004677649,1424.99036653404
2025-09-19,0.22,4870,0.304913336318895,0.306312556955693,6272.9004677649,1415.19270793999
2025-09-19,0.22,4875,0.304576117947911,0.305961903674494,6272.9004677649,1410.34446399349
2025-09-19,0.22,4880,0.303305195144836,0.305148191570512,6272.9004677649,1405.34446397334
2025-09-19,0.22,4890,0.302152143291668,0.303517689923514,6272.9004677649,1395.49622004163
2025-09-19,0.22,4900,0.301434417657799,0.302552396339365,6272.9004677649,1385.77443947651
2025-09-19,0.22,4910,0.299353775650761,0.301127345616478,6272.9004677649,1375.85031747649
2025-09-19,0.22,4920,0.298161834240703,0.299910650088944,6272.9004677649,1366.05265889659
2025-09-19,0.22,4925,0.297997400945564,0.299297061889465,6272.9004677649,1361.20441494171
2025-09-19,0.22,4930,0.296955371328919,0.298251634400614,6272.9004677649,1356.20441493763
2025-09-19,0.22,4940,0.295734713605907,0.297013203259381,6272.9004677649,1346.40675635209
2025-09-19,0.22,4950,0.294922304625933,0.295969976893227,6272.9004677649,1336.68497577467
2025-09-19,0.22,4960,0.292833895534142,0.294496226585318,6272.9004677649,1326.76085378891
2025-09-19,0.22,4970,0.291578102648369,0.293218234170788,6272.9004677649,1316.96319520956
2025-09-19,0.22,4975,0.291559275234927,0.292776315351814,6272.9004677649,1312.16553659664
2025-09-19,0.22,4980,0.290309158323689,0.29192758828389,6272.9004677649,1307.16553661217
2025-09-19,0.22,4990,0.289027329878785,0.290624537471336,6272.9004677649,1297.3678780071
2025-09-19,0.22,5000,0.288524115919044,0.289504693816314,6272.9004677649,1287.69668278339
2025-09-19,0.22,5010,0.286817273033009,0.28798216388785,6272.9004677649,1277.82314614392
2025-09-19,0.22,5020,0.285493250000229,0.286643288588311,6272.9004677649,1268.0254875627
2025-09-19,0.22,5025,0.285399725714172,0.286347670504986,6272.9004677649,1263.25312163799
2025-09-19,0.22,5030,0.284157410521245,0.285668680468743,6272.9004677649,1258.27841431627
2025-09-19,0.22,5040,0.2828099669085,0.284302315728224,6272.9004677649,1248.48075570346
2025-09-19,0.22,5050,0.282374664554342,0.283290192043602,6272.9004677649,1238.8601458296
2025-09-19,0.22,5060,0.280446867279231,0.281897509873353,6272.9004677649,1228.98660922122
2025-09-19,0.22,5070,0.279061291391265,0.280494247587619,6272.9004677649,1219.18895061861
2025-09-19,0.22,5075,0.279256835662528,0.280141819991396,6272.9004677649,1214.46717004946
2025-09-19,0.22,5080,0.27855191207608,0.279606645078163,6272.9004677649,1209.59363341689
2025-09-19,0.22,5090,0.277482805856289,0.278349177121427,6272.9004677649,1199.87185283657
2025-09-19,0.22,5100,0.276050828276235,0.277077386296609,6272.9004677649,1190.09948692675
2025-09-19,0.22,5110,0.274948075263572,0.275959463348879,6272.9004677649,1180.40299902797
2025-09-19,0.22,5120,0.273826499057523,0.274657642318681,6272.9004677649,1170.6812184637
2025-09-19,0.22,5125,0.273093024758917,0.274083891005773,6272.9004677649,1165.80768182711
2025-09-19,0.22,5130,0.272521974572514,0.273505673855601,6272.9004677649,1160.95943788863
2025-09-19,0.22,5140,0.271203962935914,0.272336037039128,6272.9004677649,1151.23765729818
2025-09-19,0.22,5150,0.270033048752323,0.271149111092172,6272.9004677649,1141.54116942559
2025-09-19,0.22,5160,0.269002672745949,0.269945256465674,6272.9004677649,1131.86997417782
2025-09-19,0.22,5170,0.267795265996944,0.268724817457948,6272.9004677649,1122.17348629724
2025-09-19,0.22,5175,0.267185328290919,0.268108481711354,6272.9004677649,1117.32524235049
2025-09-19,0.22,5180,0.266724606214683,0.267488121487086,6272.9004677649,1112.50229107628
2025-09-19,0.22,5190,0.265482298734271,0.26638553029172,6272.9004677649,1102.83109585922
2025-09-19,0.22,5200,0.264373105043928,0.265115244134937,6272.9004677649,1093.15990064567
2025-09-19,0.22,5210,0.263244163968063,0.263975554286889,6272.9004677649,1083.5139981029
2025-09-19,0.22,5220,0.262095907989596,0.262960489223642,6272.9004677649,1073.89338823439
2025-09-19,0.22,5225,0.261442848156618,0.26244435461837,6272.9004677649,1069.07043694689
2025-09-19,0.22,5230,0.260928747763575,0.261781108881289,6272.9004677649,1064.24748565967
2025-09-19,0.22,5240,0.259743074154444,0.260583522201237,6272.9004677649,1054.60158313039
2025-09-19,0.22,5250,0.258677792177975,0.259505675082526,6272.9004677649,1045.00626592696
2025-09-19,0.22,5260,0.257590760617967,0.258406428062799,6272.9004677649,1035.41094874175
2025-09-19,0.22,5270,0.256482467836696,0.257286252769629,6272.9004677649,1025.81563151416
2025-09-19,0.22,5275,0.255920494261897,0.256718457846663,6272.9004677649,1021.01797292693
2025-09-19,0.22,5280,0.255353377021623,0.256145596819929,6272.9004677649,1016.22031431677
2025-09-19,0.22,5290,0.254203927058512,0.254984884693065,6272.9004677649,1006.62499714387
2025-09-19,0.22,5300,0.253034534277657,0.253932395305273,6272.9004677649,997.054972616822
2025-09-19,0.22,5310,0.251845593618038,0.25285697733777,6272.9004677649,987.484948101695
2025-09-19,0.22,5320,0.250887584286095,0.251634989133149,6272.9004677649,977.940216260821
2025-09-19,0.22,5325,0.250274733868718,0.251017043653693,6272.9004677649,973.142557644575
2025-09-19,0.22,5330,0.249657242845575,0.250639352477443,6272.9004677649,968.395484381111
2025-09-19,0.22,5340,0.248651415047077,0.249377459428805,6272.9004677649,958.850752555179
2025-09-19,0.22,5350,0.24762060030046,0.248335742823857,6272.9004677649,949.356606075109
2025-09-19,0.22,5360,0.246447581473368,0.247269922572043,6272.9004677649,939.83716690029
2025-09-19,0.22,5370,0.245370200015944,0.246180521523679,6272.9004677649,930.343020405679
2025-09-19,0.22,5375,0.24482269657461,0.245627133433346,6272.9004677649,925.595947135369
2025-09-19,0.22,5380,0.244269400161343,0.245068033279728,6272.9004677649,920.848873905701
2025-09-19,0.22,5390,0.243145664160036,0.243932924811151,6272.9004677649,911.35472739969
2025-09-19,0.22,5400,0.242110596761712,0.242886170915227,6272.9004677649,901.911166244756
2025-09-19,0.22,5410,0.241050293577519,0.241814516073002,6272.9004677649,892.467605099392
2025-09-19,0.22,5420,0.239965290263456,0.240718479496813,6272.9004677649,883.024043989918
2025-09-19,0.22,5425,0.239360122529724,0.240214737448068,6272.9004677649,878.302263383209
2025-09-19,0.22,5430,0.2388560919165,0.239598550567568,6272.9004677649,873.580482839892
2025-09-19,0.22,5440,0.237827972912179,0.238559468150314,6272.9004677649,864.187507034312
2025-09-19,0.22,5450,0.236773590320215,0.237391673460789,6272.9004677649,854.769238566923
2025-09-19,0.22,5460,0.235693489546393,0.23630269558212,6272.9004677649,845.376262760062
2025-09-19,0.22,5470,0.234588184564356,0.235388426396969,6272.9004677649,836.03387234045
2025-09-19,0.22,5475,0.23402623281743,0.23482084829754,6272.9004677649,831.337384440073
2025-09-19,0.22,5480,0.233458158934249,0.234247224022852,6272.9004677649,826.640896508547
2025-09-19,0.22,5490,0.232303867985499,0.233082052170529,6272.9004677649,817.247920741228
2025-09-19,0.22,5500,0.231317986060647,0.231989012561281,6272.9004677649,807.93082299809
2025-09-19,0.22,5510,0.230303253072106,0.231058726665115,6272.9004677649,798.66431056675
2025-09-19,0.22,5520,0.229073581892801,0.229819050607534,6272.9004677649,789.271334762031
2025-09-19,0.22,5525,0.228635713017354,0.229283152464113,6272.9004677649,784.650724902099
2025-09-19,0.22,5530,0.228005569394958,0.228740456975571,6272.9004677649,779.979529657067
2025-09-19,0.22,5540,0.226910322551208,0.227725281899845,6272.9004677649,770.713017252955
2025-09-19,0.22,5550,0.225877829968765,0.22659205630358,6272.9004677649,761.446504812546
2025-09-19,0.22,5560,0.224816577417623,0.225520727133218,6272.9004677649,752.20528508515
2025-09-19,0.22,5570,0.223727105501431,0.224508065900848,6272.9004677649,742.989357988281
2025-09-19,0.22,5575,0.223215123430688,0.223904520269106,6272.9004677649,738.368748173339
2025-09-19,0.22,5580,0.222609920044764,0.223380177801569,6272.9004677649,733.748138245286
2025-09-19,0.22,5590,0.221550079029398,0.222309570260683,6272.9004677649,724.557503907391
2025-09-19,0.22,5600,0.220461135638768,0.221210166080272,6272.9004677649,715.366869503522
2025-09-19,0.22,5610,0.21942583555532,0.220082456096435,6272.9004677649,706.201527809551
2025-09-19,0.22,5620,0.218279065472917,0.218926897966907,6272.9004677649,697.010893391668
2025-09-19,0.22,5625,0.21777584234547,0.218499356585697,6272.9004677649,692.49145420136
2025-09-19,0.22,5630,0.217264657283124,0.217903409236492,6272.9004677649,687.921429651527
2025-09-19,0.22,5635,0.216666149815473,0.217300719839442,6272.9004677649,683.326112492041
2025-09-19,0.22,5640,0.216060892587462,0.216848632142107,6272.9004677649,678.781380644569
2025-09-19,0.22,5645,0.215605708533604,0.216231584370302,6272.9004677649,674.236648834556
2025-09-19,0.22,5650,0.21498607866996,0.215685539758469,6272.9004677649,669.666624286588
2025-09-19,0.22,5655,0.214514496644908,0.215131927277603,6272.9004677649,665.147185100149
2025-09-19,0.22,5660,0.213880717808569,0.214570806590556,6272.9004677649,660.577160606872
2025-09-19,0.22,5665,0.213393013280079,0.214002235177393,6272.9004677649,656.057721427367
2025-09-19,0.22,5670,0.212821065677064,0.213501795831329,6272.9004677649,651.538282278986
2025-09-19,0.22,5675,0.212241720898981,0.212993001939694,6272.9004677649,647.018843089033
2025-09-19,0.22,5680,0.211729789032345,0.21240142991484,6272.9004677649,642.499403927862
2025-09-19,0.22,5685,0.211209568540315,0.21180262864402,6272.9004677649,637.979964743488
2025-09-19,0.22,5690,0.210607383512648,0.21127019109156,6272.9004677649,633.460525578898
2025-09-19,0.22,5695,0.210071286299027,0.210729659618332,6272.9004677649,628.966379076608
2025-09-19,0.22,5700,0.209527093563927,0.210108524941134,6272.9004677649,624.446939930341
2025-09-19,0.22,5705,0.208974867152986,0.209624563747317,6272.9004677649,619.978086113949
2025-09-19,0.22,5710,0.20841466643802,0.209060117220045,6272.9004677649,615.483939582139
2025-09-19,0.22,5715,0.207846548462536,0.208487813240625,6272.9004677649,610.989793103834
2025-09-19,0.22,5720,0.207270567796215,0.207978389978657,6272.9004677649,606.520939257189
2025-09-19,0.22,5725,0.206757202274892,0.207390078164891,6272.9004677649,602.052085444145
2025-09-19,0.22,5730,0.206235159446518,0.206863839000722,6272.9004677649,597.608524315239
2025-09-19,0.22,5735,0.205635012414578,0.20625973908653,6272.9004677649,593.114377817927
2025-09-19,0.22,5740,0.20502721063867,0.205716919906708,6272.9004677649,588.645523971445
2025-09-19,0.22,5745,0.20454903819673,0.205165670947913,6272.9004677649,584.227255483856
2025-09-19,0.22,5750,0.203993376369643,0.204538050045541,6272.9004677649,579.758401696225
2025-09-19,0.22,5755,0.203429341516052,0.204038113468148,6272.9004677649,575.340133206552
2025-09-19,0.22,5760,0.202789685015633,0.203461913358946,6272.9004677649,570.871279421124
2025-09-19,0.22,5765,0.20227636766115,0.202877500439827,6272.9004677649,566.453010914925
2025-09-19,0.22,5770,0.201753974859214,0.202351215728164,6272.9004677649,562.060035193796
2025-09-19,0.22,5775,0.20109052204838,0.20175011161676,6272.9004677649,557.591181346325
2025-09-19,0.22,5780,0.200551016048617,0.201206404333551,6272.9004677649,553.198205550952
2025-09-19,0.22,5785,0.20000261024302,0.200653859963263,6272.9004677649,548.80522975243
2025-09-19,0.22,5790,0.199445362257173,0.200092534094211,6272.9004677649,544.412253956039
2025-09-19,0.22,5795,0.198879326660758,0.199522479840887,6272.9004677649,540.019278160053
2025-09-19,0.22,5800,0.198368539884332,0.198879893748894,6272.9004677649,535.626302382536
2025-09-19,0.22,5805,0.197721097090632,0.198356385542657,6272.9004677649,531.233326547959
2025-09-19,0.22,5810,0.197128999014043,0.19776043848449,6272.9004677649,526.840350764824
2025-09-19,0.22,5815,0.196591129959224,0.197155949306565,6272.9004677649,522.472667672709
2025-09-19,0.22,5820,0.196043941566855,0.196667581792816,6272.9004677649,518.155569919618
2025-09-19,0.22,5825,0.195487489425251,0.196045392101765,6272.9004677649,513.787886796376
2025-09-19,0.22,5830,0.194860150393478,0.195414783400158,6272.9004677649,509.39491095484
2025-09-19,0.22,5835,0.194347000968095,0.194898190846114,6272.9004677649,505.103105836498
2025-09-19,0.22,5840,0.193763061131741,0.194371787972899,6272.9004677649,500.786008130788
2025-09-19,0.22,5845,0.193170050213509,0.193714721561101,6272.9004677649,496.418325016743
2025-09-19,0.22,5850,0.192628218672174,0.193169600559329,6272.9004677649,492.126519895704
2025-09-19,0.22,5855,0.192016835815448,0.192614826835628,6272.9004677649,487.809422142787
2025-09-19,0.22,5860,0.191456004711514,0.192050450303068,6272.9004677649,483.517617037991
2025-09-19,0.22,5865,0.190826412461186,0.191476518109854,6272.9004677649,479.200519238057
2025-09-19,0.22,5870,0.190246753507253,0.19089307420277,6272.9004677649,474.908714136104
2025-09-19,0.22,5875,0.189716033517348,0.190300159472698,6272.9004677649,470.642201741817
2025-09-19,0.22,5880,0.189117024445179,0.189697811900137,6272.9004677649,466.350396686407
2025-09-19,0.22,5885,0.18856635974578,0.189086066264165,6272.9004677649,462.083884242302
2025-09-19,0.22,5890,0.187948165137536,0.188522331762104,6272.9004677649,457.817371816082
2025-09-19,0.22,5895,0.187320592110965,0.187948615664831,6272.9004677649,453.550859413051
2025-09-19,0.22,5900,0.186797300291707,0.18736495857219,6272.9004677649,449.334932355547
2025-09-19,0.22,5905,0.186206919341115,0.18677139802812,6272.9004677649,445.093712629834
2025-09-19,0.22,5910,0.185606620823737,0.186167967938585,6272.9004677649,440.852492805342
2025-09-19,0.22,5915,0.185052297772851,0.185610483775154,6272.9004677649,436.661858438234
2025-09-19,0.22,5920,0.184376396526135,0.184987102282246,6272.9004677649,432.395346076656
2025-09-19,0.22,5925,0.183857028921857,0.184409115488892,6272.9004677649,428.23000429487
2025-09-19,0.22,5930,0.1832167574575,0.183820774862334,6272.9004677649,424.014077269921
2025-09-19,0.22,5935,0.182621360170691,0.183222111834708,6272.9004677649,419.823442868319
2025-09-19,0.22,5940,0.182015618072864,0.182613155073289,6272.9004677649,415.632808475886
2025-09-19,0.22,5945,0.181453622815712,0.18204792521642,6272.9004677649,411.492759392178
2025-09-19,0.22,5950,0.180880756695808,0.181418169984642,6272.9004677649,407.327417658196
2025-09-19,0.22,5955,0.180243563107041,0.180831619825733,6272.9004677649,403.162076033293
2025-09-19,0.22,5960,0.179702539051482,0.180234306633765,6272.9004677649,399.047319628821
2025-09-19,0.22,5965,0.179097241514666,0.179679125456437,6272.9004677649,394.932563261018
2025-09-19,0.22,5970,0.178481181235828,0.179007484137385,6272.9004677649,390.767221486849
2025-09-19,0.22,5975,0.177906762863127,0.178430347175881,6272.9004677649,386.677757841519
2025-09-19,0.22,5980,0.177268962896053,0.177841993452599,6272.9004677649,382.563001491003
2025-09-19,0.22,5985,0.176724160872262,0.17724244523197,6272.9004677649,378.498830520713
2025-09-19,0.22,5990,0.176064423601943,0.176631720412851,6272.9004677649,374.384074111982
2025-09-19,0.22,5995,0.175496672189203,0.17606112482828,6272.9004677649,370.345195770752
2025-09-19,0.22,6000,0.174917216088968,0.175427836537003,6272.9004677649,366.281024759965
2025-09-19,0.22,6005,0.174275239576705,0.174834199595379,6272.9004677649,362.216853710001
2025-09-19,0.22,6010,0.17372326462286,0.174279482333109,6272.9004677649,358.228560731424
2025-09-19,0.22,6015,0.173108795595952,0.173612059323243,6272.9004677649,354.164389688633
2025-09-19,0.22,6020,0.172532781169188,0.173033641211122,6272.9004677649,350.176096761661
2025-09-19,0.22,6025,0.171944646743269,0.172443147774225,6272.9004677649,346.187803748417
2025-09-19,0.22,6030,0.171344402941092,0.171840588325778,6272.9004677649,342.199510734319
2025-09-19,0.22,6035,0.170732055146867,0.171225967813433,6272.9004677649,338.211217790313
2025-09-19,0.22,6040,0.17005841832368,0.170648436931583,6272.9004677649,334.22292482555
2025-09-19,0.22,6045,0.169520008083134,0.170058400424824,6272.9004677649,330.310509809173
2025-09-19,0.22,6050,0.168919861924309,0.169455861349059,6272.9004677649,326.372802218149
2025-09-19,0.22,6055,0.168307163865484,0.168840817084942,6272.9004677649,322.435094539346
2025-09-19,0.22,6060,0.167730225246584,0.16826154943201,6272.9004677649,318.547972293927
2025-09-19,0.22,6065,0.167092192303347,0.1676212631247,6272.9004677649,314.610264648147
2025-09-19,0.22,6070,0.166489483988808,0.167016319635982,6272.9004677649,310.723142303525
2025-09-19,0.22,6075,0.165921478645147,0.166446100654976,6272.9004677649,306.886605434879
2025-09-19,0.22,6080,0.165292551417346,0.165815032112849,6272.9004677649,302.999483098981
2025-09-19,0.22,6085,0.164697904863843,0.165218266800488,6272.9004677649,299.162946148452
2025-09-19,0.22,6090,0.16408981728832,0.164655212891503,6272.9004677649,295.351701834714
2025-09-19,0.22,6095,0.163515210177278,0.164031454358471,6272.9004677649,291.540457651118
2025-09-19,0.22,6100,0.162926750661572,0.163394256258611,6272.9004677649,287.729213305347
2025-09-19,0.22,6105,0.162277835796128,0.162836714324076,6272.9004677649,283.943261765189
2025-09-19,0.22,6110,0.161708185067412,0.162218577923493,6272.9004677649,280.182602877831
2025-09-19,0.22,6115,0.16112425512636,0.161632774859912,6272.9004677649,276.447236665516
2025-09-19,0.22,6120,0.160526017887774,0.1610327123746,6272.9004677649,272.711870358513
2025-09-19,0.22,6125,0.159959346372664,0.160464248791129,6272.9004677649,269.027089465151
2025-09-19,0.22,6130,0.159332224309946,0.159881132738695,6272.9004677649,265.317015893981
2025-09-19,0.22,6135,0.158736267938553,0.159283327109915,6272.9004677649,261.632235021207
2025-09-19,0.22,6140,0.15812552478402,0.158670787375928,6272.9004677649,257.947454103799
2025-09-19,0.22,6145,0.157545241698443,0.158088748019702,6272.9004677649,254.313258610262
2025-09-19,0.22,6150,0.15699493162922,0.157446434630601,6272.9004677649,250.679063068668
2025-09-19,0.22,6155,0.156384091267893,0.15692423522362,6272.9004677649,247.09545284522
2025-09-19,0.22,6160,0.155802838297166,0.156341377467681,6272.9004677649,243.511842680401
2025-09-19,0.22,6165,0.15520595904331,0.155742947998295,6272.9004677649,239.928232545732
2025-09-19,0.22,6170,0.154638014235616,0.155173499395682,6272.9004677649,236.395207612307
2025-09-19,0.22,6175,0.154054058246636,0.154588095345618,6272.9004677649,232.862182832623
2025-09-19,0.22,6180,0.153498409079715,0.153986663670601,6272.9004677649,229.354450674579
2025-09-19,0.22,6185,0.152926371400344,0.153413395481279,6272.9004677649,225.872011152208
2025-09-19,0.22,6190,0.152337868083374,0.15286787910397,6272.9004677649,222.41486440647
2025-09-19,0.22,6195,0.151732811671793,0.152305657127978,6272.9004677649,218.95771750533
2025-09-19,0.22,6200,0.151199043055648,0.151726646607388,6272.9004677649,215.551156050741
2025-09-19,0.22,6205,0.150648141887627,0.15117462566949,6272.9004677649,212.16988734781
2025-09-19,0.22,6210,0.150080017654819,0.150605441475177,6272.9004677649,208.788618591616
2025-09-19,0.22,6215,0.149494568930374,0.150062693163183,6272.9004677649,205.432642408692
2025-09-19,0.22,6220,0.148978931564046,0.14950241110301,6272.9004677649,202.127251630505
2025-09-19,0.22,6225,0.148445437105983,0.148968034798884,6272.9004677649,198.847153631147
2025-09-19,0.22,6230,0.147893978599609,0.148415757165202,6272.9004677649,195.567055436516
2025-09-19,0.22,6235,0.147324437155777,0.147845459749374,6272.9004677649,192.286957390018
2025-09-19,0.22,6240,0.146780041566978,0.147300371343892,6272.9004677649,189.057444674821
2025-09-19,0.22,6245,0.146217180034313,0.146780190433071,6272.9004677649,185.853224627826
2025-09-19,0.22,6250,0.145722232872094,0.146241372884418,6272.9004677649,182.699589947056
2025-09-19,0.22,6255,0.145165133170262,0.145726998915369,6272.9004677649,179.545955211289
2025-09-19,0.22,6260,0.144632219188098,0.145150438064188,6272.9004677649,176.392320532346
2025-09-19,0.22,6265,0.144123230882875,0.144641092946004,6272.9004677649,173.314563840762
2025-09-19,0.22,6270,0.143594796853333,0.144112372680289,6272.9004677649,170.236807099664
2025-09-19,0.22,6275,0.143111625246436,0.143585873473396,6272.9004677649,167.209875988106
2025-09-19,0.22,6280,0.14262319545049,0.14305421284769,6272.9004677649,164.200047652678
2025-09-19,0.22,6285,0.142114759244931,0.142588817860436,6272.9004677649,161.240804678546
2025-09-19,0.22,6290,0.141543036905564,0.142017104834294,6272.9004677649,158.205683606711
2025-09-19,0.22,6295,0.141037119927569,0.141511267891833,6272.9004677649,155.271733288379
2025-09-19,0.22,6300,0.14059685333305,0.14102803545793,6272.9004677649,152.413661027201
2025-09-19,0.22,6305,0.140049587087934,0.14052411412959,6272.9004677649,149.505003296815
2025-09-19,0.22,6310,0.139567626782461,0.140042455048762,6272.9004677649,146.672223717811
2025-09-19,0.22,6315,0.13910772092315,0.139582926375093,6272.9004677649,143.890029472174
2025-09-19,0.22,6320,0.138626516007595,0.139102177225524,6272.9004677649,141.107835230078
2025-09-19,0.22,6325,0.138167068824652,0.138643264534427,6272.9004677649,138.37622623144
2025-09-19,0.22,6330,0.137685944672228,0.138162756946651,6272.9004677649,135.644617321233
2025-09-19,0.22,6340,0.136744587242399,0.137222882648023,6272.9004677649,130.282570089135
2025-09-19,0.22,6350,0.135844777422296,0.136281252660822,6272.9004677649,125.046986410237
2025-09-19,0.22,6360,0.134985799985286,0.135424255884993,6272.9004677649,119.988451361735
2025-09-19,0.22,6370,0.134123060732669,0.134563837517336,6272.9004677649,115.031087017254
2025-09-19,0.22,6375,0.133700987815683,0.13414305550075,6272.9004677649,112.602990153547
2025-09-19,0.22,6380,0.133255454300966,0.133743248905813,6272.9004677649,110.200185972197
2025-09-19,0.22,6390,0.132426533117264,0.132873029241173,6272.9004677649,105.470455713461
2025-09-19,0.22,6400,0.131636222821275,0.132041151544854,6272.9004677649,100.892481558348
2025-09-19,0.22,6410,0.130839300862601,0.131247672423804,6272.9004677649,96.4409706448512
2025-09-19,0.22,6420,0.13008071024935,0.130584462338916,6272.9004677649,92.1918012429421
2025-09-19,0.22,6425,0.129733212696487,0.130193443791104,6272.9004677649,90.0925091828024
2025-09-19,0.22,6430,0.129360996532822,0.129823616615362,6272.9004677649,88.018509897269
2025-09-19,0.22,6440,0.128634192104561,0.129101930386725,6272.9004677649,83.9716817990943
2025-09-19,0.22,6450,0.127947084718966,0.1283730838882,6272.9004677649,80.0513171395061
2025-09-19,0.22,6460,0.127253005801824,0.127732408608196,6272.9004677649,76.2827085272576
2025-09-19,0.22,6470,0.12655159548427,0.127086210439806,6272.9004677649,72.6152705727778
2025-09-19,0.22,6475,0.126283752496022,0.12677323075746,6272.9004677649,70.8700760042811
2025-09-19,0.22,6480,0.125990567347404,0.126434368456613,6272.9004677649,69.1248814148993
2025-09-19,0.22,6490,0.125326039732111,0.125826871688848,6272.9004677649,65.7103702945911
2025-09-19,0.22,6500,0.124757128968285,0.125164447116344,6272.9004677649,62.4223224656384
2025-09-19,0.22,6510,0.124185574121462,0.124651773393071,6272.9004677649,59.3113234482197
2025-09-19,0.22,6520,0.123664709852702,0.124139437274231,6272.9004677649,56.3267877863633
2025-09-19,0.22,6525,0.123391124824224,0.123817166776089,6272.9004677649,54.8345199503259
2025-09-19,0.22,6530,0.123090642908753,0.123628351601466,6272.9004677649,53.4181301020072
2025-09-19,0.22,6540,0.12262587947462,0.123064788666487,6272.9004677649,50.6359358477263
2025-09-19,0.22,6550,0.122166267127439,0.122558462779674,6272.9004677649,47.9802049222807
2025-09-19,0.22,6560,0.121598806898523,0.122171544961573,6272.9004677649,45.4256447888024
2025-09-19,0.22,6570,0.121152135569554,0.121738097249011,6272.9004677649,42.9975479530319
2025-09-19,0.22,6575,0.120947555141012,0.12148120996118,6272.9004677649,41.8087921517393
2025-09-19,0.22,6580,0.120716291156554,0.121316355679134,6272.9004677649,40.6706218325866
2025-09-19,0.22,6590,0.120293831449661,0.120786090727618,6272.9004677649,38.3942810221941
2025-09-19,0.22,6600,0.119887690988101,0.120392757697689,6272.9004677649,36.2696963093449
2025-09-19,0.22,6610,0.119501228935985,0.120019898775928,6272.9004677649,34.2462822660474
2025-09-19,0.22,6620,0.119071491525248,0.119671374439927,6272.9004677649,32.2987463222106
2025-09-19,0.22,6625,0.118916170348388,0.1194570033373,6272.9004677649,31.3629172786834
2025-09-19,0.22,6650,0.118018500678457,0.118528407937127,6272.9004677649,26.9872844668154
2025-09-19,0.22,6675,0.11717853575525,0.117731110102483,6272.9004677649,23.1427978424879
2025-09-19,0.22,6700,0.116376329705119,0.116893038528966,6272.9004677649,19.7282866486044
2025-09-19,0.22,6725,0.115204453348892,0.115963724409699,6272.9004677649,16.5919949644873
2025-09-19,0.22,6750,0.114871863651104,0.115601605237935,6272.9004677649,14.1891908107185
2025-09-19,0.22,6775,0.114099965893453,0.115026485026362,6272.9004677649,11.9381427266133
2025-09-19,0.22,6800,0.113716285730971,0.114490294971522,6272.9004677649,10.0664847619688
2025-09-19,0.22,6825,0.112925282036221,0.114085395642812,6272.9004677649,8.39716819188502
2025-09-19,0.22,6850,0.112971969964482,0.113783312434589,6272.9004677649,7.10724173251515
2025-09-19,0.22,6875,0.112424868592566,0.113527527890895,6272.9004677649,5.91848600685347
2025-09-19,0.22,6900,0.112385810961055,0.113422947641724,6272.9004677649,4.98265700812968
2025-09-19,0.22,6925,0.112210381656694,0.113155522293443,6272.9004677649,4.14799874137162
2025-09-19,0.22,6950,0.112200791799039,0.113535419103485,6272.9004677649,3.51568185445332
2025-09-19,0.22,6975,0.112212407283293,0.114023477097996,6272.9004677649,2.98453567160709
2025-09-19,0.22,7000,0.112698440669839,0.114067087296186,6272.9004677649,2.52926752828839
2025-09-19,0.22,7050,0.113363398730785,0.115112672091241,6272.9004677649,1.84636529446122
2025-09-19,0.22,7100,0.114518923390908,0.116455240230308,6272.9004677649,1.378450796857
2025-09-19,0.22,7200,0.117390311232758,0.12037874827786,6272.9004677649,0.822011945064549
2025-09-19,0.22,7300,0.120539851949275,0.125013612731506,6272.9004677649,0.51849984147953
2025-09-19,0.22,7400,0.124685377112273,0.131606612729687,6272.9004677649,0.379390128802509
2025-09-19,0.22,7500,0.129901073840777,0.138655323706577,6272.9004677649,0.303512103667519
2025-09-19,0.22,7600,0.135152517785596,0.144866436920309,6272.9004677649,0.240280415535335
2025-09-19,0.22,7800,0.143496526896682,0.158491903446892,6272.9004677649,0.164402388737785
2025-09-19,0.22,8000,0.158692983266707,0.173394300098193,6272.9004677649,0.15175605089227
2025-09-19,0.22,8200,0.168379092236228,0.187339406573202,6272.9004677649,0.126463376585308
2025-09-19,0.22,8400,0.182266009240218,0.197839684867882,6272.9004677649,0.101170700992941
2025-09-19,0.22,8600,NA,0.205753395155342,6272.9004677649,NA
2025-09-19,0.22,8800,NA,0.223121499609531,6272.9004677649,NA
2025-09-19,0.22,9000,NA,0.232668482519687,6272.9004677649,NA
2025-09-19,0.22,9200,NA,0.249660761935235,6272.9004677649,NA
2025-09-19,0.22,9400,NA,0.266024184117692,6272.9004677649,NA
2025-09-19,0.22,9600,NA,0.264934711473905,6272.9004677649,NA
2025-09-19,0.22,10000,NA,0.293962400634627,6272.9004677649,NA
2025-09-19,0.22,10200,NA,0.305334716273677,6272.9004677649,NA
2025-09-19,0.22,10400,NA,0.316445012455435,6272.9004677649,NA
2025-09-19,0.22,10600,NA,0.327305420529549,6272.9004677649,NA
2025-09-19,0.22,10800,NA,0.337927187816818,6272.9004677649,NA
2025-09-19,0.22,11000,NA,0.348320769868334,6272.9004677649,NA
2025-09-19,0.22,11100,NA,0.353435061866608,6272.9004677649,NA
2025-09-19,0.22,12000,NA,0.397185585048268,6272.9004677649,NA
2025-09-30,0.248,1200,0.969934257463398,1.02001750144949,6278.7644513086,5078.91618541243
2025-09-30,0.248,1400,0.880572135083884,0.955794386117707,6278.7644513086,4878.96676344706
2025-09-30,0.248,1600,0.859802443174429,0.893017470680327,6278.7644513086,4679.09320853358
2025-09-30,0.248,1800,0.798925934378682,0.833577161848358,6278.7644513086,4479.16907558533
2025-09-30,0.248,2000,0.758532065830523,0.783291090066395,6278.7644513086,4279.32080968964
2025-09-30,0.248,2200,0.720406168858999,0.734212707486111,6278.7644513086,4079.49783281049
2025-09-30,0.248,2400,0.68339548017542,0.69032365661984,6278.7644513086,3879.72543396583
2025-09-30,0.248,2600,0.647139079394797,0.654868135045718,6278.7644513086,3680.05419119133
2025-09-30,0.248,2700,0.630711114666171,0.635220257120606,6278.7644513086,3580.23121431165
2025-09-30,0.248,2800,0.613561941302764,0.617511115872877,6278.7644513086,3480.43352645031
2025-09-30,0.248,2900,0.595962323735328,0.601160813842708,6278.7644513086,3380.66112760581
2025-09-30,0.248,3000,0.579670923201391,0.584244153600164,6278.7644513086,3280.91401777996
2025-09-30,0.248,3100,0.562895572096533,0.568277882433634,6278.7644513086,3181.19219697093
2025-09-30,0.248,3200,0.548253762848547,0.551804798182169,6278.7644513086,3081.52095419451
2025-09-30,0.248,3300,0.530730700869859,0.534991105982107,6278.7644513086,2981.79913338338
2025-09-30,0.248,3400,0.514117426668507,0.517954005649022,6278.7644513086,2882.10260159245
2025-09-30,0.248,3500,0.497302007301626,0.500777750152743,6278.7644513086,2782.40606980032
2025-09-30,0.248,3600,0.481955385643825,0.485065325796875,6278.7644513086,2682.81069407824
2025-09-30,0.248,3700,0.46623664211877,0.469039262556902,6278.7644513086,2583.21531835443
2025-09-30,0.248,3750,0.458270515250581,0.460936999029294,6278.7644513086,2533.41763049046
2025-09-30,0.248,3800,0.450246989225889,0.452787222334312,6278.7644513086,2483.61994262816
2025-09-30,0.248,3850,0.44217458433658,0.444597359041893,6278.7644513086,2433.822254768
2025-09-30,0.248,3900,0.435224624111621,0.437508680793272,6278.7644513086,2384.12572297594
2025-09-30,0.248,3950,0.427023562974915,0.429207501024604,6278.7644513086,2334.3280351163
2025-09-30,0.248,4000,0.419846974423613,0.4219131198127,6278.7644513086,2284.63150332488
2025-09-30,0.248,4050,0.412547692854255,0.414505939429904,6278.7644513086,2234.93497152896
2025-09-30,0.248,4075,0.408373402774906,0.411234974767858,6278.7644513086,2210.08670563668
2025-09-30,0.248,4100,0.405140033567929,0.40699899853778,6278.7644513086,2185.23843973579
2025-09-30,0.248,4125,0.40094073267532,0.403659206663645,6278.7644513086,2160.39017383949
2025-09-30,0.248,4150,0.397636233997745,0.399403473443781,6278.7644513086,2135.54190794374
2025-09-30,0.248,4175,0.393415517633571,0.3960015348508,6278.7644513086,2110.69364204396
2025-09-30,0.248,4200,0.390046793205022,0.392558691988265,6278.7644513086,2085.89595418816
2025-09-30,0.248,4225,0.386636070639452,0.388270682474906,6278.7644513086,2061.0476882859
2025-09-30,0.248,4250,0.383185754058775,0.384774952859262,6278.7644513086,2036.25000043055
2025-09-30,0.248,4275,0.378915339557157,0.381243838369991,6278.7644513086,2011.40173453815
2025-09-30,0.248,4300,0.375413615134515,0.376930164080301,6278.7644513086,1986.55346863835
2025-09-30,0.248,4325,0.371877511957666,0.374082888179908,6278.7644513086,1961.80635880517
2025-09-30,0.248,4350,0.368308822968085,0.370456417609492,6278.7644513086,1937.00867094429
2025-09-30,0.248,4375,0.364709203591648,0.366801316145864,6278.7644513086,1912.21098308793
2025-09-30,0.248,4400,0.361764743016441,0.363118966075452,6278.7644513086,1887.46387326458
2025-09-30,0.248,4425,0.358090378018473,0.359410647093682,6278.7644513086,1862.66618539701
2025-09-30,0.248,4450,0.354389982845582,0.356314782571675,6278.7644513086,1837.91907557055
2025-09-30,0.248,4475,0.350664728635907,0.352542545466417,6278.7644513086,1813.12138770993
2025-09-30,0.248,4500,0.347530493332788,0.349351193604989,6278.7644513086,1788.42485592156
2025-09-30,0.248,4525,0.343743901490754,0.345521357399914,6278.7644513086,1763.62716805483
2025-09-30,0.248,4550,0.340518048056953,0.342243185319774,6278.7644513086,1738.93063625864
2025-09-30,0.248,4575,0.337240974209856,0.338916274218922,6278.7644513086,1714.23410447922
2025-09-30,0.248,4590,0.334807337518459,0.336461418943374,6278.7644513086,1699.33526054008
2025-09-30,0.248,4600,0.333915271209007,0.33500348976874,6278.7644513086,1689.48699464073
2025-09-30,0.248,4610,0.332463659748369,0.334074790613411,6278.7644513086,1679.63872874773
2025-09-30,0.248,4620,0.331007130904538,0.332601886644892,6278.7644513086,1669.73988481518
2025-09-30,0.248,4625,0.330010041094577,0.331601065869386,6278.7644513086,1664.73988481965
2025-09-30,0.248,4630,0.329545765004084,0.331124387036025,6278.7644513086,1659.84104088433
2025-09-30,0.248,4640,0.328079639463198,0.329642363673271,6278.7644513086,1649.94219695783
2025-09-30,0.248,4650,0.327127272490865,0.328155885678228,6278.7644513086,1640.09393104574
2025-09-30,0.248,4660,0.325646646257492,0.327170237602653,6278.7644513086,1630.24566516279
2025-09-30,0.248,4670,0.324161553168221,0.325670083281121,6278.7644513086,1620.34682122511
2025-09-30,0.248,4675,0.323669148225592,0.325166381395662,6278.7644513086,1615.44797729445
2025-09-30,0.248,4680,0.322672059725304,0.324165738153521,6278.7644513086,1610.44797731239
2025-09-30,0.248,4690,0.321673742024736,0.323145340831978,6278.7644513086,1600.65028943495
2025-09-30,0.248,4700,0.320170772344164,0.321628072002945,6278.7644513086,1590.75144551622
2025-09-30,0.248,4710,0.319147087162894,0.3201068467992,6278.7644513086,1580.90317960892
2025-09-30,0.248,4720,0.31763119174362,0.319053563458913,6278.7644513086,1571.05491370852
2025-09-30,0.248,4725,0.317109094927641,0.318521263131014,6278.7644513086,1566.156069781
2025-09-30,0.248,4730,0.316111322050779,0.317520090926755,6278.7644513086,1561.15606977826
2025-09-30,0.248,4740,0.315054844128542,0.316443643847808,6278.7644513086,1551.35838192104
2025-09-30,0.248,4750,0.313522717503023,0.314898387465736,6278.7644513086,1541.45953798873
2025-09-30,0.248,4760,0.312443145982357,0.313799642778123,6278.7644513086,1531.66185013975
2025-09-30,0.248,4770,0.31089922080949,0.312243031827637,6278.7644513086,1521.76300619264
2025-09-30,0.248,4775,0.310350070964467,0.31168461124846,6278.7644513086,1516.8641622603
2025-09-30,0.248,4780,0.309797412943721,0.311122796580576,6278.7644513086,1511.96531833567
2025-09-30,0.248,4790,0.308681738994489,0.309989142866964,6278.7644513086,1502.16763046898
2025-09-30,0.248,4800,0.307118868246629,0.308414255729585,6278.7644513086,1492.26878654631
2025-09-30,0.248,4810,0.305982251035481,0.307260330761503,6278.7644513086,1482.47109867247
2025-09-30,0.248,4815,0.305409023737041,0.306678601797629,6278.7644513086,1477.57225475837
2025-09-30,0.248,4820,0.304832566495497,0.306093741698156,6278.7644513086,1472.67341081825
2025-09-30,0.248,4825,0.304252915399598,0.305505784805602,6278.7644513086,1467.77456688375
2025-09-30,0.248,4830,0.303670105956019,0.304914764443855,6278.7644513086,1462.87572296868
2025-09-30,0.248,4835,0.302668624960118,0.30391019611362,6278.7644513086,1457.87572295695
2025-09-30,0.248,4840,0.302082327567977,0.303315796797157,6278.7644513086,1452.97687903203
2025-09-30,0.248,4845,0.301492942113906,0.30271840095031,6278.7644513086,1448.07803509547
2025-09-30,0.248,4850,0.300900502067309,0.302118039714177,6278.7644513086,1443.17919117225
2025-09-30,0.248,4855,0.300305039587919,0.30151474393882,6278.7644513086,1438.28034725237
2025-09-30,0.248,4860,0.299706586253393,0.300908543601183,6278.7644513086,1433.38150330307
2025-09-30,0.248,4865,0.299105173495866,0.300299468241655,6278.7644513086,1428.48265937515
2025-09-30,0.248,4870,0.298500831583323,0.299687546673027,6278.7644513086,1423.58381543499
2025-09-30,0.248,4875,0.29789359034719,0.299072807417054,6278.7644513086,1418.68497150773
2025-09-30,0.248,4880,0.297283479182336,0.298455277976854,6278.7644513086,1413.78612758079
2025-09-30,0.248,4885,0.296670526464995,0.297834985855549,6278.7644513086,1408.88728365729
2025-09-30,0.248,4890,0.296054760571402,0.297211957392104,6278.7644513086,1403.98843973239
2025-09-30,0.248,4895,0.295436208713639,0.296586218925486,6278.7644513086,1399.0895957915
2025-09-30,0.248,4900,0.294814898103786,0.295957796067066,6278.7644513086,1394.1907518633
2025-09-30,0.248,4905,0.294190855226331,0.295326713846138,6278.7644513086,1389.29190794082
2025-09-30,0.248,4910,0.293564105692643,0.294692997000958,6278.7644513086,1384.39306399711
2025-09-30,0.248,4915,0.292934675259612,0.294056669687705,6278.7644513086,1379.49422007912
2025-09-30,0.248,4920,0.292302588519976,0.293417755480482,6278.7644513086,1374.59537612979
2025-09-30,0.248,4925,0.291667870066471,0.292776277807872,6278.7644513086,1369.6965322006
2025-09-30,0.248,4930,0.291030543909757,0.292496959470314,6278.7644513086,1364.84826630761
2025-09-30,0.248,4935,0.290390633332898,0.291848248477201,6278.7644513086,1359.94942238677
2025-09-30,0.248,4940,0.290112251702123,0.291197061766752,6278.7644513086,1355.10115649608
2025-09-30,0.248,4945,0.289465058037211,0.29054342058476,6278.7644513086,1350.20231256905
2025-09-30,0.248,4950,0.288815368864358,0.289887345594947,6278.7644513086,1345.3034686311
2025-09-30,0.248,4955,0.288163205574877,0.289228857169993,6278.7644513086,1340.40462469657
2025-09-30,0.248,4960,0.287508589123527,0.288567975246022,6278.7644513086,1335.50578077041
2025-09-30,0.248,4965,0.286851539882989,0.288253495115697,6278.7644513086,1330.65751487008
2025-09-30,0.248,4970,0.286542226701204,0.287585865032078,6278.7644513086,1325.80924897317
2025-09-30,0.248,4975,0.285878326418977,0.28691591726492,6278.7644513086,1320.91040503489
2025-09-30,0.248,4980,0.285212071491346,0.286243670295156,6278.7644513086,1316.01156111806
2025-09-30,0.248,4985,0.284543480544765,0.285569141585085,6278.7644513086,1311.11271716624
2025-09-30,0.248,4990,0.283872572060163,0.285230157339188,6278.7644513086,1306.26445126397
2025-09-30,0.248,4995,0.283538400714709,0.28454920104816,6278.7644513086,1301.41618539108
2025-09-30,0.248,5000,0.282860970352741,0.283866031119787,6278.7644513086,1296.5173414564
2025-09-30,0.248,5005,0.282181292301947,0.283180664143254,6278.7644513086,1291.61849752733
2025-09-30,0.248,5010,0.281499383442548,0.282822368923773,6278.7644513086,1286.77023163887
2025-09-30,0.248,5015,0.281145632786192,0.282130816510152,6278.7644513086,1281.92196574228
2025-09-30,0.248,5020,0.280457450596139,0.281437129185048,6278.7644513086,1277.02312178699
2025-09-30,0.248,5025,0.279767101771426,0.281064163306711,6278.7644513086,1272.17485589861
2025-09-30,0.248,5030,0.279398483132244,0.280364469969635,6278.7644513086,1267.3265899956
2025-09-30,0.248,5035,0.278702044913086,0.279662699928737,6278.7644513086,1262.42774607573
2025-09-30,0.248,5040,0.278322869441482,0.279275511008455,6278.7644513086,1257.63005821418
2025-09-30,0.248,5045,0.277620471485442,0.278567902739167,6278.7644513086,1252.73121429097
2025-09-30,0.248,5050,0.27691600875815,0.278170608095836,6278.7644513086,1247.88294839372
2025-09-30,0.248,5055,0.276522746013971,0.277457280050749,6278.7644513086,1243.03468248646
2025-09-30,0.248,5060,0.275812487404363,0.27705010087348,6278.7644513086,1238.18641657965
2025-09-30,0.248,5065,0.275409216580486,0.276331166120975,6278.7644513086,1233.3381506976
2025-09-30,0.248,5070,0.274693277776288,0.275610284031173,6278.7644513086,1228.43930674943
2025-09-30,0.248,5075,0.274280214968654,0.275189880509902,6278.7644513086,1223.64161890981
2025-09-30,0.248,5080,0.27355870670994,0.274463534321452,6278.7644513086,1218.74277497947
2025-09-30,0.248,5085,0.273136058701264,0.274033727934637,6278.7644513086,1213.94508710472
2025-09-30,0.248,5090,0.272409086052863,0.273598127557255,6278.7644513086,1209.09682121153
2025-09-30,0.248,5095,0.271977050894712,0.272863000306598,6278.7644513086,1204.24855533264
2025-09-30,0.248,5100,0.271244714264839,0.272418307747062,6278.7644513086,1199.40028943418
2025-09-30,0.248,5105,0.27080348113211,0.271677976149444,6278.7644513086,1194.55202352855
2025-09-30,0.248,5110,0.270356585994685,0.271224368795601,6278.7644513086,1189.75433566771
2025-09-30,0.248,5115,0.269615626336405,0.270765274933159,6278.7644513086,1184.90606976233
2025-09-30,0.248,5120,0.269159828773801,0.27001656987248,6278.7644513086,1180.05780385203
2025-09-30,0.248,5125,0.268698555616535,0.269548838429716,6278.7644513086,1175.26011600352
2025-09-30,0.248,5130,0.267949220166888,0.269075795537895,6278.7644513086,1170.41185012254
2025-09-30,0.248,5135,0.267479320052198,0.268318948098568,6278.7644513086,1165.56358422786
2025-09-30,0.248,5140,0.267004117947195,0.267837526068439,6278.7644513086,1160.7658963575
2025-09-30,0.248,5145,0.266523679335497,0.267350956007259,6278.7644513086,1155.96820849656
2025-09-30,0.248,5150,0.265763063823241,0.266859299324112,6278.7644513086,1151.11994258344
2025-09-30,0.248,5155,0.265274352302217,0.266362616118406,6278.7644513086,1146.32225474184
2025-09-30,0.248,5160,0.264780562308297,0.265591769882149,6278.7644513086,1141.47398884838
2025-09-30,0.248,5165,0.264281753504334,0.265087129252639,6278.7644513086,1136.67630098895
2025-09-30,0.248,5170,0.263777984097988,0.264577607037647,6278.7644513086,1131.87861311884
2025-09-30,0.248,5175,0.263269310550692,0.264063258243412,6278.7644513086,1127.08092525764
2025-09-30,0.248,5180,0.262491869823011,0.263544136129943,6278.7644513086,1122.23265934988
2025-09-30,0.248,5185,0.261975414784566,0.263020292793098,6278.7644513086,1117.43497149263
2025-09-30,0.248,5190,0.261454192538692,0.26249177901906,6278.7644513086,1112.63728363475
2025-09-30,0.248,5195,0.260928254744688,0.261958644284342,6278.7644513086,1107.83959575498
2025-09-30,0.248,5200,0.2603976518977,0.26142093704682,6278.7644513086,1103.04190789406
2025-09-30,0.248,5205,0.259862433328721,0.260878704309182,6278.7644513086,1098.24422005568
2025-09-30,0.248,5210,0.259322646622513,0.260331992055479,6278.7644513086,1093.44653216341
2025-09-30,0.248,5215,0.258778338927283,0.25978084525113,6278.7644513086,1088.6488443081
2025-09-30,0.248,5220,0.258229555790524,0.259225307551879,6278.7644513086,1083.85115644618
2025-09-30,0.248,5225,0.257924337372165,0.258665421740358,6278.7644513086,1079.10404663879
2025-09-30,0.248,5230,0.257365075546769,0.258101229580564,6278.7644513086,1074.30635876832
2025-09-30,0.248,5235,0.256801488892168,0.257532771526821,6278.7644513086,1069.50867090437
2025-09-30,0.248,5240,0.256233618153723,0.257201335213834,6278.7644513086,1064.7615610769
2025-09-30,0.248,5245,0.255661503349202,0.25662289352761,6278.7644513086,1059.96387322261
2025-09-30,0.248,5250,0.255085183477737,0.256040320552653,6278.7644513086,1055.16618538979
2025-09-30,0.248,5255,0.254742586136808,0.25545365266875,6278.7644513086,1050.41907554463
2025-09-30,0.248,5260,0.25415643077136,0.254862925673614,6278.7644513086,1045.6213876652
2025-09-30,0.248,5265,0.253566199268938,0.25426817449184,6278.7644513086,1040.82369983021
2025-09-30,0.248,5270,0.253204839561629,0.253901118146277,6278.7644513086,1036.12716804198
2025-09-30,0.248,5275,0.252605080047191,0.253296959296828,6278.7644513086,1031.32948015768
2025-09-30,0.248,5280,0.252001363139407,0.252688891657429,6278.7644513086,1026.53179228297
2025-09-30,0.248,5285,0.2516218518096,0.252303915210338,6278.7644513086,1021.83526052945
2025-09-30,0.248,5290,0.251008890943186,0.251686716098615,6278.7644513086,1017.03757265523
2025-09-30,0.248,5295,0.250392082404867,0.25128951473306,6278.7644513086,1012.29046281641
2025-09-30,0.248,5300,0.249994985085507,0.250663368521778,6278.7644513086,1007.54335298956
2025-09-30,0.248,5305,0.249369195105109,0.250033490762873,6278.7644513086,1002.74566511401
2025-09-30,0.248,5310,0.248960096530221,0.249619287376123,6278.7644513086,998.049133341467
2025-09-30,0.248,5315,0.248325500312804,0.249198415428701,6278.7644513086,993.302023521958
2025-09-30,0.248,5320,0.247904652230523,0.248554888700908,6278.7644513086,988.554913668842
2025-09-30,0.248,5325,0.247477198742881,0.248122544896635,6278.7644513086,983.858381906182
2025-09-30,0.248,5330,0.246829057748289,0.247470566998554,6278.7644513086,979.060694045644
2025-09-30,0.248,5335,0.246390230629224,0.247026977474193,6278.7644513086,974.364162252412
2025-09-30,0.248,5340,0.245733696963043,0.246577068635124,6278.7644513086,969.617052412944
2025-09-30,0.248,5345,0.245283716965109,0.245912076231659,6278.7644513086,964.869942609108
2025-09-30,0.248,5350,0.244827471931111,0.245451259567974,6278.7644513086,960.173410786005
2025-09-30,0.248,5355,0.244365034329589,0.244984316984535,6278.7644513086,955.476879017812
2025-09-30,0.248,5360,0.243690942613531,0.244511316729825,6278.7644513086,950.729769157357
2025-09-30,0.248,5365,0.243217797858303,0.243829120761138,6278.7644513086,945.982659309489
2025-09-30,0.248,5370,0.242738643598643,0.24334563526943,6278.7644513086,941.286127548885
2025-09-30,0.248,5375,0.242253544736093,0.242856265710799,6278.7644513086,936.589595769673
2025-09-30,0.248,5380,0.241762563989408,0.242361073930885,6278.7644513086,931.893063984621
2025-09-30,0.248,5385,0.241265762767669,0.24186011959254,6278.7644513086,927.196532197776
2025-09-30,0.248,5390,0.240763200588211,0.241353460757907,6278.7644513086,922.500000378509
2025-09-30,0.248,5395,0.240254935367656,0.240841154179455,6278.7644513086,917.803468585689
2025-09-30,0.248,5400,0.239741023421916,0.240323254717904,6278.7644513086,913.106936794412
2025-09-30,0.248,5405,0.239221519466192,0.239799815924302,6278.7644513086,908.410405022665
2025-09-30,0.248,5410,0.238696476614975,0.239270889603468,6278.7644513086,903.71387319463
2025-09-30,0.248,5415,0.238165946673082,0.238736526541585,6278.7644513086,899.017341386831
2025-09-30,0.248,5420,0.23762998013566,0.238196775924127,6278.7644513086,894.320809656148
2025-09-30,0.248,5425,0.237088625606106,0.237651685335857,6278.7644513086,889.624277862284
2025-09-30,0.248,5430,0.236541930669182,0.237287315710402,6278.7644513086,884.978324068243
2025-09-30,0.248,5435,0.236175402412622,0.236730477360969,6278.7644513086,880.332370334923
2025-09-30,0.248,5440,0.235616960878688,0.236168449362007,6278.7644513086,875.635838514969
2025-09-30,0.248,5445,0.235053328531073,0.23560127435063,6278.7644513086,870.939306700962
2025-09-30,0.248,5450,0.23448454771585,0.2352100664824,6278.7644513086,866.293352960303
2025-09-30,0.248,5455,0.234091189947664,0.23463157444655,6278.7644513086,861.647399219651
2025-09-30,0.248,5460,0.233511090798296,0.234048068693826,6278.7644513086,856.950867408901
2025-09-30,0.248,5465,0.232925975894787,0.233637072112635,6278.7644513086,852.304913673599
2025-09-30,0.248,5470,0.232512833633695,0.233042548522816,6278.7644513086,847.658959924278
2025-09-30,0.248,5475,0.231916697837188,0.232618241741323,6278.7644513086,843.013006151731
2025-09-30,0.248,5480,0.231490247704101,0.232012894727996,6278.7644513086,838.367052390905
2025-09-30,0.248,5485,0.230883284700587,0.231575530076411,6278.7644513086,833.721098658368
2025-09-30,0.248,5490,0.230443777570524,0.231131116622609,6278.7644513086,829.125722895541
2025-09-30,0.248,5495,0.229997223384473,0.230509358250326,6278.7644513086,824.479769162323
2025-09-30,0.248,5500,0.229373841891565,0.230052255235407,6278.7644513086,819.833815413268
2025-09-30,0.248,5505,0.228914596980243,0.229588304525739,6278.7644513086,815.238439683987
2025-09-30,0.248,5510,0.228448504956249,0.228950547632334,6278.7644513086,810.592485917387
2025-09-30,0.248,5515,0.227975634213585,0.228474243801828,6278.7644513086,805.997110181799
2025-09-30,0.248,5520,0.227330667137223,0.22799127664934,6278.7644513086,801.351156426967
2025-09-30,0.248,5525,0.22684555503243,0.227501709039143,6278.7644513086,796.755780713885
2025-09-30,0.248,5530,0.226353841451294,0.227005602525837,6278.7644513086,792.160404991093
2025-09-30,0.248,5535,0.225855587657377,0.226503016044681,6278.7644513086,787.565029282045
2025-09-30,0.248,5540,0.225350852294899,0.225833430911251,6278.7644513086,782.919075525475
2025-09-30,0.248,5545,0.224839692552886,0.225319104963522,6278.7644513086,778.323699771311
2025-09-30,0.248,5550,0.224322163728616,0.224956943736722,6278.7644513086,773.778902083966
2025-09-30,0.248,5555,0.223798319518656,0.224428995159072,6278.7644513086,769.183526336657
2025-09-30,0.248,5560,0.223268211873343,0.223894836842637,6278.7644513086,764.58815063104
2025-09-30,0.248,5565,0.222731890851266,0.22335451782737,6278.7644513086,759.992774903585
2025-09-30,0.248,5570,0.222189405346861,0.222808085552516,6278.7644513086,755.397399219815
2025-09-30,0.248,5575,0.221794682609027,0.222255585856608,6278.7644513086,750.852601522052
2025-09-30,0.248,5580,0.221239042027736,0.221849497490904,6278.7644513086,746.307803817861
2025-09-30,0.248,5585,0.220677385684689,0.221284051101537,6278.7644513086,741.712428102223
2025-09-30,0.248,5590,0.220260659432396,0.220712677862616,6278.7644513086,737.167630397905
2025-09-30,0.248,5595,0.219686169464272,0.220284942504376,6278.7644513086,732.622832736456
2025-09-30,0.248,5600,0.219105797757531,0.219700926415986,6278.7644513086,728.027457006801
2025-09-30,0.248,5605,0.218667626784324,0.219258722524992,6278.7644513086,723.533237367606
2025-09-30,0.248,5610,0.218074711617695,0.218662257273124,6278.7644513086,718.937861629608
2025-09-30,0.248,5615,0.217622200023069,0.218205823500786,6278.7644513086,714.443641971057
2025-09-30,0.248,5620,0.217162119249736,0.217597089674708,6278.7644513086,709.89884428167
2025-09-30,0.248,5625,0.216550302745937,0.217126648956368,6278.7644513086,705.354046592368
2025-09-30,0.248,5630,0.216076231179227,0.216648815719572,6278.7644513086,700.859826912077
2025-09-30,0.248,5635,0.215594776407289,0.216163653265152,6278.7644513086,696.36560729592
2025-09-30,0.248,5640,0.2149644634006,0.215530055600158,6278.7644513086,691.770231577487
2025-09-30,0.248,5645,0.214469333320806,0.215031313152928,6278.7644513086,687.276011902813
2025-09-30,0.248,5650,0.213966987964885,0.214525405924717,6278.7644513086,682.781792246074
2025-09-30,0.248,5655,0.213457483794267,0.214012388921763,6278.7644513086,678.287572584929
2025-09-30,0.248,5660,0.212940875378635,0.213492315258558,6278.7644513086,673.793352968319
2025-09-30,0.248,5665,0.212417214668326,0.212965236303362,6278.7644513086,669.299133268352
2025-09-30,0.248,5670,0.211886552595044,0.212431201387167,6278.7644513086,664.804913626169
2025-09-30,0.248,5675,0.211348937471146,0.211890258094737,6278.7644513086,660.31069393906
2025-09-30,0.248,5680,0.210804416299319,0.211342452264605,6278.7644513086,655.816474313624
2025-09-30,0.248,5685,0.210253034044981,0.210921336863641,6278.7644513086,651.372832747025
2025-09-30,0.248,5690,0.209827843671195,0.210359140062463,6278.7644513086,646.929191091247
2025-09-30,0.248,5695,0.209262074811386,0.209790217511586,6278.7644513086,642.434971441912
2025-09-30,0.248,5700,0.208689579328763,0.209214608210142,6278.7644513086,637.940751798038
2025-09-30,0.248,5705,0.208240988165618,0.208762664285728,6278.7644513086,633.5476882369
2025-09-30,0.248,5710,0.207654390567466,0.208173035232596,6278.7644513086,629.05346857482
2025-09-30,0.248,5715,0.207190197131852,0.20770558231349,6278.7644513086,624.660404991821
2025-09-30,0.248,5720,0.206589674806018,0.207102107258537,6278.7644513086,620.166185281784
2025-09-30,0.248,5725,0.206110091846936,0.206619353873684,6278.7644513086,615.773121706295
2025-09-30,0.248,5730,0.205495807629351,0.206128633897319,6278.7644513086,611.329480101334
2025-09-30,0.248,5735,0.205001031452136,0.205504330104024,6278.7644513086,606.885838430699
2025-09-30,0.248,5740,0.204498345581399,0.204998602300927,6278.7644513086,602.492774890298
2025-09-30,0.248,5745,0.203987803277149,0.204485061137987,6278.7644513086,598.09971131273
2025-09-30,0.248,5750,0.203469456198685,0.203963756673792,6278.7644513086,593.706647716351
2025-09-30,0.248,5755,0.202943353240444,0.203434737366219,6278.7644513086,589.313584120926
2025-09-30,0.248,5760,0.202409541550629,0.202898049199321,6278.7644513086,584.920520569608
2025-09-30,0.248,5765,0.20186806594914,0.202353735974363,6278.7644513086,580.527456973203
2025-09-30,0.248,5770,0.201318969218608,0.201801839746379,6278.7644513086,576.13439337769
2025-09-30,0.248,5775,0.200762292249914,0.201242400387617,6278.7644513086,571.741329813775
2025-09-30,0.248,5780,0.200198073751153,0.200675455733058,6278.7644513086,567.348266205264
2025-09-30,0.248,5785,0.199626350538671,0.200219596324814,6278.7644513086,563.005780668261
2025-09-30,0.248,5790,0.199165235997281,0.199637086505169,6278.7644513086,558.663295125292
2025-09-30,0.248,5795,0.198577948929385,0.199164377579801,6278.7644513086,554.320809516256
2025-09-30,0.248,5800,0.198099993165463,0.19856646572204,6278.7644513086,549.97832404822
2025-09-30,0.248,5805,0.197497300858031,0.198077099946907,6278.7644513086,545.635838434642
2025-09-30,0.248,5810,0.197002690863687,0.197463932588817,6278.7644513086,541.293352915106
2025-09-30,0.248,5815,0.196384735052372,0.196958084150343,6278.7644513086,536.950867354234
2025-09-30,0.248,5820,0.195873640211901,0.196443729389822,6278.7644513086,532.658959886487
2025-09-30,0.248,5825,0.19535403788523,0.19580761642628,6278.7644513086,528.316474318611
2025-09-30,0.248,5830,0.194825972892258,0.19527701576208,6278.7644513086,524.024566815637
2025-09-30,0.248,5835,0.19428948728802,0.194738030429844,6278.7644513086,519.732659260325
2025-09-30,0.248,5840,0.193633011392942,0.194190699574225,6278.7644513086,515.390173754333
2025-09-30,0.248,5845,0.193080411725376,0.19363505957501,6278.7644513086,511.098266220119
2025-09-30,0.248,5850,0.192629893597617,0.193071145065759,6278.7644513086,506.85693674933
2025-09-30,0.248,5855,0.192060100405651,0.192608626992145,6278.7644513086,502.615607271418
2025-09-30,0.248,5860,0.191482062244036,0.192027676264697,6278.7644513086,498.323699700868
2025-09-30,0.248,5865,0.190895807489007,0.191438548379525,6278.7644513086,494.031792207214
2025-09-30,0.248,5870,0.190409404920372,0.190949157720617,6278.7644513086,489.841040777186
2025-09-30,0.248,5875,0.189806231963179,0.190343191668815,6278.7644513086,485.549133291415
2025-09-30,0.248,5880,0.189194921429472,0.189835878580074,6278.7644513086,481.307803783054
2025-09-30,0.248,5885,0.1886818457823,0.189213187721062,6278.7644513086,477.066474280976
2025-09-30,0.248,5890,0.188159564593554,0.188688088262894,6278.7644513086,472.875722831072
2025-09-30,0.248,5895,0.187522886433625,0.188153863589725,6278.7644513086,468.634393321032
2025-09-30,0.248,5900,0.186982855255242,0.187505997335292,6278.7644513086,464.39306387177
2025-09-30,0.248,5905,0.186433716760713,0.186954160479123,6278.7644513086,460.202312451531
2025-09-30,0.248,5910,0.185875500926984,0.186393286010481,6278.7644513086,456.011560963469
2025-09-30,0.248,5915,0.185308235548213,0.185823400559373,6278.7644513086,451.820809560031
2025-09-30,0.248,5920,0.184731945217136,0.185244528136458,6278.7644513086,447.630058143311
2025-09-30,0.248,5925,0.184146652052665,0.184758630664801,6278.7644513086,443.489884695632
2025-09-30,0.248,5930,0.183552375699885,0.184161345994586,6278.7644513086,439.299133231696
2025-09-30,0.248,5935,0.183050186486015,0.183555137944434,6278.7644513086,435.158959827586
2025-09-30,0.248,5940,0.182437502833587,0.183040461877625,6278.7644513086,431.018786353936
2025-09-30,0.248,5945,0.181915948804045,0.182415966290087,6278.7644513086,426.878612989875
2025-09-30,0.248,5950,0.181284932648812,0.181882059867304,6278.7644513086,422.738439609291
2025-09-30,0.248,5955,0.180744106790338,0.181338327554802,6278.7644513086,418.648844195049
2025-09-30,0.248,5960,0.180193433359791,0.180686278352336,6278.7644513086,414.508670739244
2025-09-30,0.248,5965,0.179632934330562,0.180123431517105,6278.7644513086,410.419075423009
2025-09-30,0.248,5970,0.178964940594581,0.17955081438047,6278.7644513086,406.278902012937
2025-09-30,0.248,5975,0.178482531217004,0.178968442221943,6278.7644513086,402.239884663274
2025-09-30,0.248,5980,0.177892655363389,0.178376326828575,6278.7644513086,398.15028933769
2025-09-30,0.248,5985,0.177293010227005,0.177870724608506,6278.7644513086,394.111271984151
2025-09-30,0.248,5990,0.176683602210695,0.177258713254562,6278.7644513086,390.021676571961
2025-09-30,0.248,5995,0.176159894643219,0.176636982530917,6278.7644513086,385.982659152422
2025-09-30,0.248,6000,0.175530545555395,0.17610048805001,6278.7644513086,381.94364185536
2025-09-30,0.248,6005,0.174986050285977,0.175553431934551,6278.7644513086,377.955202634379
2025-09-30,0.248,6010,0.174430962822983,0.174901715243348,6278.7644513086,373.916185203784
2025-09-30,0.248,6015,0.173771519355833,0.17433398405777,6278.7644513086,369.877167871285
2025-09-30,0.248,6020,0.173195683481069,0.173755714229665,6278.7644513086,365.888728576179
2025-09-30,0.248,6025,0.172609269964645,0.173166908669416,6278.7644513086,361.900289253086
2025-09-30,0.248,6030,0.172104854162225,0.172567566649426,6278.7644513086,357.962427961613
2025-09-30,0.248,6035,0.171496895516671,0.172049809942163,6278.7644513086,354.024566688325
2025-09-30,0.248,6040,0.170878354718363,0.171429001227867,6278.7644513086,350.036127435324
2025-09-30,0.248,6045,0.170340647626361,0.170889007302387,6278.7644513086,346.148844158209
2025-09-30,0.248,6050,0.169700538561379,0.170246710939027,6278.7644513086,342.160404803634
2025-09-30,0.248,6055,0.16914050126442,0.169684471064179,6278.7644513086,338.273121567874
2025-09-30,0.248,6060,0.16856910561555,0.169110915329012,6278.7644513086,334.385838347302
2025-09-30,0.248,6065,0.167986344775367,0.168526036021011,6278.7644513086,330.498555142032
2025-09-30,0.248,6070,0.167392207393378,0.167929821353123,6278.7644513086,326.611271959886
2025-09-30,0.248,6075,0.166786677607995,0.167322255027203,6278.7644513086,322.723988618152
2025-09-30,0.248,6080,0.166169735628613,0.166703316816091,6278.7644513086,318.836705460508
2025-09-30,0.248,6085,0.165629977735198,0.166161561817829,6278.7644513086,315.050578211842
2025-09-30,0.248,6090,0.164989812645342,0.165607737315559,6278.7644513086,311.213873100118
2025-09-30,0.248,6095,0.16442613504127,0.164953891097082,6278.7644513086,307.377167852748
2025-09-30,0.248,6100,0.163850306005906,0.164376191558535,6278.7644513086,303.591040676149
2025-09-30,0.248,6105,0.163262302256186,0.163786359506185,6278.7644513086,299.804913512418
2025-09-30,0.248,6110,0.162662095852431,0.163184365981721,6278.7644513086,296.018786332787
2025-09-30,0.248,6115,0.162136419410825,0.162656914497495,6278.7644513086,292.333815235741
2025-09-30,0.248,6120,0.161511416980079,0.162030208765072,6278.7644513086,288.547688131271
2025-09-30,0.248,6125,0.160960301171309,0.161477404352059,6278.7644513086,284.862717008226
2025-09-30,0.248,6130,0.160310353410922,0.160911735318388,6278.7644513086,281.127167847673
2025-09-30,0.248,6135,0.159733655044142,0.160333166884983,6278.7644513086,277.442196713485
2025-09-30,0.248,6140,0.159229361914368,0.159741658743037,6278.7644513086,273.807803655942
2025-09-30,0.248,6145,0.15862638380732,0.159137164180903,6278.7644513086,270.122832577674
2025-09-30,0.248,6150,0.158010324110559,0.158519630520648,6278.7644513086,266.437861415224
2025-09-30,0.248,6155,0.157465777181842,0.157973634948771,6278.7644513086,262.854046460551
2025-09-30,0.248,6160,0.156907557855653,0.157414011944839,6278.7644513086,259.270231431811
2025-09-30,0.248,6165,0.156335616218923,0.156840711304746,6278.7644513086,255.6864163836
2025-09-30,0.248,6170,0.155749895373664,0.156253676130503,6278.7644513086,252.102601353057
2025-09-30,0.248,6175,0.155150331582486,0.155736587065111,6278.7644513086,248.569364378423
2025-09-30,0.248,6180,0.154620405690595,0.155121680171074,6278.7644513086,245.036127363072
2025-09-30,0.248,6185,0.153992737640017,0.154576176162892,6278.7644513086,241.502890375706
2025-09-30,0.248,6190,0.153434162082944,0.154016266922788,6278.7644513086,238.02023136607
2025-09-30,0.248,6195,0.152861055856438,0.153441881728453,6278.7644513086,234.53757240563
2025-09-30,0.248,6200,0.152356143833709,0.152852941708507,6278.7644513086,231.105491551687
2025-09-30,0.248,6205,0.151753563576024,0.152331988818584,6278.7644513086,227.673410537825
2025-09-30,0.248,6210,0.151218674607925,0.151795980662684,6278.7644513086,224.291907635073
2025-09-30,0.248,6215,0.15066859300377,0.151244837350794,6278.7644513086,220.910404863904
2025-09-30,0.248,6220,0.1501032294148,0.150678469825193,6278.7644513086,217.52890187037
2025-09-30,0.248,6225,0.149604529604682,0.150096780588047,6278.7644513086,214.197977074542
2025-09-30,0.248,6230,0.14900817130939,0.149581575850158,6278.7644513086,210.867052233448
2025-09-30,0.248,6235,0.148478013896528,0.149050588978127,6278.7644513086,207.586705330546
2025-09-30,0.248,6240,0.147931912241188,0.148503718836144,6278.7644513086,204.306358502206
2025-09-30,0.248,6245,0.147369754439142,0.147940854102057,6278.7644513086,201.026011661863
2025-09-30,0.248,6250,0.146872912035484,0.147443366466478,6278.7644513086,197.846820990089
2025-09-30,0.248,6255,0.146359591043021,0.14692946441604,6278.7644513086,194.667630144259
2025-09-30,0.248,6260,0.145829674900913,0.14639903182646,6278.7644513086,191.488439449248
2025-09-30,0.248,6265,0.145283034970229,0.145851941222961,6278.7644513086,188.309248647324
2025-09-30,0.248,6270,0.144800748701854,0.145288053780272,6278.7644513086,185.180635979753
2025-09-30,0.248,6275,0.144220184036717,0.144788390633366,6278.7644513086,182.052023289639
2025-09-30,0.248,6280,0.143720971126068,0.144288931504311,6278.7644513086,178.995664383963
2025-09-30,0.248,6285,0.143221729548146,0.143789513993734,6278.7644513086,175.960982261631
2025-09-30,0.248,6290,0.142704916823625,0.143272597223018,6278.7644513086,172.926300263623
2025-09-30,0.248,6295,0.142251464447679,0.142738020975577,6278.7644513086,169.942196215575
2025-09-30,0.248,6300,0.141780117145019,0.142266710634783,6278.7644513086,167.008670237824
2025-09-30,0.248,6305,0.141209601450463,0.141777413253651,6278.7644513086,164.024566243305
2025-09-30,0.248,6310,0.140783095001464,0.141269958720293,6278.7644513086,161.1416182322
2025-09-30,0.248,6315,0.14025706276553,0.140825345032138,6278.7644513086,158.258670240533
2025-09-30,0.248,6320,0.139793654260224,0.140281058146146,6278.7644513086,155.375722250536
2025-09-30,0.248,6325,0.139311542469313,0.139799320339456,6278.7644513086,152.543352336513
2025-09-30,0.248,6330,0.138810528177078,0.139380121280209,6278.7644513086,149.761560412796
2025-09-30,0.248,6335,0.138371855599353,0.138860596369727,6278.7644513086,146.979768495068
2025-09-30,0.248,6340,0.137914031245996,0.138403363115166,6278.7644513086,144.248554641081
2025-09-30,0.248,6345,0.137436842659044,0.137926842752163,6278.7644513086,141.517340840307
2025-09-30,0.248,6350,0.137021854050949,0.137512593963437,6278.7644513086,138.887282998318
2025-09-30,0.248,6355,0.136505366270694,0.137078857395358,6278.7644513086,136.206647240953
2025-09-30,0.248,6360,0.136050864556142,0.136625408366353,6278.7644513086,133.576589377551
2025-09-30,0.248,6365,0.135658556272083,0.136152003713918,6278.7644513086,130.997109608284
2025-09-30,0.248,6370,0.135246284361041,0.135740792783016,6278.7644513086,128.468207851089
2025-09-30,0.248,6375,0.134813805951552,0.135309463101715,6278.7644513086,125.939306161138
2025-09-30,0.248,6380,0.134360857508431,0.134857754772809,6278.7644513086,123.410404432922
2025-09-30,0.248,6385,0.133887154541734,0.134468413915304,6278.7644513086,120.932080696952
2025-09-30,0.248,6390,0.133475675855592,0.134058581341812,6278.7644513086,118.504335066537
2025-09-30,0.248,6395,0.133126848985273,0.133627979256273,6278.7644513086,116.127167450833
2025-09-30,0.248,6400,0.13275736872719,0.133176307598193,6278.7644513086,113.749999809976
2025-09-30,0.248,6405,0.132282874718382,0.132787301871295,6278.7644513086,111.372832185903
2025-09-30,0.248,6410,0.131870933572374,0.132377153812282,6278.7644513086,109.046242617218
2025-09-30,0.248,6415,0.13152212125397,0.132030210105313,6278.7644513086,106.820809123974
2025-09-30,0.248,6420,0.131152054262665,0.131662120719287,6278.7644513086,104.595375573216
2025-09-30,0.248,6425,0.130760413183919,0.131272570896279,6278.7644513086,102.369942031477
2025-09-30,0.248,6430,0.130346852409746,0.130861220703548,6278.7644513086,100.144508468871
2025-09-30,0.248,6435,0.129997136708445,0.130513791981244,6278.7644513086,98.0202310079183
2025-09-30,0.248,6440,0.129625543075714,0.130144608291194,6278.7644513086,95.8959536560315
2025-09-30,0.248,6445,0.12923170436673,0.129753308745898,6278.7644513086,93.7716761276531
2025-09-30,0.248,6450,0.12890263055718,0.129426848023766,6278.7644513086,91.7485548167565
2025-09-30,0.248,6455,0.128551420519705,0.129078384369252,6278.7644513086,89.7254333933508
2025-09-30,0.248,6460,0.128266024865789,0.128707536813214,6278.7644513086,87.7528900377887
2025-09-30,0.248,6465,0.127869856104139,0.128402663129727,6278.7644513086,85.7803466748491
2025-09-30,0.248,6470,0.127539685080182,0.128075592973385,6278.7644513086,83.8583813155367
2025-09-30,0.248,6475,0.127186765483705,0.127725926166519,6278.7644513086,81.9364160643142
2025-09-30,0.248,6480,0.126901125503133,0.127443603731581,6278.7644513086,80.1156068390376
2025-09-30,0.248,6485,0.126593003395609,0.127048005696046,6278.7644513086,78.2442195189061
2025-09-30,0.248,6490,0.126261972790019,0.12681156239392,6278.7644513086,76.473988289726
2025-09-30,0.248,6495,0.125907572827206,0.12646097445082,6278.7644513086,74.6531790986298
2025-09-30,0.248,6500,0.125715189086412,0.126179530806043,6278.7644513086,72.9841038631256
2025-09-30,0.248,6505,0.125313922206782,0.125875244292335,6278.7644513086,71.2138727037708
2025-09-30,0.248,6510,0.125076404682273,0.125547645610432,6278.7644513086,69.5447975942834
2025-09-30,0.248,6515,0.124816330088451,0.125291139582781,6278.7644513086,67.9263004173488
2025-09-30,0.248,6520,0.124533241495175,0.125011779917783,6278.7644513086,66.3078033111524
2025-09-30,0.248,6525,0.124323190274103,0.124709082909776,6278.7644513086,64.7398842360528
2025-09-30,0.248,6530,0.123993373298243,0.124479738322937,6278.7644513086,63.1719651960949
2025-09-30,0.248,6535,0.123737169804909,0.124227634831718,6278.7644513086,61.6546241456953
2025-09-30,0.248,6540,0.123457530306581,0.123952279126195,6278.7644513086,60.1372831330168
2025-09-30,0.248,6545,0.12315391041611,0.123752873795266,6278.7644513086,58.6705201581516
2025-09-30,0.248,6550,0.123027405523861,0.123430302800074,6278.7644513086,57.2543351160599
2025-09-30,0.248,6555,0.122675984192576,0.123184392749496,6278.7644513086,55.7875721575545
2025-09-30,0.248,6560,0.122504310737535,0.123017398899354,6278.7644513086,54.4725432435838
2025-09-30,0.248,6570,0.121988476920351,0.122511776161086,6278.7644513086,51.741329410166
2025-09-30,0.248,6575,0.121852778273579,0.122275572820042,6278.7644513086,50.4768785114927
2025-09-30,0.248,6580,0.121588264909055,0.122122177007085,6278.7644513086,49.2124276495234
2025-09-30,0.248,6590,0.121093744991067,0.121639227607933,6278.7644513086,46.6835259441951
2025-09-30,0.248,6600,0.120723271128212,0.121280715564915,6278.7644513086,44.3569363062252
2025-09-30,0.248,6610,0.120258255509388,0.120828746029131,6278.7644513086,42.0303467589738
2025-09-30,0.248,6620,0.119927469230454,0.120511363810352,6278.7644513086,39.9060692835809
2025-09-30,0.248,6625,0.119667905699894,0.120259182611907,6278.7644513086,38.7933525172044
2025-09-30,0.248,6630,0.119502638580013,0.120101154633294,6278.7644513086,37.781791829957
2025-09-30,0.248,6640,0.119101284825448,0.119715267527349,6278.7644513086,35.7586704786262
2025-09-30,0.248,6650,0.118853429474843,0.119357426618661,6278.7644513086,33.8872831735337
2025-09-30,0.248,6660,0.118384333353469,0.119031839156962,6278.7644513086,32.0158959161525
2025-09-30,0.248,6670,0.118077677060367,0.118743241790658,6278.7644513086,30.2962427061596
2025-09-30,0.248,6675,0.117956461934822,0.118496640233069,6278.7644513086,29.4364161069927
2025-09-30,0.248,6680,0.117812479610307,0.118360404329587,6278.7644513086,28.627167575754
2025-09-30,0.248,6690,0.117453283772793,0.118017805970024,6278.7644513086,27.0086704959478
2025-09-30,0.248,6700,0.117139628008466,0.117721534214667,6278.7644513086,25.4913293892315
2025-09-30,0.248,6710,0.116878388970386,0.117478421915311,6278.7644513086,24.0751444485977
2025-09-30,0.248,6720,0.116521850603631,0.117141799590775,6278.7644513086,22.6589594786507
2025-09-30,0.248,6725,0.116463765760882,0.117093252655344,6278.7644513086,22.052023068525
2025-09-30,0.248,6730,0.116223801477348,0.116864505861182,6278.7644513086,21.3439306271922
2025-09-30,0.248,6740,0.115993196985688,0.116655395421429,6278.7644513086,20.1300577682018
2025-09-30,0.248,6750,0.115667940434541,0.116353811343899,6278.7644513086,18.9161849048721
2025-09-30,0.248,6760,0.115419161619395,0.116129482074643,6278.7644513086,17.803468173388
2025-09-30,0.248,6770,0.115073434015981,0.115810784362727,6278.7644513086,16.6907514041649
2025-09-30,0.248,6775,0.114956148926183,0.11570705496404,6278.7644513086,16.1849710562918
2025-09-30,0.248,6780,0.115007320445044,0.115580333102735,6278.7644513086,15.7297687952529
2025-09-30,0.248,6790,0.114658121191215,0.115451566842859,6278.7644513086,14.7687861254705
2025-09-30,0.248,6800,0.114410080449209,0.115234758730989,6278.7644513086,13.8583815003004
2025-09-30,0.248,6810,0.114279321741101,0.115135479307978,6278.7644513086,13.0491329379941
2025-09-30,0.248,6820,0.11405926244033,0.114950207815752,6278.7644513086,12.2398843727463
2025-09-30,0.248,6825,0.11391334805803,0.114823117063396,6278.7644513086,11.8352600900002
2025-09-30,0.248,6830,0.113742049896883,0.114671715590421,6278.7644513086,11.4306358006186
2025-09-30,0.248,6840,0.113563320945743,0.114531728930789,6278.7644513086,10.7225433211223
2025-09-30,0.248,6850,0.113545199736748,0.114301851598333,6278.7644513086,10.0650288743331
2025-09-30,0.248,6875,0.11313300960747,0.113975216980814,6278.7644513086,8.54768784846712
2025-09-30,0.248,6900,0.112728922857706,0.113670883464421,6278.7644513086,7.23265894529976
2025-09-30,0.248,6950,0.112284681116504,0.113468170919717,6278.7644513086,5.20953755996334
2025-09-30,0.248,7000,0.112264934604097,0.113266577999371,6278.7644513086,3.74277456529462
2025-09-30,0.248,7050,0.112484760346628,0.113753763897603,6278.7644513086,2.73121386528901
2025-09-30,0.248,7100,0.113024916089406,0.114626638995733,6278.7644513086,2.02312138183926
2025-09-30,0.248,7200,0.1148017173079,0.117307074132133,6278.7644513086,1.16329479924987
2025-09-30,0.248,7300,0.11709036264498,0.121748193367796,6278.7644513086,0.733381502570055
2025-09-30,0.248,7400,0.12263503743143,0.126384108033164,6278.7644513086,0.531069362697
2025-09-30,0.248,7500,0.124254532737345,0.131510519594035,6278.7644513086,0.35404624161868
2025-09-30,0.248,7600,0.126720661236102,0.138581145900778,6278.7644513086,0.278179191400127
2025-09-30,0.248,7800,0.137653913869542,0.151165322339047,6278.7644513086,0.202312138215635
2025-09-30,0.248,8000,0.152241926142121,0.164235721484279,6278.7644513086,0.177023121270992
2025-10-17,0.3,200,NA,1.78254964005678,6290.54876964648,NA
2025-10-17,0.3,400,NA,1.40925359418766,6290.54876964648,NA
2025-10-17,0.3,600,NA,1.197064250752,6290.54876964648,NA
2025-10-17,0.3,800,NA,1.09878790581012,6290.54876964648,NA
2025-10-17,0.3,1000,0.935095018084821,0.979531365464192,6290.54876964648,5290.62477775398
2025-10-17,0.3,1200,0.865631745128152,0.936836085911319,6290.54876964648,5090.70078586167
2025-10-17,0.3,1400,0.864094287699527,0.880977993383808,6290.54876964648,4890.86547009459
2025-10-17,0.3,1600,0.808695343167583,0.824873057736915,6290.54876964648,4690.97948225614
2025-10-17,0.3,1800,0.765292259476643,0.779280414154876,6290.54876964648,4491.16950252449
2025-10-17,0.3,2000,0.726904716304451,0.736822772616369,6290.54876964648,4291.4228628831
2025-10-17,0.3,2200,0.689245045234541,0.699335114643201,6290.54876964648,4091.75223134935
2025-10-17,0.3,2300,0.669739646130062,0.682183093615504,6290.54876964648,3991.9422516177
2025-10-17,0.3,2400,0.653588596781233,0.662247905732029,6290.54876964648,3892.14493990493
2025-10-17,0.3,2500,0.636626427170041,0.644185075528065,6290.54876964648,3792.37296422782
2025-10-17,0.3,2600,0.619180827655458,0.625861841565956,6290.54876964648,3692.60098854872
2025-10-17,0.3,2700,0.601464174272531,0.608861107924219,6290.54876964648,3592.85434890852
2025-10-17,0.3,2800,0.586340088796991,0.591555281738189,6290.54876964648,3493.15838133773
2025-10-17,0.3,2900,0.569408898321572,0.574083837294564,6290.54876964648,3393.43707773096
2025-10-17,0.3,3000,0.552860915216909,0.559088811882069,6290.54876964648,3293.79178223679
2025-10-17,0.3,3100,0.536142439254087,0.541778090431757,6290.54876964648,3194.09581466164
2025-10-17,0.3,3200,0.52107847545287,0.525293817358193,6290.54876964648,3094.47585520117
2025-10-17,0.3,3300,0.505658124915855,0.509453253056881,6290.54876964648,2994.88123177998
2025-10-17,0.3,3400,0.489995330303431,0.493434113618174,6290.54876964648,2895.28660834795
2025-10-17,0.3,3450,0.481429731466649,0.485379711630789,6290.54876964648,2845.46396060223
2025-10-17,0.3,3500,0.474172440176278,0.477918956480331,6290.54876964648,2795.71732095972
2025-10-17,0.3,3550,0.466827056393248,0.469214945501146,6290.54876964648,2745.92000924369
2025-10-17,0.3,3600,0.459406482573195,0.462237564665765,6290.54876964648,2696.19870563536
2025-10-17,0.3,3650,0.451921755034148,0.454085781116154,6290.54876964648,2646.42672996556
2025-10-17,0.3,3700,0.444382346781881,0.447462030010712,6290.54876964648,2596.73076238835
2025-10-17,0.3,3750,0.436796412855209,0.439738114241769,6290.54876964648,2546.98412274688
2025-10-17,0.3,3800,0.430117926175828,0.432444594066689,6290.54876964648,2497.31349122251
2025-10-17,0.3,3850,0.42241806937937,0.425084858748303,6290.54876964648,2447.59218761122
2025-10-17,0.3,3900,0.415978923288437,0.418500522087333,6290.54876964648,2397.99756418517
2025-10-17,0.3,3950,0.408586521103151,0.410995693405705,6290.54876964648,2348.30159661271
2025-10-17,0.3,3975,0.404473169206089,0.407614313322001,6290.54876964648,2323.45361282885
2025-10-17,0.3,4000,0.401919231540462,0.404204926913287,6290.54876964648,2298.70697319468
2025-10-17,0.3,4025,0.397787150309866,0.400769140856523,6290.54876964648,2273.85898940662
2025-10-17,0.3,4050,0.394401229592054,0.396589815960024,6290.54876964648,2249.01100561053
2025-10-17,0.3,4075,0.390988849999896,0.393123138661057,6290.54876964648,2224.21369391258
2025-10-17,0.3,4100,0.387901633099033,0.38997624828486,6290.54876964648,2199.46705426093
2025-10-17,0.3,4125,0.384090460161795,0.386790207581451,6290.54876964648,2174.66974254925
2025-10-17,0.3,4150,0.381272744294401,0.383242720004762,6290.54876964648,2149.92310289944
2025-10-17,0.3,4175,0.377102460648352,0.379676307080241,6290.54876964648,2125.0751191173
2025-10-17,0.3,4200,0.374212419579486,0.376401688141243,6290.54876964648,2100.35381551304
2025-10-17,0.3,4225,0.37003388397887,0.372490460454952,6290.54876964648,2075.48049568817
2025-10-17,0.3,4250,0.36767971093096,0.369168743078164,6290.54876964648,2050.80986415133
2025-10-17,0.3,4275,0.363484619616388,0.365817589796215,6290.54876964648,2025.98721641812
2025-10-17,0.3,4300,0.360737313627382,0.362438447797073,6290.54876964648,2001.29124885541
2025-10-17,0.3,4325,0.35681377472977,0.359032658621803,6290.54876964648,1976.49393713618
2025-10-17,0.3,4350,0.354253905703496,0.355601466459158,6290.54876964648,1951.82330559771
2025-10-17,0.3,4375,0.35003286002948,0.352146025276015,6290.54876964648,1927.00065784183
2025-10-17,0.3,4400,0.347383003123588,0.34917656378285,6290.54876964648,1902.38069838603
2025-10-17,0.3,4425,0.343659330270541,0.345664003567572,6290.54876964648,1877.60872270595
2025-10-17,0.3,4450,0.340911028639496,0.342614269344435,6290.54876964648,1852.98876324534
2025-10-17,0.3,4475,0.337145170657317,0.339049914060727,6290.54876964648,1828.21678757842
2025-10-17,0.3,4500,0.334306978062409,0.335926801514013,6290.54876964648,1803.59682810548
2025-10-17,0.3,4525,0.33095902110864,0.332763237407828,6290.54876964648,1778.92619657131
2025-10-17,0.3,4550,0.328025253426262,0.329561065469832,6290.54876964648,1754.3062371099
2025-10-17,0.3,4575,0.324610038684461,0.326321985800281,6290.54876964648,1729.63560557523
2025-10-17,0.3,4600,0.322007897217564,0.323460521637021,6290.54876964648,1705.11699024877
2025-10-17,0.3,4625,0.318521528703467,0.320142004662949,6290.54876964648,1680.44635873306
2025-10-17,0.3,4650,0.315806212335227,0.317182761088101,6290.54876964648,1655.92774340575
2025-10-17,0.3,4670,0.312811425707434,0.31474020902032,6290.54876964648,1636.20643979954
2025-10-17,0.3,4675,0.312255054474479,0.313791695249621,6290.54876964648,1631.25711187647
2025-10-17,0.3,4680,0.311696180166586,0.313223702857165,6290.54876964648,1626.35845602024
2025-10-17,0.3,4690,0.310571025353544,0.312080588797944,6290.54876964648,1616.56114428857
2025-10-17,0.3,4700,0.309811135399782,0.311113152153239,6290.54876964648,1606.83984069698
2025-10-17,0.3,4710,0.307919865760201,0.309766493325283,6290.54876964648,1596.9158487935
2025-10-17,0.3,4720,0.306770472113001,0.308595867851689,6290.54876964648,1587.11853709115
2025-10-17,0.3,4725,0.306192301383439,0.308007235313712,6290.54876964648,1582.21988122991
2025-10-17,0.3,4730,0.305611844547994,0.307416417078067,6290.54876964648,1577.32122539011
2025-10-17,0.3,4740,0.304444158561276,0.306228303549309,6290.54876964648,1567.52391367094
2025-10-17,0.3,4750,0.303799871204875,0.305206513900517,6290.54876964648,1557.8279460941
2025-10-17,0.3,4760,0.302082282893598,0.303826710029726,6290.54876964648,1547.92929023712
2025-10-17,0.3,4770,0.300888414082367,0.302613527189009,6290.54876964648,1538.13197852221
2025-10-17,0.3,4775,0.300288314344152,0.302003901621566,6290.54876964648,1533.23332265807
2025-10-17,0.3,4780,0.30002952017335,0.301392276329932,6290.54876964648,1528.38533887392
2025-10-17,0.3,4790,0.298815186421658,0.300163093658421,6290.54876964648,1518.58802717539
2025-10-17,0.3,4800,0.29809469854324,0.299091638322955,6290.54876964648,1508.8920596093
2025-10-17,0.3,4810,0.296362470277648,0.298008737324085,6290.54876964648,1499.04407582295
2025-10-17,0.3,4820,0.295124352002591,0.296753064491612,6290.54876964648,1489.24676410164
2025-10-17,0.3,4825,0.294828333741597,0.29612245491689,6290.54876964648,1484.39878032799
2025-10-17,0.3,4830,0.294202745741783,0.295809509577065,6290.54876964648,1479.55079651119
2025-10-17,0.3,4840,0.2929459657996,0.294535868912783,6290.54876964648,1469.7534848283
2025-10-17,0.3,4850,0.292471249292008,0.293411245390166,6290.54876964648,1460.10818930529
2025-10-17,0.3,4860,0.290723532258885,0.292276205024553,6290.54876964648,1450.26020554139
2025-10-17,0.3,4870,0.289750732651342,0.291283257271742,6290.54876964648,1440.56423797184
2025-10-17,0.3,4875,0.289105586586422,0.290630275582549,6290.54876964648,1435.66558209214
2025-10-17,0.3,4880,0.288458714809876,0.289975629154253,6290.54876964648,1430.76692625024
2025-10-17,0.3,4890,0.28746175116502,0.288959327469251,6290.54876964648,1421.07095867754
2025-10-17,0.3,4900,0.286599845300589,0.28778278256758,6290.54876964648,1411.37499109854
2025-10-17,0.3,4910,0.285132787418494,0.286596737011496,6290.54876964648,1401.57767939164
2025-10-17,0.3,4920,0.284099327861284,0.285545112735064,6290.54876964648,1391.88171182813
2025-10-17,0.3,4925,0.283433057217585,0.285157297791389,6290.54876964648,1387.03372803391
2025-10-17,0.3,4930,0.283052943292968,0.28448096449831,6290.54876964648,1382.18574427036
2025-10-17,0.3,4940,0.281993892592118,0.283404535754776,6290.54876964648,1372.48977669233
2025-10-17,0.3,4950,0.281342263212407,0.282454517898118,6290.54876964648,1362.89515324324
2025-10-17,0.3,4960,0.279838775338134,0.281215763995405,6290.54876964648,1353.09784156178
2025-10-17,0.3,4970,0.278743175464921,0.280103861175004,6290.54876964648,1343.40187396244
2025-10-17,0.3,4975,0.278054841061834,0.279678045650941,6290.54876964648,1338.55389019917
2025-10-17,0.3,4980,0.277635843837651,0.278980559693886,6290.54876964648,1333.70590638966
2025-10-17,0.3,4990,0.276516991022537,0.278110111855215,6290.54876964648,1324.06061090716
2025-10-17,0.3,5000,0.276045482339137,0.277091890190517,6290.54876964648,1314.51665957393
2025-10-17,0.3,5010,0.274506384764148,0.275802288985614,6290.54876964648,1304.71934782399
2025-10-17,0.3,5020,0.273351170641896,0.274887041475202,6290.54876964648,1295.07405233749
2025-10-17,0.3,5025,0.27340820556396,0.274549448828959,6290.54876964648,1290.40342078784
2025-10-17,0.3,5030,0.272439677816652,0.273703895824785,6290.54876964648,1285.4287568193
2025-10-17,0.3,5040,0.271511430061733,0.272759060341698,6290.54876964648,1275.8341334041
2025-10-17,0.3,5050,0.270937513875626,0.271920724068842,6290.54876964648,1266.34085413106
2025-10-17,0.3,5060,0.269361563429802,0.270579593804519,6290.54876964648,1256.54354242698
2025-10-17,0.3,5070,0.268388318824691,0.269590859413244,6290.54876964648,1246.9489190063
2025-10-17,0.3,5075,0.268255550933647,0.269209689165101,6290.54876964648,1242.25295142389
2025-10-17,0.3,5080,0.267399618775936,0.268587032794128,6290.54876964648,1237.35429555495
2025-10-17,0.3,5090,0.266395772511734,0.267568408623455,6290.54876964648,1227.75967215513
2025-10-17,0.3,5100,0.265841606184975,0.266765663861423,6290.54876964648,1218.3170649515
2025-10-17,0.3,5110,0.264343809419229,0.265487881867586,6290.54876964648,1208.57042526955
2025-10-17,0.3,5120,0.263296245563703,0.264426506789317,6290.54876964648,1198.97580184239
2025-10-17,0.3,5125,0.263105238870647,0.264114194894362,6290.54876964648,1194.30517035278
2025-10-17,0.3,5130,0.262234642165884,0.263573607396259,6290.54876964648,1189.43185053951
2025-10-17,0.3,5140,0.261380690087278,0.262482374116248,6290.54876964648,1179.88789914047
2025-10-17,0.3,5150,0.260725709983566,0.26159461400955,6290.54876964648,1170.44529193121
2025-10-17,0.3,5160,0.259400212405216,0.260474650155708,6290.54876964648,1160.79999644743
2025-10-17,0.3,5170,0.258279818833317,0.259553360981133,6290.54876964648,1151.25604507583
2025-10-17,0.3,5175,0.258138210071695,0.259086074244899,6290.54876964648,1146.58541355385
2025-10-17,0.3,5180,0.257357275720207,0.258405694209714,6290.54876964648,1141.71209373014
2025-10-17,0.3,5190,0.256209081005303,0.257452092507374,6290.54876964648,1132.16814239151
2025-10-17,0.3,5200,0.255766836659985,0.256684976218029,6290.54876964648,1122.85221533157
2025-10-17,0.3,5210,0.254282100965752,0.255494138861779,6290.54876964648,1113.18158378263
2025-10-17,0.3,5220,0.253493547668007,0.254490420508912,6290.54876964648,1103.73897660888
2025-10-17,0.3,5225,0.253289696872495,0.254179837381486,6290.54876964648,1099.11901714241
2025-10-17,0.3,5230,0.252485876869446,0.253470605846054,6290.54876964648,1094.24569734313
2025-10-17,0.3,5240,0.251462117764446,0.252434976161726,6290.54876964648,1084.75241804378
2025-10-17,0.3,5250,0.250903969597123,0.251766533208122,6290.54876964648,1075.4871630448
2025-10-17,0.3,5260,0.249557911472227,0.250506578620113,6290.54876964648,1065.8672036157
2025-10-17,0.3,5270,0.24867326853129,0.249609678018902,6290.54876964648,1056.47526845133
2025-10-17,0.3,5275,0.248410118390184,0.249246694317854,6290.54876964648,1051.85530899581
2025-10-17,0.3,5280,0.247954378453164,0.24878562677915,6290.54876964648,1047.1593414384
2025-10-17,0.3,5290,0.247028584442192,0.247758395732696,6290.54876964648,1037.74207028681
2025-10-17,0.3,5300,0.246084008274234,0.246804744262806,6290.54876964648,1028.35013511598
2025-10-17,0.3,5310,0.245120998322142,0.245832876705434,6290.54876964648,1018.95819997241
2025-10-17,0.3,5320,0.244139885787505,0.244843115239982,6290.54876964648,1009.56626485181
2025-10-17,0.3,5325,0.243642640004757,0.244428775647306,6290.54876964648,1004.89563327581
2025-10-17,0.3,5330,0.243140985573771,0.243922399992943,6290.54876964648,1000.19966570534
2025-10-17,0.3,5340,0.242124597595911,0.242982293591267,6290.54876964648,990.8330666738
2025-10-17,0.3,5350,0.241260887002953,0.242023145862995,6290.54876964648,981.517139593769
2025-10-17,0.3,5360,0.240208381317016,0.241045289755949,6290.54876964648,972.15054048484
2025-10-17,0.3,5370,0.239305035090474,0.240049041337726,6290.54876964648,962.8346134373
2025-10-17,0.3,5375,0.238763354743538,0.239585105907569,6290.54876964648,958.163981919138
2025-10-17,0.3,5380,0.2382995053152,0.239116190520983,6290.54876964648,953.518686410169
2025-10-17,0.3,5390,0.23727596943658,0.238163594355985,6290.54876964648,944.202759375513
2025-10-17,0.3,5400,0.236394559058092,0.237191590447167,6290.54876964648,934.937504468067
2025-10-17,0.3,5410,0.235412946083091,0.236200498791144,6290.54876964648,925.646913476963
2025-10-17,0.3,5420,0.234490314639855,0.235268263229377,6290.54876964648,916.406994526115
2025-10-17,0.3,5425,0.233982515662663,0.234755920125617,6290.54876964648,911.761699002977
2025-10-17,0.3,5430,0.233470081172876,0.234315701988976,6290.54876964648,907.141739596143
2025-10-17,0.3,5440,0.232583715139657,0.233267350729317,6290.54876964648,897.901820619027
2025-10-17,0.3,5450,0.231675610727874,0.232350927860713,6290.54876964648,888.712573780642
2025-10-17,0.3,5460,0.230597549404971,0.231413350290865,6290.54876964648,879.472654872039
2025-10-17,0.3,5470,0.229648850097352,0.230454965519509,6290.54876964648,870.283408007727
2025-10-17,0.3,5475,0.229239705538412,0.229968074152041,6290.54876964648,865.714120612961
2025-10-17,0.3,5480,0.228679440940538,0.229476102856486,6290.54876964648,861.094161139577
2025-10-17,0.3,5490,0.22776136060879,0.228477073130706,6290.54876964648,851.930250347059
2025-10-17,0.3,5500,0.226892360394646,0.227458169999818,6290.54876964648,842.791675565737
2025-10-17,0.3,5510,0.225860260422876,0.22655927767797,6290.54876964648,833.653100734943
2025-10-17,0.3,5520,0.224877911412003,0.225637845458068,6290.54876964648,824.539862050384
2025-10-17,0.3,5525,0.224413330313367,0.225100227278268,6290.54876964648,819.970574606112
2025-10-17,0.3,5530,0.223943191838306,0.224694231317226,6290.54876964648,815.451959365045
2025-10-17,0.3,5540,0.222986411415604,0.22372877256884,6290.54876964648,806.364056647678
2025-10-17,0.3,5550,0.222074719956717,0.222741787172256,6290.54876964648,797.301489953817
2025-10-17,0.3,5560,0.221074023309048,0.221733574023813,6290.54876964648,788.213587220599
2025-10-17,0.3,5570,0.220117516025794,0.220834622184632,6290.54876964648,779.201692674863
2025-10-17,0.3,5575,0.219663337800317,0.220311553009677,6290.54876964648,774.68307734295
2025-10-17,0.3,5580,0.219138698910266,0.219783352829413,6290.54876964648,770.139125936517
2025-10-17,0.3,5590,0.2182017047267,0.218838993630511,6290.54876964648,761.152567368787
2025-10-17,0.3,5600,0.217304651621418,0.217871666998286,6290.54876964648,752.19134484712
2025-10-17,0.3,5610,0.216258591415293,0.216881682743012,6290.54876964648,743.179450233719
2025-10-17,0.3,5620,0.215253086669313,0.21586933073884,6290.54876964648,734.192891668421
2025-10-17,0.3,5625,0.214803330770873,0.21547724058799,6290.54876964648,729.775620514429
2025-10-17,0.3,5630,0.214286351572441,0.214956609004355,6290.54876964648,725.282341265038
2025-10-17,0.3,5640,0.213356631309221,0.213959207201332,6290.54876964648,716.371790786526
2025-10-17,0.3,5650,0.212402550557832,0.212938941574621,6290.54876964648,707.46124032218
2025-10-17,0.3,5660,0.211365406455686,0.211954967405855,6290.54876964648,698.550689824904
2025-10-17,0.3,5670,0.210422543921266,0.211063867634612,6290.54876964648,689.741483544714
2025-10-17,0.3,5675,0.209912782472787,0.210492755602569,6290.54876964648,685.273540274415
2025-10-17,0.3,5680,0.209454929161119,0.210031700724032,6290.54876964648,680.881605165849
2025-10-17,0.3,5690,0.208462859470873,0.209090464802696,6290.54876964648,672.07239885075
2025-10-17,0.3,5700,0.207503121807958,0.208067602386712,6290.54876964648,663.263192516157
2025-10-17,0.3,5710,0.206462358790014,0.207132561361208,6290.54876964648,654.479322238108
2025-10-17,0.3,5720,0.205453254482283,0.206116455690503,6290.54876964648,645.695451935249
2025-10-17,0.3,5725,0.205049526873787,0.205599226490168,6290.54876964648,641.354188862257
2025-10-17,0.3,5730,0.204529048230781,0.205075918954841,6290.54876964648,636.962253765143
2025-10-17,0.3,5740,0.203524041305821,0.20411932552425,6290.54876964648,628.254391614352
2025-10-17,0.3,5750,0.202547422257089,0.203136536172422,6290.54876964648,619.571865473669
2025-10-17,0.3,5755,0.201782551473782,0.20242240544369,6290.54876964648,615.002578066586
2025-10-17,0.3,5760,0.20154472050102,0.202127816035253,6290.54876964648,610.889339304551
2025-10-17,0.3,5765,0.200769620594423,0.201402968403033,6290.54876964648,606.320051911868
2025-10-17,0.3,5770,0.200516184002251,0.201093407547651,6290.54876964648,602.206813177611
2025-10-17,0.3,5775,0.200044553082763,0.200618802944287,6290.54876964648,597.916222155171
2025-10-17,0.3,5780,0.199514032308578,0.200085435524444,6290.54876964648,593.574959090194
2025-10-17,0.3,5785,0.198770166778346,0.199390777732114,6290.54876964648,589.056343779334
2025-10-17,0.3,5790,0.198485445460182,0.199051171100803,6290.54876964648,584.943105088566
2025-10-17,0.3,5795,0.197679496657454,0.198396385410678,6290.54876964648,580.424489748261
2025-10-17,0.3,5800,0.197532559129995,0.1980417083794,6290.54876964648,576.387259079312
2025-10-17,0.3,5805,0.196665164719697,0.197374967126762,6290.54876964648,571.843307720573
2025-10-17,0.3,5810,0.196450746032307,0.197005368707128,6290.54876964648,567.780741069435
2025-10-17,0.3,5815,0.195724343818983,0.196326739121826,6290.54876964648,563.312797845011
2025-10-17,0.3,5820,0.195493008093583,0.195992248652871,6290.54876964648,559.275567157552
2025-10-17,0.3,5825,0.194953701600578,0.195500207653642,6290.54876964648,555.01031220535
2025-10-17,0.3,5830,0.19440776598259,0.195001090349076,6290.54876964648,550.745057252064
2025-10-17,0.3,5835,0.19365817703858,0.194347393142211,6290.54876964648,546.302450017442
2025-10-17,0.3,5840,0.19339410576124,0.19398173538122,6290.54876964648,542.265219374582
2025-10-17,0.3,5845,0.192632778078253,0.193315418316911,6290.54876964648,537.822612200654
2025-10-17,0.3,5850,0.192400843978099,0.192934384420214,6290.54876964648,533.810717567647
2025-10-17,0.3,5855,0.191579273403336,0.19225550279574,6290.54876964648,529.342774324195
2025-10-17,0.3,5860,0.19133063181275,0.19190723239066,6290.54876964648,525.356215786248
2025-10-17,0.3,5865,0.19049783239812,0.191263436161397,6290.54876964648,520.913608581047
2025-10-17,0.3,5870,0.190327898624545,0.190851527029602,6290.54876964648,516.952385983983
2025-10-17,0.3,5875,0.189768081498064,0.190336694820743,6290.54876964648,512.73780317382
2025-10-17,0.3,5880,0.189248566046327,0.189814565408473,6290.54876964648,508.548556284899
2025-10-17,0.3,5885,0.188439769433789,0.18919130309575,6290.54876964648,504.156621165377
2025-10-17,0.3,5890,0.188234384575373,0.188795200690834,6290.54876964648,500.220734647351
2025-10-17,0.3,5895,0.187366797643236,0.188111567575,6290.54876964648,495.778127506819
2025-10-17,0.3,5900,0.187190257154628,0.187746026956926,6290.54876964648,491.892912973163
2025-10-17,0.3,5905,0.186264715328346,0.187095088211112,6290.54876964648,487.450305799077
2025-10-17,0.3,5910,0.186116330758436,0.186713063328987,6290.54876964648,483.590427428585
2025-10-17,0.3,5915,0.185225152261332,0.186048153143843,6290.54876964648,479.173156301397
2025-10-17,0.3,5920,0.185058250379294,0.185649746879708,6290.54876964648,475.313277859382
2025-10-17,0.3,5925,0.184517813056957,0.185152019137527,6290.54876964648,471.200039139459
2025-10-17,0.3,5930,0.183969794623343,0.184556193587852,6290.54876964648,467.036128349789
2025-10-17,0.3,5935,0.183144504288009,0.183863414593297,6290.54876964648,462.669529179886
2025-10-17,0.3,5940,0.182940545080728,0.183521888709887,6290.54876964648,458.860322867488
2025-10-17,0.3,5945,0.182012918983628,0.18281483297682,6290.54876964648,454.443051666205
2025-10-17,0.3,5950,0.181879567706302,0.182411675657882,6290.54876964648,450.659181460687
2025-10-17,0.3,5955,0.180939489389822,0.181734669338724,6290.54876964648,446.267246259391
2025-10-17,0.3,5960,0.180830946508616,0.181402555052006,6290.54876964648,442.559384105771
2025-10-17,0.3,5965,0.179922039558708,0.180622996584102,6290.54876964648,438.142112926025
2025-10-17,0.3,5970,0.179706398801477,0.180316953945265,6290.54876964648,434.40891472824
2025-10-17,0.3,5975,0.179175752298744,0.179783818191913,6290.54876964648,430.37168407175
2025-10-17,0.3,5980,0.178636872904451,0.179242485926789,6290.54876964648,426.334453483801
2025-10-17,0.3,5985,0.177701719101603,0.178477595207359,6290.54876964648,421.942518332201
2025-10-17,0.3,5990,0.177577368038327,0.178178145604754,6290.54876964648,418.310664312564
2025-10-17,0.3,5995,0.176671464749241,0.177441147850914,6290.54876964648,413.969401154988
2025-10-17,0.3,6000,0.176526893799756,0.177080385790763,6290.54876964648,410.312211035166
2025-10-17,0.3,6005,0.175606894070388,0.176370572906319,6290.54876964648,405.996284017792
2025-10-17,0.3,6010,0.175442214993402,0.176033683845176,6290.54876964648,402.36442995275
2025-10-17,0.3,6015,0.174508034422645,0.175265891910407,6290.54876964648,398.023166985701
2025-10-17,0.3,6020,0.174323336712436,0.174910362718972,6290.54876964648,394.391312889994
2025-10-17,0.3,6025,0.173751063728597,0.174335919608015,6290.54876964648,390.404754286736
2025-10-17,0.3,6030,0.173253494456773,0.173836158963277,6290.54876964648,386.519539862937
2025-10-17,0.3,6035,0.172290364160341,0.173119966664715,6290.54876964648,382.228948891242
2025-10-17,0.3,6040,0.172148143345165,0.172726586923138,6290.54876964648,378.647766853019
2025-10-17,0.3,6045,0.171252619791692,0.171993874562813,6290.54876964648,374.407847918427
2025-10-17,0.3,6050,0.171089299718069,0.171622601072217,6290.54876964648,370.852001948054
2025-10-17,0.3,6055,0.170178007563736,0.170914025973681,6290.54876964648,366.637419117352
2025-10-17,0.3,6060,0.169993656334629,0.170563980089424,6290.54876964648,363.106909120945
2025-10-17,0.3,6065,0.169066468977773,0.16979743176133,6290.54876964648,358.866990229257
2025-10-17,0.3,6070,0.16886112995789,0.169427602984877,6290.54876964648,355.336480294509
2025-10-17,0.3,6075,0.168361670246759,0.168926231006566,6290.54876964648,351.552610061014
2025-10-17,0.3,6080,0.167772000593783,0.168334722282543,6290.54876964648,347.667395702781
2025-10-17,0.3,6085,0.16689248967679,0.167613778929179,6290.54876964648,343.52882078257
2025-10-17,0.3,6090,0.166684594612996,0.167283614599102,6290.54876964648,340.074318969232
2025-10-17,0.3,6095,0.165827657791058,0.16654433932501,6290.54876964648,335.961080270983
2025-10-17,0.3,6100,0.165637686321252,0.166153585185497,6290.54876964648,332.506578507606
2025-10-17,0.3,6105,0.164723271762468,0.165435529514191,6290.54876964648,328.39333975915
2025-10-17,0.3,6110,0.164511286009785,0.165102938797769,6290.54876964648,324.989509987666
2025-10-17,0.3,6115,0.163657828405259,0.164365810076691,6290.54876964648,320.926943266998
2025-10-17,0.3,6120,0.163423559886864,0.164011736513337,6290.54876964648,317.523113579846
2025-10-17,0.3,6125,0.162903471817263,0.163450862626772,6290.54876964648,313.815251362354
2025-10-17,0.3,6130,0.162333907090366,0.162918749290984,6290.54876964648,310.107389236566
2025-10-17,0.3,6135,0.161481813436854,0.162181771618787,6290.54876964648,306.09549468231
2025-10-17,0.3,6140,0.161280200143827,0.161823070691909,6290.54876964648,302.767673009057
2025-10-17,0.3,6145,0.160447235128401,0.161143425528443,6290.54876964648,298.831786528045
2025-10-17,0.3,6150,0.16022233862549,0.160762361072724,6290.54876964648,295.503964840674
2025-10-17,0.3,6155,0.159369292258088,0.160061907980154,6290.54876964648,291.568078382234
2025-10-17,0.3,6160,0.159159437196832,0.159658376968033,6290.54876964648,288.26559281119
2025-10-17,0.3,6165,0.158324267275212,0.158936910909873,6290.54876964648,284.355042342347
2025-10-17,0.3,6170,0.158090604407528,0.158587164795069,6290.54876964648,281.1032288509
2025-10-17,0.3,6175,0.157539390955407,0.1580729213567,6290.54876964648,277.547382800595
2025-10-17,0.3,6180,0.156976913738822,0.157547280130729,6290.54876964648,273.991536884157
2025-10-17,0.3,6185,0.1561754409597,0.15685843277263,6290.54876964648,270.182330505987
2025-10-17,0.3,6190,0.155969400683022,0.156461610484467,6290.54876964648,266.981189049302
2025-10-17,0.3,6195,0.155145741617385,0.155750335714618,6290.54876964648,263.171982775299
2025-10-17,0.3,6200,0.154952606270169,0.155405139256111,6290.54876964648,260.046849516166
2025-10-17,0.3,6205,0.154068740692544,0.154746282231144,6290.54876964648,256.262979151372
2025-10-17,0.3,6210,0.153888085649905,0.154376511371314,6290.54876964648,253.163181788349
2025-10-17,0.3,6215,0.153093976285407,0.153694081262312,6290.54876964648,249.455319663725
2025-10-17,0.3,6220,0.152850223265223,0.153374421814319,6290.54876964648,246.380858404943
2025-10-17,0.3,6225,0.152331535962982,0.152854897922471,6290.54876964648,243.002364656384
2025-10-17,0.3,6230,0.151800396004803,0.152322963866278,6290.54876964648,239.623871011494
2025-10-17,0.3,6235,0.150995812462762,0.151666727350206,6290.54876964648,235.992016920703
2025-10-17,0.3,6240,0.150812114614649,0.151295998683315,6290.54876964648,232.993563754542
2025-10-17,0.3,6245,0.150019942255587,0.150614737093106,6290.54876964648,229.387045747841
2025-10-17,0.3,6250,0.149846734592123,0.150292294300287,6290.54876964648,226.464600654019
2025-10-17,0.3,6255,0.148992106577055,0.149659709594112,6290.54876964648,222.883418688486
2025-10-17,0.3,6260,0.148791949639704,0.149310664299546,6290.54876964648,219.960973596094
2025-10-17,0.3,6270,0.147795186956797,0.148349968101975,6290.54876964648,213.584026700692
2025-10-17,0.3,6275,0.147331999786121,0.147849407829495,6290.54876964648,210.433557385172
2025-10-17,0.3,6280,0.146818174133238,0.147372176605432,6290.54876964648,207.283087970663
2025-10-17,0.3,6290,0.145859811626312,0.146413248029004,6290.54876964648,201.083493366591
2025-10-17,0.3,6300,0.144938125621009,0.14549121525156,6290.54876964648,195.011467916551
2025-10-17,0.3,6310,0.143953006653072,0.144579704818499,6290.54876964648,188.981491372484
2025-10-17,0.3,6320,0.143057218545781,0.143647172688699,6290.54876964648,183.078194965479
2025-10-17,0.3,6325,0.142587219187029,0.143177329908555,6290.54876964648,180.139214877258
2025-10-17,0.3,6330,0.142139202242459,0.14276643024312,6290.54876964648,177.276242722351
2025-10-17,0.3,6340,0.141234895735032,0.141862808694342,6290.54876964648,171.550298752498
2025-10-17,0.3,6350,0.140380404507967,0.140898315320012,6290.54876964648,165.9003627592
2025-10-17,0.3,6360,0.139500963294647,0.140094064289234,6290.54876964648,160.427779000755
2025-10-17,0.3,6370,0.138632694314244,0.139264456109613,6290.54876964648,155.031203408191
2025-10-17,0.3,6375,0.138230418841368,0.138863094788052,6290.54876964648,152.396255609694
2025-10-17,0.3,6380,0.137812096971571,0.138445771907235,6290.54876964648,149.761307924039
2025-10-17,0.3,6390,0.137001416904645,0.137599935577271,6290.54876964648,144.567420525044
2025-10-17,0.3,6400,0.136237572613439,0.136725856890232,6290.54876964648,139.474877309689
2025-10-17,0.3,6410,0.135407264195658,0.136048735028867,6290.54876964648,134.559686413129
2025-10-17,0.3,6420,0.134660550564577,0.13526741417851,6290.54876964648,129.720503500096
2025-10-17,0.3,6425,0.134318753724505,0.134813216162428,6290.54876964648,127.31358017179
2025-10-17,0.3,6430,0.133959994735486,0.134455906980723,6290.54876964648,124.98266486954
2025-10-17,0.3,6440,0.133152318329382,0.133766540701327,6290.54876964648,120.346170283581
2025-10-17,0.3,6450,0.1325054629965,0.133007965367586,6290.54876964648,115.861691952347
2025-10-17,0.3,6460,0.131749763412247,0.132372874821609,6290.54876964648,111.478557800222
2025-10-17,0.3,6470,0.131117873705543,0.131667518606722,6290.54876964648,107.222103640814
2025-10-17,0.3,6475,0.130794975437778,0.131346966689768,6290.54876964648,105.144548704528
2025-10-17,0.3,6480,0.130493730128834,0.131008561610097,6290.54876964648,103.092329828785
2025-10-17,0.3,6490,0.129797345460724,0.130356994803622,6290.54876964648,99.0132280633195
2025-10-17,0.3,6500,0.12922832264715,0.129712803344341,6290.54876964648,95.1114785850697
2025-10-17,0.3,6510,0.128627199036179,0.129157606305426,6290.54876964648,91.3364092219688
2025-10-17,0.3,6520,0.127992880178266,0.128529311940418,6290.54876964648,87.5866759761625
2025-10-17,0.3,6525,0.12768885428936,0.128269931472951,6290.54876964648,85.7878173015146
2025-10-17,0.3,6530,0.127449500167631,0.127992294027121,6290.54876964648,84.039630926838
2025-10-17,0.3,6540,0.126915879253425,0.127423218535614,6290.54876964648,80.5685939858985
2025-10-17,0.3,6550,0.126349716764309,0.126863806679972,6290.54876964648,77.1735651571108
2025-10-17,0.3,6560,0.125836826945094,0.12640144809535,6290.54876964648,73.9558886279544
2025-10-17,0.3,6575,0.125056494897377,0.125633682062989,6290.54876964648,69.2433859600364
2025-10-17,0.3,6600,0.12395906060973,0.124467232843547,6290.54876964648,61.9972797164583
2025-10-17,0.3,6625,0.122560370244722,0.123333450491005,6290.54876964648,55.1312140219745
2025-10-17,0.3,6650,0.121894111388075,0.122350037589609,6290.54876964648,49.2279176323368
2025-10-17,0.3,6675,0.120647741886046,0.12139591900324,6290.54876964648,43.5273095190383
2025-10-17,0.3,6700,0.120042381775994,0.120607259330996,6290.54876964648,38.6627906979145
2025-10-17,0.3,6725,0.118955338283416,0.119676921193455,6290.54876964648,33.9502879810293
2025-10-17,0.3,6750,0.118407716826049,0.118984594617944,6290.54876964648,29.9725304211416
2025-10-17,0.3,6775,0.117509971777198,0.118197945729345,6290.54876964648,26.197461068166
2025-10-17,0.3,6800,0.117029347046504,0.117694400422494,6290.54876964648,23.0304565733251
2025-10-17,0.3,6825,0.116219162035735,0.117019039924948,6290.54876964648,20.015468330209
2025-10-17,0.3,6850,0.115815553025348,0.116422440358902,6290.54876964648,17.4565286822133
2025-10-17,0.3,6875,0.114923949903357,0.116059100135931,6290.54876964648,15.1002773630367
2025-10-17,0.3,6900,0.114697492562018,0.115523459706929,6290.54876964648,13.1240665584075
2025-10-17,0.3,6925,0.114009376146621,0.115144512700395,6290.54876964648,11.2998719885931
2025-10-17,0.3,6950,0.113645236441427,0.114769731034075,6290.54876964648,9.75437381242912
2025-10-17,0.3,6975,0.113063947090912,0.114447794502387,6290.54876964648,8.36089184568115
2025-10-17,0.3,7000,0.113024124319698,0.114094839253718,6290.54876964648,7.22077022934084
2025-10-17,0.3,7050,0.112718941990089,0.114033288872358,6290.54876964648,5.39657564038868
2025-10-17,0.3,7100,0.112540084108981,0.113938850143948,6290.54876964648,4.00309367056158
2025-10-17,0.3,7200,0.113076687729252,0.11469214327798,6290.54876964648,2.26757520637672
2025-10-17,0.3,7300,0.114370108957422,0.116810812349892,6290.54876964648,1.35547791732676
2025-10-17,0.3,7400,0.116120818591912,0.119732228512143,6290.54876964648,0.848757202207903
2025-10-17,0.3,7500,0.119099330066676,0.123571000029726,6290.54876964648,0.582728821402716
2025-10-17,0.3,7600,0.12241482882801,0.128958302255826,6290.54876964648,0.443380626719629
2025-10-17,0.3,7800,0.128333055061867,0.139250599339375,6290.54876964648,0.266028377040295
2025-10-17,0.3,8000,0.137441806899405,0.151816354508157,6290.54876964648,0.215356304481758
2025-10-17,0.3,8200,0.147043728673756,0.16330301924259,6290.54876964648,0.17735225075557
2025-10-17,0.3,8400,0.154689082726918,0.171906637722769,6290.54876964648,0.126680179570421
2025-10-17,0.3,8600,0.174748898451098,0.180294579356968,6290.54876964648,0.126680179091653
2025-10-17,0.3,8800,0.169520238148914,0.189608930111596,6290.54876964648,0.0760081075232668
2025-10-17,0.3,9000,NA,0.197812683643657,6290.54876964648,NA
2025-10-17,0.3,9200,NA,0.217899304723283,6290.54876964648,NA
2025-10-17,0.3,9400,NA,0.226352113556879,6290.54876964648,NA
2025-10-17,0.3,9600,NA,0.23389924742094,6290.54876964648,NA
2025-10-17,0.3,9800,NA,0.247595065036175,6290.54876964648,NA
2025-10-17,0.3,10000,NA,0.257825167816114,6290.54876964648,NA
2025-10-17,0.3,10400,NA,0.277566480096447,6290.54876964648,NA
2025-10-17,0.3,11000,NA,0.305544231402193,6290.54876964648,NA
2025-10-17,0.3,12000,NA,0.338762013876682,6290.54876964648,NA
2025-10-31,0.34,2200,0.666385187962645,0.675280228190355,6300.20854159144,4101.78164242746
2025-10-31,0.34,2400,0.631357111581573,0.638192599456428,6300.20854159144,3902.23834912162
2025-10-31,0.34,2600,0.599564916941162,0.604812374825361,6300.20854159144,3702.84729137893
2025-10-31,0.34,2800,0.568390517167883,0.572504864706986,6300.20854159144,3503.55772401408
2025-10-31,0.34,3000,0.536026786016062,0.539368749326987,6300.20854159144,3304.26815665023
2025-10-31,0.34,3200,0.504718543983837,0.507457672815119,6300.20854159144,3105.08007966386
2025-10-31,0.34,3300,0.48889781248779,0.492624170605754,6300.20854159144,3005.53678635372
2025-10-31,0.34,3400,0.474194031434979,0.477571479882227,6300.20854159144,2906.04423823865
2025-10-31,0.34,3500,0.459294827619398,0.462372631904934,6300.20854159144,2806.55169012433
2025-10-31,0.34,3600,0.445212436047819,0.448002647922317,6300.20854159144,2707.16063237921
2025-10-31,0.34,3700,0.431737814820012,0.433425742399036,6300.20854159144,2607.82031982559
2025-10-31,0.34,3800,0.417929339041944,0.419462922168658,6300.20854159144,2508.53075245721
2025-10-31,0.34,3900,0.403865603462246,0.405958476645071,6300.20854159144,2409.29193027921
2025-10-31,0.34,4000,0.390888760617284,0.392783288285166,6300.20854159144,2310.20534367624
2025-10-31,0.34,4100,0.377539190690914,0.37926359744759,6300.20854159144,2211.11875706061
2025-10-31,0.34,4150,0.371024808578906,0.3726683020303,6300.20854159144,2161.62620894129
2025-10-31,0.34,4200,0.36441824474054,0.365986578277377,6300.20854159144,2112.13366082123
2025-10-31,0.34,4250,0.358230170555555,0.359721125738357,6300.20854159144,2062.74260308049
2025-10-31,0.34,4300,0.351442341949302,0.352868455398558,6300.20854159144,2013.25005495613
2025-10-31,0.34,4350,0.345498870761869,0.346852170065301,6300.20854159144,1963.96048759076
2025-10-31,0.34,4400,0.33897674703096,0.340695472574412,6300.20854159144,1914.62017506168
2025-10-31,0.34,4450,0.33318639589769,0.334410961974094,6300.20854159144,1865.38135288034
2025-10-31,0.34,4500,0.327232693549698,0.328395691200367,6300.20854159144,1816.19327587942
2025-10-31,0.34,4550,0.321130154940347,0.322236417729444,6300.20854159144,1767.00519890729
2025-10-31,0.34,4600,0.315243545507187,0.316641770065389,6300.20854159144,1717.96935747008
2025-10-31,0.34,4650,0.309531214321894,0.31085700977795,6300.20854159144,1668.98426125278
2025-10-31,0.34,4700,0.303955147561837,0.304898308119481,6300.20854159144,1620.04991018176
2025-10-31,0.34,4750,0.298481029919157,0.299373664917457,6300.20854159144,1571.26779470034
2025-10-31,0.34,4800,0.293078142737367,0.293922602892707,6300.20854159144,1522.58716959642
2025-10-31,0.34,4850,0.287719149370594,0.288782962622259,6300.20854159144,1474.05878004447
2025-10-31,0.34,4900,0.282632173208952,0.28363645268367,6300.20854159144,1425.68262607281
2025-10-31,0.34,4925,0.279986783886555,0.280963462161582,6300.20854159144,1401.49454908174
2025-10-31,0.34,4950,0.277515635850159,0.278464209283711,6300.20854159144,1377.40796246399
2025-10-31,0.34,4975,0.274969988556157,0.275891881926252,6300.20854159144,1353.32137587105
2025-10-31,0.34,5000,0.272577831371522,0.273472802825331,6300.20854159144,1329.33627963288
2025-10-31,0.34,5025,0.270104889083979,0.270974348411048,6300.20854159144,1305.35118340221
2025-10-31,0.34,5050,0.267766567873884,0.268610473601255,6300.20854159144,1281.46757757455
2025-10-31,0.34,5075,0.265342400841322,0.266162118229681,6300.20854159144,1257.58397167923
2025-10-31,0.34,5100,0.263035824634298,0.263632975717931,6300.20854159144,1233.75111101415
2025-10-31,0.34,5125,0.260639420036646,0.26141227341857,6300.20854159144,1210.01974072672
2025-10-31,0.34,5150,0.258157122468322,0.258908375423838,6300.20854159144,1186.23762524529
2025-10-31,0.34,5175,0.255958280929132,0.256687213283957,6300.20854159144,1162.65849050732
2025-10-31,0.34,5200,0.253482326395137,0.254367675395001,6300.20854159144,1139.02861060441
2025-10-31,0.34,5225,0.251266104775994,0.251954036382068,6300.20854159144,1115.50022107543
2025-10-31,0.34,5250,0.248948606628996,0.249616932294163,6300.20854159144,1092.02257667043
2025-10-31,0.34,5260,0.247994224944,0.248655006750793,6300.20854159144,1082.63151898358
2025-10-31,0.34,5270,0.247024581064793,0.247840919207398,6300.20854159144,1073.29120642999
2025-10-31,0.34,5275,0.246534111381371,0.247345914710633,6300.20854159144,1068.595677533
2025-10-31,0.34,5280,0.246039915680054,0.246847231489698,6300.20854159144,1063.90014868309
2025-10-31,0.34,5290,0.245200464002896,0.245998172929145,6300.20854159144,1054.61058132384
2025-10-31,0.34,5300,0.24434280758875,0.24497376931982,6300.20854159144,1045.27026874769
2025-10-31,0.34,5310,0.243311007822991,0.244090900693907,6300.20854159144,1035.92995619836
2025-10-31,0.34,5320,0.242419715675429,0.243190637727164,6300.20854159144,1026.64038880239
2025-10-31,0.34,5325,0.242044367212011,0.242657577207213,6300.20854159144,1021.99560516579
2025-10-31,0.34,5330,0.241511116789566,0.242273271748934,6300.20854159144,1017.35082147597
2025-10-31,0.34,5340,0.240585496382942,0.241339079682164,6300.20854159144,1008.06125412444
2025-10-31,0.34,5350,0.239643125848776,0.240388325644115,6300.20854159144,998.771686725886
2025-10-31,0.34,5360,0.238684264065638,0.239421260946364,6300.20854159144,989.482119369564
2025-10-31,0.34,5370,0.237855186448847,0.238583566704008,6300.20854159144,980.294042362781
2025-10-31,0.34,5375,0.237433394529344,0.23801294492599,6300.20854159144,975.649258704265
2025-10-31,0.34,5380,0.236862488261383,0.237583026198389,6300.20854159144,971.004474978002
2025-10-31,0.34,5390,0.235996826111074,0.236709133048269,6300.20854159144,961.816398028384
2025-10-31,0.34,5400,0.235112486868608,0.235816754309197,6300.20854159144,952.628321011309
2025-10-31,0.34,5410,0.234209771904149,0.234906183347783,6300.20854159144,943.44024408821
2025-10-31,0.34,5420,0.233288966726274,0.233977698542165,6300.20854159144,934.252167068425
2025-10-31,0.34,5425,0.232821865817997,0.233506821702925,6300.20854159144,929.658128603245
2025-10-31,0.34,5430,0.23235034301924,0.233031564446163,6300.20854159144,925.064090079164
2025-10-31,0.34,5440,0.231394158060909,0.232202531649271,6300.20854159144,915.926758281503
2025-10-31,0.34,5450,0.230554171600867,0.231220410375871,6300.20854159144,906.789426455321
2025-10-31,0.34,5460,0.229562170886699,0.230352970854636,6300.20854159144,897.652094638984
2025-10-31,0.34,5470,0.228683966877212,0.229335886131075,6300.20854159144,888.514762868942
2025-10-31,0.34,5475,0.228302490311254,0.228950622429178,6300.20854159144,884.022214762907
2025-10-31,0.34,5480,0.227786345374122,0.228431137681982,6300.20854159144,879.428176282339
2025-10-31,0.34,5490,0.226869591158408,0.227507417609968,6300.20854159144,870.34158963823
2025-10-31,0.34,5500,0.22593397387706,0.226564989450217,6300.20854159144,861.255003072249
2025-10-31,0.34,5510,0.225104762673687,0.225728758111899,6300.20854159144,852.269906795887
2025-10-31,0.34,5520,0.224130861195123,0.224748350035479,6300.20854159144,843.1833201968
2025-10-31,0.34,5525,0.223698609941031,0.224312727830224,6300.20854159144,838.69077207207
2025-10-31,0.34,5530,0.223261204835122,0.22387199179092,6300.20854159144,834.198223956828
2025-10-31,0.34,5540,0.222250040267234,0.222975321837566,6300.20854159144,825.162382503479
2025-10-31,0.34,5550,0.221341020103425,0.222058618990113,6300.20854159144,816.17728631689
2025-10-31,0.34,5560,0.220412056539797,0.221122145183035,6300.20854159144,807.192190055314
2025-10-31,0.34,5570,0.21946340321623,0.22016614808993,6300.20854159144,798.207093837538
2025-10-31,0.34,5575,0.219098431432523,0.219680901379921,6300.20854159144,793.765290885306
2025-10-31,0.34,5580,0.218611364423439,0.219190859813844,6300.20854159144,789.272742756786
2025-10-31,0.34,5590,0.21762285718756,0.218311067899368,6300.20854159144,780.338391774907
2025-10-31,0.34,5600,0.216729043629646,0.217410076027191,6300.20854159144,771.454785875795
2025-10-31,0.34,5610,0.215814132996073,0.216488151807035,6300.20854159144,762.571180003487
2025-10-31,0.34,5620,0.21487838271022,0.215545546113918,6300.20854159144,753.687574148957
2025-10-31,0.34,5625,0.214458148718762,0.215011309508179,6300.20854159144,749.245771210427
2025-10-31,0.34,5630,0.213922033606285,0.214582494106791,6300.20854159144,744.803968301188
2025-10-31,0.34,5640,0.213054405055671,0.213708045946625,6300.20854159144,736.021852800529
2025-10-31,0.34,5650,0.21216442418119,0.212703681197684,6300.20854159144,727.188992136534
2025-10-31,0.34,5660,0.211145471137233,0.211786192692327,6300.20854159144,718.356131467329
2025-10-31,0.34,5670,0.210212638219345,0.210846995203276,6300.20854159144,709.574015978401
2025-10-31,0.34,5675,0.209738098808562,0.210369327712795,6300.20854159144,705.182958192016
2025-10-31,0.34,5680,0.209362964549336,0.209886317486638,6300.20854159144,700.842645661985
2025-10-31,0.34,5690,0.208386084293725,0.209007921828427,6300.20854159144,692.111275401464
2025-10-31,0.34,5700,0.207490757336627,0.208003917384907,6300.20854159144,683.379905119762
2025-10-31,0.34,5710,0.206470724686079,0.207080607676903,6300.20854159144,674.648534818692
2025-10-31,0.34,5720,0.205530663977417,0.206134673524216,6300.20854159144,665.967909667498
2025-10-31,0.34,5725,0.205102302741303,0.205603238453196,6300.20854159144,661.627597143368
2025-10-31,0.34,5730,0.20466784585342,0.205166327675848,6300.20854159144,657.338029741718
2025-10-31,0.34,5740,0.203681956798129,0.204175765855058,6300.20854159144,648.657404663657
2025-10-31,0.34,5750,0.202771830979802,0.203260930745925,6300.20854159144,640.078269911113
2025-10-31,0.34,5760,0.201740930376885,0.202322412685796,6300.20854159144,631.448390038378
2025-10-31,0.34,5770,0.200784328651701,0.201360418457386,6300.20854159144,622.869255295895
2025-10-31,0.34,5775,0.200297236904361,0.20087067724284,6300.20854159144,618.579687904014
2025-10-31,0.34,5780,0.199804314932184,0.200375136071441,6300.20854159144,614.290120592022
2025-10-31,0.34,5790,0.198895400851838,0.199460932078871,6300.20854159144,605.812476235074
2025-10-31,0.34,5800,0.197868226412334,0.198428729661618,6300.20854159144,597.233341502077
2025-10-31,0.34,5810,0.196910779220876,0.197466236739074,6300.20854159144,588.755697135356
2025-10-31,0.34,5820,0.195928899945827,0.196479430331047,6300.20854159144,580.278052836353
2025-10-31,0.34,5825,0.195474551753979,0.196022601765249,6300.20854159144,576.089975764546
2025-10-31,0.34,5830,0.195013748623575,0.195559349110955,6300.20854159144,571.901898826379
2025-10-31,0.34,5840,0.19398267441631,0.194523578273049,6300.20854159144,563.424254482019
2025-10-31,0.34,5850,0.193017033186906,0.193553240121967,6300.20854159144,555.048100567011
2025-10-31,0.34,5860,0.19202597805619,0.192646145904139,6300.20854159144,546.722691681289
2025-10-31,0.34,5870,0.191097541853969,0.191624593742603,6300.20854159144,538.397282934228
2025-10-31,0.34,5875,0.190579563666557,0.191104420544298,6300.20854159144,534.20920594753
2025-10-31,0.34,5880,0.190055310984336,0.190665059660982,6300.20854159144,530.071874132916
2025-10-31,0.34,5890,0.18907446460423,0.189679141356342,6300.20854159144,521.797210507345
2025-10-31,0.34,5900,0.188067228616895,0.188666958881983,6300.20854159144,513.522546912549
2025-10-31,0.34,5910,0.187118730562264,0.187628609881256,6300.20854159144,505.298628504738
2025-10-31,0.34,5920,0.186058323768435,0.186648434198923,6300.20854159144,497.07471006279
2025-10-31,0.34,5925,0.185560322595766,0.186148082164349,6300.20854159144,492.988123475141
2025-10-31,0.34,5930,0.185055463250971,0.185640902225632,6300.20854159144,488.901536904021
2025-10-31,0.34,5940,0.184108224664603,0.184606094287957,6300.20854159144,480.77910880533
2025-10-31,0.34,5950,0.183049998184232,0.183626375390242,6300.20854159144,472.656680762969
2025-10-31,0.34,5960,0.182046240832232,0.18261822918061,6300.20854159144,464.584997921127
2025-10-31,0.34,5970,0.181013995777867,0.18158171241153,6300.20854159144,456.513315170095
2025-10-31,0.34,5975,0.180527618238526,0.181012438577419,6300.20854159144,452.477473698632
2025-10-31,0.34,5980,0.180033831446027,0.180597329188427,6300.20854159144,448.543122697704
2025-10-31,0.34,5990,0.179024053093583,0.179583450251791,6300.20854159144,440.572930148006
2025-10-31,0.34,6000,0.177984689678846,0.17854010150403,6300.20854159144,432.602737671231
2025-10-31,0.34,6010,0.176994554520211,0.177467280180281,6300.20854159144,424.683290431084
2025-10-31,0.34,6020,0.175895453892751,0.176443181870137,6300.20854159144,416.763843087042
2025-10-31,0.34,6025,0.175412791166329,0.175958633652059,6300.20854159144,412.880237288971
2025-10-31,0.34,6030,0.174922179019657,0.175466165845157,6300.20854159144,408.996631433973
2025-10-31,0.34,6040,0.173839886727401,0.174380290580333,6300.20854159144,401.127929335688
2025-10-31,0.34,6050,0.172803491466813,0.173340382923966,6300.20854159144,393.360717612058
2025-10-31,0.34,6060,0.17173519738941,0.172344881746591,6300.20854159144,385.644251081614
2025-10-31,0.34,6070,0.170710668779133,0.17124083754249,6300.20854159144,377.927784523
2025-10-31,0.34,6075,0.17022378352347,0.170752318543304,6300.20854159144,374.145669010245
2025-10-31,0.34,6080,0.16965310528402,0.170255328583225,6300.20854159144,370.312808351422
2025-10-31,0.34,6090,0.168637239428878,0.169161075489766,6300.20854159144,362.697832250864
2025-10-31,0.34,6100,0.167587208005087,0.168108034729906,6300.20854159144,355.133601307478
2025-10-31,0.34,6110,0.166576864019698,0.167094772503437,6300.20854159144,347.670860700003
2025-10-31,0.34,6120,0.165531219852829,0.16604632636529,6300.20854159144,340.208120069934
2025-10-31,0.34,6125,0.165031805834712,0.165545545049218,6300.20854159144,336.527494972564
2025-10-31,0.34,6130,0.164523304000015,0.165035705747993,6300.20854159144,332.846869945854
2025-10-31,0.34,6140,0.16347893981961,0.163988754819136,6300.20854159144,325.485619680091
2025-10-31,0.34,6150,0.162470387320504,0.162977718744659,6300.20854159144,318.22585980611
2025-10-31,0.34,6160,0.161424214191517,0.161929182239119,6300.20854159144,310.966100022247
2025-10-31,0.34,6170,0.16041196958048,0.160914683390894,6300.20854159144,303.807830593992
2025-10-31,0.34,6175,0.159891305255035,0.160392938149187,6300.20854159144,300.228695747958
2025-10-31,0.34,6180,0.159360895075405,0.159861477612315,6300.20854159144,296.649561064982
2025-10-31,0.34,6190,0.158341888771438,0.158911674978484,6300.20854159144,289.643527243189
2025-10-31,0.34,6200,0.157353749699015,0.157850420535593,6300.20854159144,282.637493323525
2025-10-31,0.34,6210,0.156324619627624,0.156890221576965,6300.20854159144,275.732949839731
2025-10-31,0.34,6220,0.155324561663513,0.15588828990825,6300.20854159144,268.879151493937
2025-10-31,0.34,6225,0.154843877706524,0.155406724396237,6300.20854159144,265.502997403639
2025-10-31,0.34,6230,0.154352456036808,0.154914460025109,6300.20854159144,262.126843498007
2025-10-31,0.34,6240,0.153407227069933,0.153897608277711,6300.20854159144,255.425280674429
2025-10-31,0.34,6250,0.15241796531725,0.152976991110581,6300.20854159144,248.8252084326
2025-10-31,0.34,6260,0.151453875758567,0.152011655616916,6300.20854159144,242.275881240127
2025-10-31,0.34,6270,0.150444366471035,0.151001068614542,6300.20854159144,235.726553988343
2025-10-31,0.34,6275,0.149991917304125,0.150548144764158,6300.20854159144,232.553380740117
2025-10-31,0.34,6280,0.149527765486989,0.15008356221033,6300.20854159144,229.380207491125
2025-10-31,0.34,6290,0.148564047584221,0.14911911685732,6300.20854159144,223.033861079087
2025-10-31,0.34,6300,0.147691171904014,0.148245697808599,6300.20854159144,216.890495369067
2025-10-31,0.34,6310,0.146733311729202,0.147287482276017,6300.20854159144,210.694021567716
2025-10-31,0.34,6320,0.145868303105405,0.146422313290115,6300.20854159144,204.706089309187
2025-10-31,0.34,6325,0.145382360231772,0.145936365032273,6300.20854159144,201.661377983989
2025-10-31,0.34,6330,0.144952994185912,0.145507044533907,6300.20854159144,198.718157182166
2025-10-31,0.34,6340,0.144055839217224,0.144610136802258,6300.20854159144,192.831715327387
2025-10-31,0.34,6350,0.143176060690509,0.143730819280218,6300.20854159144,187.046763801992
2025-10-31,0.34,6360,0.142312920678147,0.142868360734047,6300.20854159144,181.36330272089
2025-10-31,0.34,6370,0.141465720833726,0.142022069511213,6300.20854159144,175.781332051881
2025-10-31,0.34,6375,0.141056592718451,0.141613482581665,6300.20854159144,173.041091862427
2025-10-31,0.34,6400,0.139083443235379,0.13957388730743,6300.20854159144,159.69510735367
2025-10-31,0.34,6425,0.137107843209782,0.137673582238165,6300.20854159144,146.958065085986
2025-10-31,0.34,6450,0.13526303856312,0.135835754507259,6300.20854159144,134.880710332399
2025-10-31,0.34,6475,0.133545750166816,0.134054639227977,6300.20854159144,123.463043037397
2025-10-31,0.34,6500,0.131881594596508,0.132400049504663,6300.20854159144,112.705063001393
2025-10-31,0.34,6525,0.130344416855694,0.130874368795514,6300.20854159144,102.657515839646
2025-10-31,0.34,6550,0.128862505688207,0.129406113581834,6300.20854159144,93.21891081041
2025-10-31,0.34,6575,0.127439324013312,0.127998964625061,6300.20854159144,84.3892480027725
2025-10-31,0.34,6600,0.126163946723467,0.126742086602969,6300.20854159144,76.2700179037333
2025-10-31,0.34,6625,0.125055538108951,0.125569245745801,6300.20854159144,68.8104752511435
2025-10-31,0.34,6650,0.123961859234067,0.124496363158489,6300.20854159144,61.909129668445
2025-10-31,0.34,6675,0.122893703690897,0.123544907572607,6300.20854159144,55.5659811175301
2025-10-31,0.34,6700,0.121963424488613,0.122548531097531,6300.20854159144,49.7302845219408
2025-10-31,0.34,6725,0.121103147565572,0.121718522012646,6300.20854159144,44.4527849000075
2025-10-31,0.34,6750,0.120340730526212,0.120882065119642,6300.20854159144,39.6319920119844
2025-10-31,0.34,6775,0.119482224862293,0.120170675680701,6300.20854159144,35.2171606327124
2025-10-31,0.34,6800,0.118774914179671,0.119385235474182,6300.20854159144,31.2082907224768
2025-10-31,0.34,6850,0.117345230563534,0.118043824939972,6300.20854159144,24.306945174955
2025-10-31,0.34,6900,0.116196097977694,0.117005894161289,6300.20854159144,18.82646483708
2025-10-31,0.34,7000,0.114276315460934,0.115184397317248,6300.20854159144,10.9609606696629
2025-10-31,0.34,7100,0.113054818092413,0.11405314787107,6300.20854159144,6.24165814457395
2025-10-31,0.34,7200,0.112182650799439,0.113700029931989,6300.20854159144,3.50141800016945
2025-10-31,0.34,7300,0.112656703594178,0.114562447878317,6300.20854159144,2.05518012859911
2025-10-31,0.34,7400,0.113478231677348,0.115794415204326,6300.20854159144,1.21788452121013
2025-11-21,0.4,200,NA,1.54541783094188,6309.69809095629,NA
2025-11-21,0.4,400,NA,1.22202517349844,6309.69809095629,NA
2025-11-21,0.4,600,NA,1.08785203324986,6309.69809095629,NA
2025-11-21,0.4,800,NA,0.953145361581365,6309.69809095629,NA
2025-11-21,0.4,1000,0.849836236903327,0.893730556144987,6309.69809095629,5309.850922359
2025-11-21,0.4,1200,0.819602466382039,0.8418713147882,6309.69809095629,5110.00375376156
2025-11-21,0.4,1400,0.784296540388212,0.797306037730945,6309.69809095629,4910.23300086581
2025-11-21,0.4,1600,0.743114494272759,0.758016634228276,6309.69809095629,4710.52592772063
2025-11-21,0.4,1800,0.706491274342792,0.718328081295161,6309.69809095629,4510.89527027774
2025-11-21,0.4,2000,0.670894567322261,0.680599741483518,6309.69809095629,4311.341028535
2025-11-21,0.4,2200,0.636347953571162,0.643713016927789,6309.69809095629,4111.85046654434
2025-11-21,0.4,2400,0.603479242875724,0.609792847556715,6309.69809095629,3912.47452810714
2025-11-21,0.4,2500,0.586646660543466,0.593383219550949,6309.69809095629,3812.80566281047
2025-11-21,0.4,2600,0.572828309399168,0.577760853797007,6309.69809095629,3713.2386851175
2025-11-21,0.4,2700,0.554728817827574,0.560138036838719,6309.69809095629,3613.51887602532
2025-11-21,0.4,2800,0.540253391685847,0.545072550034054,6309.69809095629,3513.97737023183
2025-11-21,0.4,2900,0.523957804420379,0.52835445562245,6309.69809095629,3414.33397683569
2025-11-21,0.4,3000,0.510430346061493,0.514351112382697,6309.69809095629,3314.89435864731
2025-11-21,0.4,3100,0.495899847032432,0.498865559224638,6309.69809095629,3215.37832475747
2025-11-21,0.4,3200,0.481206091376098,0.484436258143091,6309.69809095629,3115.91323466787
2025-11-21,0.4,3300,0.467411281156103,0.469855322321369,6309.69809095629,3016.4990883774
2025-11-21,0.4,3400,0.453397627593373,0.45562363814037,6309.69809095629,2917.11041398846
2025-11-21,0.4,3500,0.440054091182094,0.442074664920338,6309.69809095629,2817.82362720151
2025-11-21,0.4,3550,0.432506243401072,0.435599024517762,6309.69809095629,2768.15476190719
2025-11-21,0.4,3600,0.426472305430491,0.429044534417002,6309.69809095629,2718.58778421791
2025-11-21,0.4,3650,0.419612798891956,0.42172669711846,6309.69809095629,2668.9189189256
2025-11-21,0.4,3700,0.413396017707242,0.415407567657334,6309.69809095629,2619.37741312933
2025-11-21,0.4,3750,0.406440136453496,0.409004496928405,6309.69809095629,2569.78496353726
2025-11-21,0.4,3800,0.400389698648313,0.402224858722119,6309.69809095629,2520.24345774078
2025-11-21,0.4,3850,0.39364740633175,0.395985277451107,6309.69809095629,2470.70195195548
2025-11-21,0.4,3900,0.38771279565998,0.389661416143705,6309.69809095629,2421.23686186329
2025-11-21,0.4,3950,0.381132493371989,0.383262485434659,6309.69809095629,2371.7208279618
2025-11-21,0.4,4000,0.375272697734386,0.377048252726859,6309.69809095629,2322.30668168485
2025-11-21,0.4,4050,0.368811510585052,0.370752014883578,6309.69809095629,2272.84159159421
2025-11-21,0.4,4075,0.365798065054995,0.367693170579431,6309.69809095629,2248.14725440203
2025-11-21,0.4,4100,0.363226118666678,0.364611550927241,6309.69809095629,2223.50386100536
2025-11-21,0.4,4125,0.359699038404866,0.361508277006557,6309.69809095629,2198.75858000799
2025-11-21,0.4,4150,0.356615812075715,0.358384392189701,6309.69809095629,2174.06424281526
2025-11-21,0.4,4175,0.35351154455026,0.355240868253573,6309.69809095629,2149.36990562157
2025-11-21,0.4,4200,0.351236319862518,0.35270595314257,6309.69809095629,2124.85387173447
2025-11-21,0.4,4225,0.347659876739389,0.349308120954548,6309.69809095629,2100.08311883487
2025-11-21,0.4,4250,0.345298726775722,0.346700804099,6309.69809095629,2075.56708493252
2025-11-21,0.4,4275,0.341698132129926,0.343660899694598,6309.69809095629,2050.84727585437
2025-11-21,0.4,4300,0.339450626075831,0.340977188485524,6309.69809095629,2026.35671386349
2025-11-21,0.4,4325,0.336013897200479,0.3378830812528,6309.69809095629,2001.66237666819
2025-11-21,0.4,4350,0.333674584859439,0.33512972850646,6309.69809095629,1977.17181465883
2025-11-21,0.4,4375,0.330203670770352,0.331986291154227,6309.69809095629,1952.47747747703
2025-11-21,0.4,4400,0.328129088326335,0.329341508064617,6309.69809095629,1928.06333119236
2025-11-21,0.4,4425,0.324620872148791,0.326317848254224,6309.69809095629,1903.39446587677
2025-11-21,0.4,4450,0.322442940111074,0.323762322829126,6309.69809095629,1879.00579149511
2025-11-21,0.4,4475,0.319226396701598,0.320839537040614,6309.69809095629,1854.41334189925
2025-11-21,0.4,4500,0.316944093962289,0.318355546065914,6309.69809095629,1830.05013943003
2025-11-21,0.4,4525,0.313984372793583,0.31551617709418,6309.69809095629,1805.53410553549
2025-11-21,0.4,4550,0.311597835122052,0.313087643468415,6309.69809095629,1781.19637495157
2025-11-21,0.4,4575,0.308569352224875,0.310026509856964,6309.69809095629,1756.6548691377
2025-11-21,0.4,4600,0.306372523215562,0.307505994739195,6309.69809095629,1732.36808234654
2025-11-21,0.4,4625,0.303274863132735,0.304934938928089,6309.69809095629,1707.92846416345
2025-11-21,0.4,4650,0.30123957653508,0.302315581817881,6309.69809095629,1683.69262119368
2025-11-21,0.4,4675,0.298072825850499,0.299649982068019,6309.69809095629,1659.2530029891
2025-11-21,0.4,4700,0.296173350676958,0.297194518085856,6309.69809095629,1635.11904761216
2025-11-21,0.4,4725,0.293188892707556,0.294683723210902,6309.69809095629,1610.78131702729
2025-11-21,0.4,4750,0.291150948348104,0.292240596051432,6309.69809095629,1586.67283354534
2025-11-21,0.4,4775,0.288323553565334,0.289505537681878,6309.69809095629,1562.36057484764
2025-11-21,0.4,4800,0.286267309299368,0.287300534570743,6309.69809095629,1538.35397897597
2025-11-21,0.4,4825,0.28345869885637,0.284802426637561,6309.69809095629,1514.14360787727
2025-11-21,0.4,4850,0.281595563598653,0.282465651277421,6309.69809095629,1490.21342768341
2025-11-21,0.4,4875,0.278578326567084,0.280064334535265,6309.69809095629,1466.02852849943
2025-11-21,0.4,4900,0.276776055131366,0.27770400151612,6309.69809095629,1442.17476401811
2025-11-21,0.4,4925,0.274072767812811,0.275279093791073,6309.69809095629,1418.11722435264
2025-11-21,0.4,4950,0.272107790394293,0.273084537645399,6309.69809095629,1394.33987554412
2025-11-21,0.4,4975,0.269291557221541,0.27062572046541,6309.69809095629,1370.30780778529
2025-11-21,0.4,5000,0.267642041023472,0.268382286764791,6309.69809095629,1346.68329043259
2025-11-21,0.4,5025,0.264801681939425,0.266065250059024,6309.69809095629,1322.75311022722
2025-11-21,0.4,5050,0.263151376736512,0.263852608211028,6309.69809095629,1299.23048048202
2025-11-21,0.4,5075,0.260366232275454,0.261563075207119,6309.69809095629,1275.40218788127
2025-11-21,0.4,5100,0.258534593765133,0.259365577100743,6309.69809095629,1251.93050189472
2025-11-21,0.4,5125,0.25636047869478,0.257249911398615,6309.69809095629,1228.43334405343
2025-11-21,0.4,5150,0.25418364925568,0.254970952689425,6309.69809095629,1204.93618615654
2025-11-21,0.4,5175,0.251924281353405,0.252767668159478,6309.69809095629,1181.48997210678
2025-11-21,0.4,5200,0.249810132251882,0.250482100261431,6309.69809095629,1158.1201737331
2025-11-21,0.4,5210,0.248554298766265,0.249589774200292,6309.69809095629,1148.65508362617
2025-11-21,0.4,5220,0.247585899803406,0.248611059239208,6309.69809095629,1139.26640924382
2025-11-21,0.4,5225,0.247608014494498,0.248407632923063,6309.69809095629,1134.85226294122
2025-11-21,0.4,5230,0.246750950197782,0.247765128030757,6309.69809095629,1129.97962249202
2025-11-21,0.4,5240,0.245901251643998,0.246904679686155,6309.69809095629,1120.69283568485
2025-11-21,0.4,5250,0.24546325587585,0.246171329660905,6309.69809095629,1111.60982408293
2025-11-21,0.4,5260,0.244158540906271,0.245141131624456,6309.69809095629,1102.11926208747
2025-11-21,0.4,5270,0.243265969936398,0.244238457405359,6309.69809095629,1092.83247528274
2025-11-21,0.4,5275,0.243229756040161,0.244057468105227,6309.69809095629,1088.44380095864
2025-11-21,0.4,5280,0.242497359310878,0.243459214859535,6309.69809095629,1083.6475760964
2025-11-21,0.4,5290,0.241575857969378,0.24252802601703,6309.69809095629,1074.36078937197
2025-11-21,0.4,5300,0.241112836690536,0.241852027272482,6309.69809095629,1065.35419344652
2025-11-21,0.4,5310,0.239826296335481,0.240758977185855,6309.69809095629,1055.88910336646
2025-11-21,0.4,5320,0.238995863207786,0.239918772738122,6309.69809095629,1046.70420413983
2025-11-21,0.4,5325,0.238903190645328,0.2396890544581,6309.69809095629,1042.31552979031
2025-11-21,0.4,5330,0.238149849053418,0.239063193900913,6309.69809095629,1037.51930498735
2025-11-21,0.4,5340,0.237288487285097,0.238192466519951,6309.69809095629,1028.33440579859
2025-11-21,0.4,5350,0.236795988919173,0.23749802176766,6309.69809095629,1019.37875372225
2025-11-21,0.4,5360,0.235520602170583,0.23653264247273,6309.69809095629,1010.01555123689
2025-11-21,0.4,5370,0.234740015609869,0.235616475281277,6309.69809095629,1000.88159586787
2025-11-21,0.4,5375,0.234592788935853,0.235339407688447,6309.69809095629,996.492921437402
2025-11-21,0.4,5380,0.233818149597373,0.234809663841015,6309.69809095629,991.747640452355
2025-11-21,0.4,5390,0.23300496456376,0.233863835335232,6309.69809095629,982.613685100635
2025-11-21,0.4,5400,0.232479193971262,0.233146446869239,6309.69809095629,973.708976798331
2025-11-21,0.4,5410,0.231329067053055,0.232170573169604,6309.69809095629,964.447661920008
2025-11-21,0.4,5420,0.230466822274518,0.231299917675104,6309.69809095629,955.364650295292
2025-11-21,0.4,5425,0.230326144398913,0.231094939397199,6309.69809095629,951.05239167926
2025-11-21,0.4,5430,0.22958867327127,0.230413530250569,6309.69809095629,946.28163872053
2025-11-21,0.4,5440,0.228694826389471,0.229628047697976,6309.69809095629,937.249571006378
2025-11-21,0.4,5450,0.228190280929486,0.228824919201939,6309.69809095629,928.395806439853
2025-11-21,0.4,5460,0.226975432185514,0.227890297853669,6309.69809095629,919.185435416402
2025-11-21,0.4,5470,0.22614800635662,0.226940728778078,6309.69809095629,910.153367648953
2025-11-21,0.4,5475,0.226009870991644,0.226685320546911,6309.69809095629,905.866580805596
2025-11-21,0.4,5480,0.225303435315685,0.226088340302763,6309.69809095629,901.172243684401
2025-11-21,0.4,5490,0.22444194214357,0.225219193114276,6309.69809095629,892.191119607849
2025-11-21,0.4,5500,0.223893936661161,0.224498119957828,6309.69809095629,883.439242780685
2025-11-21,0.4,5510,0.222669025267808,0.223540156318898,6309.69809095629,874.279815443167
2025-11-21,0.4,5520,0.221866020899608,0.222620902811744,6309.69809095629,865.349635282226
2025-11-21,0.4,5525,0.221672528593912,0.222423062248259,6309.69809095629,861.113792322879
2025-11-21,0.4,5530,0.221044804081904,0.221792321997339,6309.69809095629,856.470398916312
2025-11-21,0.4,5540,0.22009967275838,0.220945919597872,6309.69809095629,847.540218686909
2025-11-21,0.4,5550,0.21961076813344,0.220186492540534,6309.69809095629,838.890229491429
2025-11-21,0.4,5560,0.218370216487119,0.21920049580107,6309.69809095629,829.781746004312
2025-11-21,0.4,5570,0.217582282518887,0.218301867596484,6309.69809095629,820.953453412772
2025-11-21,0.4,5575,0.217334739161344,0.218050451392222,6309.69809095629,816.717610405771
2025-11-21,0.4,5580,0.216673249403874,0.217487904326444,6309.69809095629,812.125160771954
2025-11-21,0.4,5590,0.215848252726189,0.216554454116313,6309.69809095629,803.296868300487
2025-11-21,0.4,5600,0.215304596229165,0.215803951603064,6309.69809095629,794.723294696943
2025-11-21,0.4,5610,0.214043222247344,0.214835500107792,6309.69809095629,785.691226906947
2025-11-21,0.4,5620,0.213261903725294,0.213948693442579,6309.69809095629,776.964821920247
2025-11-21,0.4,5625,0.213059216500923,0.213644834318622,6309.69809095629,772.779922741634
2025-11-21,0.4,5630,0.212363324124104,0.213043910505447,6309.69809095629,768.187473082082
2025-11-21,0.4,5640,0.211446810451549,0.212217556134072,6309.69809095629,759.461068120748
2025-11-21,0.4,5650,0.210894731160472,0.211467159995324,6309.69809095629,750.98938220072
2025-11-21,0.4,5660,0.209750103119991,0.210412421609033,6309.69809095629,742.059201986364
2025-11-21,0.4,5670,0.208872951068456,0.209529368610354,6309.69809095629,733.38374079169
2025-11-21,0.4,5675,0.208660803643995,0.209267247580692,6309.69809095629,729.275257309265
2025-11-21,0.4,5680,0.207976841654876,0.208720325924929,6309.69809095629,724.759223417302
2025-11-21,0.4,5690,0.207061940334529,0.207798962099029,6309.69809095629,716.083762265042
2025-11-21,0.4,5700,0.206493939647481,0.207041521669157,6309.69809095629,707.713963912829
2025-11-21,0.4,5710,0.205357623515459,0.205991304853966,6309.69809095629,698.885671372821
2025-11-21,0.4,5720,0.204385690474468,0.20510373828774,6309.69809095629,690.261153960205
2025-11-21,0.4,5725,0.204250589765893,0.2048757294212,6309.69809095629,686.280029990959
2025-11-21,0.4,5730,0.20357369069435,0.204285446404997,6309.69809095629,681.78946801129
2025-11-21,0.4,5740,0.20265227186221,0.203358042515643,6309.69809095629,673.215894458946
2025-11-21,0.4,5750,0.202017773433663,0.202586095718037,6309.69809095629,664.922511697969
2025-11-21,0.4,5760,0.200838058688299,0.201532074450129,6309.69809095629,656.170634868575
2025-11-21,0.4,5770,0.199944072835708,0.200632323419764,6309.69809095629,647.698948877496
2025-11-21,0.4,5775,0.199746551541243,0.200345976798188,6309.69809095629,643.717824877486
2025-11-21,0.4,5780,0.199029594685055,0.199712203928134,6309.69809095629,639.227262857963
2025-11-21,0.4,5790,0.198179450406107,0.198856404192852,6309.69809095629,630.857464583587
2025-11-21,0.4,5800,0.197517621152455,0.198062972365527,6309.69809095629,622.665969518168
2025-11-21,0.4,5810,0.196331140494105,0.196997284972699,6309.69809095629,614.015980253941
2025-11-21,0.4,5820,0.195417242382794,0.196078096221568,6309.69809095629,605.646181831601
2025-11-21,0.4,5825,0.195199277539182,0.195774996998624,6309.69809095629,601.716001618422
2025-11-21,0.4,5830,0.194482113754759,0.195137792932479,6309.69809095629,597.276383485449
2025-11-21,0.4,5840,0.193607232820634,0.194257741848392,6309.69809095629,589.008472657169
2025-11-21,0.4,5850,0.192952201930738,0.193476448792193,6309.69809095629,580.969809046529
2025-11-21,0.4,5860,0.191710588722202,0.192351207395255,6309.69809095629,572.370763539676
2025-11-21,0.4,5870,0.190849282978754,0.191484978011291,6309.69809095629,564.204740378615
2025-11-21,0.4,5875,0.190607900029004,0.191161858408895,6309.69809095629,560.325503924083
2025-11-21,0.4,5880,0.189885865427517,0.190595665069719,6309.69809095629,555.987773426997
2025-11-21,0.4,5890,0.188978857939104,0.189683375236078,6309.69809095629,547.821750286325
2025-11-21,0.4,5900,0.188320909099166,0.1888258545913,6309.69809095629,539.884974155634
2025-11-21,0.4,5910,0.187095886238143,0.187790206862598,6309.69809095629,531.489703898654
2025-11-21,0.4,5920,0.186120057794965,0.186809457107208,6309.69809095629,523.323680750324
2025-11-21,0.4,5925,0.185967159657508,0.186539395825003,6309.69809095629,519.622747661317
2025-11-21,0.4,5930,0.18519749649196,0.1858820110173,6309.69809095629,515.259545212559
2025-11-21,0.4,5940,0.18425107193973,0.184930820421794,6309.69809095629,507.195409551306
2025-11-21,0.4,5950,0.183618457256609,0.184105865508106,6309.69809095629,499.462408805495
2025-11-21,0.4,5960,0.18236133330715,0.183031828953916,6309.69809095629,491.169026144738
2025-11-21,0.4,5970,0.181417060983182,0.182083071438637,6309.69809095629,483.206778158111
2025-11-21,0.4,5975,0.181193856285935,0.181783750329444,6309.69809095629,479.53131693499
2025-11-21,0.4,5980,0.180448040071467,0.181109680004702,6309.69809095629,475.244530153766
2025-11-21,0.4,5990,0.179454277847961,0.180184670924036,6309.69809095629,467.333225982348
2025-11-21,0.4,6000,0.178835013673947,0.179342902727494,6309.69809095629,459.778528423113
2025-11-21,0.4,6010,0.177536758445057,0.178257946561636,6309.69809095629,451.612505258691
2025-11-21,0.4,6020,0.176611139057067,0.177327860754305,6309.69809095629,443.854032520654
2025-11-21,0.4,6025,0.176424221161152,0.17699573395294,6309.69809095629,440.280458930722
2025-11-21,0.4,6030,0.175658900287108,0.176371283476339,6309.69809095629,436.095559764115
2025-11-21,0.4,6040,0.174680016523808,0.175388186351504,6309.69809095629,428.337087038481
2025-11-21,0.4,6050,0.173991324289125,0.174554473949713,6309.69809095629,420.935220832269
2025-11-21,0.4,6060,0.172712119554537,0.173412191677966,6309.69809095629,412.922029065774
2025-11-21,0.4,6070,0.171791792989154,0.172487947591485,6309.69809095629,405.367331594907
2025-11-21,0.4,6075,0.171563974316145,0.172154003837985,6309.69809095629,401.870173665954
2025-11-21,0.4,6080,0.170773724119566,0.17153534400501,6309.69809095629,397.761690220886
2025-11-21,0.4,6090,0.169865598898544,0.170554302047163,6309.69809095629,390.257936373285
2025-11-21,0.4,6100,0.169167907613965,0.169681716241108,6309.69809095629,383.034373508711
2025-11-21,0.4,6110,0.167892883644622,0.168642769884261,6309.69809095629,375.301372756888
2025-11-21,0.4,6120,0.166964439584367,0.167642832992085,6309.69809095629,367.899506506247
2025-11-21,0.4,6125,0.166759551528337,0.167300921628441,6309.69809095629,364.529708104404
2025-11-21,0.4,6130,0.166005568779043,0.166680758873661,6309.69809095629,360.548584244658
2025-11-21,0.4,6140,0.165016120470806,0.165755438673049,6309.69809095629,353.248605662008
2025-11-21,0.4,6150,0.164397432698155,0.164865802824478,6309.69809095629,346.305233678024
2025-11-21,0.4,6160,0.163144642600089,0.163810955298823,6309.69809095629,338.801479922459
2025-11-21,0.4,6170,0.162194145839901,0.162857751300326,6309.69809095629,331.654332860079
2025-11-21,0.4,6175,0.161971652731309,0.162501467737606,6309.69809095629,328.386421969599
2025-11-21,0.4,6180,0.161211131806502,0.161872165070391,6309.69809095629,324.507185730601
2025-11-21,0.4,6190,0.160327074434634,0.160985653081462,6309.69809095629,317.563813718147
2025-11-21,0.4,6200,0.159638729845206,0.160130916509107,6309.69809095629,310.849688858922
2025-11-21,0.4,6210,0.158456741363087,0.159045429343862,6309.69809095629,303.626126020349
2025-11-21,0.4,6220,0.157469916619648,0.158121983429931,6309.69809095629,296.733697867812
2025-11-21,0.4,6225,0.157289006190896,0.157809877735614,6309.69809095629,293.669562306107
2025-11-21,0.4,6230,0.156578250924421,0.157228426422282,6309.69809095629,289.99410110814
2025-11-21,0.4,6240,0.155650614932019,0.156299049438742,6309.69809095629,283.254504399816
2025-11-21,0.4,6250,0.155042422873745,0.155527550985645,6309.69809095629,276.947929884652
2025-11-21,0.4,6260,0.15381505031497,0.154460458605402,6309.69809095629,269.979086123514
2025-11-21,0.4,6270,0.152905742168759,0.153549872946553,6309.69809095629,263.44326453135
2025-11-21,0.4,6275,0.152726418626364,0.153273437779959,6309.69809095629,260.557432275384
2025-11-21,0.4,6280,0.152022609425585,0.152665625381153,6309.69809095629,257.009330619103
2025-11-21,0.4,6290,0.151164883744322,0.151806952079171,6309.69809095629,250.677284376299
2025-11-21,0.4,6300,0.150556287579362,0.15106932262669,6309.69809095629,244.701844572718
2025-11-21,0.4,6310,0.149328209252698,0.150097039175581,6309.69809095629,238.111325438568
2025-11-21,0.4,6320,0.148488024595571,0.149256351604263,6309.69809095629,231.998069376623
2025-11-21,0.4,6325,0.148308536616533,0.148916663482227,6309.69809095629,229.221632158014
2025-11-21,0.4,6330,0.147606549606579,0.148374596636422,6309.69809095629,225.884813235966
2025-11-21,0.4,6340,0.14674717868578,0.147515175220478,6309.69809095629,219.873444768982
2025-11-21,0.4,6350,0.146197344318665,0.146709464632602,6309.69809095629,214.218682844511
2025-11-21,0.4,6360,0.145092239716501,0.145860850778579,6309.69809095629,208.156370556351
2025-11-21,0.4,6370,0.144295514499722,0.145000697255779,6309.69809095629,202.399720932231
2025-11-21,0.4,6375,0.14413712941711,0.144682345151851,6309.69809095629,199.827059000228
2025-11-21,0.4,6380,0.143454392408215,0.144160435473501,6309.69809095629,196.69401535714
2025-11-21,0.4,6390,0.142696668652554,0.143403810387439,6309.69809095629,191.192084844817
2025-11-21,0.4,6400,0.142183232554442,0.142634081156196,6309.69809095629,185.944873390063
2025-11-21,0.4,6410,0.141108259584507,0.141818365107967,6309.69809095629,180.290111396379
2025-11-21,0.4,6420,0.140340869573636,0.14105285069345,6309.69809095629,174.991956054898
2025-11-21,0.4,6425,0.140231102585321,0.140782044062146,6309.69809095629,172.67401310485
2025-11-21,0.4,6430,0.139590828938177,0.140304958066198,6309.69809095629,169.795688369182
2025-11-21,0.4,6440,0.138727490874249,0.139509218305118,6309.69809095629,164.548476939343
2025-11-21,0.4,6450,0.138403047338606,0.13889342927398,6309.69809095629,159.938062887739
2025-11-21,0.4,6460,0.13737591451758,0.13809822502338,6309.69809095629,154.716323437473
2025-11-21,0.4,6470,0.136625993207826,0.137417607064381,6309.69809095629,149.876662277866
2025-11-21,0.4,6475,0.136595784887003,0.137157817397058,6309.69809095629,147.813438340394
2025-11-21,0.4,6480,0.135957771734371,0.136687071088498,6309.69809095629,145.138888859843
2025-11-21,0.4,6490,0.135305456813934,0.13603871821802,6309.69809095629,140.553946765075
2025-11-21,0.4,6500,0.134937242135918,0.135440053880722,6309.69809095629,136.300139388475
2025-11-21,0.4,6510,0.133980845010663,0.134723085383002,6309.69809095629,131.587837817101
2025-11-21,0.4,6520,0.133307662643788,0.134054952094154,6309.69809095629,127.206670867317
2025-11-21,0.4,6525,0.133326171224767,0.133871434398751,6309.69809095629,125.423637848566
2025-11-21,0.4,6530,0.132786348284291,0.133470546596512,6309.69809095629,123.080222898363
2025-11-21,0.4,6550,0.131830156777598,0.132316577536127,6309.69809095629,115.13299005919
2025-11-21,0.4,6575,0.130382267551356,0.130915126381762,6309.69809095629,105.479139770959
2025-11-21,0.4,6600,0.129057191978547,0.129530766742871,6309.69809095629,96.4111432763621
2025-11-21,0.4,6625,0.127564913008017,0.128239578360573,6309.69809095629,87.7761689960524
2025-11-21,0.4,6650,0.126587462608367,0.127089964542896,6309.69809095629,80.0581831731849
2025-11-21,0.4,6675,0.125259277291274,0.125979568427798,6309.69809095629,72.5949162789458
2025-11-21,0.4,6700,0.12446111943844,0.124959280973214,6309.69809095629,65.9722221646937
2025-11-21,0.4,6725,0.123225067971904,0.124003575646009,6309.69809095629,59.5533032798919
2025-11-21,0.4,6750,0.122587880640461,0.123129446463824,6309.69809095629,53.9494851106703
2025-11-21,0.4,6775,0.121507230677357,0.122264289992569,6309.69809095629,48.4984984362294
2025-11-21,0.4,6800,0.120924535466312,0.12152058366029,6309.69809095629,43.7607249921983
2025-11-21,0.4,6825,0.119883675096055,0.12061803531526,6309.69809095629,39.0738953277216
2025-11-21,0.4,6850,0.119432844247638,0.119986619855474,6309.69809095629,35.1512226201635
2025-11-21,0.4,6875,0.118517693361944,0.119340921399852,6309.69809095629,31.3304375210907
2025-11-21,0.4,6900,0.118071720670426,0.118758911292976,6309.69809095629,28.0445623521363
2025-11-21,0.4,6925,0.117272739470229,0.118074173977814,6309.69809095629,24.8605748823782
2025-11-21,0.4,6950,0.116856891862577,0.117570698665676,6309.69809095629,22.160553411147
2025-11-21,0.4,6975,0.116085409125549,0.117159154350396,6309.69809095629,19.6133633923397
2025-11-21,0.4,7000,0.115897649837895,0.116638961943562,6309.69809095629,17.4482518158746
2025-11-21,0.4,7050,0.115075220409095,0.115938937986972,6309.69809095629,13.6784105415059
2025-11-21,0.4,7100,0.114263636086157,0.115170095258404,6309.69809095629,10.5963105846275
2025-11-21,0.4,7200,0.113362696600875,0.114327968939228,6309.69809095629,6.36797509686529
2025-11-21,0.4,7300,0.112866316802602,0.114038843920477,6309.69809095629,3.79531316085559
2025-11-21,0.4,7400,0.113197549970852,0.114566233704583,6309.69809095629,2.31794294107736
2025-11-21,0.4,7500,0.113621710505597,0.115872525665215,6309.69809095629,1.43916237255925
2025-11-21,0.4,7600,0.114599923280085,0.117831448468365,6309.69809095629,0.929724363197117
2025-11-21,0.4,7800,0.119094747959609,0.124758193004327,6309.69809095629,0.496702058777938
2025-11-21,0.4,8000,0.124537822583608,0.134045066250544,6309.69809095629,0.331134705068187
2025-11-21,0.4,8200,0.128801040290032,0.143958521246867,6309.69809095629,0.241983055226735
2025-11-21,0.4,8400,0.13957394740684,0.153777584080908,6309.69809095629,0.216511153048945
2025-11-21,0.4,8600,0.150019059827447,0.161401015673779,6309.69809095629,0.178303303961397
2025-11-21,0.4,8800,0.156821163425981,0.16903380094672,6309.69809095629,0.140095452953039
2025-11-21,0.4,9000,NA,0.18263997847311,6309.69809095629,NA
2025-11-21,0.4,9200,0.171059632000897,0.18514144615248,6309.69809095629,0.101887601982597
2025-11-21,0.4,9400,NA,0.199112362631933,6309.69809095629,NA
2025-11-21,0.4,9600,NA,0.198016937963779,6309.69809095629,NA
2025-11-21,0.4,9800,NA,0.217867745402651,6309.69809095629,NA
2025-11-21,0.4,10000,NA,0.224584850245703,6309.69809095629,NA
2025-11-21,0.4,10400,NA,0.239100069763774,6309.69809095629,NA
2025-11-21,0.4,11000,NA,0.26334646335004,6309.69809095629,NA
2025-11-21,0.4,12000,NA,0.300493262354073,6309.69809095629,NA
2025-11-28,0.416,2400,0.598318287541927,0.604135813067213,6313.98205652539,3917.01396861623
2025-11-28,0.416,2600,0.566918149873998,0.570622340331899,6313.98205652539,3717.75283794939
2025-11-28,0.416,2800,0.53563948038942,0.540113148912508,6313.98205652539,3518.61909855095
2025-11-28,0.416,3000,0.505384827578741,0.509062058867452,6313.98205652539,3319.5363156468
2025-11-28,0.416,3200,0.476980885891595,0.479006027621549,6313.98205652539,3120.60640226879
2025-11-28,0.416,3400,0.448904278769092,0.451419174373757,6313.98205652539,2921.88031491694
2025-11-28,0.416,3600,0.422554331185261,0.424638397840028,6313.98205652539,2723.40901007924
2025-11-28,0.416,3700,0.40938963388312,0.411294556420607,6313.98205652539,2624.22431417419
2025-11-28,0.416,3800,0.397205589857171,0.398934380523829,6313.98205652539,2525.24344428906
2025-11-28,0.416,3900,0.384683232283097,0.386260853143271,6313.98205652539,2426.26257441684
2025-11-28,0.416,4000,0.372377565386939,0.373817043897216,6313.98205652539,2327.3836175394
2025-11-28,0.416,4100,0.360219461314037,0.361967651720962,6313.98205652539,2228.65753017973
2025-11-28,0.416,4200,0.348553462996387,0.350144477875894,6313.98205652539,2130.0843123368
2025-11-28,0.416,4300,0.337224783894493,0.338670236402529,6313.98205652539,2031.71492051467
2025-11-28,0.416,4400,0.326105902228269,0.327418237599296,6313.98205652539,1933.54935473336
2025-11-28,0.416,4450,0.320670436655223,0.321920035372761,6313.98205652539,1884.56848484483
2025-11-28,0.416,4500,0.315392063954717,0.316580621462409,6313.98205652539,1835.68952797907
2025-11-28,0.416,4550,0.309955411236427,0.311087754550072,6313.98205652539,1786.81057108316
2025-11-28,0.416,4600,0.304914800823643,0.30599023523481,6313.98205652539,1738.13544024545
2025-11-28,0.416,4650,0.299689099216863,0.300712355262153,6313.98205652539,1689.4603094122
2025-11-28,0.416,4700,0.294781939762024,0.295753266424708,6313.98205652539,1640.98900455292
2025-11-28,0.416,4750,0.289902719402347,0.290824838763686,6313.98205652539,1592.61961275632
2025-11-28,0.416,4800,0.285033489514551,0.286127080495867,6313.98205652539,1544.40309046298
2025-11-28,0.416,4825,0.282838134032173,0.283689922968581,6313.98205652539,1520.37126407455
2025-11-28,0.416,4850,0.280366727117206,0.281403964788166,6313.98205652539,1496.33943766266
2025-11-28,0.416,4875,0.278043938766945,0.279054160807284,6313.98205652539,1472.35856779638
2025-11-28,0.416,4900,0.275856194081751,0.276643186832106,6313.98205652539,1448.42865439076
2025-11-28,0.416,4925,0.273598384835116,0.274364657404417,6313.98205652539,1424.54969753022
2025-11-28,0.416,4950,0.271273522254859,0.272206075630455,6313.98205652539,1400.72169713908
2025-11-28,0.416,4975,0.269066615462173,0.269793392241795,6313.98205652539,1376.89369680628
2025-11-28,0.416,5000,0.266788623727751,0.267496596959072,6313.98205652539,1353.11665295753
2025-11-28,0.416,5025,0.264615252551304,0.265304499650514,6313.98205652539,1329.44152208416
2025-11-28,0.416,5050,0.262367530401267,0.263038964210008,6313.98205652539,1305.76639125214
2025-11-28,0.416,5075,0.260048443330644,0.260866085324854,6313.98205652539,1282.14221689968
2025-11-28,0.416,5100,0.257980147750563,0.258617112728741,6313.98205652539,1258.61995556357
2025-11-28,0.416,5125,0.25567403996969,0.256449862378878,6313.98205652539,1235.09769421794
2025-11-28,0.416,5150,0.253599843587984,0.254204406835157,6313.98205652539,1211.67734594065
2025-11-28,0.416,5175,0.251441743045858,0.252177667741469,6313.98205652539,1188.3589105928
2025-11-28,0.416,5200,0.249203009177301,0.249920442317674,6313.98205652539,1164.98951880167
2025-11-28,0.416,5225,0.24702676850869,0.247865539156215,6313.98205652539,1141.77299648075
2025-11-28,0.416,5250,0.24490521175472,0.245586640400917,6313.98205652539,1118.55647415422
2025-11-28,0.416,5275,0.242830945814859,0.243494951161914,6313.98205652539,1095.49282134872
2025-11-28,0.416,5300,0.240667324567135,0.241314777401656,6313.98205652539,1072.42916862796
2025-11-28,0.416,5325,0.238544012270111,0.239175302728946,6313.98205652539,1049.46742884936
2025-11-28,0.416,5350,0.236331220100831,0.237070097525561,6313.98205652539,1026.55664556769
2025-11-28,0.416,5375,0.234272602999568,0.234873179749565,6313.98205652539,1003.74777533303
2025-11-28,0.416,5400,0.232118580049609,0.23282159413374,6313.98205652539,981.040818051792
2025-11-28,0.416,5425,0.229986805522842,0.230672838831574,6313.98205652539,958.384817324545
2025-11-28,0.416,5450,0.227871903796263,0.228541458225153,6313.98205652539,935.830729610205
2025-11-28,0.416,5475,0.225659679879273,0.226422371658793,6313.98205652539,913.327598398417
2025-11-28,0.416,5500,0.223566115917031,0.224204522116894,6313.98205652539,890.926380256401
2025-11-28,0.416,5525,0.221474857269201,0.22209830046223,6313.98205652539,868.678031538855
2025-11-28,0.416,5550,0.219279926120671,0.219990555076522,6313.98205652539,846.480639361566
2025-11-28,0.416,5575,0.217182790536356,0.217778057729044,6313.98205652539,824.385160159151
2025-11-28,0.416,5600,0.215075446492471,0.215657258984338,6313.98205652539,802.442550498783
2025-11-28,0.416,5625,0.212859196788132,0.213522963774816,6313.98205652539,780.550897376668
2025-11-28,0.416,5650,0.210722312938409,0.211371521170465,6313.98205652539,758.812113725701
2025-11-28,0.416,5660,0.209854444863271,0.210498000985933,6313.98205652539,750.136982921509
2025-11-28,0.416,5670,0.208968488320946,0.209606507730902,6313.98205652539,741.461852011013
2025-11-28,0.416,5675,0.208564193769833,0.20910873036669,6313.98205652539,737.12428658991
2025-11-28,0.416,5680,0.208155040770782,0.208697191872176,6313.98205652539,732.837677637071
2025-11-28,0.416,5690,0.207232596901734,0.207859710960898,6313.98205652539,724.213503295271
2025-11-28,0.416,5700,0.206381419873362,0.20700317067865,6313.98205652539,715.64028553841
2025-11-28,0.416,5710,0.205511234114685,0.206127734006882,6313.98205652539,707.067067658996
2025-11-28,0.416,5720,0.204622194458081,0.205233552431032,6313.98205652539,698.493849852112
2025-11-28,0.416,5725,0.204170649401664,0.204779476068961,6313.98205652539,694.20724083937
2025-11-28,0.416,5730,0.203714443512319,0.204320764776371,6313.98205652539,689.920631924213
2025-11-28,0.416,5740,0.202874081903902,0.203475334881399,6313.98205652539,681.449327163227
2025-11-28,0.416,5750,0.202013854166335,0.202525017982884,6313.98205652539,672.927065779731
2025-11-28,0.416,5760,0.201049349732548,0.201640912735215,6313.98205652539,664.404804499956
2025-11-28,0.416,5770,0.200234391548065,0.200821080095687,6313.98205652539,656.035412635487
2025-11-28,0.416,5775,0.199735559461037,0.200319967141466,6313.98205652539,651.748803716247
2025-11-28,0.416,5780,0.199315419474951,0.199897455193198,6313.98205652539,647.564107812047
2025-11-28,0.416,5790,0.198377107615461,0.198954586255935,6313.98205652539,639.092802978225
2025-11-28,0.416,5800,0.197501459940922,0.198074370298649,6313.98205652539,630.723411230515
2025-11-28,0.416,5810,0.196605392436858,0.197173833319342,6313.98205652539,622.354019405419
2025-11-28,0.416,5820,0.195689020354439,0.196333614028656,6313.98205652539,614.035584114711
2025-11-28,0.416,5825,0.195303566022452,0.195785167477696,6313.98205652539,609.850888234963
2025-11-28,0.416,5830,0.194832453733224,0.195392148478097,6313.98205652539,605.717148665408
2025-11-28,0.416,5840,0.193954559097455,0.194509979508268,6313.98205652539,597.449669942615
2025-11-28,0.416,5850,0.193055450388627,0.193527978433688,6313.98205652539,589.131234641543
2025-11-28,0.416,5860,0.192135227287362,0.192682381337211,6313.98205652539,580.914712413098
2025-11-28,0.416,5870,0.191193974631323,0.191814681627731,6313.98205652539,572.698190057629
2025-11-28,0.416,5875,0.190754158709618,0.191295311986185,6313.98205652539,568.564450691551
2025-11-28,0.416,5880,0.190308829503791,0.190848002846772,6313.98205652539,564.481667785175
2025-11-28,0.416,5890,0.189401675914149,0.189936957347402,6313.98205652539,556.316101931907
2025-11-28,0.416,5900,0.188472592588258,0.189004071169505,6313.98205652539,548.150536079854
2025-11-28,0.416,5910,0.187521643117988,0.188124763979324,6313.98205652539,540.035926837398
2025-11-28,0.416,5920,0.186623776124087,0.187222679403833,6313.98205652539,531.972274079762
2025-11-28,0.416,5925,0.18620360208652,0.186725830451813,6313.98205652539,527.940447724598
2025-11-28,0.416,5930,0.185703097547875,0.186297883799764,6313.98205652539,523.90862131405
2025-11-28,0.416,5940,0.184759659776246,0.18535042649811,6313.98205652539,515.844968453188
2025-11-28,0.416,5950,0.183866878822236,0.184380340822758,6313.98205652539,507.83227226917
2025-11-28,0.416,5960,0.182950425249091,0.183460488504292,6313.98205652539,499.870532514392
2025-11-28,0.416,5970,0.182010335873156,0.182517085075182,6313.98205652539,491.908792635487
2025-11-28,0.416,5975,0.181531434380263,0.182108693286817,6313.98205652539,487.978879279878
2025-11-28,0.416,5980,0.18104662961192,0.181622054395079,6313.98205652539,483.998009437072
2025-11-28,0.416,5990,0.180130804972551,0.180702584791983,6313.98205652539,476.13818262472
2025-11-28,0.416,6000,0.17919046079258,0.179687681400515,6313.98205652539,468.22739937787
2025-11-28,0.416,6010,0.1782255947437,0.178790369853219,6313.98205652539,460.418529203992
2025-11-28,0.416,6020,0.177306377179777,0.177797595704757,6313.98205652539,452.609658869619
2025-11-28,0.416,6025,0.176767256223691,0.17732700146371,6313.98205652539,448.679745518872
2025-11-28,0.416,6030,0.176291969717579,0.176850072337408,6313.98205652539,444.800788673156
2025-11-28,0.416,6040,0.175391678229082,0.175946532424875,6313.98205652539,437.144787919053
2025-11-28,0.416,6050,0.174396117388854,0.174947850053311,6313.98205652539,429.386874152761
2025-11-28,0.416,6060,0.173443593110318,0.173992265798041,6313.98205652539,421.730873410739
2025-11-28,0.416,6070,0.172532893946531,0.173078573596329,6313.98205652539,414.176785737065
2025-11-28,0.416,6075,0.172067345436571,0.172543548131265,6313.98205652539,410.34878524367
2025-11-28,0.416,6080,0.171594987066841,0.172069932185022,6313.98205652539,406.571741572231
2025-11-28,0.416,6090,0.170629798110963,0.171169777630047,6313.98205652539,399.068610223265
2025-11-28,0.416,6100,0.169637227689314,0.170174497641783,6313.98205652539,391.514522617269
2025-11-28,0.416,6110,0.168683989202779,0.169218623366842,6313.98205652539,384.062347789686
2025-11-28,0.416,6120,0.167768974231973,0.168301050751416,6313.98205652539,376.712086165478
2025-11-28,0.416,6125,0.16730057834876,0.167831412716719,6313.98205652539,373.036955196127
2025-11-28,0.416,6130,0.166824902433397,0.167354518806052,6313.98205652539,369.361824433964
2025-11-28,0.416,6140,0.165851634254184,0.166378887395805,6313.98205652539,362.011562693383
2025-11-28,0.416,6150,0.164914628283566,0.165439602449744,6313.98205652539,354.763214009215
2025-11-28,0.416,6160,0.164012862977095,0.164470302868852,6313.98205652539,347.565821786306
2025-11-28,0.416,6170,0.163015171881997,0.163535874478978,6313.98205652539,340.36842975457
2025-11-28,0.416,6175,0.162602341905006,0.163057071211513,6313.98205652539,336.846168317736
2025-11-28,0.416,6180,0.162116635936553,0.162635340410055,6313.98205652539,333.323907038304
2025-11-28,0.416,6190,0.161186354551482,0.16170316436562,6313.98205652539,326.279384320794
2025-11-28,0.416,6200,0.160224098970675,0.160739118026126,6313.98205652539,319.234861702619
2025-11-28,0.416,6210,0.159293770582917,0.159807098269261,6313.98205652539,312.292252026227
2025-11-28,0.416,6220,0.15839446615083,0.158906205204588,6313.98205652539,305.451555368836
2025-11-28,0.416,6225,0.157964160196765,0.158475144151642,6313.98205652539,302.082163574516
2025-11-28,0.416,6230,0.157461535880629,0.158035576631131,6313.98205652539,298.661815279674
2025-11-28,0.416,6240,0.156558279584924,0.157130778560007,6313.98205652539,291.923031538303
2025-11-28,0.416,6250,0.155683866640392,0.156191496524328,6313.98205652539,285.235204531351
2025-11-28,0.416,6260,0.154774192367994,0.15528067919899,6313.98205652539,278.598333828013
2025-11-28,0.416,6270,0.153892070837409,0.154397531612861,6313.98205652539,272.063376151537
2025-11-28,0.416,6275,0.153437431461738,0.154005548418589,6313.98205652539,268.846853993735
2025-11-28,0.416,6280,0.15297367138216,0.153541296484275,6313.98205652539,265.579375147512
2025-11-28,0.416,6290,0.152144507763549,0.152648281826507,6313.98205652539,259.19728699055
2025-11-28,0.416,6300,0.151214932582924,0.151780941985892,6313.98205652539,252.815198958239
2025-11-28,0.416,6310,0.150373165987092,0.150938585455416,6313.98205652539,246.585980381065
2025-11-28,0.416,6325,0.149139105950154,0.149641166379575,6313.98205652539,237.355403700252
2025-11-28,0.416,6350,0.147017221778092,0.14751909376021,6313.98205652539,222.272277996261
2025-11-28,0.416,6375,0.14495339625533,0.145518839588796,6313.98205652539,207.749673921042
2025-11-28,0.416,6400,0.143001936110867,0.143506297634643,6313.98205652539,193.736634899066
2025-11-28,0.416,6425,0.141155718036679,0.141599498482168,6313.98205652539,180.335073818604
2025-11-28,0.416,6450,0.139281204636445,0.139792356229386,6313.98205652539,167.443077802159
2025-11-28,0.416,6475,0.137563853957944,0.138015670989656,6313.98205652539,155.162559975222
2025-11-28,0.416,6500,0.135871654373166,0.13632920456844,6313.98205652539,143.442563692372
2025-11-28,0.416,6525,0.134266379635369,0.13473091867897,6313.98205652539,132.334045443013
2025-11-28,0.416,6550,0.132747649066452,0.133152992665134,6313.98205652539,121.786048749849
2025-11-28,0.416,6575,0.131317034855335,0.13173077723741,6313.98205652539,111.900486591526
2025-11-28,0.416,6600,0.129907709077563,0.130331249991758,6313.98205652539,102.524489541191
2025-11-28,0.416,6625,0.128665373075397,0.129027674437141,6313.98205652539,93.8109270626254
2025-11-28,0.416,6650,0.127455695791059,0.127828673310929,6313.98205652539,85.6578861284657
2025-11-28,0.416,6675,0.126284162568993,0.12674625951018,6313.98205652539,78.0653668007855
2025-11-28,0.416,6700,0.125238324570613,0.125637100162357,6313.98205652539,70.9824125634919
2025-11-28,0.416,6725,0.124254994615135,0.124669103996512,6313.98205652539,64.4599798274651
2025-11-28,0.416,6750,0.123349086523917,0.123780336606242,6313.98205652539,58.4471121036398
2025-11-28,0.416,6800,0.121567496270122,0.122133974826837,6313.98205652539,47.6952893901616
2025-11-28,0.416,6850,0.120023422231162,0.12065087214853,6313.98205652539,38.6250313708378
2025-11-28,0.416,6900,0.118692160057113,0.119278202936257,6313.98205652539,31.0325119987988
2025-11-28,0.416,7000,0.116388011546107,0.117149443711845,6313.98205652539,19.6182546846831
2025-11-28,0.416,7100,0.114554768541613,0.115587364442654,6313.98205652539,12.0766918326723
2025-11-28,0.416,7200,0.113443401522731,0.114315223353237,6313.98205652539,7.28678032539749
2025-11-28,0.416,7300,0.1129109451983,0.114158451350428,6313.98205652539,4.43321600553797
2025-11-28,0.416,7400,0.112726020332695,0.11424708924887,6313.98205652539,2.67521654558258
2025-11-28,0.416,7600,0.113482900659349,0.117298070716662,6313.98205652539,1.07008661840429
2025-12-19,0.476,200,NA,1.41768586808609,6324.16944554677,NA
2025-12-19,0.476,400,NA,1.17533578888199,6324.16944554677,NA
2025-12-19,0.476,500,NA,1.07739643253636,6324.16944554677,NA
2025-12-19,0.476,600,NA,1.02773580294402,6324.16944554677,NA
2025-12-19,0.476,800,0.874726595666592,0.91999397309322,6324.16944554677,5524.32263437428
2025-12-19,0.476,1000,0.834493286693738,0.857172037086026,6324.16944554677,5324.47582320181
2025-12-19,0.476,1200,0.789057183739056,0.808810471518026,6324.16944554677,5124.70560644342
2025-12-19,0.476,1400,0.74948617331912,0.766002270849212,6324.16944554677,4925.03751556911
2025-12-19,0.476,1600,0.715357890314486,0.726311639466044,6324.16944554677,4725.49708205297
2025-12-19,0.476,1800,0.674870407403915,0.685079591951234,6324.16944554677,4525.93111706426
2025-12-19,0.476,2000,0.639835763306943,0.647531202869533,6324.16944554677,4326.49280943163
2025-12-19,0.476,2200,0.606598077159362,0.613688993638065,6324.16944554677,4127.18215915591
2025-12-19,0.476,2400,0.573798033313908,0.579454268175668,6324.16944554677,3927.89704035087
2025-12-19,0.476,2500,0.559931979972857,0.563281308590156,6324.16944554677,3828.35660683114
2025-12-19,0.476,2600,0.544081318534126,0.547108036283985,6324.16944554677,3728.76511037166
2025-12-19,0.476,2700,0.528245480985918,0.532345459527367,6324.16944554677,3629.22467685395
2025-12-19,0.476,2800,0.513743424548286,0.517445908503088,6324.16944554677,3529.73530628023
2025-12-19,0.476,2900,0.500257799016664,0.502488386723077,6324.16944554677,3430.29699864653
2025-12-19,0.476,3000,0.486514540120517,0.488532967160226,6324.16944554677,3330.90975396103
2025-12-19,0.476,3100,0.472607140277209,0.475351229274315,6324.16944554677,3231.57357221783
2025-12-19,0.476,3200,0.459447476628065,0.461938843823075,6324.16944554677,3132.28845341266
2025-12-19,0.476,3250,0.453192159061444,0.454778129519537,6324.16944554677,3082.64589400013
2025-12-19,0.476,3300,0.446097145636528,0.448371817060453,6324.16944554677,3033.00333460183
2025-12-19,0.476,3350,0.439737153524326,0.441906805376759,6324.16944554677,2983.41183814165
2025-12-19,0.476,3400,0.433319798635409,0.43539214881563,6324.16944554677,2933.82034168278
2025-12-19,0.476,3450,0.426853741833163,0.429487852402625,6324.16944554677,2884.27990816785
2025-12-19,0.476,3500,0.420982907403707,0.422868847695374,6324.16944554677,2834.73947464447
2025-12-19,0.476,3550,0.414414246793417,0.416818031249357,6324.16944554677,2785.19904112582
2025-12-19,0.476,3600,0.408399697794685,0.410693855688292,6324.16944554677,2735.7096705675
2025-12-19,0.476,3650,0.402313045511189,0.404505519132275,6324.16944554677,2686.22029997885
2025-12-19,0.476,3700,0.396163136488754,0.398260985844511,6324.16944554677,2636.73092940509
2025-12-19,0.476,3750,0.390463652898377,0.391967167257136,6324.16944554677,2587.29262178006
2025-12-19,0.476,3800,0.384188251505954,0.386106331448633,6324.16944554677,2537.85431413769
2025-12-19,0.476,3825,0.381271264073584,0.38314614782006,6324.16944554677,2513.16069179241
2025-12-19,0.476,3850,0.378334343427733,0.380167586286708,6324.16944554677,2488.46706945176
2025-12-19,0.476,3875,0.375378584163467,0.377171652676956,6324.16944554677,2463.77344711578
2025-12-19,0.476,3900,0.372405005933485,0.374159284861741,6324.16944554677,2439.07982477717
2025-12-19,0.476,3925,0.369846358540494,0.371556290070535,6324.16944554677,2414.48832829672
2025-12-19,0.476,3950,0.366830755543486,0.368504745443624,6324.16944554677,2389.79470595162
2025-12-19,0.476,3975,0.363800297951412,0.365439502662351,6324.16944554677,2365.10108361958
2025-12-19,0.476,4000,0.361159372865568,0.362758938450463,6324.16944554677,2340.50958716611
2025-12-19,0.476,4025,0.358487095096288,0.360048620956143,6324.16944554677,2315.9180906927
2025-12-19,0.476,4050,0.355400467402472,0.356930805015533,6324.16944554677,2291.22446835802
2025-12-19,0.476,4075,0.352679159283137,0.354174087720873,6324.16944554677,2266.63297190109
2025-12-19,0.476,4100,0.349930656544624,0.351391509490065,6324.16944554677,2242.04147543521
2025-12-19,0.476,4125,0.347156271915204,0.348584302433772,6324.16944554677,2217.44997895637
2025-12-19,0.476,4150,0.344357226737125,0.345753613679471,6324.16944554677,2192.85848250847
2025-12-19,0.476,4175,0.341534657514963,0.343239375821374,6324.16944554677,2168.31804899
2025-12-19,0.476,4200,0.339025220624738,0.340357604605932,6324.16944554677,2143.7776154666
2025-12-19,0.476,4225,0.336151514517274,0.337779255811472,6324.16944554677,2119.23718196232
2025-12-19,0.476,4250,0.33357801733135,0.335167144245375,6324.16944554677,2094.74781138687
2025-12-19,0.476,4275,0.330970794626694,0.332522826817053,6324.16944554677,2070.25844079331
2025-12-19,0.476,4300,0.328331388324242,0.329847748531688,6324.16944554677,2045.7690702357
2025-12-19,0.476,4325,0.325661228731743,0.327143251221382,6324.16944554677,2021.27969967208
2025-12-19,0.476,4350,0.323252887780106,0.324410581839751,6324.16944554677,1996.8413920316
2025-12-19,0.476,4375,0.320518660470431,0.321932254470459,6324.16944554677,1972.40308439983
2025-12-19,0.476,4400,0.318035517581351,0.319415230066115,6324.16944554677,1948.01583971546
2025-12-19,0.476,4425,0.315514021518977,0.316861216148452,6324.16944554677,1923.62859500687
2025-12-19,0.476,4450,0.312955843279733,0.31427179378306,6324.16944554677,1899.24135032027
2025-12-19,0.476,4475,0.310362529732209,0.311648428202283,6324.16944554677,1874.85410565622
2025-12-19,0.476,4500,0.307987954462592,0.309242316313022,6324.16944554677,1850.56898683692
2025-12-19,0.476,4525,0.305569245707913,0.306793396472656,6324.16944554677,1826.28386801223
2025-12-19,0.476,4550,0.303108315444314,0.304303489271301,6324.16944554677,1801.99874922598
2025-12-19,0.476,4575,0.300841275626811,0.302006443404599,6324.16944554677,1777.81575630226
2025-12-19,0.476,4600,0.298295666458827,0.299434199866172,6324.16944554677,1753.53063749647
2025-12-19,0.476,4625,0.295936306380734,0.29704725896107,6324.16944554677,1729.34764460421
2025-12-19,0.476,4650,0.293748519058428,0.294831213129064,6324.16944554677,1705.2667775331
2025-12-19,0.476,4675,0.291293788638312,0.29256167925881,6324.16944554677,1681.13484756185
2025-12-19,0.476,4700,0.289004078101037,0.290035610693633,6324.16944554677,1657.00291758762
2025-12-19,0.476,4725,0.286865922704962,0.287871147326574,6324.16944554677,1633.02417646628
2025-12-19,0.476,4750,0.28447265273537,0.285454200954348,6324.16944554677,1608.94330937043
2025-12-19,0.476,4775,0.282225384459569,0.283373559092829,6324.16944554677,1585.01563121321
2025-12-19,0.476,4800,0.280111865019418,0.281045057369612,6324.16944554677,1561.08795298206
2025-12-19,0.476,4825,0.277754982259373,0.278847720061899,6324.16944554677,1537.1602748005
2025-12-19,0.476,4850,0.27570540990102,0.276593298064572,6324.16944554677,1513.33472244373
2025-12-19,0.476,4875,0.273417324667157,0.274456755166223,6324.16944554677,1489.50917015947
2025-12-19,0.476,4900,0.271245235368923,0.272090675595754,6324.16944554677,1465.68361780996
2025-12-19,0.476,4925,0.269178781624752,0.270167286968882,6324.16944554677,1442.06231728757
2025-12-19,0.476,4950,0.267046856194625,0.267850811676004,6324.16944554677,1418.33889080892
2025-12-19,0.476,4975,0.264852063580328,0.265793125606277,6324.16944554677,1394.71759027624
2025-12-19,0.476,5000,0.262750299177298,0.263515667054029,6324.16944554677,1371.09628975382
2025-12-19,0.476,5025,0.260582940997743,0.26162776501867,6324.16944554677,1347.62817797647
2025-12-19,0.476,5050,0.258498573700407,0.259372715542758,6324.16944554677,1324.10900333363
2025-12-19,0.476,5075,0.25648890604055,0.257341479325188,6324.16944554677,1300.74301749997
2025-12-19,0.476,5100,0.254407084891822,0.255239099230625,6324.16944554677,1277.37703168385
2025-12-19,0.476,5125,0.252391456476449,0.253203212948544,6324.16944554677,1254.11317166777
2025-12-19,0.476,5150,0.250302405645197,0.251094846050537,6324.16944554677,1230.84931174237
2025-12-19,0.476,5175,0.248271786283314,0.249045232364745,6324.16944554677,1207.68757766678
2025-12-19,0.476,5200,0.246166750027664,0.246922076209772,6324.16944554677,1184.52584362416
2025-12-19,0.476,5225,0.244113036048718,0.24497322347748,6324.16944554677,1161.51729838947
2025-12-19,0.476,5250,0.242104389060195,0.242944274384427,6324.16944554677,1138.55981609833
2025-12-19,0.476,5275,0.240134875664181,0.24095492265342,6324.16944554677,1115.70445964826
2025-12-19,0.476,5300,0.238084241016016,0.238885380992837,6324.16944554677,1092.84910318166
2025-12-19,0.476,5325,0.236067173416228,0.236849854288582,6324.16944554677,1070.09587271774
2025-12-19,0.476,5350,0.234078441887848,0.23484313310052,6324.16944554677,1047.44476808187
2025-12-19,0.476,5375,0.232006148460096,0.232860277344472,6324.16944554677,1024.84472637297
2025-12-19,0.476,5400,0.230061928038978,0.230792432291686,6324.16944554677,1002.34681055462
2025-12-19,0.476,5410,0.229155851145544,0.22998336923358,6324.16944554677,993.317006447998
2025-12-19,0.476,5420,0.228340394412444,0.229160525075196,6324.16944554677,984.338265294838
2025-12-19,0.476,5425,0.228029707675381,0.228743984941899,6324.16944554677,979.899957651541
2025-12-19,0.476,5430,0.227612935584556,0.228425478878707,6324.16944554677,975.461650022532
2025-12-19,0.476,5440,0.226769219177602,0.227574656771548,6324.16944554677,966.482908879155
2025-12-19,0.476,5450,0.226012008522472,0.226710522863376,6324.16944554677,957.555230692817
2025-12-19,0.476,5460,0.225140689606156,0.225931991469649,6324.16944554677,948.627552451786
2025-12-19,0.476,5470,0.224354421541179,0.225138704288361,6324.16944554677,939.750937231411
2025-12-19,0.476,5475,0.22400462653194,0.224687847392016,6324.16944554677,935.312629570531
2025-12-19,0.476,5480,0.223553431594604,0.224330830558287,6324.16944554677,930.874321936642
2025-12-19,0.476,5490,0.222737885221706,0.223508531660167,6324.16944554677,921.997706705119
2025-12-19,0.476,5500,0.222003560654694,0.222671960098071,6324.16944554677,913.172154307061
2025-12-19,0.476,5510,0.221158548399689,0.221915804165757,6324.16944554677,904.346601996504
2025-12-19,0.476,5520,0.220393413062564,0.22105032187712,6324.16944554677,895.521049732593
2025-12-19,0.476,5525,0.219911437768618,0.220659048088714,6324.16944554677,891.082742096952
2025-12-19,0.476,5530,0.21951956007573,0.220263933467804,6324.16944554677,886.695497459902
2025-12-19,0.476,5540,0.218724268804677,0.219462263073672,6324.16944554677,877.921008046284
2025-12-19,0.476,5550,0.21800529839998,0.218554101472863,6324.16944554677,869.146518647664
2025-12-19,0.476,5560,0.217088099768775,0.21781370017157,6324.16944554677,860.37202927854
2025-12-19,0.476,5570,0.216337561457815,0.216967098265346,6324.16944554677,851.648602820396
2025-12-19,0.476,5575,0.215911336442857,0.216538276897673,6324.16944554677,847.261358190632
2025-12-19,0.476,5580,0.215481428338155,0.216194888660151,6324.16944554677,842.925176412166
2025-12-19,0.476,5590,0.21469917150861,0.215318290017952,6324.16944554677,834.201749980864
2025-12-19,0.476,5600,0.213988695347869,0.214514884744488,6324.16944554677,825.580449422948
2025-12-19,0.476,5610,0.213086804894927,0.213695730515248,6324.16944554677,816.857022929863
2025-12-19,0.476,5620,0.212256992697455,0.21286096862933,6324.16944554677,808.184659481431
2025-12-19,0.476,5625,0.211879242876986,0.212480701909603,6324.16944554677,803.899540661978
2025-12-19,0.476,5630,0.211411611260361,0.212096232887797,6324.16944554677,799.563358884907
2025-12-19,0.476,5640,0.210635758146632,0.211229965814372,6324.16944554677,790.942058348382
2025-12-19,0.476,5650,0.209843219661383,0.210432613264527,6324.16944554677,782.371820711058
2025-12-19,0.476,5660,0.208950541443895,0.209618819378781,6324.16944554677,773.750520219943
2025-12-19,0.476,5670,0.208125732776955,0.208788719926502,6324.16944554677,765.180282560137
2025-12-19,0.476,5675,0.207707215474936,0.208285112774011,6324.16944554677,760.84410080734
2025-12-19,0.476,5680,0.207366932034048,0.20794244209143,6324.16944554677,756.66110789709
2025-12-19,0.476,5690,0.206509044681007,0.207161613677884,6324.16944554677,748.141933231103
2025-12-19,0.476,5700,0.205797118130875,0.206282701863241,6324.16944554677,739.673821544529
2025-12-19,0.476,5710,0.204825658463687,0.205468212686985,6324.16944554677,731.103583936449
2025-12-19,0.476,5720,0.203999134853537,0.204636763108011,6324.16944554677,722.635472238055
2025-12-19,0.476,5725,0.203619242263551,0.204175043643505,6324.16944554677,718.401416269554
2025-12-19,0.476,5730,0.203155671213351,0.203788470269238,6324.16944554677,714.167360422021
2025-12-19,0.476,5740,0.202373937088602,0.202923441854837,6324.16944554677,705.750311676367
2025-12-19,0.476,5750,0.201574295522491,0.202041776090236,6324.16944554677,697.333262860118
2025-12-19,0.476,5760,0.200679495199206,0.201220859624062,6324.16944554677,688.916214070428
2025-12-19,0.476,5770,0.199844980404809,0.200382348873743,6324.16944554677,680.550228347179
2025-12-19,0.476,5775,0.199421127643071,0.19995652825651,6324.16944554677,676.367235434935
2025-12-19,0.476,5780,0.198992894463812,0.199526347012359,6324.16944554677,672.1842424729
2025-12-19,0.476,5790,0.198123333127817,0.19872855906921,6324.16944554677,663.869319562417
2025-12-19,0.476,5800,0.197386681855079,0.197837308976683,6324.16944554677,655.605459618772
2025-12-19,0.476,5810,0.196481359187411,0.197003367964303,6324.16944554677,647.290536738367
2025-12-19,0.476,5820,0.195632895654671,0.196225223942559,6324.16944554677,639.077739644958
2025-12-19,0.476,5825,0.195164921777,0.195681467182839,6324.16944554677,634.843683835614
2025-12-19,0.476,5830,0.194766233787786,0.195280947689575,6324.16944554677,630.7628168622
2025-12-19,0.476,5840,0.193881448820156,0.194465613338082,6324.16944554677,622.550019764989
2025-12-19,0.476,5850,0.193123712549848,0.193558811904789,6324.16944554677,614.388285716769
2025-12-19,0.476,5860,0.192201893540039,0.192706087571271,6324.16944554677,606.175488720387
2025-12-19,0.476,5870,0.191333712016647,0.191906036077709,6324.16944554677,598.064817574761
2025-12-19,0.476,5875,0.190892549315188,0.191462972750602,6324.16944554677,593.983950499532
2025-12-19,0.476,5880,0.19044668125194,0.191086256116114,6324.16944554677,589.954146469333
2025-12-19,0.476,5890,0.189611483827199,0.190176263738849,6324.16944554677,581.843475381882
2025-12-19,0.476,5900,0.188826773835785,0.189247598635002,6324.16944554677,573.78386711493
2025-12-19,0.476,5910,0.187812400716108,0.188439620131139,6324.16944554677,565.67319599082
2025-12-19,0.476,5920,0.186988053926957,0.187611252356772,6324.16944554677,557.715713661103
2025-12-19,0.476,5925,0.186499162107703,0.18712044274061,6324.16944554677,553.634846748016
2025-12-19,0.476,5930,0.186074446126354,0.186693772582565,6324.16944554677,549.656105501961
2025-12-19,0.476,5940,0.185209732615399,0.185825218093585,6324.16944554677,541.698623186328
2025-12-19,0.476,5950,0.184392664694245,0.184936404573744,6324.16944554677,533.79220383435
2025-12-19,0.476,5960,0.183419285774957,0.184027352395722,6324.16944554677,525.783658666706
2025-12-19,0.476,5970,0.182560768323987,0.183165207734362,6324.16944554677,517.928302112099
2025-12-19,0.476,5975,0.182157085389871,0.182759722254506,6324.16944554677,514.051686881014
2025-12-19,0.476,5980,0.181681144775169,0.182282044868723,6324.16944554677,510.072945735385
2025-12-19,0.476,5990,0.180780424150692,0.181444231446181,6324.16944554677,502.268652281971
2025-12-19,0.476,6000,0.180056665001731,0.180518666191316,6324.16944554677,494.566484758256
2025-12-19,0.476,6010,0.179046969449685,0.179637689314382,6324.16944554677,486.71112828327
2025-12-19,0.476,6020,0.178147445574716,0.178734931421774,6324.16944554677,478.957897878141
2025-12-19,0.476,6025,0.177689476720841,0.178275377282253,6324.16944554677,475.081282507866
2025-12-19,0.476,6030,0.17722603125367,0.177810367193157,6324.16944554677,471.204667211729
2025-12-19,0.476,6040,0.176347285621898,0.176928525204863,6324.16944554677,463.55356261738
2025-12-19,0.476,6050,0.175510145807513,0.176024114505722,6324.16944554677,455.953520930377
2025-12-19,0.476,6060,0.174585720695206,0.175160997194348,6324.16944554677,448.353479250692
2025-12-19,0.476,6070,0.17370215721534,0.174274568442374,6324.16944554677,440.804500485983
2025-12-19,0.476,6075,0.173251585391014,0.173822596141727,6324.16944554677,437.030011061748
2025-12-19,0.476,6080,0.172795142742008,0.173364774407714,6324.16944554677,433.255521661976
2025-12-19,0.476,6090,0.171927607760209,0.172494524475091,6324.16944554677,425.808668854387
2025-12-19,0.476,6100,0.171098582675831,0.171537473968842,6324.16944554677,418.361816023252
2025-12-19,0.476,6110,0.170119864076769,0.170681611223767,6324.16944554677,410.914963083095
2025-12-19,0.476,6120,0.169241620486073,0.16980089584475,6324.16944554677,403.570236145604
2025-12-19,0.476,6125,0.168793116779939,0.169351189277303,6324.16944554677,399.897872661723
2025-12-19,0.476,6130,0.168338340325227,0.168895231789151,6324.16944554677,396.225509140783
2025-12-19,0.476,6140,0.167471533521266,0.168026115741762,6324.16944554677,388.98290806803
2025-12-19,0.476,6150,0.166640317646051,0.167131301448638,6324.16944554677,381.791369840681
2025-12-19,0.476,6160,0.165721563706146,0.166271785590764,6324.16944554677,374.599831672076
2025-12-19,0.476,6170,0.164837651562392,0.165385824246307,6324.16944554677,367.459356385645
2025-12-19,0.476,6175,0.1643856971606,0.164932879295645,6324.16944554677,363.889118859158
2025-12-19,0.476,6180,0.163987742442394,0.164473263164967,6324.16944554677,360.369944177493
2025-12-19,0.476,6190,0.163110545279922,0.163594401117873,6324.16944554677,353.331594864059
2025-12-19,0.476,6200,0.162326455345616,0.162688157168452,6324.16944554677,346.395371356497
2025-12-19,0.476,6210,0.16133364932846,0.161874515204701,6324.16944554677,339.408085030601
2025-12-19,0.476,6220,0.16043315585938,0.161092261576578,6324.16944554677,332.57398736608
2025-12-19,0.476,6225,0.160091911992086,0.160510751619028,6324.16944554677,329.10587564268
2025-12-19,0.476,6230,0.159563923542188,0.160101695681252,6324.16944554677,325.637764061986
2025-12-19,0.476,6240,0.158725218523801,0.15938077764822,6324.16944554677,319.007918254083
2025-12-19,0.476,6250,0.158094697279205,0.158391954926819,6324.16944554677,312.378072431333
2025-12-19,0.476,6260,0.157017984045728,0.15755185117834,6324.16944554677,305.543974778655
2025-12-19,0.476,6270,0.156267037408027,0.156799807908307,6324.16944554677,299.118380732291
2025-12-19,0.476,6275,0.155791176101264,0.156323439612818,6324.16944554677,295.752394884073
2025-12-19,0.476,6280,0.155425822329782,0.155957604900538,6324.16944554677,292.590660940648
2025-12-19,0.476,6290,0.154612341164694,0.15508425555549,6324.16944554677,286.114004000483
2025-12-19,0.476,6300,0.15382599190003,0.154238320272503,6324.16944554677,279.739472914012
2025-12-19,0.476,6310,0.152948543862539,0.153536859605322,6324.16944554677,273.467067647849
2025-12-19,0.476,6320,0.152097365233457,0.152685085366349,6324.16944554677,267.143599547313
2025-12-19,0.476,6325,0.151549714090183,0.152372175096639,6324.16944554677,263.995412812054
2025-12-19,0.476,6330,0.151218545386917,0.151981981642421,6324.16944554677,260.982699168515
2025-12-19,0.476,6340,0.150413443069099,0.151176456591465,6324.16944554677,254.855146195249
2025-12-19,0.476,6350,0.149750316657723,0.150395740373185,6324.16944554677,248.931844723649
2025-12-19,0.476,6360,0.148876638875949,0.149580687310214,6324.16944554677,242.855354642979
2025-12-19,0.476,6370,0.148085331919286,0.148848188426486,6324.16944554677,236.983116229922
2025-12-19,0.476,6375,0.147676411750879,0.148439410721329,6324.16944554677,234.021465626284
2025-12-19,0.476,6380,0.147317267863701,0.148080458191837,6324.16944554677,231.161940798947
2025-12-19,0.476,6390,0.146572028778191,0.147277006643282,6324.16944554677,225.391828305381
2025-12-19,0.476,6400,0.14596684547391,0.14649609004513,6324.16944554677,219.825967560655
2025-12-19,0.476,6410,0.14503077199002,0.145796195746105,6324.16944554677,214.10691795214
2025-12-19,0.476,6420,0.1442927099091,0.145059306549553,6324.16944554677,208.592120141199
2025-12-19,0.476,6425,0.144027587255885,0.144735825477583,6324.16944554677,205.987910148701
2025-12-19,0.476,6430,0.143575918071631,0.144343909949716,6324.16944554677,203.179448214163
2025-12-19,0.476,6440,0.142939318783082,0.143649727277417,6324.16944554677,197.919965180375
2025-12-19,0.476,6450,0.142264399208568,0.142857841300047,6324.16944554677,192.609419197644
2025-12-19,0.476,6460,0.141550523138353,0.142264585327563,6324.16944554677,187.503124966777
2025-12-19,0.476,6470,0.140856674723548,0.141572907767472,6324.16944554677,182.396830627639
2025-12-19,0.476,6475,0.140554572888874,0.141212192710008,6324.16944554677,179.894746450553
2025-12-19,0.476,6480,0.140182673520403,0.140901310686242,6324.16944554677,177.392662312134
2025-12-19,0.476,6490,0.139468261939708,0.140189563124668,6324.16944554677,172.388494011307
2025-12-19,0.476,6500,0.138954056918395,0.139436850466534,6324.16944554677,167.588577451637
2025-12-19,0.476,6525,0.137339134115283,0.137949587686703,6324.16944554677,155.946226543261
2025-12-19,0.476,6550,0.135766646297687,0.136323657232835,6324.16944554677,144.661316123715
2025-12-19,0.476,6575,0.134297351349664,0.13498902992839,6324.16944554677,134.142350040611
2025-12-19,0.476,6600,0.13293347469561,0.133509836913148,6324.16944554677,124.031887399183
2025-12-19,0.476,6625,0.131548461821244,0.132267565958043,6324.16944554677,114.534180010594
2025-12-19,0.476,6650,0.13040749911717,0.130875783678232,6324.16944554677,105.547102201401
2025-12-19,0.476,6675,0.129116942724551,0.129803175976598,6324.16944554677,97.1217166124407
2025-12-19,0.476,6700,0.128089399830554,0.128512864638231,6324.16944554677,89.1558976300256
2025-12-19,0.476,6725,0.126986823478141,0.127641495954365,6324.16944554677,81.8538968526873
2025-12-19,0.476,6750,0.125955977299387,0.126557555366671,6324.16944554677,74.8582737114193
2025-12-19,0.476,6775,0.125009041683895,0.125632341977116,6324.16944554677,68.4243429723267
2025-12-19,0.476,6800,0.124161481243014,0.124727965620495,6324.16944554677,62.4499786280805
2025-12-19,0.476,6825,0.123263796293573,0.123938018249272,6324.16944554677,56.884117927373
2025-12-19,0.476,6850,0.12249399663106,0.123109938748346,6324.16944554677,51.726760713954
2025-12-19,0.476,6875,0.121694690486596,0.122431413063719,6324.16944554677,46.9779071213619
2025-12-19,0.476,6900,0.121065898300567,0.121549248022907,6324.16944554677,42.5354311523469
2025-12-19,0.476,6925,0.120340085876367,0.120950200970239,6324.16944554677,38.5014586759435
2025-12-19,0.476,6950,0.119621540969671,0.120265425965616,6324.16944554677,34.7228008636495
2025-12-19,0.476,6975,0.119039374429706,0.119719835664578,6324.16944554677,31.3526467249071
2025-12-19,0.476,7000,0.118391925233163,0.11911363372623,6324.16944554677,28.186744314699
2025-12-19,0.476,7050,0.117327720534978,0.118143979515164,6324.16944554677,22.7740723428826
2025-12-19,0.476,7100,0.116501304317963,0.11727701016631,6324.16944554677,18.3315963756918
2025-12-19,0.476,7150,0.115656182778075,0.116549232942516,6324.16944554677,14.6550644889062
2025-12-19,0.476,7200,0.114969489831025,0.116004581676567,6324.16944554677,11.6934138663796
2025-12-19,0.476,7250,0.114484158283351,0.115451066839052,6324.16944554677,9.29345551143979
2025-12-19,0.476,7300,0.11394632226138,0.115083853769362,6324.16944554677,7.35306374058707
2025-12-19,0.476,7400,0.113591968719176,0.11478124683771,6324.16944554677,4.64672778762298
2025-12-19,0.476,7500,0.113512067499599,0.114913506575874,6324.16944554677,2.93611920058496
2025-12-19,0.476,7600,0.113961185151036,0.115923739384631,6324.16944554677,1.91486034133492
2025-12-19,0.476,7700,0.114393014981664,0.11767206657956,6324.16944554677,1.27657356331658
2025-12-19,0.476,7800,0.115942768778656,0.118954846137643,6324.16944554677,0.868070025464551
2025-12-19,0.476,7900,0.117190446643383,0.122975357106588,6324.16944554677,0.663818255399116
2025-12-19,0.476,8000,0.118959604177365,0.125320771356722,6324.16944554677,0.48509795418359
2025-12-19,0.476,8200,0.123867838436662,0.134530297098965,6324.16944554677,0.357440598636402
2025-12-19,0.476,8400,0.131101803588999,0.142605802564852,6324.16944554677,0.280846184150294
2025-12-19,0.476,8600,0.136593313244202,0.151324815258965,6324.16944554677,0.229783240961024
2025-12-19,0.476,8800,0.145893832112367,0.159299878894853,6324.16944554677,0.204251770320731
2025-12-19,0.476,9000,0.147501505442351,0.169021163918017,6324.16944554677,0.178720298912392
2025-12-19,0.476,9200,0.155934017119068,0.175782086033012,6324.16944554677,0.153188828152661
2025-12-19,0.476,9400,0.164146064951771,0.181576643979456,6324.16944554677,0.127657356235048
2025-12-19,0.476,10000,NA,0.20706058744297,6324.16944554677,NA
2025-12-19,0.476,10400,NA,0.218270623033778,6324.16944554677,NA
2025-12-19,0.476,11000,NA,0.240506716388433,6324.16944554677,NA
2025-12-19,0.476,12000,0.25515679257946,0.266957494920476,6324.16944554677,0.0765944138570875
2025-12-31,0.504,1200,0.792610251975235,0.797869609833632,6331.75389465758,5132.44854343064
2025-12-31,0.504,1400,0.741693093606769,0.755903398404953,6331.75389465758,4932.78300395135
2025-12-31,0.504,1600,0.701720968811274,0.711817011926655,6331.75389465758,4733.19464766906
2025-12-31,0.504,1800,0.664935283587183,0.672343959470307,6331.75389465758,4533.7092023161
2025-12-31,0.504,2000,0.630361534879758,0.635963615225554,6331.75389465758,4334.32666789321
2025-12-31,0.504,2200,0.597486159407146,0.603936443533995,6331.75389465758,4135.09849985911
2025-12-31,0.504,2400,0.569438648257065,0.572769783487869,6331.75389465758,3936.07615369064
2025-12-31,0.504,2600,0.538440211552398,0.542474185225716,6331.75389465758,3737.05380752013
2025-12-31,0.504,2700,0.523540609450897,0.52719274377901,6331.75389465758,3637.56836216469
2025-12-31,0.504,2800,0.508593366561726,0.511919805307409,6331.75389465758,3538.08291680996
2025-12-31,0.504,2900,0.494681572040019,0.497696469269139,6331.75389465758,3438.70038238981
2025-12-31,0.504,3000,0.481569582065873,0.483393826602547,6331.75389465758,3339.36930342497
2025-12-31,0.504,3100,0.468232367734165,0.470710287213274,6331.75389465758,3240.14113540476
2025-12-31,0.504,3200,0.455509217158526,0.457014329899654,6331.75389465758,3140.91296736453
2025-12-31,0.504,3300,0.442567177983697,0.443941043945479,6331.75389465758,3041.73625480133
2025-12-31,0.504,3400,0.42947349737481,0.431358070514042,6331.75389465758,2942.61099770878
2025-12-31,0.504,3500,0.417438630416074,0.419155734003055,6331.75389465758,2843.64010699404
2025-12-31,0.504,3600,0.405152297776564,0.406724977097364,6331.75389465758,2744.66921628539
2025-12-31,0.504,3700,0.393160172121159,0.395076106966014,6331.75389465758,2645.85269198761
2025-12-31,0.504,3750,0.387309362727767,0.389142152294582,6331.75389465758,2596.47015754532
2025-12-31,0.504,3800,0.381390756397884,0.383146065165182,6331.75389465758,2547.0876231447
2025-12-31,0.504,3850,0.375834957981914,0.377094684686931,6331.75389465758,2497.75654418474
2025-12-31,0.504,3900,0.370189433911838,0.371394044219294,6331.75389465758,2448.47692067231
2025-12-31,0.504,3950,0.364463351312173,0.365998438088288,6331.75389465758,2399.2487526479
2025-12-31,0.504,4000,0.359034360031732,0.36013610779809,6331.75389465758,2350.02058461735
2025-12-31,0.504,4050,0.353508470458168,0.354562353046324,6331.75389465758,2300.8438720586
2025-12-31,0.504,4075,0.350712083478443,0.351743284578409,6331.75389465758,2276.25551576627
2025-12-31,0.504,4100,0.347894789471071,0.349238530494505,6331.75389465758,2251.7186149388
2025-12-31,0.504,4125,0.345057542459615,0.346373132366482,6331.75389465758,2227.13025867376
2025-12-31,0.504,4150,0.342524685134945,0.343809426291201,6331.75389465758,2202.64481332439
2025-12-31,0.504,4175,0.339959417057083,0.341214519891036,6331.75389465758,2178.15936796708
2025-12-31,0.504,4200,0.337054569123434,0.338284421765121,6331.75389465758,2153.57101166809
2025-12-31,0.504,4225,0.334435901046412,0.335638151033218,6331.75389465758,2129.0855663425
2025-12-31,0.504,4250,0.332083841664189,0.333256557229367,6331.75389465758,2104.70303191607
2025-12-31,0.504,4275,0.329403116217081,0.330550330278417,6331.75389465758,2080.21758654307
2025-12-31,0.504,4300,0.326696592989137,0.32781919146723,6331.75389465758,2055.73214118437
2025-12-31,0.504,4325,0.324240989308588,0.325337283017119,6331.75389465758,2031.34960678416
2025-12-31,0.504,4350,0.321749443998136,0.32282047063418,6331.75389465758,2006.96707234435
2025-12-31,0.504,4375,0.319223531866047,0.320270262478907,6331.75389465758,1982.5845379021
2025-12-31,0.504,4400,0.316664713779091,0.317688058445545,6331.75389465758,1958.20200350589
2025-12-31,0.504,4425,0.314325315145193,0.315324095305627,6331.75389465758,1933.92237999464
2025-12-31,0.504,4450,0.311699186592272,0.312676337659025,6331.75389465758,1909.53984559507
2025-12-31,0.504,4475,0.309283886187177,0.310238329426775,6331.75389465758,1885.26022209383
2025-12-31,0.504,4500,0.306830142677952,0.307762768667605,6331.75389465758,1860.98059860437
2025-12-31,0.504,4525,0.304568052694415,0.305478064425727,6331.75389465758,1836.80388603646
2025-12-31,0.504,4550,0.3020369402899,0.30314834718103,6331.75389465758,1812.57571801042
2025-12-31,0.504,4575,0.299907929899431,0.300775517268125,6331.75389465758,1788.45046091916
2025-12-31,0.504,4600,0.297513679276271,0.298361329647988,6331.75389465758,1764.27374834389
2025-12-31,0.504,4625,0.295078918303904,0.296113723040158,6331.75389465758,1740.14849122309
2025-12-31,0.504,4650,0.292808171240478,0.293818445667712,6331.75389465758,1716.07468961474
2025-12-31,0.504,4675,0.290688605916107,0.291477434972645,6331.75389465758,1692.05234344333
2025-12-31,0.504,4700,0.288321677095865,0.289284504275902,6331.75389465758,1668.02999724839
2025-12-31,0.504,4725,0.286100501277183,0.287040432764839,6331.75389465758,1644.05910655247
2025-12-31,0.504,4750,0.284013351508137,0.284930152726537,6331.75389465758,1620.19112678619
2025-12-31,0.504,4775,0.281689785649045,0.282585609845086,6331.75389465758,1596.22023606714
2025-12-31,0.504,4800,0.279495642486725,0.280544550066103,6331.75389465758,1572.40371177478
2025-12-31,0.504,4825,0.277420262015676,0.278273568134765,6331.75389465758,1548.58718743464
2025-12-31,0.504,4850,0.275286340790375,0.276119285142081,6331.75389465758,1524.8221185888
2025-12-31,0.504,4875,0.273096202460646,0.273909662088899,6331.75389465758,1501.0570497459
2025-12-31,0.504,4890,0.271884657874545,0.2726861491346,6331.75389465758,1486.88033717415
2025-12-31,0.504,4900,0.271011262982003,0.271805231920519,6331.75389465758,1477.3948918183
2025-12-31,0.504,4910,0.270128958388324,0.270915533644231,6331.75389465758,1467.90944651278
2025-12-31,0.504,4920,0.269237875642821,0.270017181780515,6331.75389465758,1458.42400112131
2025-12-31,0.504,4925,0.268866827561392,0.269642160589671,6331.75389465758,1453.73273389757
2025-12-31,0.504,4930,0.268492877973585,0.269264277764697,6331.75389465758,1449.0414666933
2025-12-31,0.504,4940,0.267583202537034,0.268347589905716,6331.75389465758,1439.55602131453
2025-12-31,0.504,4950,0.266816926911831,0.267573696061853,6331.75389465758,1430.17348690864
2025-12-31,0.504,4960,0.26588922718204,0.266639225034869,6331.75389465758,1420.68804156448
2025-12-31,0.504,4970,0.265102326981866,0.265844976845099,6331.75389465758,1411.30550715674
2025-12-31,0.504,4975,0.264704813041172,0.265443841078225,6331.75389465758,1406.61423994671
2025-12-31,0.504,4980,0.264304619074251,0.265040059336604,6331.75389465758,1401.92297273129
2025-12-31,0.504,4990,0.263496276335949,0.264224640875042,6331.75389465758,1392.54043827127
2025-12-31,0.504,5000,0.262677465531909,0.263398883714267,6331.75389465758,1383.15790385229
2025-12-31,0.504,5010,0.261848346878716,0.262562944287369,6331.75389465758,1373.77536941871
2025-12-31,0.504,5020,0.261009075063231,0.261716973352189,6331.75389465758,1364.39283503187
2025-12-31,0.504,5025,0.260585678504036,0.261290271470969,6331.75389465758,1359.70156779559
2025-12-31,0.504,5030,0.260159799097065,0.260861115845803,6331.75389465758,1355.010300609
2025-12-31,0.504,5040,0.259300662316582,0.260134143197402,6331.75389465758,1345.67922163456
2025-12-31,0.504,5050,0.258569723107128,0.259257665190581,6331.75389465758,1336.34814269128
2025-12-31,0.504,5060,0.257690019522777,0.258371726692631,6331.75389465758,1326.96560822965
2025-12-31,0.504,5070,0.256936201210125,0.257611255244336,6331.75389465758,1317.68598479809
2025-12-31,0.504,5075,0.256487520261663,0.257159553463792,6331.75389465758,1312.99471758087
2025-12-31,0.504,5080,0.256036530215293,0.256705567323596,6331.75389465758,1308.30345034125
2025-12-31,0.504,5090,0.255260503351696,0.255923125975766,6331.75389465758,1299.02382683298
2025-12-31,0.504,5100,0.254472975381899,0.255129304157113,6331.75389465758,1289.74420336877
2025-12-31,0.504,5110,0.253674118746096,0.254324270669854,6331.75389465758,1280.46457985658
2025-12-31,0.504,5120,0.252864099918198,0.253508187767842,6331.75389465758,1271.1849564046
2025-12-31,0.504,5125,0.252390721168173,0.253160038434696,6331.75389465758,1266.54514462588
2025-12-31,0.504,5130,0.252043078241677,0.252681211593129,6331.75389465758,1261.90533283704
2025-12-31,0.504,5140,0.251211207675796,0.251843492612517,6331.75389465758,1252.62570937643
2025-12-31,0.504,5150,0.250368635776975,0.251120232157691,6331.75389465758,1243.39754134566
2025-12-31,0.504,5160,0.249639847049554,0.250260332565812,6331.75389465758,1234.16937330697
2025-12-31,0.504,5170,0.24877517952265,0.249512878387766,6331.75389465758,1224.94120533432
2025-12-31,0.504,5175,0.248400295119809,0.249012312149001,6331.75389465758,1220.30139359363
2025-12-31,0.504,5180,0.248022294569841,0.248631410238174,6331.75389465758,1215.71303723261
2025-12-31,0.504,5190,0.24713613313655,0.247860434053315,6331.75389465758,1206.48486919739
2025-12-31,0.504,5200,0.246359813051861,0.24707737395805,6331.75389465758,1197.30815667699
2025-12-31,0.504,5210,0.245571452712512,0.246282399191153,6331.75389465758,1188.13144410445
2025-12-31,0.504,5220,0.244771218883452,0.245475672443037,6331.75389465758,1178.95473158617
2025-12-31,0.504,5225,0.244366699505248,0.245067951061407,6331.75389465758,1174.36637526867
2025-12-31,0.504,5230,0.24395927134471,0.244657349710234,6331.75389465758,1169.77801901226
2025-12-31,0.504,5240,0.243135763618991,0.24382758073195,6331.75389465758,1160.60130635025
2025-12-31,0.504,5250,0.242415279378552,0.24310056661059,6331.75389465758,1151.52750475198
2025-12-31,0.504,5260,0.241568075896153,0.242247329758618,6331.75389465758,1142.3507922172
2025-12-31,0.504,5270,0.240822124057834,0.241495090183249,6331.75389465758,1133.27699055596
2025-12-31,0.504,5275,0.240388344416086,0.241058388225884,6331.75389465758,1128.68863424891
2025-12-31,0.504,5280,0.239951837454385,0.240729972453941,6331.75389465758,1124.15173347137
2025-12-31,0.504,5290,0.239181080712407,0.239842166072152,6331.75389465758,1115.02647637916
2025-12-31,0.504,5300,0.238397654781993,0.239052792337427,6331.75389465758,1105.95267466833
2025-12-31,0.504,5310,0.237601723808747,0.238251023135792,6331.75389465758,1096.87887309798
2025-12-31,0.504,5320,0.236793444662315,0.237544092985753,6331.75389465758,1087.8565268953
2025-12-31,0.504,5325,0.236438186864099,0.237078773959497,6331.75389465758,1083.3196260717
2025-12-31,0.504,5330,0.235972967955019,0.23671705336469,6331.75389465758,1078.78272531063
2025-12-31,0.504,5340,0.235245960382021,0.23587807578893,6331.75389465758,1069.76037912842
2025-12-31,0.504,5350,0.234400604556298,0.235131578108272,6331.75389465758,1060.73803300161
2025-12-31,0.504,5360,0.233647154261582,0.234371591093235,6331.75389465758,1051.76714226909
2025-12-31,0.504,5370,0.232777509252075,0.233495843883596,6331.75389465758,1042.69334063907
2025-12-31,0.504,5375,0.232389529289681,0.233104698006526,6331.75389465758,1038.2078952215
2025-12-31,0.504,5380,0.231998246915646,0.232710279403721,6331.75389465758,1033.72244992586
2025-12-31,0.504,5390,0.231205853658511,0.231911700272941,6331.75389465758,1024.7515591219
2025-12-31,0.504,5400,0.230400483148895,0.231100256667023,6331.75389465758,1015.78066844438
2025-12-31,0.504,5410,0.229681516091137,0.230375049893535,6331.75389465758,1006.91268873464
2025-12-31,0.504,5420,0.228849783477412,0.22953746726437,6331.75389465758,997.941798038089
2025-12-31,0.504,5425,0.228429205624197,0.22911400274773,6331.75389465758,993.456352669109
2025-12-31,0.504,5430,0.228103038850753,0.228784715461584,6331.75389465758,989.073818209467
2025-12-31,0.504,5440,0.227245536832427,0.22792157239332,6331.75389465758,980.102927520596
2025-12-31,0.504,5450,0.226471641824411,0.227141888342388,6331.75389465758,971.234947700024
2025-12-31,0.504,5460,0.225683980995627,0.22634854630038,6331.75389465758,962.366968028923
2025-12-31,0.504,5470,0.224882704376322,0.225541692805083,6331.75389465758,953.498988167386
2025-12-31,0.504,5475,0.224523931854021,0.225180057193461,6331.75389465758,949.11645376068
2025-12-31,0.504,5480,0.22406795530286,0.224814700366077,6331.75389465758,944.682463925248
2025-12-31,0.504,5490,0.223332552438929,0.223980472098891,6331.75389465758,935.865939585401
2025-12-31,0.504,5500,0.22258239684334,0.223224832031971,6331.75389465758,927.100870677315
2025-12-31,0.504,5510,0.221726530314766,0.222363787204364,6331.75389465758,918.232890949449
2025-12-31,0.504,5520,0.220948113299093,0.221580085806195,6331.75389465758,909.467822083529
2025-12-31,0.504,5525,0.22055353462522,0.221182901902939,6331.75389465758,905.085287723375
2025-12-31,0.504,5530,0.220155399608785,0.220782185958818,6331.75389465758,900.702753220535
2025-12-31,0.504,5540,0.219348530397419,0.219970226050948,6331.75389465758,891.937684384159
2025-12-31,0.504,5550,0.218527639397097,0.219232335537109,6331.75389465758,883.224070999669
2025-12-31,0.504,5560,0.217780325062956,0.218391942642074,6331.75389465758,874.510457610761
2025-12-31,0.504,5570,0.217017828715657,0.217624464301078,6331.75389465758,865.848299694502
2025-12-31,0.504,5575,0.216587735219555,0.217191997242083,6331.75389465758,861.465765279664
2025-12-31,0.504,5580,0.216154245306438,0.216756154284274,6331.75389465758,857.083230785431
2025-12-31,0.504,5590,0.215362517508386,0.215959626245946,6331.75389465758,848.421072925549
2025-12-31,0.504,5600,0.214640715592023,0.215232963698859,6331.75389465758,839.861825953597
2025-12-31,0.504,5610,0.213818918880497,0.214406547481843,6331.75389465758,831.199668043783
2025-12-31,0.504,5620,0.212982614055008,0.213565706969896,6331.75389465758,822.537510093311
2025-12-31,0.504,5625,0.212600577967909,0.21318136498631,6331.75389465758,818.257886658155
2025-12-31,0.504,5630,0.212214633381898,0.212793136768243,6331.75389465758,813.97826307103
2025-12-31,0.504,5640,0.211431087689222,0.21200508958611,6331.75389465758,805.419016073758
2025-12-31,0.504,5650,0.21063210896285,0.211201694790024,6331.75389465758,796.859769187762
2025-12-31,0.504,5660,0.209817820603025,0.210383073160881,6331.75389465758,788.300522188044
2025-12-31,0.504,5670,0.208988338006432,0.209549337767064,6331.75389465758,779.741275206048
2025-12-31,0.504,5675,0.208567932738932,0.209126835423059,6331.75389465758,775.461651668289
2025-12-31,0.504,5680,0.208143768711727,0.208700593382361,6331.75389465758,771.182028228122
2025-12-31,0.504,5690,0.207363219694954,0.207915835806184,6331.75389465758,762.725692112512
2025-12-31,0.504,5700,0.206566606527922,0.207115095424955,6331.75389465758,754.26935599443
2025-12-31,0.504,5710,0.205754045916991,0.206298486616727,6331.75389465758,745.813020030517
2025-12-31,0.504,5720,0.204925645691854,0.205466114591847,6331.75389465758,737.356683856927
2025-12-31,0.504,5725,0.204544024625377,0.205082487689375,6331.75389465758,733.179971352157
2025-12-31,0.504,5730,0.20408150538761,0.204618076993667,6331.75389465758,728.900347810873
2025-12-31,0.504,5740,0.203297861760544,0.203830517591732,6331.75389465758,720.546922807563
2025-12-31,0.504,5750,0.202497563612019,0.202950872797119,6331.75389465758,712.142042140219
2025-12-31,0.504,5760,0.201680716734457,0.20213079830476,6331.75389465758,703.788617022072
2025-12-31,0.504,5770,0.200847417461539,0.201368779551319,6331.75389465758,695.486647359102
2025-12-31,0.504,5775,0.20042462582546,0.200944169071355,6331.75389465758,691.309934825682
2025-12-31,0.504,5780,0.199997753250275,0.200515494969065,6331.75389465758,687.133222311076
2025-12-31,0.504,5790,0.199205290289466,0.199645992568327,6331.75389465758,678.831252536096
2025-12-31,0.504,5800,0.19839560237212,0.198833257625452,6331.75389465758,670.580738427994
2025-12-31,0.504,5810,0.197568779720112,0.198003448629401,6331.75389465758,662.330224223864
2025-12-31,0.504,5820,0.196724902951053,0.197156644742593,6331.75389465758,654.079709924333
2025-12-31,0.504,5825,0.196332463117681,0.196762735165783,6331.75389465758,650.005908342352
2025-12-31,0.504,5830,0.195864043514846,0.196364362662091,6331.75389465758,645.880651180709
2025-12-31,0.504,5835,0.195462898580265,0.195961538145454,6331.75389465758,641.806849562051
2025-12-31,0.504,5840,0.195057294356781,0.195483300947491,6331.75389465758,637.681592486987
2025-12-31,0.504,5845,0.194647240739697,0.195071836667745,6331.75389465758,633.607790859881
2025-12-31,0.504,5850,0.1942327467512,0.19465594671402,6331.75389465758,629.533989228025
2025-12-31,0.504,5855,0.193813820976921,0.194235639380909,6331.75389465758,625.460187599383
2025-12-31,0.504,5860,0.193390471274893,0.193810922380926,6331.75389465758,621.386385955003
2025-12-31,0.504,5865,0.192962705066593,0.193451625116562,6331.75389465758,617.364039759798
2025-12-31,0.504,5870,0.192530528754864,0.193017886656734,6331.75389465758,613.290238134074
2025-12-31,0.504,5875,0.192163372437643,0.192579760066868,6331.75389465758,609.267892029597
2025-12-31,0.504,5880,0.19172217437503,0.192137250440136,6331.75389465758,605.194090367205
2025-12-31,0.504,5885,0.191276584398882,0.191759300821871,6331.75389465758,601.171744129251
2025-12-31,0.504,5890,0.190895373114338,0.191307824741532,6331.75389465758,597.149397948269
2025-12-31,0.504,5895,0.190440799076766,0.190920486227562,6331.75389465758,593.127051877795
2025-12-31,0.504,5900,0.190050182598372,0.19046006552149,6331.75389465758,589.104705640442
2025-12-31,0.504,5905,0.189654766607296,0.190063366488049,6331.75389465758,585.133814927689
2025-12-31,0.504,5910,0.189186648956703,0.189594017745427,6331.75389465758,581.060013316263
2025-12-31,0.504,5915,0.188781867789544,0.189187981039023,6331.75389465758,577.089122648274
2025-12-31,0.504,5920,0.188372307191348,0.188777179162458,6331.75389465758,573.118231862171
2025-12-31,0.504,5925,0.187957973564957,0.188361617936498,6331.75389465758,569.14734112579
2025-12-31,0.504,5930,0.187538872149061,0.187941302745353,6331.75389465758,565.176450507118
2025-12-31,0.504,5935,0.187115007454753,0.187516237809077,6331.75389465758,561.20555974805
2025-12-31,0.504,5940,0.18668638341105,0.187086427056687,6331.75389465758,557.234669046091
2025-12-31,0.504,5945,0.186253003219375,0.186651873398568,6331.75389465758,553.263778386275
2025-12-31,0.504,5950,0.185814869208032,0.186212579017505,6331.75389465758,549.292887652913
2025-12-31,0.504,5955,0.185371983123253,0.18576854551421,6331.75389465758,545.321996970636
2025-12-31,0.504,5960,0.184924345838152,0.185385661341491,6331.75389465758,541.40256180004
2025-12-31,0.504,5965,0.184537686898622,0.184931964638888,6331.75389465758,537.483126423283
2025-12-31,0.504,5970,0.184080361821477,0.184539043137122,6331.75389465758,533.563691210286
2025-12-31,0.504,5975,0.183683642560874,0.184075689055978,6331.75389465758,529.644255976293
2025-12-31,0.504,5980,0.183216632747587,0.183672741721177,6331.75389465758,525.724820731911
2025-12-31,0.504,5985,0.182809862042578,0.183459556599641,6331.75389465758,522.011207349766
2025-12-31,0.504,5990,0.182397976193848,0.182786761313711,6331.75389465758,517.937405669414
2025-12-31,0.504,5995,0.181916344179582,0.182368693665872,6331.75389465758,514.017970489215
2025-12-31,0.504,6000,0.181494410087867,0.181945527463495,6331.75389465758,510.14999076922
2025-12-31,0.504,6005,0.181067362162103,0.181517262852099,6331.75389465758,506.282010964016
2025-12-31,0.504,6010,0.180635199820213,0.181083899249607,6331.75389465758,502.414031165821
2025-12-31,0.504,6015,0.180197921898043,0.180645434909788,6331.75389465758,498.546051448804
2025-12-31,0.504,6020,0.179755525776249,0.180393105427327,6331.75389465758,494.832438029596
2025-12-31,0.504,6025,0.179371616275584,0.179816778279905,6331.75389465758,490.913002699901
2025-12-31,0.504,6030,0.178918810150193,0.17936283128436,6331.75389465758,487.045022890296
2025-12-31,0.504,6035,0.178460875929876,0.178967029085455,6331.75389465758,483.228498674394
2025-12-31,0.504,6040,0.178060928617918,0.178502690567246,6331.75389465758,479.411974334031
2025-12-31,0.504,6045,0.177592562566132,0.17809616840895,6331.75389465758,475.595450118938
2025-12-31,0.504,6050,0.177181856004611,0.177809761396926,6331.75389465758,471.933292102249
2025-12-31,0.504,6055,0.176765686072038,0.177204162780984,6331.75389465758,468.013856858011
2025-12-31,0.504,6060,0.17634404942147,0.176781455254975,6331.75389465758,464.248788110597
2025-12-31,0.504,6065,0.175854596043807,0.176353292070428,6331.75389465758,460.432263749514
2025-12-31,0.504,6070,0.175422161435583,0.175919668134172,6331.75389465758,456.667194821221
2025-12-31,0.504,6075,0.175046292595677,0.175480577188884,6331.75389465758,452.953581496266
2025-12-31,0.504,6080,0.174602737413835,0.175221667184837,6331.75389465758,449.342879111221
2025-12-31,0.504,6085,0.174153684372901,0.174647709380252,6331.75389465758,445.47489926857
2025-12-31,0.504,6090,0.173699124450687,0.174192029397123,6331.75389465758,441.709830337805
2025-12-31,0.504,6095,0.173300529448212,0.173792315497886,6331.75389465758,438.047672568179
2025-12-31,0.504,6100,0.1728961315785,0.173325487874577,6331.75389465758,434.334059187046
2025-12-31,0.504,6105,0.172424716318397,0.172914333550625,6331.75389465758,430.6204458006
2025-12-31,0.504,6110,0.172008827237787,0.172497378978782,6331.75389465758,426.958287815615
2025-12-31,0.504,6115,0.171587111715839,0.172074616155495,6331.75389465758,423.296129977209
2025-12-31,0.504,6120,0.171098743765533,0.171767637828509,6331.75389465758,419.685427384662
2025-12-31,0.504,6125,0.170726162639834,0.171211625736822,6331.75389465758,415.971814090955
2025-12-31,0.504,6130,0.170286906821347,0.170771375731486,6331.75389465758,412.309656224719
2025-12-31,0.504,6135,0.169841779741622,0.170325272072731,6331.75389465758,408.647498181645
2025-12-31,0.504,6140,0.169390767285303,0.169873300790717,6331.75389465758,404.985340313604
2025-12-31,0.504,6145,0.168994057337925,0.169475639584641,6331.75389465758,401.426093339368
2025-12-31,0.504,6150,0.168531110710408,0.169011769638103,6331.75389465758,397.763935415165
2025-12-31,0.504,6155,0.168122203638725,0.168601947833028,6331.75389465758,394.204688338155
2025-12-31,0.504,6160,0.167707120297661,0.168185968239506,6331.75389465758,390.645441390395
2025-12-31,0.504,6165,0.16728584657186,0.167763816887697,6331.75389465758,387.086194381782
2025-12-31,0.504,6170,0.166858367472847,0.167335478352571,6331.75389465758,383.526947457032
2025-12-31,0.504,6175,0.166424665974884,0.166900936044945,6331.75389465758,379.967700380331
2025-12-31,0.504,6180,0.165984724324631,0.166460171920445,6331.75389465758,376.408453452766
2025-12-31,0.504,6185,0.165538522877006,0.166072493473735,6331.75389465758,372.900662017188
2025-12-31,0.504,6190,0.165145275412338,0.165619127681685,6331.75389465758,369.392870477614
2025-12-31,0.504,6195,0.16468639386234,0.165218612117437,6331.75389465758,365.885078832063
2025-12-31,0.504,6200,0.164280231863945,0.164752564331265,6331.75389465758,362.377287356602
2025-12-31,0.504,6205,0.163867536346651,0.164339134815367,6331.75389465758,358.920951400721
2025-12-31,0.504,6210,0.163448287083296,0.163919170907456,6331.75389465758,355.464615226309
2025-12-31,0.504,6215,0.163022462682564,0.163492651361733,6331.75389465758,352.008279182038
2025-12-31,0.504,6220,0.162590040006911,0.163235613170542,6331.75389465758,348.706309523743
2025-12-31,0.504,6225,0.162209602593218,0.162678456134165,6331.75389465758,345.198517921896
2025-12-31,0.504,6230,0.161763827516709,0.162232044556883,6331.75389465758,341.742181859219
2025-12-31,0.504,6235,0.1613698283001,0.161837426010763,6331.75389465758,338.388756891484
2025-12-31,0.504,6240,0.160968973821747,0.161435972430059,6331.75389465758,335.035331579931
2025-12-31,0.504,6245,0.160502936658474,0.161027660095152,6331.75389465758,331.630451118325
2025-12-31,0.504,6250,0.160088367582094,0.160612462812592,6331.75389465758,328.277025898435
2025-12-31,0.504,6255,0.159725029250872,0.16019035307926,6331.75389465758,324.975056353413
2025-12-31,0.504,6260,0.159296494410409,0.159761301063731,6331.75389465758,321.621631092878
2025-12-31,0.504,6265,0.158860965337412,0.159383313901525,6331.75389465758,318.31966155363
2025-12-31,0.504,6270,0.158476388049356,0.158940222052664,6331.75389465758,315.017691874951
2025-12-31,0.504,6275,0.158084633465672,0.158548012721629,6331.75389465758,311.767177697135
2025-12-31,0.504,6280,0.15768567204597,0.158206486110622,6331.75389465758,308.568118856185
2025-12-31,0.504,6285,0.157279472358115,0.157742006875393,6331.75389465758,305.266149266687
2025-12-31,0.504,6290,0.156866000496144,0.157328145604171,6331.75389465758,302.015635002265
2025-12-31,0.504,6295,0.156445221098903,0.157195609670655,6331.75389465758,299.022398102872
2025-12-31,0.504,6300,0.156017095894854,0.156536207239906,6331.75389465758,295.566062019976
2025-12-31,0.504,6305,0.155639223547259,0.156157972113064,6331.75389465758,292.418458839345
2025-12-31,0.504,6310,0.155253847795615,0.155945064059994,6331.75389465758,289.425221950764
2025-12-31,0.504,6315,0.154860932696691,0.15560930146261,6331.75389465758,286.329074194574
2025-12-31,0.504,6320,0.154460439542393,0.155150861563239,6331.75389465758,283.130015282705
2025-12-31,0.504,6325,0.154052327878396,0.154627392065096,6331.75389465758,279.879501194803
2025-12-31,0.504,6330,0.153694034841702,0.154153880310565,6331.75389465758,276.731898017295
2025-12-31,0.504,6335,0.153244264973424,0.1539337617835,6331.75389465758,273.743072121753
2025-12-31,0.504,6340,0.15278922105451,0.153478481687001,6331.75389465758,270.552833307903
2025-12-31,0.504,6345,0.152441228882049,0.153072869605483,6331.75389465758,267.51696088423
2025-12-31,0.504,6350,0.152027926258852,0.152659419425866,6331.75389465758,264.429632934006
2025-12-31,0.504,6355,0.15160670055437,0.152295479518467,6331.75389465758,261.393760586988
2025-12-31,0.504,6360,0.151234889079468,0.151866192780545,6331.75389465758,258.357888077909
2025-12-31,0.504,6365,0.150797649865393,0.151486299754002,6331.75389465758,255.322015662869
2025-12-31,0.504,6370,0.150409708756613,0.151098353115494,6331.75389465758,252.337598830399
2025-12-31,0.504,6375,0.150013622067765,0.150702301205724,6331.75389465758,249.353181853076
2025-12-31,0.504,6380,0.149666731475286,0.150298089309489,6331.75389465758,246.420220441684
2025-12-31,0.504,6400,0.148138796528949,0.148770810509009,6331.75389465758,234.791285375991
2025-12-31,0.504,6425,0.146224809603467,0.146858541873677,6331.75389465758,220.589577069596
2025-12-31,0.504,6450,0.144380576701554,0.145017085913748,6331.75389465758,206.902423506173
2025-12-31,0.504,6475,0.142717351580706,0.143241318608831,6331.75389465758,193.832735486865
2025-12-31,0.504,6500,0.140939970031833,0.141526808318663,6331.75389465758,181.123235669805
2025-12-31,0.504,6525,0.139395730683117,0.139929095338096,6331.75389465758,169.134112349707
2025-12-31,0.504,6550,0.13778768700689,0.138327417106148,6331.75389465758,157.505177391838
2025-12-31,0.504,6575,0.136291817787835,0.136839096402079,6331.75389465758,146.49370797464
2025-12-31,0.504,6600,0.134909722135915,0.135342259771699,6331.75389465758,135.996793251436
2025-12-31,0.504,6625,0.133518978280775,0.134022375012571,6331.75389465758,126.065888527664
2025-12-31,0.504,6650,0.1321816025561,0.132695417004008,6331.75389465758,116.598083012773
2025-12-31,0.504,6675,0.130900061220484,0.131491383679991,6331.75389465758,107.696287565329
2025-12-31,0.504,6700,0.129745714974456,0.130217333379296,6331.75389465758,99.2575913362365
2025-12-31,0.504,6725,0.128591240962612,0.129145183335396,6331.75389465758,91.3849053410329
2025-12-31,0.504,6750,0.12751003453427,0.128080723251099,6331.75389465758,83.9753183084309
2025-12-31,0.504,6800,0.12561015248918,0.126143807018311,6331.75389465758,70.6483529922688
2025-12-31,0.504,6825,0.124661759935935,0.125215579636073,6331.75389465758,64.5766082055731
2025-12-31,0.504,6850,0.123832472189487,0.124408361033223,6331.75389465758,59.0194179665056
2025-12-31,0.504,6900,0.122266647111798,0.122893916876455,6331.75389465758,49.0370577894204
2025-12-31,0.504,6950,0.120853885044764,0.121445342982602,6331.75389465758,40.4439951906547
2025-12-31,0.504,7000,0.119629319259398,0.1201764265976,6331.75389465758,33.1887746672843
2025-12-31,0.504,7050,0.118527417388257,0.119017812420354,6331.75389465758,27.0655744163821
2025-12-31,0.504,7100,0.117586180302768,0.118139686263614,6331.75389465758,22.0229388910109
2025-12-31,0.504,7200,0.115874343781504,0.116778045656854,6331.75389465758,14.356074640985
2025-12-31,0.504,7300,0.114824922665037,0.115794224428717,6331.75389465758,9.26198362920474
2025-12-31,0.504,7400,0.11416257769151,0.11516017740058,6331.75389465758,5.91737843818053
2025-12-31,0.504,7500,0.114096989590231,0.115018938112086,6331.75389465758,3.80770438822109
2025-12-31,0.504,7600,0.114200290726054,0.11548676385126,6331.75389465758,2.46986230374427
2025-12-31,0.504,7800,0.114420720955143,0.118186912030662,6331.75389465758,1.08056476070292
2025-12-31,0.504,8000,0.117922677044275,0.123241703430355,6331.75389465758,0.591737843789003
2025-12-31,0.504,8200,0.122261698005429,0.131494537953136,6331.75389465758,0.411643716757484
2026-01-16,0.548,200,NA,1.32253836492547,6345.33885086816,NA
2026-01-16,0.548,400,NA,1.09669772444058,6345.33885086816,NA
2026-01-16,0.548,600,0.889102437377165,0.959155572363129,6345.33885086816,5745.44120800681
2026-01-16,0.548,800,0.840527224664319,0.873643770628719,6345.33885086816,5545.54356514563
2026-01-16,0.548,1000,0.800256336534542,0.8244343525629,6345.33885086816,5345.77386870757
2026-01-16,0.548,1200,0.76058631531995,0.779258909043513,6345.33885086816,5146.1065294078
2026-01-16,0.548,1400,0.722190889957356,0.734443976854778,6345.33885086816,4946.51595796341
2026-01-16,0.548,1600,0.685426801521694,0.696019493063703,6345.33885086816,4747.05333294001
2026-01-16,0.548,1800,0.650325031913599,0.658109896051169,6345.33885086816,4547.66747577317
2026-01-16,0.548,2000,0.616782007730917,0.622707012974483,6345.33885086816,4348.38397574514
2026-01-16,0.548,2200,0.583696726119827,0.591080718462265,6345.33885086816,4149.22842213838
2026-01-16,0.548,2300,0.569276222398632,0.574207118792072,6345.33885086816,4049.68902926081
2026-01-16,0.548,2400,0.55452821327331,0.558926758261628,6345.33885086816,3950.20081495578
2026-01-16,0.548,2500,0.539608747079927,0.543566776199418,6345.33885086816,3850.71260064582
2026-01-16,0.548,2600,0.525833133455462,0.529378396771909,6345.33885086816,3751.32674348327
2026-01-16,0.548,2700,0.511835779929537,0.515037145109353,6345.33885086816,3651.94088631399
2026-01-16,0.548,2800,0.497716980048134,0.500627004825625,6345.33885086816,3552.5550291496
2026-01-16,0.548,2900,0.484441733446715,0.487078779719555,6345.33885086816,3453.27152911468
2026-01-16,0.548,3000,0.471819843391825,0.474205706145528,6345.33885086816,3354.09038622913
2026-01-16,0.548,3100,0.458968630723489,0.461141221335202,6345.33885086816,3254.90924333965
2026-01-16,0.548,3200,0.445964885461806,0.447953856078153,6345.33885086816,3155.72810044935
2026-01-16,0.548,3300,0.43347815985288,0.435296669625282,6345.33885086816,3056.64931469626
2026-01-16,0.548,3350,0.427466617425354,0.429203862027163,6345.33885086816,3007.16110038624
2026-01-16,0.548,3400,0.421398765343218,0.423060567432276,6345.33885086816,2957.67288608914
2026-01-16,0.548,3450,0.41528267016964,0.417399531166085,6345.33885086816,2908.23585033909
2026-01-16,0.548,3500,0.409636376739806,0.411155125644137,6345.33885086816,2858.79881460953
2026-01-16,0.548,3550,0.403423136909183,0.405362665210754,6345.33885086816,2809.36177885933
2026-01-16,0.548,3600,0.39765015988958,0.399505861010365,6345.33885086816,2759.97592170611
2026-01-16,0.548,3650,0.391814916097831,0.393592537898825,6345.33885086816,2710.59006452311
2026-01-16,0.548,3700,0.385924814932612,0.387629499042022,6345.33885086816,2661.20420736661
2026-01-16,0.548,3750,0.380397684808275,0.382027997571414,6345.33885086816,2611.92070733893
2026-01-16,0.548,3800,0.374793907127087,0.376355035719656,6345.33885086816,2562.6372073187
2026-01-16,0.548,3850,0.369121613790314,0.370618184266165,6345.33885086816,2513.35370727978
2026-01-16,0.548,3875,0.366446311696493,0.367909792281267,6345.33885086816,2488.76313581953
2026-01-16,0.548,3900,0.363748652476672,0.364824043086573,6345.33885086816,2464.12138582495
2026-01-16,0.548,3925,0.360676833975945,0.362430594564982,6345.33885086816,2439.53081437199
2026-01-16,0.548,3950,0.357945353922346,0.359320629673676,6345.33885086816,2414.889064355
2026-01-16,0.548,3975,0.355194452737165,0.357208118099173,6345.33885086816,2390.40085005093
2026-01-16,0.548,4000,0.352756120433762,0.354070786002974,6345.33885086816,2365.81027860183
2026-01-16,0.548,4025,0.349962317146586,0.351569844811898,6345.33885086816,2341.27088572426
2026-01-16,0.548,4050,0.347468705609691,0.348727076803804,6345.33885086816,2316.73149285628
2026-01-16,0.548,4075,0.344636175019479,0.346175798355166,6345.33885086816,2292.19209997282
2026-01-16,0.548,4100,0.342092182278238,0.343298092653801,6345.33885086816,2267.6527071098
2026-01-16,0.548,4125,0.339521292067928,0.34099381608594,6345.33885086816,2243.21567137186
2026-01-16,0.548,4150,0.33692473475298,0.338078761293431,6345.33885086816,2218.67627848872
2026-01-16,0.548,4175,0.33430365629672,0.33571379086994,6345.33885086816,2194.23924273335
2026-01-16,0.548,4200,0.331936521421359,0.333039664861907,6345.33885086816,2169.80220702397
2026-01-16,0.548,4225,0.329263754125651,0.33061263372139,6345.33885086816,2145.36517127644
2026-01-16,0.548,4250,0.326835085603632,0.32789099352735,6345.33885086816,2120.92813556079
2026-01-16,0.548,4275,0.324374610087384,0.325663774298273,6345.33885086816,2096.593456963
2026-01-16,0.548,4300,0.321883712482679,0.322893519793434,6345.33885086816,2072.15642119344
2026-01-16,0.548,4325,0.319363680779533,0.320597452688549,6345.33885086816,2047.8217425932
2026-01-16,0.548,4350,0.317058167298878,0.317782684166065,6345.33885086816,2023.43588542819
2026-01-16,0.548,4375,0.314478267706812,0.315658230562331,6345.33885086816,1999.15238541274
2026-01-16,0.548,4400,0.312104730425308,0.313028341503477,6345.33885086816,1974.81770679069
2026-01-16,0.548,4425,0.309923017654495,0.31082457632377,6345.33885086816,1950.63656390512
2026-01-16,0.548,4450,0.307476791955715,0.308358741482662,6345.33885086816,1926.35306391275
2026-01-16,0.548,4475,0.305215196446257,0.306076798030141,6345.33885086816,1902.17192098908
2026-01-16,0.548,4500,0.302702241048449,0.303545669618519,6345.33885086816,1877.88842098022
2026-01-16,0.548,4525,0.300573684823254,0.301396967576363,6345.33885086816,1853.80963520757
2026-01-16,0.548,4550,0.298196938553403,0.299002148700914,6345.33885086816,1829.62849233021
2026-01-16,0.548,4575,0.295982172125784,0.296964760806701,6345.33885086816,1805.60088512279
2026-01-16,0.548,4600,0.293724597164984,0.294493422576773,6345.33885086816,1781.47092080434
2026-01-16,0.548,4625,0.29142591566301,0.292364900694098,6345.33885086816,1757.44331363067
2026-01-16,0.548,4650,0.289271875832829,0.290006129386495,6345.33885086816,1733.4157064549
2026-01-16,0.548,4675,0.286891601014574,0.28796788700382,6345.33885086816,1709.43927784242
2026-01-16,0.548,4700,0.284826778249062,0.285528232513399,6345.33885086816,1685.46284923624
2026-01-16,0.548,4725,0.282539216011032,0.283567008179337,6345.33885086816,1661.58877776811
2026-01-16,0.548,4750,0.28037849874351,0.281215984311401,6345.33885086816,1637.6635277286
2026-01-16,0.548,4775,0.278334720666763,0.279315594549989,6345.33885086816,1613.94299193069
2026-01-16,0.548,4800,0.276238091780136,0.277037133952858,6345.33885086816,1590.1200990148
2026-01-16,0.548,4825,0.274090658228431,0.275027396443809,6345.33885086816,1566.39956326262
2026-01-16,0.548,4850,0.272047346831605,0.272810301273195,6345.33885086816,1542.67902750607
2026-01-16,0.548,4875,0.269950012322609,0.270844374778765,6345.33885086816,1519.06084885308
2026-01-16,0.548,4900,0.267800652970442,0.26867513008892,6345.33885086816,1495.3914916726
2026-01-16,0.548,4925,0.265743981751283,0.266740609683455,6345.33885086816,1471.87567020926
2026-01-16,0.548,4950,0.263772091008878,0.264606984589629,6345.33885086816,1448.35984871087
2026-01-16,0.548,4975,0.26174109999108,0.262692728308196,6345.33885086816,1424.9463843312
2026-01-16,0.548,5000,0.259786389385313,0.260451060191451,6345.33885086816,1401.48174142951
2026-01-16,0.548,5025,0.257770750783599,0.25855013986721,6345.33885086816,1378.17063420618
2026-01-16,0.548,5050,0.255696333067262,0.256458564860742,6345.33885086816,1354.80834844894
2026-01-16,0.548,5075,0.253814030899921,0.254558779876927,6345.33885086816,1331.65077695954
2026-01-16,0.548,5100,0.25174418001114,0.252472698072938,6345.33885086816,1308.39084830474
2026-01-16,0.548,5125,0.249853939774042,0.25068440506147,6345.33885086816,1285.38681248402
2026-01-16,0.548,5150,0.247896842799697,0.248593148159869,6345.33885086816,1262.28041959741
2026-01-16,0.548,5175,0.24587512804578,0.246669670620794,6345.33885086816,1239.27638378536
2026-01-16,0.548,5200,0.243902111276174,0.244679380873332,6345.33885086816,1216.32352654205
2026-01-16,0.548,5225,0.241972498940677,0.242841217284223,6345.33885086816,1193.52420502195
2026-01-16,0.548,5250,0.240081248509624,0.240824987729232,6345.33885086816,1170.72488344881
2026-01-16,0.548,5275,0.23811943584163,0.239365751210534,6345.33885086816,1148.23263340207
2026-01-16,0.548,5300,0.236191138999269,0.236903495704015,6345.33885086816,1125.33095471299
2026-01-16,0.548,5325,0.234192101367968,0.235088506330945,6345.33885086816,1102.78752605657
2026-01-16,0.548,5350,0.232417372633241,0.233099799686341,6345.33885086816,1080.34645453568
2026-01-16,0.548,5375,0.230372380199168,0.231231620298248,6345.33885086816,1057.90538301943
2026-01-16,0.548,5400,0.228633074027527,0.229193992297434,6345.33885086816,1035.61784720311
2026-01-16,0.548,5425,0.22653623064567,0.227360526648637,6345.33885086816,1013.33031138594
2026-01-16,0.548,5450,0.224729788048972,0.225357870683614,6345.33885086816,991.196311200503
2026-01-16,0.548,5475,0.222753480218218,0.223544736097659,6345.33885086816,969.164668213742
2026-01-16,0.548,5500,0.220873515088463,0.221562912799996,6345.33885086816,947.184203821427
2026-01-16,0.548,5525,0.218912289881286,0.219672644186663,6345.33885086816,925.306096627375
2026-01-16,0.548,5550,0.217037572026643,0.217700327218661,6345.33885086816,903.530346484693
2026-01-16,0.548,5575,0.215078813514616,0.215810120596487,6345.33885086816,881.856953388027
2026-01-16,0.548,5600,0.21319742899105,0.213835182246476,6345.33885086816,860.285917673326
2026-01-16,0.548,5625,0.211151146966249,0.211933555863307,6345.33885086816,838.766060285194
2026-01-16,0.548,5650,0.209330346431352,0.209944709520317,6345.33885086816,817.450917261799
2026-01-16,0.548,5675,0.207266781242354,0.208020927555175,6345.33885086816,796.135774294326
2026-01-16,0.548,5700,0.205415000844089,0.206007543772727,6345.33885086816,775.025345565447
2026-01-16,0.548,5725,0.203323609482791,0.204051427597467,6345.33885086816,753.914916899976
2026-01-16,0.548,5750,0.201431100165552,0.202003344045561,6345.33885086816,733.00920235919
2026-01-16,0.548,5775,0.199372099330284,0.200075360796974,6345.33885086816,712.20584514305
2026-01-16,0.548,5800,0.197428198614744,0.198050668575682,6345.33885086816,691.556023477312
2026-01-16,0.548,5825,0.195317837231236,0.196134396126394,6345.33885086816,671.008558966981
2026-01-16,0.548,5850,0.193447304216374,0.193983073866383,6345.33885086816,650.614630229886
2026-01-16,0.548,5875,0.191273860862428,0.192065151666465,6345.33885086816,630.32305855537
2026-01-16,0.548,5900,0.189327209543871,0.1899117752581,6345.33885086816,610.185022801805
2026-01-16,0.548,5925,0.187145092666372,0.187913172438025,6345.33885086816,590.14934395131
2026-01-16,0.548,5950,0.185175355170864,0.185743256759369,6345.33885086816,570.318379361923
2026-01-16,0.548,5975,0.183031368531318,0.183778170201486,6345.33885086816,550.692129266341
2026-01-16,0.548,6000,0.181022939676005,0.181575638151075,6345.33885086816,531.168236110009
2026-01-16,0.548,6025,0.178837092560557,0.179504028663339,6345.33885086816,511.797878721789
2026-01-16,0.548,6050,0.176835212503653,0.177374210496056,6345.33885086816,492.734592834842
2026-01-16,0.548,6075,0.174650751458131,0.175361040481242,6345.33885086816,473.824842597113
2026-01-16,0.548,6100,0.172636274972368,0.173163101160796,6345.33885086816,455.119806624452
2026-01-16,0.548,6125,0.17043366172227,0.171186692194232,6345.33885086816,436.670663497227
2026-01-16,0.548,6150,0.168444940962308,0.168961184415906,6345.33885086816,418.42623466304
2026-01-16,0.548,6175,0.166260825379252,0.167056600210448,6345.33885086816,400.540055747646
2026-01-16,0.548,6200,0.164331900185193,0.164895605292384,6345.33885086816,382.909769660736
2026-01-16,0.548,6225,0.162198973292259,0.162926329820184,6345.33885086816,365.535376552498
2026-01-16,0.548,6250,0.16024978004515,0.160861190696035,6345.33885086816,348.519233335039
2026-01-16,0.548,6275,0.158143537872286,0.158862050037173,6345.33885086816,331.707804553898
2026-01-16,0.548,6300,0.156261859836589,0.156867024077861,6345.33885086816,315.408161214021
2026-01-16,0.548,6325,0.154212336227152,0.15487018014778,6345.33885086816,299.262053757316
2026-01-16,0.548,6350,0.152238690378251,0.153059036554867,6345.33885086816,283.682809784809
2026-01-16,0.548,6375,0.150343406447335,0.151162808204653,6345.33885086816,268.431596244196
2026-01-16,0.548,6400,0.148645744219099,0.149192098932245,6345.33885086816,253.640989671333
2026-01-16,0.548,6425,0.146648199759819,0.147469005631437,6345.33885086816,239.157454614173
2026-01-16,0.548,6450,0.145001582303263,0.145660212027314,6345.33885086816,225.288062173765
2026-01-16,0.548,6475,0.143208001416839,0.143979926968648,6345.33885086816,211.77692003987
2026-01-16,0.548,6500,0.141648311717648,0.142258592703353,6345.33885086816,198.828741789875
2026-01-16,0.548,6525,0.139931164911479,0.140714057077643,6345.33885086816,186.289992377012
2026-01-16,0.548,6550,0.138499624907516,0.139120722040772,6345.33885086816,174.365385673362
2026-01-16,0.548,6575,0.136901807880755,0.137701461961512,6345.33885086816,162.850207554298
2026-01-16,0.548,6600,0.135649085303575,0.136170071662904,6345.33885086816,151.94917239617
2026-01-16,0.548,6625,0.134165808147805,0.134871235085,6345.33885086816,141.457565688854
2026-01-16,0.548,6650,0.132917083854854,0.133515239311676,6345.33885086816,131.528923210822
2026-01-16,0.548,6675,0.131609332628163,0.132341189190353,6345.33885086816,122.11206646763
2026-01-16,0.548,6700,0.130487495797312,0.131048346546331,6345.33885086816,113.155816715027
2026-01-16,0.548,6725,0.129309089851203,0.130010920573588,6345.33885086816,104.762531480824
2026-01-16,0.548,6750,0.128332821649147,0.12885654682444,6345.33885086816,96.8298531940765
2026-01-16,0.548,6775,0.127240313330323,0.127980718851672,6345.33885086816,89.4089605828902
2026-01-16,0.548,6800,0.126371031973178,0.12692592735089,6345.33885086816,82.3974966823828
2026-01-16,0.548,6825,0.125391369391375,0.126107645508968,6345.33885086816,75.8466397261616
2026-01-16,0.548,6850,0.124591318916447,0.125184367669658,6345.33885086816,69.7052114342764
2026-01-16,0.548,6875,0.123764876797023,0.124456708752935,6345.33885086816,64.0243901984303
2026-01-16,0.548,6900,0.122995201116827,0.123634500949803,6345.33885086816,58.6506403947296
2026-01-16,0.548,6925,0.122212880258855,0.122962037738579,6345.33885086816,53.6863192823862
2026-01-16,0.548,6950,0.121598313297558,0.122206529948569,6345.33885086816,49.0802480138625
2026-01-16,0.548,6975,0.120909911373584,0.121636892025539,6345.33885086816,44.832426757579
2026-01-16,0.548,7000,0.120337559081807,0.121004266428482,6345.33885086816,40.8916769305004
2026-01-16,0.548,7050,0.119129875409855,0.11986734770165,6345.33885086816,33.8290343446691
2026-01-16,0.548,7100,0.118210919052809,0.118914800576607,6345.33885086816,27.9434988591479
2026-01-16,0.548,7150,0.117271923398823,0.118062524005521,6345.33885086816,22.9279990785341
2026-01-16,0.548,7200,0.116578329788053,0.117322868926441,6345.33885086816,18.7825349875336
2026-01-16,0.548,7250,0.116028951914518,0.116706121069608,6345.33885086816,15.3535708055435
2026-01-16,0.548,7300,0.11543865609263,0.116405883335275,6345.33885086816,12.5387495055512
2026-01-16,0.548,7400,0.114726575728755,0.115754234601517,6345.33885086816,8.2909282302801
2026-01-16,0.548,7500,0.114438712652093,0.115477746465951,6345.33885086816,5.4761069261894
2026-01-16,0.548,7600,0.114341176694046,0.115754602328414,6345.33885086816,3.6336784187547
2026-01-16,0.548,7700,0.114321506870232,0.116266647263431,6345.33885086816,2.40539275739647
2026-01-16,0.548,7800,0.114270089278484,0.116977972382906,6345.33885086816,1.58653564545529
2026-01-16,0.548,7900,0.114523422406539,0.11648457820108,6345.33885086816,0.997982104804777
2026-01-16,0.548,8000,0.115310636782563,0.117983446569864,6345.33885086816,0.690910688920622
2026-01-16,0.548,8200,0.119846493060898,0.123929670397582,6345.33885086816,0.435017840069247
2026-01-16,0.548,8400,0.123748950016844,0.134263309763332,6345.33885086816,0.358249986916112
2026-01-16,0.548,8600,0.126029362898922,0.141328875496035,6345.33885086816,0.255892846722872
2026-01-16,0.548,8800,0.134704654072693,0.149087169437109,6345.33885086816,0.230303562032576
2026-01-16,0.548,9000,0.136262149343068,0.156168757701593,6345.33885086816,0.179124991967494
2026-01-16,0.548,9200,0.144126615803877,0.164982392623767,6345.33885086816,0.179124992421496
2026-01-16,0.548,9400,0.151785194928636,0.164203412303455,6345.33885086816,0.102357138231837
2026-01-16,0.548,9600,NA,0.179208358484157,6345.33885086816,NA
2026-01-16,0.548,10000,NA,0.191688782968271,6345.33885086816,NA
2026-01-16,0.548,10400,NA,0.202169192805494,6345.33885086816,NA
2026-01-16,0.548,11000,NA,0.222904575227858,6345.33885086816,NA
2026-01-16,0.548,12000,NA,0.254669203593176,6345.33885086816,NA
2026-02-20,0.64,200,NA,1.28563160936739,6363.26244982903,NA
2026-02-20,0.64,400,NA,1.04636307298137,6363.26244982903,NA
2026-02-20,0.64,600,0.823802636315025,0.923937612696857,6363.26244982903,5763.41665297425
2026-02-20,0.64,800,0.809623686237546,0.856880055526317,6363.26244982903,5563.64795769161
2026-02-20,0.64,1000,0.776308816877114,0.796573388962491,6363.26244982903,5363.98206450669
2026-02-20,0.64,1200,0.733429484409396,0.749322973735354,6363.26244982903,5164.41897341783
2026-02-20,0.64,1400,0.693384102944335,0.70226012745682,6363.26244982903,4964.90728337724
2026-02-20,0.64,1600,0.655982455375796,0.662413903358054,6363.26244982903,4765.52409595748
2026-02-20,0.64,1800,0.62088813271032,0.628073643331887,6363.26244982903,4566.29511168371
2026-02-20,0.64,2000,0.587773058672145,0.595169021565568,6363.26244982903,4367.16892950428
2026-02-20,0.64,2200,0.559347805705148,0.563681661609511,6363.26244982903,4168.2483515176
2026-02-20,0.64,2400,0.531183033621447,0.534641842263293,6363.26244982903,3969.48197668491
2026-02-20,0.64,2500,0.516893739426694,0.521044760120478,6363.26244982903,3870.15019030953
2026-02-20,0.64,2600,0.503545674895954,0.507292068090804,6363.26244982903,3770.86980499078
2026-02-20,0.64,2700,0.490926921942949,0.494303983454771,6363.26244982903,3671.69222175737
2026-02-20,0.64,2800,0.47809422833297,0.481160376679928,6363.26244982903,3572.5146385326
2026-02-20,0.64,2900,0.46584045793209,0.468622574430627,6363.26244982903,3473.43985741271
2026-02-20,0.64,3000,0.453398967242689,0.45593887613444,6363.26244982903,3374.36507627684
2026-02-20,0.64,3100,0.441425922640608,0.443744042154387,6363.26244982903,3275.39309724501
2026-02-20,0.64,3200,0.429824288462646,0.431415419902994,6363.26244982903,3176.47251927102
2026-02-20,0.64,3300,0.418515241931663,0.419486369815185,6363.26244982903,3077.65474337917
2026-02-20,0.64,3400,0.406988236959911,0.408322867611297,6363.26244982903,2978.93976958274
2026-02-20,0.64,3500,0.395712422055658,0.397344502876497,6363.26244982903,2880.32759788702
2026-02-20,0.64,3600,0.384634865791415,0.386136035254554,6363.26244982903,2781.7668272337
2026-02-20,0.64,3650,0.379020416608713,0.380462388007589,6363.26244982903,2732.48644192499
2026-02-20,0.64,3700,0.373711547459463,0.37509377582485,6363.26244982903,2683.3088586958
2026-02-20,0.64,3750,0.368337681453251,0.369664126215763,6363.26244982903,2634.13127545206
2026-02-20,0.64,3800,0.362905657262637,0.364496263960922,6363.26244982903,2585.00509330544
2026-02-20,0.64,3850,0.357728950499238,0.358950941759762,6363.26244982903,2535.87891111929
2026-02-20,0.64,3900,0.352481287433034,0.353945965494913,6363.26244982903,2486.85553102268
2026-02-20,0.64,3950,0.347169420734766,0.348856628721583,6363.26244982903,2437.83215095761
2026-02-20,0.64,4000,0.34234271954682,0.343690722680705,6363.26244982903,2388.91157296902
2026-02-20,0.64,4050,0.337419969461044,0.338712460967351,6363.26244982903,2340.04239602854
2026-02-20,0.64,4100,0.332409685676154,0.333896996186268,6363.26244982903,2291.22462014173
2026-02-20,0.64,4150,0.327797525848243,0.328985120746742,6363.26244982903,2242.50964637837
2026-02-20,0.64,4175,0.325331996306317,0.326727003581581,6363.26244982903,2218.17785999345
2026-02-20,0.64,4200,0.323073393689264,0.324211685098259,6363.26244982903,2193.84607357779
2026-02-20,0.64,4225,0.320784243400725,0.322119813378239,6363.26244982903,2169.61708932254
2026-02-20,0.64,4250,0.318465856422744,0.319556329801742,6363.26244982903,2145.28530296617
2026-02-20,0.64,4275,0.316119454534124,0.317399801594057,6363.26244982903,2121.05631870284
2026-02-20,0.64,4300,0.313746175840153,0.315000340075574,6363.26244982903,2096.7759333478
2026-02-20,0.64,4325,0.311552695081014,0.312779643160422,6363.26244982903,2072.5983501293
2026-02-20,0.64,4350,0.30912466262321,0.310526599811544,6363.26244982903,2048.36936587487
2026-02-20,0.64,4375,0.307067013951905,0.308242515772292,6363.26244982903,2024.24318370192
2026-02-20,0.64,4400,0.304777454317991,0.305928606564146,6363.26244982903,2000.06560046034
2026-02-20,0.64,4425,0.302458357643105,0.30377304154773,6363.26244982903,1975.93941827946
2026-02-20,0.64,4450,0.300480132888558,0.301399060432811,6363.26244982903,1951.86463715208
2026-02-20,0.64,4475,0.298097832443703,0.299536185363338,6363.26244982903,1927.84125704012
2026-02-20,0.64,4500,0.296043233271754,0.297274897481368,6363.26244982903,1903.81787696727
2026-02-20,0.64,4525,0.293948734057921,0.295153770445455,6363.26244982903,1879.84589794681
2026-02-20,0.64,4550,0.291815913685007,0.29282743623001,6363.26244982903,1855.82251788352
2026-02-20,0.64,4575,0.289646236512241,0.29096519766131,6363.26244982903,1831.95334093365
2026-02-20,0.64,4600,0.287603164494421,0.288732877694908,6363.26244982903,1808.03276295215
2026-02-20,0.64,4625,0.285519073828993,0.286781997880824,6363.26244982903,1784.21498704151
2026-02-20,0.64,4650,0.283550623741424,0.284631986602855,6363.26244982903,1760.39721116508
2026-02-20,0.64,4675,0.281385787408778,0.282595586638166,6363.26244982903,1736.57943530985
2026-02-20,0.64,4700,0.279481516069498,0.280517145608307,6363.26244982903,1712.86446146995
2026-02-20,0.64,4725,0.277384114039615,0.278542499751792,6363.26244982903,1689.14948774426
2026-02-20,0.64,4750,0.275531211543168,0.276381441823935,6363.26244982903,1665.48591494947
2026-02-20,0.64,4775,0.273349529040339,0.274597580598249,6363.26244982903,1641.87374327212
2026-02-20,0.64,4800,0.271675540595392,0.2723540387769,6363.26244982903,1618.31297261008
2026-02-20,0.64,4825,0.269543298661108,0.270605631546437,6363.26244982903,1594.80360304745
2026-02-20,0.64,4850,0.267632115744171,0.268542098662691,6363.26244982903,1571.29423340097
2026-02-20,0.64,4875,0.265671647673144,0.266689378938298,6363.26244982903,1547.88766597165
2026-02-20,0.64,4900,0.263788499894009,0.264660320123804,6363.26244982903,1524.48109845481
2026-02-20,0.64,4925,0.261854162406118,0.262829321315677,6363.26244982903,1501.17733300097
2026-02-20,0.64,4950,0.259990040528548,0.260825489701422,6363.26244982903,1477.87356759199
2026-02-20,0.64,4975,0.25795597338139,0.259007777519494,6363.26244982903,1454.62120331612
2026-02-20,0.64,5000,0.256219899044603,0.25702077374001,6363.26244982903,1431.47164100163
2026-02-20,0.64,5025,0.254312557542248,0.255208719342722,6363.26244982903,1408.37347979296
2026-02-20,0.64,5050,0.252462831146818,0.253230907717049,6363.26244982903,1385.27531861233
2026-02-20,0.64,5075,0.250557905262391,0.251524799848253,6363.26244982903,1362.33136051347
2026-02-20,0.64,5100,0.248810456130027,0.249547090522544,6363.26244982903,1339.38740247722
2026-02-20,0.64,5125,0.246899315704683,0.247826952424681,6363.26244982903,1316.54624649129
2026-02-20,0.64,5150,0.245136240434709,0.245843206819016,6363.26244982903,1293.70509052934
2026-02-20,0.64,5175,0.243213167729916,0.24410377637402,6363.26244982903,1270.96673664625
2026-02-20,0.64,5200,0.241526482738932,0.242205182609985,6363.26244982903,1248.33118487233
2026-02-20,0.64,5225,0.239584322577973,0.240439675278419,6363.26244982903,1225.69563316295
2026-02-20,0.64,5250,0.237866475388124,0.238518594294263,6363.26244982903,1203.16288340301
2026-02-20,0.64,5275,0.235992044206211,0.236813937396935,6363.26244982903,1180.73293585839
2026-02-20,0.64,5300,0.234237279389504,0.234953610367818,6363.26244982903,1158.35438929397
2026-02-20,0.64,5325,0.23232949827379,0.233207676380868,6363.26244982903,1136.02724385354
2026-02-20,0.64,5350,0.230620558311253,0.231309635298574,6363.26244982903,1113.80290047952
2026-02-20,0.64,5375,0.228758682521799,0.229603613286078,6363.26244982903,1091.68135911274
2026-02-20,0.64,5400,0.227082499648035,0.22766283977712,6363.26244982903,1069.61121889471
2026-02-20,0.64,5425,0.225172259695205,0.22598585480179,6363.26244982903,1047.64388068086
2026-02-20,0.64,5450,0.223438536656881,0.224077457557985,6363.26244982903,1025.72794363006
2026-02-20,0.64,5475,0.221555563064171,0.222339672352524,6363.26244982903,1003.91480856767
2026-02-20,0.64,5500,0.219837534557459,0.22045351014415,6363.26244982903,982.204475842027
2026-02-20,0.64,5525,0.217970597175331,0.218726830960392,6363.26244982903,960.596944988919
2026-02-20,0.64,5550,0.216257796007606,0.216852115725093,6363.26244982903,939.092216298605
2026-02-20,0.64,5575,0.214323432617307,0.215126475839121,6363.26244982903,917.638888503173
2026-02-20,0.64,5600,0.212607444871186,0.213253192221242,6363.26244982903,896.339764067936
2026-02-20,0.64,5625,0.210743346422199,0.211448757643326,6363.26244982903,875.092040610078
2026-02-20,0.64,5650,0.20894435906271,0.209568693415028,6363.26244982903,853.947119197874
2026-02-20,0.64,5675,0.207068211191358,0.207818765363905,6363.26244982903,832.956400904789
2026-02-20,0.64,5700,0.205250458700625,0.205854732510204,6363.26244982903,811.965682756191
2026-02-20,0.64,5725,0.203353475542567,0.204014298385762,6363.26244982903,791.12916765827
2026-02-20,0.64,5750,0.201573585825586,0.202159045755005,6363.26244982903,770.498256704159
2026-02-20,0.64,5775,0.199646306598657,0.200350974798992,6363.26244982903,749.91874692847
2026-02-20,0.64,5800,0.19782805002958,0.198396005605691,6363.26244982903,729.442039170569
2026-02-20,0.64,5825,0.195862306743764,0.196546362738254,6363.26244982903,709.068133566512
2026-02-20,0.64,5850,0.193997824415254,0.194610820642821,6363.26244982903,688.848431064524
2026-02-20,0.64,5875,0.192045932369947,0.19271085128624,6363.26244982903,668.731530580715
2026-02-20,0.64,5900,0.190186107672944,0.190782353190892,6363.26244982903,648.82023445901
2026-02-20,0.64,5925,0.188176093531985,0.188882159007221,6363.26244982903,628.960339243841
2026-02-20,0.64,5950,0.18636711671925,0.186889851200154,6363.26244982903,609.357449418586
2026-02-20,0.64,5975,0.184404031486268,0.184977623892262,6363.26244982903,589.857361546573
2026-02-20,0.64,6000,0.182459167870497,0.183025867179766,6363.26244982903,570.511476816888
2026-02-20,0.64,6025,0.180416333776491,0.181144514379375,6363.26244982903,551.319795249969
2026-02-20,0.64,6050,0.178552241875866,0.179106145540556,6363.26244982903,532.333718058097
2026-02-20,0.64,6075,0.176528525069453,0.177240927321693,6363.26244982903,513.55324475396
2026-02-20,0.64,6100,0.174671898737898,0.175214339422405,6363.26244982903,494.978375951337
2026-02-20,0.64,6125,0.172651186901979,0.173349584099965,6363.26244982903,476.609111150549
2026-02-20,0.64,6150,0.170786470287633,0.171318843957185,6363.26244982903,458.445450633214
2026-02-20,0.64,6175,0.168805645542393,0.169439103363482,6363.26244982903,440.538795161432
2026-02-20,0.64,6200,0.166969302979956,0.167545438333135,6363.26244982903,422.991947242667
2026-02-20,0.64,6225,0.164957979021108,0.16558202582758,6363.26244982903,405.445099139177
2026-02-20,0.64,6250,0.163132590412858,0.163752642427563,6363.26244982903,388.463662755909
2026-02-20,0.64,6275,0.161177081634541,0.16184502924095,6363.26244982903,371.533627486415
2026-02-20,0.64,6300,0.159395832768677,0.159958301981708,6363.26244982903,355.066201424539
2026-02-20,0.64,6325,0.157476475458879,0.158138594295644,6363.26244982903,338.804379641283
2026-02-20,0.64,6350,0.155720586506722,0.156228372823747,6363.26244982903,322.902365206874
2026-02-20,0.64,6375,0.153573861051211,0.154688716309693,6363.26244982903,307.275467258786
2026-02-20,0.64,6400,0.152087746854048,0.152745869007296,6363.26244982903,292.214959921859
2026-02-20,0.64,6425,0.150344905440123,0.151104354034296,6363.26244982903,277.514260144536
2026-02-20,0.64,6450,0.148644960889503,0.149303981332477,6363.26244982903,263.019164434406
2026-02-20,0.64,6475,0.14688212048744,0.147695241201588,6363.26244982903,248.986678221936
2026-02-20,0.64,6500,0.145357438476233,0.145969580360858,6363.26244982903,235.416801590554
2026-02-20,0.64,6525,0.143659804333194,0.144480177139815,6363.26244982903,222.25813307581
2026-02-20,0.64,6550,0.142195173274001,0.142814479794089,6363.26244982903,209.510673249263
2026-02-20,0.64,6575,0.140600725015616,0.141381066231039,6363.26244982903,197.225822563239
2026-02-20,0.64,6600,0.139237321153287,0.139867544811216,6363.26244982903,185.454982523435
2026-02-20,0.64,6625,0.137737299981779,0.138533853776997,6363.26244982903,174.095350837694
2026-02-20,0.64,6650,0.13646964291952,0.137061248850336,6363.26244982903,163.19832866529
2026-02-20,0.64,6675,0.135223335554169,0.135768904318373,6363.26244982903,152.866717917745
2026-02-20,0.64,6700,0.1339979119334,0.134496858252962,6363.26244982903,142.9463155441
2026-02-20,0.64,6725,0.13268042052777,0.133414039472413,6363.26244982903,133.4885225757
2026-02-20,0.64,6750,0.131610153065143,0.132185602732077,6363.26244982903,124.493339193421
2026-02-20,0.64,6775,0.130449362357937,0.131154770523162,6363.26244982903,115.960765190384
2026-02-20,0.64,6800,0.129493370940079,0.130034778438604,6363.26244982903,107.890800491074
2026-02-20,0.64,6825,0.128449717766251,0.129128077995603,6363.26244982903,100.283445438996
2026-02-20,0.64,6850,0.127566799954865,0.128136826414031,6363.26244982903,93.0872985839743
2026-02-20,0.64,6875,0.126599631210919,0.127316473689053,6363.26244982903,86.3023602065393
2026-02-20,0.64,6900,0.125812559589183,0.126350022936605,6363.26244982903,79.877229136844
2026-02-20,0.64,6925,0.124879144449167,0.1256423628625,6363.26244982903,73.8633064715419
2026-02-20,0.64,6950,0.124219964371683,0.124794166648443,6363.26244982903,68.2605922565895
2026-02-20,0.64,6975,0.123422333007142,0.124166147605671,6363.26244982903,63.0176853019173
2026-02-20,0.64,7000,0.12278554032364,0.123326329365768,6363.26244982903,58.0317836545007
2026-02-20,0.64,7050,0.121429285817263,0.122099226745021,6363.26244982903,49.1394021605949
2026-02-20,0.64,7100,0.120323220788694,0.120962840327248,6363.26244982903,41.4806460926794
2026-02-20,0.64,7200,0.118382596582387,0.119159151243949,6363.26244982903,29.2471965282569
2026-02-20,0.64,7300,0.117037348562612,0.117863431977326,6363.26244982903,20.4576172604347
2026-02-20,0.64,7400,0.116157252222069,0.117027469121844,6363.26244982903,14.2380903965619
2026-02-20,0.64,7500,0.115634944548837,0.11652902091434,6363.26244982903,9.86900127464853
2026-02-20,0.64,7600,0.115155720294465,0.116608472479737,6363.26244982903,6.83633943506143
2026-02-20,0.64,7700,0.115136012199114,0.116662866520227,6363.26244982903,4.72889643359434
2026-02-20,0.64,7800,0.115689888797241,0.117185755542471,6363.26244982903,3.34106814715553
2026-02-20,0.64,8000,0.116655325572236,0.119226310369995,6363.26244982903,1.69623459257316
2026-02-20,0.64,8200,0.117421641360725,0.121890017497763,6363.26244982903,0.873817824222273
2026-02-20,0.64,8400,0.120596085351849,0.127254037096056,6363.26244982903,0.565411534016494
2026-02-20,0.64,8600,0.124456665824785,0.133606880870941,6363.26244982903,0.411208388367872
2026-02-20,0.64,8800,0.12758461048047,0.140026320030676,6363.26244982903,0.308406289150104
2026-02-20,0.64,9000,0.131485671325668,0.147115040188813,6363.26244982903,0.257005242991035
2026-02-20,0.64,9200,0.13244746080863,0.153648942239908,6363.26244982903,0.205604193045108
2026-02-20,0.64,9400,0.146469180934528,0.15958067032279,6363.26244982903,0.205604192925791
2026-02-20,0.64,9600,NA,0.164828482400607,6363.26244982903,NA
2026-02-20,0.64,9800,NA,0.172270137434732,6363.26244982903,NA
2026-02-20,0.64,10000,NA,0.176401652013748,6363.26244982903,NA
2026-02-20,0.64,10200,NA,0.183381979466444,6363.26244982903,NA
2026-02-20,0.64,10400,0.172469185807181,0.190198899970583,6363.26244982903,0.12850262122506
2026-03-20,0.72,200,NA,1.21284292022812,6376.77569908689,NA
2026-03-20,0.72,400,0.914443513920466,0.987259373377216,6376.77569908689,5976.87865237544
2026-03-20,0.72,600,0.838628015790828,0.884585211188301,6376.77569908689,5777.00734398617
2026-03-20,0.72,800,0.79357034150346,0.815346550972196,6376.77569908689,5577.26472720725
2026-03-20,0.72,1000,0.747430317298252,0.763895963047209,6376.77569908689,5377.65080204021
2026-03-20,0.72,1200,0.704507066568299,0.717767460611921,6376.77569908689,5178.13983016136
2026-03-20,0.72,1400,0.66494360117089,0.674262576378658,6376.77569908689,4978.70607324764
2026-03-20,0.72,1600,0.628312156207397,0.635180560660017,6376.77569908689,4779.37526962284
2026-03-20,0.72,1800,0.595225161835885,0.603401815627255,6376.77569908689,4580.27611090087
2026-03-20,0.72,2000,0.566991183026145,0.571678969157497,6376.77569908689,4381.35712042847
2026-03-20,0.72,2200,0.540108112785686,0.542549482073797,6376.77569908689,4182.64403653439
2026-03-20,0.72,2400,0.512276104586198,0.516185784530786,6376.77569908689,3984.085382574
2026-03-20,0.72,2500,0.499648827121252,0.502293439516896,6376.77569908689,3884.85753224166
2026-03-20,0.72,2600,0.486820938408162,0.48921401862078,6376.77569908689,3785.68115855217
2026-03-20,0.72,2700,0.474616583401014,0.476781377387587,6376.77569908689,3686.60773814398
2026-03-20,0.72,2800,0.46224117368626,0.464861771929318,6376.77569908689,3587.58579439315
2026-03-20,0.72,2900,0.450974428699731,0.452759802742524,6376.77569908689,3488.66680391363
2026-03-20,0.72,3000,0.439457020861591,0.441084712097201,6376.77569908689,3389.79929009118
2026-03-20,0.72,3100,0.427767849928612,0.429259990364909,6376.77569908689,3290.93177625754
2026-03-20,0.72,3200,0.416882915183458,0.417793395777478,6376.77569908689,3192.21869236547
2026-03-20,0.72,3300,0.405361656471991,0.406617884896587,6376.77569908689,3093.50560847824
2026-03-20,0.72,3400,0.394523526361457,0.395677906950005,6376.77569908689,2994.94695452266
2026-03-20,0.72,3500,0.383865211648054,0.384927334258208,6376.77569908689,2896.4912538515
2026-03-20,0.72,3550,0.378634133108597,0.37965307145512,6376.77569908689,2847.31488016389
2026-03-20,0.72,3600,0.373349116731193,0.374652059423017,6376.77569908689,2798.1899831095
2026-03-20,0.72,3650,0.368330781953683,0.369269007229278,6376.77569908689,2749.06508607204
2026-03-20,0.72,3700,0.362943776150096,0.364146089583253,6376.77569908689,2699.94018902659
2026-03-20,0.72,3750,0.358100314502748,0.35925273058274,6376.77569908689,2650.96972191241
2026-03-20,0.72,3800,0.35290133137648,0.354285326780933,6376.77569908689,2601.9477781486
2026-03-20,0.72,3850,0.347921606904607,0.349251126632326,6376.77569908689,2552.9773110337
2026-03-20,0.72,3900,0.343134780001654,0.344410564599606,6376.77569908689,2504.10979720081
2026-03-20,0.72,3950,0.338270112721358,0.339739352517623,6376.77569908689,2455.29375999984
2026-03-20,0.72,4000,0.333571200923219,0.334981442744054,6376.77569908689,2406.52919948479
2026-03-20,0.72,4050,0.329016191268541,0.3303688646941,6376.77569908689,2357.86759225325
2026-03-20,0.72,4100,0.324367480230999,0.325666460145267,6376.77569908689,2309.20598500169
2026-03-20,0.72,4125,0.322117083147904,0.323389486899392,6376.77569908689,2284.9266580095
2026-03-20,0.72,4150,0.31984187606798,0.321088616789367,6376.77569908689,2260.64733104679
2026-03-20,0.72,4175,0.317542895378628,0.318967384543106,6376.77569908689,2236.41948069583
2026-03-20,0.72,4200,0.315421531583054,0.316617665108852,6376.77569908689,2212.19163035345
2026-03-20,0.72,4225,0.313270168868718,0.314441436809369,6376.77569908689,2188.01525665974
2026-03-20,0.72,4250,0.311090064957653,0.312237352506161,6376.77569908689,2163.8388829647
2026-03-20,0.72,4275,0.308882392734226,0.310006533569815,6376.77569908689,2139.66250926416
2026-03-20,0.72,4300,0.306832500961334,0.307932790625787,6376.77569908689,2115.589088867
2026-03-20,0.72,4325,0.304569270398681,0.305826977588903,6376.77569908689,2091.46419180292
2026-03-20,0.72,4350,0.302458540851717,0.303690384195408,6376.77569908689,2067.39077140173
2026-03-20,0.72,4375,0.3004903737989,0.301524212433502,6376.77569908689,2043.36882766913
2026-03-20,0.72,4400,0.298316359136762,0.299497747206859,6376.77569908689,2019.34688392815
2026-03-20,0.72,4425,0.296280272038251,0.297437105352111,6376.77569908689,1995.37641680917
2026-03-20,0.72,4450,0.294210439339364,0.295343611239063,6376.77569908689,1971.40594965301
2026-03-20,0.72,4475,0.292267291539918,0.293376429205387,6376.77569908689,1947.53843586682
2026-03-20,0.72,4500,0.290130565869514,0.291217731016103,6376.77569908689,1923.56796878163
2026-03-20,0.72,4525,0.288269139297683,0.289332888229883,6376.77569908689,1899.8034082136
2026-03-20,0.72,4550,0.286216958945082,0.287259243802321,6376.77569908689,1875.93589437788
2026-03-20,0.72,4575,0.284277455381767,0.285298049736243,6376.77569908689,1852.17133387321
2026-03-20,0.72,4600,0.282299552661104,0.283299266035862,6376.77569908689,1828.40677331036
2026-03-20,0.72,4625,0.280284655916029,0.281264247338967,6376.77569908689,1804.64221274843
2026-03-20,0.72,4650,0.278371597839296,0.279330945656402,6376.77569908689,1780.98060550645
2026-03-20,0.72,4675,0.276553162863739,0.277492235497357,6376.77569908689,1757.42195156321
2026-03-20,0.72,4700,0.274558858097346,0.275479193539397,6376.77569908689,1733.76034430662
2026-03-20,0.72,4725,0.272656597978269,0.273686544703143,6376.77569908689,1710.25316701508
2026-03-20,0.72,4750,0.270839781466723,0.271848320578067,6376.77569908689,1686.7974663246
2026-03-20,0.72,4775,0.268978205155685,0.269966164075397,6376.77569908689,1663.34176560358
2026-03-20,0.72,4800,0.267073442252708,0.268041594560604,6376.77569908689,1639.88606493533
2026-03-20,0.72,4825,0.265245863726736,0.266194291350097,6376.77569908689,1616.53331763991
2026-03-20,0.72,4850,0.263373191871374,0.264302644088316,6376.77569908689,1593.18057017935
2026-03-20,0.72,4875,0.261571075704592,0.262595186092825,6376.77569908689,1569.98225278228
2026-03-20,0.72,4900,0.259834048944953,0.260614730529674,6376.77569908689,1546.73245868355
2026-03-20,0.72,4925,0.257937848534416,0.258921393130644,6376.77569908689,1523.58561791093
2026-03-20,0.72,4950,0.256212744886519,0.256962619630145,6376.77569908689,1500.43877708679
2026-03-20,0.72,4975,0.254436869460873,0.255276573031683,6376.77569908689,1477.44636624979
2026-03-20,0.72,5000,0.252611871717066,0.253435170040725,6376.77569908689,1454.40247868942
2026-03-20,0.72,5025,0.250840383693861,0.251748147736346,6376.77569908689,1431.51302109108
2026-03-20,0.72,5050,0.249117919763387,0.249810334523504,6376.77569908689,1408.5720868867
2026-03-20,0.72,5075,0.24734305365858,0.248215635826657,6376.77569908689,1385.83705925578
2026-03-20,0.72,5100,0.245612647147255,0.246373360884938,6376.77569908689,1363.05055487197
2026-03-20,0.72,5125,0.243829265698214,0.244668568654798,6376.77569908689,1340.36700395317
2026-03-20,0.72,5150,0.242177720817643,0.242818040448839,6376.77569908689,1317.73492956264
2026-03-20,0.72,5175,0.240289473465336,0.241186907976316,6376.77569908689,1295.1543318212
2026-03-20,0.72,5200,0.238705482358752,0.239409716184417,6376.77569908689,1272.72816406138
2026-03-20,0.72,5225,0.236887974776752,0.237751799456725,6376.77569908689,1250.30199631012
2026-03-20,0.72,5250,0.235272883316942,0.235951041856749,6376.77569908689,1227.97878179999
2026-03-20,0.72,5275,0.233430753748857,0.234262949841082,6376.77569908689,1205.65556721813
2026-03-20,0.72,5300,0.231944972208476,0.232516625717285,6376.77569908689,1183.5897359877
2026-03-20,0.72,5325,0.229991462717792,0.230793657853986,6376.77569908689,1161.31799812978
2026-03-20,0.72,5350,0.228382278171412,0.229012450170042,6376.77569908689,1139.30364349501
2026-03-20,0.72,5375,0.226555159922518,0.227406224028028,6376.77569908689,1117.34076551265
2026-03-20,0.72,5400,0.224976454799141,0.225584470197164,6376.77569908689,1095.48084087292
2026-03-20,0.72,5425,0.223182809011175,0.223929593510083,6376.77569908689,1073.67239272252
2026-03-20,0.72,5450,0.221550861194842,0.222211286625232,6376.77569908689,1052.01837463561
2026-03-20,0.72,5475,0.219781669900417,0.22050300659205,6376.77569908689,1030.36435651326
2026-03-20,0.72,5500,0.218164241403022,0.218802390179504,6376.77569908689,1008.91624492114
2026-03-20,0.72,5525,0.216340104259482,0.217107163068762,6376.77569908689,987.416656714221
2026-03-20,0.72,5550,0.214729401948344,0.215346616776136,6376.77569908689,966.122975262082
2026-03-20,0.72,5575,0.21291459520181,0.213656784787965,6376.77569908689,944.829293549906
2026-03-20,0.72,5600,0.211302157283742,0.211899625017051,6376.77569908689,923.741518471398
2026-03-20,0.72,5625,0.209422702198616,0.2102068679484,6376.77569908689,902.602266790266
2026-03-20,0.72,5650,0.207801640233507,0.208444899060541,6376.77569908689,881.720398407752
2026-03-20,0.72,5675,0.205981229107862,0.206741378667792,6376.77569908689,860.838529962613
2026-03-20,0.72,5700,0.20434294858906,0.204904482550499,6376.77569908689,840.111091357684
2026-03-20,0.72,5725,0.202445923230448,0.203245089967565,6376.77569908689,819.435129614853
2026-03-20,0.72,5750,0.200784157521178,0.201389986784977,6376.77569908689,798.913597552799
2026-03-20,0.72,5775,0.198926978944441,0.199703364367229,6376.77569908689,778.495018942621
2026-03-20,0.72,5800,0.197233795941231,0.197822705547675,6376.77569908689,758.179393468632
2026-03-20,0.72,5825,0.195404884168786,0.196101929784886,6376.77569908689,738.018198156389
2026-03-20,0.72,5850,0.193615290943692,0.194245759073797,6376.77569908689,717.908479333929
2026-03-20,0.72,5875,0.19180437028612,0.192483189337358,6376.77569908689,698.004667151813
2026-03-20,0.72,5900,0.190026253283451,0.190584777763302,6376.77569908689,678.152331545817
2026-03-20,0.72,5925,0.188221917658558,0.18888382243665,6376.77569908689,658.608855727426
2026-03-20,0.72,5950,0.186389647740636,0.186934654655393,6376.77569908689,638.962426875799
2026-03-20,0.72,5975,0.184581560631997,0.18522791639763,6376.77569908689,619.727810989704
2026-03-20,0.72,6000,0.18274074451978,0.183273340979155,6376.77569908689,600.390241879658
2026-03-20,0.72,6025,0.18086539787688,0.18149756639828,6376.77569908689,581.361532607267
2026-03-20,0.72,6050,0.179005780544669,0.179631354138088,6376.77569908689,562.435776694868
2026-03-20,0.72,6075,0.177158348840752,0.177880858998829,6376.77569908689,543.818880576416
2026-03-20,0.72,6100,0.175370744425912,0.175933013695628,6376.77569908689,525.253461046823
2026-03-20,0.72,6125,0.173486167503182,0.174195278985313,6376.77569908689,506.996901470075
2026-03-20,0.72,6150,0.171704812990414,0.172307413475261,6376.77569908689,488.89477177646
2026-03-20,0.72,6175,0.169771699027555,0.17056871004395,6376.77569908689,470.99854882189
2026-03-20,0.72,6200,0.168082463231352,0.168626311959176,6376.77569908689,453.359708833258
2026-03-20,0.72,6225,0.166186484737522,0.166972091563471,6376.77569908689,436.0297287898
2026-03-20,0.72,6250,0.164474699147961,0.165109016405164,6376.77569908689,418.905655397729
2026-03-20,0.72,6275,0.162600598440043,0.163376941371239,6376.77569908689,401.987488579098
2026-03-20,0.72,6300,0.160949367589802,0.161528786437134,6376.77569908689,385.429658250778
2026-03-20,0.72,6325,0.159129668634888,0.159947124655621,6376.77569908689,369.232164366999
2026-03-20,0.72,6350,0.157475209005697,0.158098236741546,6376.77569908689,353.189100521211
2026-03-20,0.72,6375,0.155646196679518,0.156411080996105,6376.77569908689,337.403419820238
2026-03-20,0.72,6400,0.154001744984505,0.154669934589265,6376.77569908689,322.037886624844
2026-03-20,0.72,6425,0.152330718145346,0.153093837314616,6376.77569908689,307.109659684581
2026-03-20,0.72,6450,0.150760803397401,0.151381017374921,6376.77569908689,292.438816167435
2026-03-20,0.72,6475,0.149049830386786,0.149861950656762,6376.77569908689,278.12830919626
2026-03-20,0.72,6500,0.14762436595295,0.148199002167823,6376.77569908689,264.281091697224
2026-03-20,0.72,6525,0.146099106812785,0.146771875177671,6376.77569908689,250.897164314782
2026-03-20,0.72,6550,0.144614607005097,0.14519398627122,6376.77569908689,237.719143402251
2026-03-20,0.72,6575,0.143168398088507,0.143799778769217,6376.77569908689,225.107365468418
2026-03-20,0.72,6600,0.141758315029067,0.142296426809832,6376.77569908689,212.752970860859
2026-03-20,0.72,6625,0.140283808021567,0.140974541889956,6376.77569908689,200.861866015159
2026-03-20,0.72,6650,0.138939758788568,0.139537719831803,6376.77569908689,189.331097649256
2026-03-20,0.72,6675,0.137778346132506,0.138332631202893,6376.77569908689,178.572479064146
2026-03-20,0.72,6700,0.136447186840497,0.137008610498419,6376.77569908689,167.865336992255
2026-03-20,0.72,6725,0.135248553586702,0.135869728136147,6376.77569908689,157.827391391501
2026-03-20,0.72,6750,0.134081916065476,0.134660347128802,6376.77569908689,148.098305650914
2026-03-20,0.72,6775,0.132948062554069,0.133590006470042,6376.77569908689,138.883986321877
2026-03-20,0.72,6800,0.131957439033158,0.132447997774302,6376.77569908689,130.081480074984
2026-03-20,0.72,6825,0.130840433001606,0.131507926442742,6376.77569908689,121.690786967318
2026-03-20,0.72,6850,0.129930742285544,0.130442439575306,6376.77569908689,113.711907341589
2026-03-20,0.72,6875,0.12889417123782,0.129592635374617,6376.77569908689,106.144840523859
2026-03-20,0.72,6900,0.12808111964527,0.128618244951701,6376.77569908689,98.9895870004773
2026-03-20,0.72,6925,0.127143079178998,0.127878519150313,6376.77569908689,92.2461465073808
2026-03-20,0.72,6950,0.126387535736796,0.126954965697728,6376.77569908689,85.8115659818093
2026-03-20,0.72,6975,0.12563856743197,0.126158198134875,6376.77569908689,79.7887986833798
2026-03-20,0.72,7000,0.124900256658819,0.125436422266441,6376.77569908689,74.1263677611887
2026-03-20,0.72,7050,0.123476271718203,0.124049985632689,6376.77569908689,63.7280855581041
2026-03-20,0.72,7100,0.122245372502773,0.122862777815135,6376.77569908689,54.6681962564185
2026-03-20,0.72,7150,0.121134006793563,0.121719089828378,6376.77569908689,46.6893163674382
2026-03-20,0.72,7200,0.120136623180433,0.120773711558853,6376.77569908689,39.7914459681566
2026-03-20,0.72,7250,0.119246764833079,0.119944283240904,6376.77569908689,33.8201552920079
2026-03-20,0.72,7300,0.118564720495349,0.119222181555088,6376.77569908689,28.7239675247986
2026-03-20,0.72,7400,0.117353071717535,0.118159424917987,6376.77569908689,20.5906577077248
2026-03-20,0.72,7500,0.116699677190507,0.117534322224545,6376.77569908689,14.773796898637
2026-03-20,0.72,7600,0.116192661106355,0.117243685989399,6376.77569908689,10.5527120909272
2026-03-20,0.72,7700,0.11599212203571,0.117325407362533,6376.77569908689,7.56706671817599
2026-03-20,0.72,7800,0.116204549875577,0.117563702977949,6376.77569908689,5.45652428990792
2026-03-20,0.72,7900,0.116702525873432,0.118423289412612,6376.77569908689,4.01517826149602
2026-03-20,0.72,8000,0.117070874865625,0.119007229394486,6376.77569908689,2.90843039438181
2026-03-20,0.72,8200,0.118405856072649,0.121105038150399,6376.77569908689,1.59577597468484
2026-03-20,0.72,8400,0.119987674287251,0.124265603397894,6376.77569908689,0.926579598725075
2026-03-20,0.72,8600,0.122830851204163,0.129852248672726,6376.77569908689,0.643458054958765
2026-03-20,0.72,8800,0.12659563656467,0.133702988121951,6376.77569908689,0.437551476407722
2026-03-20,0.72,9000,0.130061527478139,0.140740267259756,6376.77569908689,0.360336509763139
2026-03-20,0.72,9200,0.13447319873055,0.147323002482455,6376.77569908689,0.308859866113814
2026-03-20,0.72,9400,0.137400124538945,0.153435260607024,6376.77569908689,0.257383222009194
2026-03-20,0.72,9600,0.137413512155436,0.151935381462209,6376.77569908689,0.128691610639593
2026-03-20,0.72,9800,0.143770775783533,0.164108087217889,6376.77569908689,0.18016825508212
2026-03-20,0.72,10000,0.149974883559755,0.168534244028795,6376.77569908689,0.154429932709478
2026-03-20,0.72,10200,NA,0.175214166400133,6376.77569908689,NA
2026-03-20,0.72,10400,NA,0.17861141243701,6376.77569908689,NA
2026-03-20,0.72,11000,NA,0.192891402719243,6376.77569908689,NA
2026-03-20,0.72,12000,NA,0.214497535660114,6376.77569908689,NA
2026-03-31,0.748,2200,0.53278659065117,0.536280159452922,6381.80634190405,4187.9472359858
2026-03-31,0.748,2400,0.50598413700244,0.509719786372758,6381.80634190405,3989.44375638867
2026-03-31,0.748,2600,0.481248038144858,0.484280153636634,6381.80634190405,3791.19829755252
2026-03-31,0.748,2700,0.469677103996935,0.471734534680549,6381.80634190405,3692.17877644828
2026-03-31,0.748,2800,0.457857623136912,0.459726231078909,6381.80634190405,3593.21085948179
2026-03-31,0.748,2900,0.445878197083447,0.448148949967639,6381.80634190405,3494.29454667027
2026-03-31,0.748,3000,0.43485079530471,0.436404164816079,6381.80634190405,3395.48144216911
2026-03-31,0.748,3100,0.423602580872551,0.425494027172383,6381.80634190405,3296.7715459721
2026-03-31,0.748,3200,0.412638042057928,0.414371231040964,6381.80634190405,3198.11325391634
2026-03-31,0.748,3300,0.401901841419687,0.403492061910142,6381.80634190405,3099.55817015884
2026-03-31,0.748,3400,0.39134859881019,0.392446210485683,6381.80634190405,3001.05469057431
2026-03-31,0.748,3500,0.380602280516329,0.381950845063104,6381.80634190405,2902.65441927868
2026-03-31,0.748,3600,0.370335739013062,0.371578430372998,6381.80634190405,2804.40896044444
2026-03-31,0.748,3700,0.360154967953341,0.361587006214882,6381.80634190405,2706.31831406945
2026-03-31,0.748,3750,0.35526273483451,0.356637474493282,6381.80634190405,2657.35039712362
2026-03-31,0.748,3800,0.350304050976865,0.351625201607098,6381.80634190405,2608.38248012835
2026-03-31,0.748,3850,0.345540627337097,0.346808888303838,6381.80634190405,2559.51777149765
2026-03-31,0.748,3900,0.340948062827194,0.341922150133716,6381.80634190405,2510.70466696563
2026-03-31,0.748,3950,0.33603430567951,0.337204567500743,6381.80634190405,2461.89156245355
2026-03-31,0.748,4000,0.331511878927182,0.332410964207426,6381.80634190405,2413.18166627763
2026-03-31,0.748,4050,0.326899574744272,0.327978210140232,6381.80634190405,2364.5749783664
2026-03-31,0.748,4075,0.324668294512213,0.325514375459872,6381.80634190405,2340.24583234682
2026-03-31,0.748,4100,0.322413138516282,0.323448724981422,6381.80634190405,2316.01989463614
2026-03-31,0.748,4125,0.320338779735202,0.32115026103058,6381.80634190405,2291.79395690968
2026-03-31,0.748,4150,0.318034856342323,0.318830546335853,6381.80634190405,2267.51641501547
2026-03-31,0.748,4175,0.315905559424644,0.316684814339596,6381.80634190405,2243.3420814754
2026-03-31,0.748,4200,0.313748458017018,0.314511860803116,6381.80634190405,2219.16774788719
2026-03-31,0.748,4225,0.311564700847635,0.312312800839679,6381.80634190405,2194.9934143249
2026-03-31,0.748,4250,0.309355360247127,0.310088675638819,6381.80634190405,2170.81908075902
2026-03-31,0.748,4275,0.307301548479311,0.30801962437778,6381.80634190405,2146.74795549265
2026-03-31,0.748,4300,0.305216916191598,0.305920304259951,6381.80634190405,2122.67683022788
2026-03-31,0.748,4325,0.303102701169899,0.303791920620471,6381.80634190405,2098.60570495716
2026-03-31,0.748,4350,0.300960057963168,0.301803976496224,6381.80634190405,2074.58618384928
2026-03-31,0.748,4375,0.298955934583013,0.299782388780527,6381.80634190405,2050.6182668987
2026-03-31,0.748,4400,0.296918861155688,0.297728486645317,6381.80634190405,2026.65034988991
2026-03-31,0.748,4425,0.294850114029677,0.295643508167541,6381.80634190405,2002.68243295264
2026-03-31,0.748,4450,0.2929067585744,0.293683657388758,6381.80634190405,1978.81772429666
2026-03-31,0.748,4475,0.290927780467202,0.291688795284012,6381.80634190405,1954.95301566565
2026-03-31,0.748,4500,0.288914538565927,0.289660243603763,6381.80634190405,1931.08830697726
2026-03-31,0.748,4525,0.287014767842989,0.287744997210018,6381.80634190405,1907.32680665733
2026-03-31,0.748,4550,0.28507730751409,0.2857926400855,6381.80634190405,1883.56530629052
2026-03-31,0.748,4575,0.283103563585281,0.283944359422848,6381.80634190405,1859.85541007966
2026-03-31,0.748,4600,0.281232511067045,0.281919045398219,6381.80634190405,1836.14551387821
2026-03-31,0.748,4625,0.279322212178959,0.279994843173765,6381.80634190405,1812.4872218131
2026-03-31,0.748,4650,0.277506150766294,0.278033322708228,6381.80634190405,1788.88053388627
2026-03-31,0.748,4675,0.27564829014129,0.276164729318147,6381.80634190405,1765.32545017107
2026-03-31,0.748,4700,0.273750142102418,0.274382534141236,6381.80634190405,1741.82197057759
2026-03-31,0.748,4725,0.271937282693181,0.272433065135334,6381.80634190405,1718.31849099354
2026-03-31,0.748,4750,0.270081933292187,0.270567782742524,6381.80634190405,1694.86661555258
2026-03-31,0.748,4775,0.268185563206318,0.268780712382973,6381.80634190405,1671.46634428658
2026-03-31,0.748,4800,0.266483217589686,0.266949657841011,6381.80634190405,1648.16928127546
2026-03-31,0.748,4825,0.264618832759008,0.265190249217117,6381.80634190405,1624.87221828583
2026-03-31,0.748,4850,0.262825220585966,0.263385265158881,6381.80634190405,1601.62675945577
2026-03-31,0.748,4875,0.260987127719165,0.261536225904888,6381.80634190405,1578.38130060855
2026-03-31,0.748,4900,0.259213819251364,0.259752063018,6381.80634190405,1555.23905003508
2026-03-31,0.748,4925,0.257500320028266,0.258027827537366,6381.80634190405,1532.20000786322
2026-03-31,0.748,4950,0.255738304865317,0.256255490264388,6381.80634190405,1509.16096558827
2026-03-31,0.748,4975,0.253929331836079,0.254436582351585,6381.80634190405,1486.12192339151
2026-03-31,0.748,5000,0.252274053952694,0.25277124691199,6381.80634190405,1463.28929778669
2026-03-31,0.748,5025,0.250469348127078,0.250957106788693,6381.80634190405,1440.35346387517
2026-03-31,0.748,5050,0.248714001379282,0.249288014917702,6381.80634190405,1417.57244239291
2026-03-31,0.748,5075,0.247003915889977,0.247473204678709,6381.80634190405,1394.79142086939
2026-03-31,0.748,5100,0.245335165988994,0.245795448451871,6381.80634190405,1372.16521189899
2026-03-31,0.748,5125,0.243613600639285,0.244065224421563,6381.80634190405,1349.53900287211
2026-03-31,0.748,5150,0.241840750120256,0.242372597155996,6381.80634190405,1326.96439803879
2026-03-31,0.748,5175,0.24019221544887,0.240627158807279,6381.80634190405,1304.49300144614
2026-03-31,0.748,5200,0.2384887534093,0.238915673132691,6381.80634190405,1282.07320907603
2026-03-31,0.748,5225,0.236731878710405,0.23723483277294,6381.80634190405,1259.7050208218
2026-03-31,0.748,5250,0.235005378369685,0.235581474287174,6381.80634190405,1237.44004089902
2026-03-31,0.748,5275,0.233387016221409,0.233871853877081,6381.80634190405,1215.27826927726
2026-03-31,0.748,5300,0.231631119847775,0.23218671168015,6381.80634190405,1193.11649760228
2026-03-31,0.748,5325,0.229977500300649,0.230523187662963,6381.80634190405,1171.10953843181
2026-03-31,0.748,5350,0.228265868524833,0.228802030639995,6381.80634190405,1149.10257924317
2026-03-31,0.748,5375,0.226648264822378,0.22709980216628,6381.80634190405,1127.25043255935
2026-03-31,0.748,5400,0.224970134756839,0.225487794693865,6381.80634190405,1105.50149406142
2026-03-31,0.748,5425,0.223232877058305,0.223741812976633,6381.80634190405,1083.70095154337
2026-03-31,0.748,5450,0.22158083508431,0.222081153503959,6381.80634190405,1062.1068254703
2026-03-31,0.748,5475,0.21993768243877,0.220429614298635,6381.80634190405,1040.615907851
2026-03-31,0.748,5500,0.218232040667819,0.218715909893532,6381.80634190405,1019.12499009549
2026-03-31,0.748,5525,0.216533203808986,0.217077181175741,6381.80634190405,997.788884931094
2026-03-31,0.748,5550,0.214839023854064,0.215374286224308,6381.80634190405,976.504383854921
2026-03-31,0.748,5575,0.213147425845461,0.213674219874157,6381.80634190405,955.323091068015
2026-03-31,0.748,5600,0.211456401327838,0.211974972651315,6381.80634190405,934.245006710782
2026-03-31,0.748,5625,0.20976400252734,0.210274594890179,6381.80634190405,913.270130522031
2026-03-31,0.748,5650,0.208005441115951,0.208571191494828,6381.80634190405,892.346858422644
2026-03-31,0.748,5675,0.206305603230869,0.206862915681701,6381.80634190405,871.578398967301
2026-03-31,0.748,5700,0.204598821026322,0.205147962140195,6381.80634190405,850.91314769095
2026-03-31,0.748,5725,0.202883328190838,0.203484665569444,6381.80634190405,830.402708979214
2026-03-31,0.748,5750,0.201157387953335,0.201750231087984,6381.80634190405,809.943874413038
2026-03-31,0.748,5775,0.19941928595268,0.200003920788506,6381.80634190405,789.58824802201
2026-03-31,0.748,5800,0.197667324416923,0.198244033261082,6381.80634190405,769.335829943285
2026-03-31,0.748,5825,0.195899814741822,0.196525757080772,6381.80634190405,749.238224417633
2026-03-31,0.748,5850,0.194171258360999,0.194732906409454,6381.80634190405,729.243827085142
2026-03-31,0.748,5875,0.192422348361866,0.192976863352514,6381.80634190405,709.404242289011
2026-03-31,0.748,5900,0.190651462351393,0.19119912149822,6381.80634190405,689.667865767183
2026-03-31,0.748,5925,0.188911077591796,0.18939803313321,6381.80634190405,670.08630175767
2026-03-31,0.748,5950,0.187144129329584,0.187625381829901,6381.80634190405,650.659550192679
2026-03-31,0.748,5975,0.18534898469435,0.185824781536128,6381.80634190405,631.336006880936
2026-03-31,0.748,6000,0.183523960611577,0.184046824022451,6381.80634190405,612.16727617577
2026-03-31,0.748,6025,0.181770797960737,0.182288107051087,6381.80634190405,593.256565960458
2026-03-31,0.748,6050,0.17993087620923,0.180494123076611,6381.80634190405,574.397460132935
2026-03-31,0.748,6075,0.178156098871107,0.178663137219689,6381.80634190405,555.744770831292
2026-03-31,0.748,6100,0.176341235517623,0.176893768682936,6381.80634190405,537.298497940633
2026-03-31,0.748,6125,0.174534219720983,0.175081851510209,6381.80634190405,519.007037826777
2026-03-31,0.748,6150,0.172781184253883,0.173324213854399,6381.80634190405,501.02520247309
2026-03-31,0.748,6175,0.170979788115866,0.171518540762977,6381.80634190405,483.146575476293
2026-03-31,0.748,6200,0.169176625520859,0.169760040033074,6381.80634190405,465.525969170983
2026-03-31,0.748,6225,0.167416790816888,0.167996251282697,6381.80634190405,448.163383623467
2026-03-31,0.748,6250,0.165648180580438,0.166224062439254,6381.80634190405,431.007214708012
2026-03-31,0.748,6275,0.163915363835394,0.164488052130894,6381.80634190405,414.160670652757
2026-03-31,0.748,6300,0.16216693972471,0.162736835653197,6381.80634190405,397.520543419555
2026-03-31,0.748,6325,0.160494312029356,0.16106183104801,6381.80634190405,381.293249048127
2026-03-31,0.748,6350,0.158751836014022,0.159364542221919,6381.80634190405,365.220767465104
2026-03-31,0.748,6375,0.157077727952332,0.15768881686037,6381.80634190405,349.509514848924
2026-03-31,0.748,6400,0.155481223944882,0.155997362915728,6381.80634190405,334.136883743106
2026-03-31,0.748,6425,0.153849273509204,0.154364927901273,6381.80634190405,319.06847138693
2026-03-31,0.748,6450,0.152227933020438,0.152743576498571,6381.80634190405,304.309683817562
2026-03-31,0.748,6475,0.150660753595998,0.151176882962581,6381.80634190405,289.963729638659
2026-03-31,0.748,6500,0.149144664490733,0.149614788704918,6381.80634190405,275.979004402174
2026-03-31,0.748,6525,0.147629742594589,0.148101281254933,6381.80634190405,262.355508322038
2026-03-31,0.748,6550,0.146160295288013,0.146633771390351,6381.80634190405,249.144845477817
2026-03-31,0.748,6575,0.144686412121119,0.145162383440361,6381.80634190405,236.24380756952
2026-03-31,0.748,6600,0.143300989610339,0.143732129825704,6381.80634190405,223.807206788069
2026-03-31,0.748,6625,0.141906721135811,0.142341185299653,6381.80634190405,211.73183545523
2026-03-31,0.748,6650,0.140598392925681,0.141036749872365,6381.80634190405,200.172505370003
2026-03-31,0.748,6675,0.13927789072879,0.139720772593514,6381.80634190405,188.92280022397
2026-03-31,0.748,6700,0.138042470087779,0.13844073621697,6381.80634190405,178.137532406838
2026-03-31,0.748,6750,0.135629179884254,0.136038508379402,6381.80634190405,157.805496649135
2026-03-31,0.748,6800,0.133414416075979,0.133784648377041,6381.80634190405,139.17639775943
2026-03-31,0.748,6850,0.131305994317251,0.131745984279862,6381.80634190405,122.198631797517
2026-03-31,0.748,6900,0.129434975996017,0.129837715238431,6381.80634190405,106.872198537268
2026-03-31,0.748,6950,0.127725259688802,0.128088578083901,6381.80634190405,93.093890148273
2026-03-31,0.748,7000,0.126093128372818,0.126541990056066,6381.80634190405,80.7604978437786
2026-03-31,0.748,7050,0.124646014036062,0.125055968700122,6381.80634190405,69.7688133365939
2026-03-31,0.748,7100,0.123308253558749,0.123820773613797,6381.80634190405,60.1188369839747
2026-03-31,0.748,7200,0.121073537619504,0.121672187986963,6381.80634190405,44.2247582131997
2026-03-31,0.748,7300,0.11934891243858,0.120062550002905,6381.80634190405,32.2525949733426
2026-03-31,0.748,7400,0.118183931652904,0.118925383020399,6381.80634190405,23.4282849723608
2026-03-31,0.748,7500,0.117282322197445,0.118195278072246,6381.80634190405,16.9261618383323
2026-03-31,0.748,7600,0.116820830615931,0.117768111402853,6381.80634190405,12.2301839780172
2026-04-17,0.796,200,NA,1.18986653311082,6393.29823592326,NA
2026-04-17,0.796,400,NA,0.960598053370076,6393.29823592326,NA
2026-04-17,0.796,600,0.798488230085397,0.852873665153833,6393.29823592326,5793.55631756663
2026-04-17,0.796,800,0.763194406773946,0.787925902424184,6393.29823592326,5593.86601553874
2026-04-17,0.796,1000,0.720048825334774,0.737726322133167,6393.29823592326,5394.30475433245
2026-04-17,0.796,1200,0.678858470803322,0.694801980737167,6393.29823592326,5194.87253394795
2026-04-17,0.796,1400,0.64064203836361,0.651989472992484,6393.29823592326,4995.49192989523
2026-04-17,0.796,1600,0.607698227853025,0.615942535099001,6393.29823592326,4796.31779115193
2026-04-17,0.796,1800,0.576864200432836,0.583934943882496,6393.29823592326,4597.32430956129
2026-04-17,0.796,2000,0.550521676799597,0.554558905445313,6393.29823592326,4398.61471777853
2026-04-17,0.796,2200,0.52278074947408,0.527037660817001,6393.29823592326,4200.00835865832
2026-04-17,0.796,2300,0.509288096968113,0.514052990496838,6393.29823592326,4100.78260358505
2026-04-17,0.796,2400,0.496621894730643,0.500906415131288,6393.29823592326,4001.60846484024
2026-04-17,0.796,2500,0.484599347132301,0.488453029269822,6393.29823592326,3902.53755875652
2026-04-17,0.796,2600,0.473078227100586,0.475863412889084,6393.29823592326,3803.51826901158
2026-04-17,0.796,2700,0.461311340354659,0.463837824231497,6393.29823592326,3704.55059557069
2026-04-17,0.796,2800,0.449391179595305,0.452266538800339,6393.29823592326,3605.63453847554
2026-04-17,0.796,2900,0.43844738788278,0.441061390179222,6393.29823592326,3506.87333037456
2026-04-17,0.796,3000,0.427288567757617,0.429679537214931,6393.29823592326,3408.11212226562
2026-04-17,0.796,3100,0.416426814067902,0.418181819282248,6393.29823592326,3309.40253048444
2026-04-17,0.796,3200,0.405805786454484,0.407414840324665,6393.29823592326,3210.84778767688
2026-04-17,0.796,3300,0.395007027569234,0.396489379514234,6393.29823592326,3112.29304488467
2026-04-17,0.796,3400,0.384767618839506,0.386130665306797,6393.29823592326,3013.94476740919
2026-04-17,0.796,3450,0.379572190164052,0.380881463957633,6393.29823592326,2964.77062866487
2026-04-17,0.796,3500,0.37433468200637,0.375906193390454,6393.29823592326,2915.64810625602
2026-04-17,0.796,3550,0.369364469248367,0.370572929264996,6393.29823592326,2866.52558383125
2026-04-17,0.796,3600,0.36433893622047,0.365788791701497,6393.29823592326,2817.50629409748
2026-04-17,0.796,3650,0.359264223539868,0.360658951854917,6393.29823592326,2768.43538802
2026-04-17,0.796,3700,0.354415494826803,0.356021611829453,6393.29823592326,2719.51933092576
2026-04-17,0.796,3750,0.349766212772106,0.351052055217307,6393.29823592326,2670.60327381807
2026-04-17,0.796,3800,0.344794941216751,0.346278877428762,6393.29823592326,2621.68721671737
2026-04-17,0.796,3850,0.340254460194237,0.341678806895465,6393.29823592326,2572.92600861787
2026-04-17,0.796,3900,0.335634795507086,0.337003498158306,6393.29823592326,2524.16480046531
2026-04-17,0.796,3950,0.331163520337495,0.33247783185861,6393.29823592326,2475.50682503291
2026-04-17,0.796,3975,0.328788506182115,0.330291736633007,6393.29823592326,2451.17783730072
2026-04-17,0.796,4000,0.326609721111126,0.32787320599377,6393.29823592326,2426.84884960258
2026-04-17,0.796,4025,0.324407853501165,0.325851382828085,6393.29823592326,2402.62309450568
2026-04-17,0.796,4050,0.32218391107236,0.323599090649071,6393.29823592326,2378.34572312534
2026-04-17,0.796,4075,0.319938836206741,0.321326594299915,6393.29823592326,2354.06835173529
2026-04-17,0.796,4100,0.317868838198098,0.319228041213538,6393.29823592326,2329.8942129651
2026-04-17,0.796,4125,0.315771716001545,0.317103379226378,6393.29823592326,2305.72007424234
2026-04-17,0.796,4150,0.313648624748114,0.314953704970765,6393.29823592326,2281.54593549498
2026-04-17,0.796,4175,0.311500643607838,0.312780043338091,6393.29823592326,2257.37179675993
2026-04-17,0.796,4200,0.309328780737405,0.31058335286301,6393.29823592326,2233.19765801689
2026-04-17,0.796,4225,0.30731045439695,0.30853942242771,6393.29823592326,2209.1267519148
2026-04-17,0.796,4250,0.30526314733524,0.30646742047482,6393.29823592326,2185.05584585337
2026-04-17,0.796,4275,0.303188029526261,0.30453628440828,6393.29823592326,2161.03655608019
2026-04-17,0.796,4300,0.301086193673328,0.302408166195734,6393.29823592326,2136.96564998245
2026-04-17,0.796,4325,0.299121383310796,0.300416459237247,6393.29823592326,2112.99797659841
2026-04-17,0.796,4350,0.297125442472574,0.298394583975706,6393.29823592326,2089.03030319218
2026-04-17,0.796,4375,0.295099584497354,0.296343696997331,6393.29823592326,2065.0626297297
2026-04-17,0.796,4400,0.293197994202935,0.294264878054233,6393.29823592326,2041.14657265636
2026-04-17,0.796,4425,0.291262625420812,0.292456764897666,6393.29823592326,2017.33374819771
2026-04-17,0.796,4450,0.289294776036304,0.2903194559865,6393.29823592326,1993.4176911005
2026-04-17,0.796,4475,0.28729565473149,0.288586162666232,6393.29823592326,1969.65648302528
2026-04-17,0.796,4500,0.285407546495492,0.28653211486635,6393.29823592326,1945.84365854189
2026-04-17,0.796,4525,0.283623065649256,0.284724387481056,6393.29823592326,1922.18568307893
2026-04-17,0.796,4550,0.281664324017451,0.282744214661618,6393.29823592326,1898.42447500931
2026-04-17,0.796,4575,0.279806305213128,0.280996402604489,6393.29823592326,1874.81811582585
2026-04-17,0.796,4600,0.277912162006847,0.278949661030205,6393.29823592326,1851.10852409483
2026-04-17,0.796,4625,0.276110700094173,0.277253959818065,6393.29823592326,1827.60539759073
2026-04-17,0.796,4650,0.274270601973454,0.27526712775118,6393.29823592326,1803.99903845126
2026-04-17,0.796,4675,0.272515691637595,0.273492123403179,6393.29823592326,1780.54752835965
2026-04-17,0.796,4700,0.270719987917778,0.271557737893968,6393.29823592326,1757.04440185023
2026-04-17,0.796,4725,0.268884926069399,0.269940330933408,6393.29823592326,1733.69612442863
2026-04-17,0.796,4750,0.26712716457679,0.267932322773964,6393.29823592326,1710.24461427323
2026-04-17,0.796,4775,0.265328174743476,0.266342588026439,6393.29823592326,1686.99956942561
2026-04-17,0.796,4800,0.263600168425049,0.26437407623875,6393.29823592326,1663.6512919678
2026-04-17,0.796,4825,0.261829343678139,0.262804506225677,6393.29823592326,1640.50947977784
2026-04-17,0.796,4850,0.260123646027833,0.260867672502248,6393.29823592326,1617.26443496969
2026-04-17,0.796,4875,0.258373788553499,0.259311462457026,6393.29823592326,1594.22585549618
2026-04-17,0.796,4900,0.256683632930734,0.257399152494255,6393.29823592326,1571.08404329198
2026-04-17,0.796,4925,0.254948192184336,0.25575012305775,6393.29823592326,1548.09708008425
2026-04-17,0.796,4950,0.253267427203506,0.253955802788513,6393.29823592326,1525.11011698557
2026-04-17,0.796,4975,0.251540436754281,0.252312125982987,6393.29823592326,1502.22638646967
2026-04-17,0.796,5000,0.249863460655619,0.250526030310718,6393.29823592326,1479.34265589991
2026-04-17,0.796,5025,0.248139474012735,0.248975118472312,6393.29823592326,1456.61377432902
2026-04-17,0.796,5050,0.246461171798038,0.247190237884964,6393.29823592326,1433.83327647262
2026-04-17,0.796,5075,0.244735199982879,0.245540187922644,6393.29823592326,1411.15601125927
2026-04-17,0.796,5100,0.243138814428019,0.24384106279037,6393.29823592326,1388.5819786721
2026-04-17,0.796,5125,0.241404673604208,0.24226632699291,6393.29823592326,1366.05956254039
2026-04-17,0.796,5150,0.239793189855222,0.240470065934739,6393.29823592326,1343.53714628381
2026-04-17,0.796,5175,0.238130006934928,0.238960543672259,6393.29823592326,1321.22119540258
2026-04-17,0.796,5200,0.236498244801033,0.237150914642683,6393.29823592326,1298.80201180238
2026-04-17,0.796,5225,0.234814622697167,0.235615787848802,6393.29823592326,1276.58929360347
2026-04-17,0.796,5250,0.233238122479985,0.233867758386059,6393.29823592326,1254.37657530254
2026-04-17,0.796,5275,0.231529431209679,0.232379856631629,6393.29823592326,1232.3187060214
2026-04-17,0.796,5300,0.229922219320927,0.230606049469694,6393.29823592326,1210.2092204242
2026-04-17,0.796,5325,0.228260278552117,0.22908154193595,6393.29823592326,1188.30620010804
2026-04-17,0.796,5350,0.22669189190079,0.227352395766003,6393.29823592326,1166.40317993097
2026-04-17,0.796,5375,0.224994107727505,0.22578773862503,6393.29823592326,1144.60339222885
2026-04-17,0.796,5400,0.223455975817609,0.224094411848898,6393.29823592326,1122.90683734206
2026-04-17,0.796,5425,0.221718809796142,0.222555982643375,6393.29823592326,1101.26189866379
2026-04-17,0.796,5450,0.220202983061909,0.220820572019441,6393.29823592326,1079.72019261143
2026-04-17,0.796,5475,0.21849066851023,0.219300757914916,6393.29823592326,1058.28171940084
2026-04-17,0.796,5500,0.216922145070899,0.217586441165221,6393.29823592326,1036.89486241541
2026-04-17,0.796,5525,0.21522717683873,0.216011745967604,6393.29823592326,1015.61123805961
2026-04-17,0.796,5550,0.213667686355258,0.214311293264104,6393.29823592326,994.430846440262
2026-04-17,0.796,5575,0.211918572629312,0.212742438041107,6393.29823592326,973.30207109063
2026-04-17,0.796,5600,0.210361533415961,0.210985689652836,6393.29823592326,952.276528382577
2026-04-17,0.796,5625,0.20861699175626,0.209477719934192,6393.29823592326,931.40583470948
2026-04-17,0.796,5650,0.207115817490989,0.207721553477011,6393.29823592326,910.638373558092
2026-04-17,0.796,5675,0.205307899912162,0.206143723214777,6393.29823592326,889.870912487261
2026-04-17,0.796,5700,0.203734542617632,0.204381923565692,6393.29823592326,869.258300507179
2026-04-17,0.796,5725,0.201977497952367,0.202789928032618,6393.29823592326,848.748921111586
2026-04-17,0.796,5750,0.200386055392071,0.201015640948518,6393.29823592326,828.342774420304
2026-04-17,0.796,5775,0.198612542178823,0.199403059985124,6393.29823592326,808.039860248971
2026-04-17,0.796,5800,0.196996701877456,0.197609642953265,6393.29823592326,787.84017880483
2026-04-17,0.796,5825,0.195200161131474,0.196025187058509,6393.29823592326,767.795346352606
2026-04-17,0.796,5850,0.193608052238981,0.194205431496644,6393.29823592326,747.853746578973
2026-04-17,0.796,5875,0.191781329220105,0.192585900684056,6393.29823592326,728.015379368861
2026-04-17,0.796,5900,0.190150462902111,0.19073339792872,6393.29823592326,708.280244942777
2026-04-17,0.796,5925,0.188339523909126,0.18912510599682,6393.29823592326,688.75157573726
2026-04-17,0.796,5950,0.186715001789615,0.187284531591915,6393.29823592326,669.3261393038
2026-04-17,0.796,5975,0.184909784318659,0.185626621558104,6393.29823592326,650.055551756399
2026-04-17,0.796,6000,0.183231382714381,0.183788587626559,6393.29823592326,630.888196943037
2026-04-17,0.796,6025,0.181422648336553,0.182174593235639,6393.29823592326,611.978923829951
2026-04-17,0.796,6050,0.179733242865018,0.180328810409236,6393.29823592326,593.121266826652
2026-04-17,0.796,6075,0.177911293310895,0.178648626486381,6393.29823592326,574.470075235543
2026-04-17,0.796,6100,0.176250165994146,0.176834625479393,6393.29823592326,556.025349073971
2026-04-17,0.796,6125,0.174404878805975,0.175177357476082,6393.29823592326,537.735471819891
2026-04-17,0.796,6150,0.172760462763155,0.173382902601629,6393.29823592326,519.703676139727
2026-04-17,0.796,6175,0.170929198673613,0.171736811924405,6393.29823592326,501.826729509294
2026-04-17,0.796,6200,0.169336937131529,0.169950012230477,6393.29823592326,484.259480893361
2026-04-17,0.796,6225,0.1675073393818,0.168303630223909,6393.29823592326,466.795464802633
2026-04-17,0.796,6250,0.165907609214743,0.166512754393007,6393.29823592326,449.641146802041
2026-04-17,0.796,6275,0.164114078532427,0.164900971747682,6393.29823592326,432.693294087422
2026-04-17,0.796,6300,0.162541326597569,0.163140055545371,6393.29823592326,416.055139303725
2026-04-17,0.796,6325,0.160724651385121,0.161595906418529,6393.29823592326,399.623449868325
2026-04-17,0.796,6350,0.159166418332644,0.159806040636062,6393.29823592326,383.449842189192
2026-04-17,0.796,6375,0.157450931608964,0.15827088124589,6393.29823592326,367.637548537384
2026-04-17,0.796,6400,0.155936238905485,0.156572584990708,6393.29823592326,352.126594529485
2026-04-17,0.796,6425,0.154179409172008,0.155041825954182,6393.29823592326,336.796544853469
2026-04-17,0.796,6450,0.152756260820999,0.153391381780479,6393.29823592326,321.982658353471
2026-04-17,0.796,6475,0.151073651093875,0.151935894708259,6393.29823592326,307.37523735056
2026-04-17,0.796,6500,0.149673206349967,0.150354785171929,6393.29823592326,293.232363388182
2026-04-17,0.796,6525,0.148052469038087,0.148917733047996,6393.29823592326,279.295954679081
2026-04-17,0.796,6550,0.146709311109897,0.147348941271349,6393.29823592326,265.824092814154
2026-04-17,0.796,6575,0.145276986757702,0.146011123459489,6393.29823592326,252.816778091167
2026-04-17,0.796,6600,0.143890122006605,0.144535959724055,6393.29823592326,240.015928421315
2026-04-17,0.796,6625,0.142547029270994,0.143243496593983,6393.29823592326,227.782858651743
2026-04-17,0.796,6650,0.141246346782644,0.141807821954346,6393.29823592326,215.756253926683
2026-04-17,0.796,6675,0.139845398979026,0.140600712646488,6393.29823592326,204.194196408088
2026-04-17,0.796,6700,0.138625401039851,0.139245351918744,6393.29823592326,192.993453010066
2026-04-17,0.796,6725,0.13744567363432,0.138120909421953,6393.29823592326,182.412105623004
2026-04-17,0.796,6750,0.136257487054948,0.136843690441716,6393.29823592326,171.985607229015
2026-04-17,0.796,6800,0.134051160592641,0.134604522344008,6393.29823592326,152.629483944177
2026-04-17,0.796,6825,0.132883397189735,0.133599604767807,6393.29823592326,143.493393766458
2026-04-17,0.796,6850,0.131964329656057,0.132537318157569,6393.29823592326,134.873466936569
2026-04-17,0.796,6875,0.130883101399842,0.131626772225449,6393.29823592326,126.563238036849
2026-04-17,0.796,6900,0.130010193123345,0.130606882329189,6393.29823592326,118.665939690614
2026-04-17,0.796,6925,0.129027079700365,0.129803652260783,6393.29823592326,111.181572053336
2026-04-17,0.796,6950,0.128268424913168,0.128836467218693,6393.29823592326,104.058518606317
2026-04-17,0.796,6975,0.127344470846357,0.128101786275277,6393.29823592326,97.2967796223625
2026-04-17,0.796,7000,0.126603528359337,0.127201890889912,6393.29823592326,90.8447385124766
2026-04-17,0.796,7050,0.125173709846945,0.125744023560918,6393.29823592326,79.1278319775065
2026-04-17,0.796,7100,0.12377838679512,0.124386009145913,6393.29823592326,68.5981008365902
2026-04-17,0.796,7200,0.121494975927467,0.122117686868122,6393.29823592326,51.2033980991471
2026-04-17,0.796,7300,0.119673722973526,0.120314776166768,6393.29823592326,37.8347688870943
2026-04-17,0.796,7400,0.118303099906052,0.119070080426029,6393.29823592326,27.8212011782471
2026-04-17,0.796,7500,0.117319409063076,0.118250432886863,6393.29823592326,20.388449879477
2026-04-17,0.796,7600,0.11681560720596,0.117794117276077,6393.29823592326,14.9687353199665
2026-04-17,0.796,7800,0.116542707863727,0.11779868119325,6393.29823592326,8.1037635968873
2026-04-17,0.796,8000,0.117437426550769,0.118992780506817,6393.29823592326,4.54223692570628
2026-04-17,0.796,8200,0.118423560223754,0.120271533549957,6393.29823592326,2.52920011616521
2026-04-17,0.796,8400,0.119452953248254,0.122819604174402,6393.29823592326,1.47106536735743
2026-04-17,0.796,8600,0.120927976848745,0.12666703510018,6393.29823592326,0.929093916668354
2026-04-17,0.796,8800,0.122602237705544,0.130921205007791,6393.29823592326,0.619395944952711
2026-04-17,0.796,9000,0.127072107305643,0.134134279677234,6393.29823592326,0.4387387949826
2026-04-17,0.796,9200,0.129984582189101,0.141791738159002,6393.29823592326,0.38712246625175
2026-04-17,0.796,9400,0.129881432975274,0.146566693027434,6393.29823592326,0.283889809080776
2026-04-17,0.796,9600,0.129929543789806,0.152137033317811,6393.29823592326,0.232273478464932
2026-04-17,0.796,9800,0.135978867063801,0.15724042578606,6393.29823592326,0.20646531382754
2026-05-15,0.876,200,NA,1.13511545803473,6408.13362920736,NA
2026-05-15,0.876,400,NA,0.946502320748136,6408.13362920736,NA
2026-05-15,0.876,600,0.778577746260808,0.831146030269167,6408.13362920736,5808.47016766864
2026-05-15,0.876,800,0.741015603145391,0.774629699755164,6408.13362920736,5608.88436885253
2026-05-15,0.876,1000,0.697802523811587,0.718359552140148,6408.13362920736,5409.35034518365
2026-05-15,0.876,1200,0.657068731109327,0.669094967618179,6408.13362920736,5209.89398423558
2026-05-15,0.876,1400,0.619521904321245,0.630857235831186,6408.13362920736,5010.61883630718
2026-05-15,0.876,1600,0.585968089020306,0.596405474082888,6408.13362920736,4811.49901382314
2026-05-15,0.876,1800,0.559278914028075,0.565484164420681,6408.13362920736,4612.68984222477
2026-05-15,0.876,2000,0.533395060214467,0.536970214765504,6408.13362920736,4414.08777121406
2026-05-15,0.876,2200,0.507382720265352,0.511143433563421,6408.13362920736,4215.69280080522
2026-05-15,0.876,2300,0.494610013287923,0.498820282104558,6408.13362920736,4116.57297831292
2026-05-15,0.876,2400,0.482525785505137,0.486314604663316,6408.13362920736,4017.50493097568
2026-05-15,0.876,2500,0.470983645813951,0.474397099337452,6408.13362920736,3918.5404339353
2026-05-15,0.876,2600,0.45986985528079,0.462950550304287,6408.13362920736,3819.67948719293
2026-05-15,0.876,2700,0.448530146700268,0.451330996606874,6408.13362920736,3720.81854043366
2026-05-15,0.876,2800,0.437566871719482,0.440116756531199,6408.13362920736,3622.06114400641
2026-05-15,0.876,2900,0.426908660033639,0.429233950731242,6408.13362920736,3523.40729784615
2026-05-15,0.876,3000,0.416068506333774,0.418201079906205,6408.13362920736,3424.75345168834
2026-05-15,0.876,3100,0.405896696343451,0.407848252530554,6408.13362920736,3326.30670614274
2026-05-15,0.876,3200,0.395161571091745,0.397319298522764,6408.13362920736,3227.80818542267
2026-05-15,0.876,3250,0.390106491564131,0.392176249175135,6408.13362920736,3178.63658778754
2026-05-15,0.876,3300,0.385006284655645,0.386665019055454,6408.13362920736,3129.41321501394
2026-05-15,0.876,3350,0.38018785201145,0.38209343156791,6408.13362920736,3080.3969428098
2026-05-15,0.876,3400,0.375310766272218,0.376837000099665,6408.13362920736,3031.27712033285
2026-05-15,0.876,3450,0.370382157585372,0.372139824199493,6408.13362920736,2982.26084813834
2026-05-15,0.876,3500,0.365408241947019,0.367098970915244,6408.13362920736,2933.19280079613
2026-05-15,0.876,3550,0.360394449840886,0.362291486549991,6408.13362920736,2884.1765286135
2026-05-15,0.876,3600,0.355870709778208,0.357432612387148,6408.13362920736,2835.26380671255
2026-05-15,0.876,3650,0.351024455327289,0.352776716778019,6408.13362920736,2786.35108483575
2026-05-15,0.876,3700,0.346376426046975,0.348061406572128,6408.13362920736,2737.49013808543
2026-05-15,0.876,3750,0.341903739487126,0.343522600766095,6408.13362920736,2688.7327416322
2026-05-15,0.876,3775,0.339640868065741,0.341228302155468,6408.13362920736,2664.35404341737
2026-05-15,0.876,3800,0.337361454027124,0.338918473158833,6408.13362920736,2639.9753451804
2026-05-15,0.876,3825,0.335066286667158,0.336810572067632,6408.13362920736,2615.64842209653
2026-05-15,0.876,3850,0.332971345075102,0.334467832168478,6408.13362920736,2591.32149901453
2026-05-15,0.876,3875,0.330642844225,0.332320228795922,6408.13362920736,2566.99457592268
2026-05-15,0.876,3900,0.328507816908622,0.330152035045395,6408.13362920736,2542.71942800669
2026-05-15,0.876,3925,0.326352018188448,0.327964181075317,6408.13362920736,2518.44428008126
2026-05-15,0.876,3950,0.324176379096013,0.325757537817817,6408.13362920736,2494.16913216727
2026-05-15,0.876,3975,0.32217667906153,0.323532921489817,6408.13362920736,2469.94575940689
2026-05-15,0.876,4000,0.319960241783004,0.32148012442705,6408.13362920736,2445.72238656894
2026-05-15,0.876,4025,0.317913933419237,0.319403638883559,6408.13362920736,2421.55078896286
2026-05-15,0.876,4050,0.315843923332503,0.317304481310623,6408.13362920736,2397.37919132383
2026-05-15,0.876,4075,0.313751219825009,0.315183602675903,6408.13362920736,2373.20759369492
2026-05-15,0.876,4100,0.311813209724753,0.31304189355661,6408.13362920736,2349.08777121545
2026-05-15,0.876,4125,0.309674555197986,0.311051555205751,6408.13362920736,2324.96794872967
2026-05-15,0.876,4150,0.307685636677496,0.309035491833632,6408.13362920736,2300.89990138911
2026-05-15,0.876,4175,0.305504762242519,0.306994749868478,6408.13362920736,2276.78007889208
2026-05-15,0.876,4200,0.303794963571464,0.304930308217625,6408.13362920736,2252.81558184331
2026-05-15,0.876,4225,0.301569303143547,0.303001499438887,6408.13362920736,2228.74753454754
2026-05-15,0.876,4250,0.299797431531856,0.301044733666132,6408.13362920736,2204.8348126158
2026-05-15,0.876,4275,0.297684353887851,0.299061109277921,6408.13362920736,2180.81854041251
2026-05-15,0.876,4300,0.296002403653526,0.297051652766354,6408.13362920736,2156.95759368594
2026-05-15,0.876,4325,0.29398781773736,0.295163807337945,6408.13362920736,2133.04487180293
2026-05-15,0.876,4350,0.292238015705823,0.293246442039824,6408.13362920736,2109.23570017064
2026-05-15,0.876,4375,0.290169766255313,0.291441433097813,6408.13362920736,2085.37475348006
2026-05-15,0.876,4400,0.288496171730712,0.289465645061472,6408.13362920736,2061.61735695817
2026-05-15,0.876,4425,0.286512123881767,0.287598981691907,6408.13362920736,2037.80818540988
2026-05-15,0.876,4450,0.284769512388102,0.28583458176109,6408.13362920736,2014.15433922793
2026-05-15,0.876,4475,0.282860620233661,0.283905574930786,6408.13362920736,1990.3969427889
2026-05-15,0.876,4500,0.281179786131233,0.28207601268773,6408.13362920736,1966.79487180576
2026-05-15,0.876,4525,0.279209254683229,0.280464656122483,6408.13362920736,1943.19280083814
2026-05-15,0.876,4550,0.277582648001861,0.278444593010945,6408.13362920736,1919.59072978003
2026-05-15,0.876,4575,0.275673771709007,0.276881024062192,6408.13362920736,1896.0922090855
2026-05-15,0.876,4600,0.274091969792551,0.274920780672736,6408.13362920736,1872.59368836984
2026-05-15,0.876,4625,0.272235324252468,0.27328040991683,6408.13362920736,1849.14694285072
2026-05-15,0.876,4650,0.270575596102368,0.271486655571576,6408.13362920736,1825.75197234219
2026-05-15,0.876,4675,0.268652597466823,0.269770204492475,6408.13362920736,1802.30522684483
2026-05-15,0.876,4700,0.267139992672141,0.268016582437671,6408.13362920736,1779.06558185729
2026-05-15,0.876,4725,0.265258934839071,0.26633426753235,6408.13362920736,1755.72238662848
2026-05-15,0.876,4750,0.26366395703649,0.264613191126993,6408.13362920736,1732.53451674726
2026-05-15,0.876,4775,0.261923017412365,0.262957848196547,6408.13362920736,1709.34664694206
2026-05-15,0.876,4800,0.260348788458112,0.261161097466429,6408.13362920736,1686.21055230121
2026-05-15,0.876,4825,0.258531473252432,0.259627490329055,6408.13362920736,1663.12623273528
2026-05-15,0.876,4850,0.256973776001474,0.257853795944462,6408.13362920736,1640.09368835068
2026-05-15,0.876,4875,0.255275561819093,0.256330927101892,6408.13362920736,1617.16469424192
2026-05-15,0.876,4900,0.253726805264852,0.254480352911881,6408.13362920736,1594.18392498603
2026-05-15,0.876,4925,0.251947649255436,0.252964756243427,6408.13362920736,1571.30670608762
2026-05-15,0.876,4950,0.25049543665518,0.251221493114998,6408.13362920736,1548.5330374371
2026-05-15,0.876,4975,0.248726283195734,0.249706519850593,6408.13362920736,1525.75936876141
2026-05-15,0.876,5000,0.247269945709588,0.247969871877308,6408.13362920736,1503.08925045706
2026-05-15,0.876,5025,0.245505949885457,0.246451159498284,6408.13362920736,1480.41913209294
2026-05-15,0.876,5050,0.24404142782011,0.244800789684868,6408.13362920736,1457.90433929269
2026-05-15,0.876,5075,0.242361178413636,0.243272816175955,6408.13362920736,1435.38954632635
2026-05-15,0.876,5100,0.24088323569895,0.241534581316314,6408.13362920736,1412.92652856792
2026-05-15,0.876,5125,0.239195262281393,0.240075109929704,6408.13362920736,1390.56706111021
2026-05-15,0.876,5150,0.237700621389502,0.238407961030434,6408.13362920736,1368.25936882406
2026-05-15,0.876,5175,0.236078736222549,0.236928236433729,6408.13362920736,1346.05522680867
2026-05-15,0.876,5200,0.234562997381883,0.235246194667856,6408.13362920736,1323.85108472339
2026-05-15,0.876,5225,0.232922622114884,0.233817944851926,6408.13362920736,1301.80226828508
2026-05-15,0.876,5250,0.231456516655641,0.232116729045992,6408.13362920736,1279.75345168848
2026-05-15,0.876,5275,0.229793570786046,0.230731145299991,6408.13362920736,1257.85996045354
2026-05-15,0.876,5300,0.228368445993911,0.22900681843333,6408.13362920736,1235.96646941103
2026-05-15,0.876,5325,0.226749032615278,0.227586128628399,6408.13362920736,1214.22830365905
2026-05-15,0.876,5350,0.225287038654164,0.225904694841545,6408.13362920736,1192.49013805738
2026-05-15,0.876,5375,0.223635553873002,0.224513290474972,6408.13362920736,1170.90729779855
2026-05-15,0.876,5400,0.222134892708262,0.222799442296947,6408.13362920736,1149.27268235607
2026-05-15,0.876,5425,0.220514681884676,0.221364938940967,6408.13362920736,1127.8451675596
2026-05-15,0.876,5450,0.219101398422519,0.219745203237412,6408.13362920736,1106.52120314718
2026-05-15,0.876,5475,0.217439884606902,0.218264009479345,6408.13362920736,1085.19723869861
2026-05-15,0.876,5500,0.215977470968552,0.216601802410487,6408.13362920736,1063.97682447893
2026-05-15,0.876,5525,0.214334446379866,0.215195344669687,6408.13362920736,1042.91173563296
2026-05-15,0.876,5550,0.212881211653085,0.213487080061535,6408.13362920736,1021.84664694878
2026-05-15,0.876,5575,0.211249453593726,0.212025572134389,6408.13362920736,1000.93688356665
2026-05-15,0.876,5600,0.209739831359589,0.210387123395447,6408.13362920736,980.078895501419
2026-05-15,0.876,5625,0.208113397846012,0.208925520589814,6408.13362920736,959.376232758972
2026-05-15,0.876,5650,0.206602472051308,0.207231714619113,6408.13362920736,938.673570003936
2026-05-15,0.876,5675,0.204974879914241,0.205764708687356,6408.13362920736,918.178007842732
2026-05-15,0.876,5700,0.203456525512333,0.20401313830708,6408.13362920736,897.630670678221
2026-05-15,0.876,5725,0.201766646084918,0.20259046231124,6408.13362920736,877.342208928813
2026-05-15,0.876,5750,0.200235731779457,0.200832059079169,6408.13362920736,857.001972322779
2026-05-15,0.876,5775,0.198588236260337,0.199390969526356,6408.13362920736,836.972386542309
2026-05-15,0.876,5800,0.197038336944192,0.197672524834868,6408.13362920736,816.891025578424
2026-05-15,0.876,5825,0.195319533402475,0.196154777247825,6408.13362920736,796.964990079705
2026-05-15,0.876,5850,0.193797344279865,0.19441628903934,6408.13362920736,777.142504863202
2026-05-15,0.876,5875,0.19210600762366,0.192870636699654,6408.13362920736,757.475345143918
2026-05-15,0.876,5900,0.190501571658257,0.191106331792844,6408.13362920736,737.808185319921
2026-05-15,0.876,5925,0.188779786429109,0.189626973467845,6408.13362920736,718.451676534058
2026-05-15,0.876,5950,0.187238415262884,0.187829977392435,6408.13362920736,699.095167600137
2026-05-15,0.876,5975,0.185528171012185,0.186308615982764,6408.13362920736,679.997534489789
2026-05-15,0.876,6000,0.183990320390811,0.184473146826279,6408.13362920736,660.899901303444
2026-05-15,0.876,6025,0.182187288472003,0.183000003333235,6408.13362920736,642.061143906695
2026-05-15,0.876,6050,0.180645601529218,0.181261181449334,6408.13362920736,623.377711991073
2026-05-15,0.876,6075,0.178886507954289,0.179684148777574,6408.13362920736,604.797830265153
2026-05-15,0.876,6100,0.177332275950904,0.177936892603607,6408.13362920736,586.425049310672
2026-05-15,0.876,6125,0.175606387954777,0.176390421136613,6408.13362920736,568.259368672796
2026-05-15,0.876,6150,0.174031062659231,0.174625852549099,6408.13362920736,550.197238523261
2026-05-15,0.876,6175,0.172282578303618,0.173099934498212,6408.13362920736,532.393984117766
2026-05-15,0.876,6200,0.170723047802379,0.171354273941749,6408.13362920736,514.746055028082
2026-05-15,0.876,6225,0.169032612782842,0.169838827158022,6408.13362920736,497.408777134586
2026-05-15,0.876,6250,0.167478426472471,0.16810165517027,6408.13362920736,480.175049339235
2026-05-15,0.876,6275,0.16578999874412,0.166631081982013,6408.13362920736,463.303747514817
2026-05-15,0.876,6300,0.164275250597843,0.164891873744762,6408.13362920736,446.535996101406
2026-05-15,0.876,6325,0.162666073909497,0.163323790500868,6408.13362920736,430.078895474323
2026-05-15,0.876,6350,0.161048486068631,0.161703660294891,6408.13362920736,413.777120292784
2026-05-15,0.876,6375,0.159419927975431,0.160247131887617,6408.13362920736,397.889546324378
2026-05-15,0.876,6400,0.157951483441333,0.158602859763239,6408.13362920736,382.209072904266
2026-05-15,0.876,6425,0.156200897498123,0.157327831864878,6408.13362920736,366.878698057575
2026-05-15,0.876,6450,0.154844947417813,0.155494353555915,6408.13362920736,351.605029457753
2026-05-15,0.876,6475,0.153250488536529,0.154116029614903,6408.13362920736,336.849112437342
2026-05-15,0.876,6500,0.1518912423019,0.152540665174705,6408.13362920736,322.403845977148
2026-05-15,0.876,6525,0.150331780922259,0.151198755218764,6408.13362920736,308.269230537118
2026-05-15,0.876,6550,0.149003020076919,0.14965462530045,6408.13362920736,294.445266255989
2026-05-15,0.876,6575,0.147599285436016,0.148339993928239,6408.13362920736,281.087278032249
2026-05-15,0.876,6600,0.146248806730312,0.146861221608866,6408.13362920736,267.884615158361
2026-05-15,0.876,6625,0.144774206590554,0.145609448253117,6408.13362920736,255.096153658185
2026-05-15,0.876,6650,0.143569194504719,0.144188295406244,6408.13362920736,242.721893428976
2026-05-15,0.876,6675,0.142191595249085,0.142993149664452,6408.13362920736,230.710059191053
2026-05-15,0.876,6700,0.141084636732921,0.141668193271829,6408.13362920736,219.164201079459
2026-05-15,0.876,6725,0.13970996212121,0.140525407067258,6408.13362920736,207.825443693768
2026-05-15,0.876,6750,0.138607548895768,0.139202577437046,6408.13362920736,196.900887452879
2026-05-15,0.876,6775,0.137414415392814,0.138155145130833,6408.13362920736,186.49408283864
2026-05-15,0.876,6800,0.136360713830483,0.136923328126109,6408.13362920736,176.34615388079
2026-05-15,0.876,6825,0.135165826967263,0.135973931781751,6408.13362920736,166.664201066495
2026-05-15,0.876,6850,0.134209111155065,0.134788202875342,6408.13362920736,157.292899416493
2026-05-15,0.876,6875,0.133108863254609,0.133893625778436,6408.13362920736,148.387573881285
2026-05-15,0.876,6900,0.132207246523192,0.132806248610442,6408.13362920736,139.792899363119
2026-05-15,0.876,6925,0.131209995332491,0.13197288982019,6408.13362920736,131.664201098085
2026-05-15,0.876,6950,0.130371628209575,0.130942468266322,6408.13362920736,123.794378673798
2026-05-15,0.876,6975,0.129384566415436,0.130179783908279,6408.13362920736,116.338757381455
2026-05-15,0.876,7000,0.128674142496071,0.129216415251476,6408.13362920736,109.245562095662
2026-05-15,0.876,7050,0.127087841709503,0.127657392175522,6408.13362920736,96.0946745471857
2026-05-15,0.876,7100,0.125585662925523,0.126187076556165,6408.13362920736,84.1863904195318
2026-05-15,0.876,7200,0.123056742912557,0.123669156626958,6408.13362920736,64.1494082693146
2026-05-15,0.876,7300,0.121040692637162,0.121668112868623,6408.13362920736,48.4615384293723
2026-05-15,0.876,7400,0.119504844359323,0.120148036975143,6408.13362920736,36.3979289771838
2026-05-15,0.876,7500,0.118386532584418,0.119041655878975,6408.13362920736,27.2337278241726
2026-05-15,0.876,7600,0.117643179718159,0.118429732709636,6408.13362920736,20.3994082583693
2026-05-15,0.876,7800,0.117004404772765,0.118165954071312,6408.13362920736,11.4940828578059
2026-05-15,0.876,8000,0.117343926711929,0.119082172922064,6408.13362920736,6.62721893674022
2026-05-15,0.876,8200,0.11828326666423,0.120470039281487,6408.13362920736,3.88313610813106
2026-05-15,0.876,8400,0.119308291640336,0.122297808000991,6408.13362920736,2.30399408428624
2026-05-15,0.876,8600,0.121049415637226,0.124516364038374,6408.13362920736,1.42381656995297
2026-05-15,0.876,8800,0.123215284864815,0.128720526434823,6408.13362920736,0.983727809150277
2026-05-15,0.876,9000,0.125981973131789,0.133304742074402,6408.13362920736,0.724852071156342
2026-05-15,0.876,9200,0.129083299569658,0.134404094886553,6408.13362920736,0.465976333095074
2026-06-18,0.968,200,0.999025206418962,1.08071623066105,6424.38374186413,6224.48760559492
2026-06-18,0.968,400,0.790913580586907,0.901296726096954,6424.38374186413,6024.56550339286
2026-06-18,0.968,600,0.76544562604025,0.805390126498511,6424.38374186413,5824.82516272019
2026-06-18,0.968,800,0.716271950679653,0.745197928501291,6424.38374186413,5625.24061764301
2026-06-18,0.968,1000,0.670814216157465,0.689224561085551,6424.38374186413,5425.7080044314
2026-06-18,0.968,1200,0.631949320398237,0.646038929283211,6424.38374186413,5226.35715274925
2026-06-18,0.968,1400,0.597243899558984,0.608481043039556,6424.38374186413,5027.16209666263
2026-06-18,0.968,1600,0.568395350149969,0.577381118367705,6424.38374186413,4828.27863177054
2026-06-18,0.968,1800,0.541829910238443,0.548549416293026,6424.38374186413,4629.62886026581
2026-06-18,0.968,2000,0.517333766060131,0.521471403939556,6424.38374186413,4431.23874809392
2026-06-18,0.968,2200,0.491672526427051,0.495803413527483,6424.38374186413,4232.95249965231
2026-06-18,0.968,2300,0.480271029686874,0.48396348300651,6424.38374186413,4133.9911369547
2026-06-18,0.968,2400,0.469298538396098,0.471954402623634,6424.38374186413,4035.08170613805
2026-06-18,0.968,2500,0.457452124705852,0.461052805062429,6424.38374186413,3936.22420716991
2026-06-18,0.968,2600,0.446662779891121,0.449923505098017,6424.38374186413,3837.47057194558
2026-06-18,0.968,2700,0.436183131555622,0.438655024504558,6424.38374186413,3738.76886858291
2026-06-18,0.968,2800,0.425955873820628,0.42820449804389,6424.38374186413,3640.22296080952
2026-06-18,0.968,2900,0.415520854171866,0.417579100490329,6424.38374186413,3541.67705304798
2026-06-18,0.968,3000,0.405327014473637,0.406839462398673,6424.38374186413,3443.18307713733
2026-06-18,0.968,3100,0.394983492902255,0.396722840401334,6424.38374186413,3344.79296497507
2026-06-18,0.968,3200,0.385184679058253,0.38710285024144,6424.38374186413,3246.6105802683
2026-06-18,0.968,3300,0.375521618430705,0.376997536682944,6424.38374186413,3148.42819553874
2026-06-18,0.968,3350,0.370626532554412,0.372327947139508,6424.38374186413,3099.41490099313
2026-06-18,0.968,3400,0.365971086744982,0.367605423403719,6424.38374186413,3050.45353829677
2026-06-18,0.968,3450,0.361264696572088,0.363096259994526,6424.38374186413,3001.54410746099
2026-06-18,0.968,3500,0.356513338507312,0.35827644913844,6424.38374186413,2952.58274478441
2026-06-18,0.968,3550,0.351966380427331,0.353661778814114,6424.38374186413,2903.72524581342
2026-06-18,0.968,3600,0.347366274969438,0.348998220894022,6424.38374186413,2854.86774685391
2026-06-18,0.968,3650,0.342944479222006,0.344736586727013,6424.38374186413,2806.1660434887
2026-06-18,0.968,3700,0.338463467511456,0.340188830911039,6424.38374186413,2757.41240827227
2026-06-18,0.968,3750,0.334138073691317,0.335798009788285,6424.38374186413,2708.76263675423
2026-06-18,0.968,3800,0.33035091243284,0.331347695342909,6424.38374186413,2660.26866087353
2026-06-18,0.968,3850,0.325689332991142,0.327225717361537,6424.38374186413,2611.67082121943
2026-06-18,0.968,3875,0.323533812940144,0.325041738566485,6424.38374186413,2587.39786734789
2026-06-18,0.968,3900,0.321548462985825,0.323026720312918,6424.38374186413,2563.22877715549
2026-06-18,0.968,3925,0.319358669536486,0.320990592905602,6424.38374186413,2539.00775513969
2026-06-18,0.968,3950,0.317512387579391,0.318934281700826,6424.38374186413,2514.89059687434
2026-06-18,0.968,3975,0.315288146108728,0.31685865355618,6424.38374186413,2490.66957484199
2026-06-18,0.968,4000,0.313395373692861,0.314764521050611,6424.38374186413,2466.55241655273
2026-06-18,0.968,4025,0.31130863312367,0.312819719134961,6424.38374186413,2442.43525825903
2026-06-18,0.968,4050,0.309369750636096,0.310851681594189,6424.38374186413,2418.37003184342
2026-06-18,0.968,4075,0.30740762073635,0.30886137234716,6424.38374186413,2394.30480542567
2026-06-18,0.968,4100,0.305423199194222,0.306849694485734,6424.38374186413,2370.23957900874
2026-06-18,0.968,4125,0.303573643347239,0.30497220449124,6424.38374186413,2346.27821631175
2026-06-18,0.968,4150,0.301697623823778,0.303069218377112,6424.38374186413,2322.31685358131
2026-06-18,0.968,4175,0.299796216301415,0.301141757105725,6424.38374186413,2298.35549089565
2026-06-18,0.968,4200,0.297870426754049,0.299190776301349,6424.38374186413,2274.39412823795
2026-06-18,0.968,4225,0.295921196836114,0.297360458668374,6424.38374186413,2250.48469740818
2026-06-18,0.968,4250,0.294091330894587,0.295362475759888,6424.38374186413,2226.57526658164
2026-06-18,0.968,4275,0.292373564322349,0.293619557948407,6424.38374186413,2202.82163137436
2026-06-18,0.968,4300,0.290488136403617,0.291846252827547,6424.38374186413,2179.01606427305
2026-06-18,0.968,4325,0.288711645868513,0.28991105648562,6424.38374186413,2155.21049712445
2026-06-18,0.968,4350,0.286906156567781,0.288082928042771,6424.38374186413,2131.45686192913
2026-06-18,0.968,4375,0.285072749563202,0.286483121187122,6424.38374186413,2107.80709041922
2026-06-18,0.968,4400,0.283338814357954,0.2844716348289,6424.38374186413,2084.05345519433
2026-06-18,0.968,4425,0.281574231364043,0.282685744193116,6424.38374186413,2060.40368369013
2026-06-18,0.968,4450,0.279901699129253,0.280991799979221,6424.38374186413,2036.85777592902
2026-06-18,0.968,4475,0.278076864948974,0.279265579908388,6424.38374186413,2013.25993629643
2026-06-18,0.968,4500,0.276458729374018,0.277508243331704,6424.38374186413,1989.76596037359
2026-06-18,0.968,4525,0.274690619141375,0.275834952360054,6424.38374186413,1966.27198445586
2026-06-18,0.968,4550,0.27300555319648,0.274240343157486,6424.38374186413,1942.88187227737
2026-06-18,0.968,4575,0.271398244391973,0.272499756853863,6424.38374186413,1919.49176013251
2026-06-18,0.968,4600,0.269646707626622,0.27083605195637,6424.38374186413,1896.10164799856
2026-06-18,0.968,4625,0.268077578100023,0.269244300749952,6424.38374186413,1872.86733141074
2026-06-18,0.968,4650,0.266366639286409,0.267512228335372,6424.38374186413,1849.52915110916
2026-06-18,0.968,4675,0.264828536189306,0.265952424549166,6424.38374186413,1826.39869818221
2026-06-18,0.968,4700,0.263151125570455,0.264154653875309,6424.38374186413,1803.112449775
2026-06-18,0.968,4725,0.261538782676394,0.262720346679146,6424.38374186413,1780.08586062586
2026-06-18,0.968,4750,0.259890224430904,0.260954113934606,6424.38374186413,1756.90347600149
2026-06-18,0.968,4775,0.258301840246632,0.259441059776781,6424.38374186413,1733.92881866071
2026-06-18,0.968,4800,0.256769564027425,0.257701947291132,6424.38374186413,1710.90222964854
2026-06-18,0.968,4825,0.255197732501206,0.256295921887734,6424.38374186413,1688.08336792949
2026-06-18,0.968,4850,0.253587600479625,0.254576672475334,6424.38374186413,1665.10871071316
2026-06-18,0.968,4875,0.252028871934435,0.253088392371108,6424.38374186413,1642.34178085158
2026-06-18,0.968,4900,0.250517950505306,0.251385416511027,6424.38374186413,1619.52291922427
2026-06-18,0.968,4925,0.248966009555455,0.249988231541649,6424.38374186413,1596.9117850909
2026-06-18,0.968,4950,0.247374280176911,0.248128119298802,6424.38374186413,1574.04099153169
2026-06-18,0.968,4975,0.245826359630199,0.246895528423226,6424.38374186413,1551.63758485651
2026-06-18,0.968,5000,0.244319064101787,0.245208318108103,6424.38374186413,1529.02645069165
2026-06-18,0.968,5025,0.242849337689478,0.243881606608984,6424.38374186413,1506.72690764225
2026-06-18,0.968,5050,0.241336051137566,0.242194857589573,6424.38374186413,1484.21963716547
2026-06-18,0.968,5075,0.239780429717316,0.240854592145572,6424.38374186413,1461.97202604745
2026-06-18,0.968,5100,0.238259214845431,0.239164744586853,6424.38374186413,1439.56861938668
2026-06-18,0.968,5125,0.236769693026279,0.237882134558582,6424.38374186413,1417.52873560314
2026-06-18,0.968,5150,0.235309262813975,0.236184696138802,6424.38374186413,1395.28112450956
2026-06-18,0.968,5175,0.233803572216294,0.234807872209212,6424.38374186413,1373.29317268681
2026-06-18,0.968,5200,0.232324475680249,0.233241899138544,6424.38374186413,1351.25328905096
2026-06-18,0.968,5225,0.230800076121717,0.231910676836743,6424.38374186413,1329.4211328005
2026-06-18,0.968,5250,0.229436733959509,0.230256373931679,6424.38374186413,1307.53704467946
2026-06-18,0.968,5275,0.227889052355245,0.228897201620779,6424.38374186413,1285.80875227444
2026-06-18,0.968,5300,0.22649589404633,0.227355817939907,6424.38374186413,1264.13239165796
2026-06-18,0.968,5325,0.224988053839731,0.225964704902678,6424.38374186413,1242.55989478503
2026-06-18,0.968,5350,0.223562299240705,0.224395712164081,6424.38374186413,1220.98739784072
2026-06-18,0.968,5375,0.222024078564127,0.223034068792457,6424.38374186413,1199.57069655179
2026-06-18,0.968,5400,0.220626343968911,0.221496713372759,6424.38374186413,1178.2059272671
2026-06-18,0.968,5425,0.219116330288254,0.220157277533445,6424.38374186413,1156.99695330566
2026-06-18,0.968,5450,0.217739448442041,0.218584047713692,6424.38374186413,1135.78797951623
2026-06-18,0.968,5475,0.216191046081416,0.21720165360199,6424.38374186413,1114.6828693993
2026-06-18,0.968,5500,0.214829267813538,0.2156495132909,6424.38374186413,1093.68162303183
2026-06-18,0.968,5525,0.213297971665821,0.214279772797086,6424.38374186413,1072.78424032622
2026-06-18,0.968,5550,0.211888064247997,0.212685318426895,6424.38374186413,1051.88685772605
2026-06-18,0.968,5575,0.210312150909557,0.211323002174711,6424.38374186413,1031.14527071968
2026-06-18,0.968,5600,0.208963854263542,0.209739337758624,6424.38374186413,1010.5075473927
2026-06-18,0.968,5625,0.207395078639521,0.208378716513525,6424.38374186413,989.973687782422
2026-06-18,0.968,5650,0.205991061836982,0.206746056817499,6424.38374186413,969.439828331842
2026-06-18,0.968,5675,0.204424389837826,0.205435620325891,6424.38374186413,949.165628129162
2026-06-18,0.968,5700,0.203015458125919,0.203803640349825,6424.38374186413,928.839495961136
2026-06-18,0.968,5725,0.201445359587284,0.202431156237913,6424.38374186413,908.721091183136
2026-06-18,0.968,5750,0.199975070452413,0.200743837656541,6424.38374186413,888.498822939378
2026-06-18,0.968,5775,0.198447516911773,0.199409415825138,6424.38374186413,868.692009408524
2026-06-18,0.968,5800,0.196963396618035,0.197713880650351,6424.38374186413,848.677468571051
2026-06-18,0.968,5825,0.195420738625946,0.196360246070792,6424.38374186413,829.078382631659
2026-06-18,0.968,5850,0.193917856256866,0.194651236550099,6424.38374186413,809.271569089944
2026-06-18,0.968,5875,0.192403493590824,0.193322038565225,6424.38374186413,789.984074235782
2026-06-18,0.968,5900,0.190876455333503,0.191593854131356,6424.38374186413,770.384988237715
2026-06-18,0.968,5925,0.189335542843646,0.190234594508965,6424.38374186413,751.305220935897
2026-06-18,0.968,5950,0.187779549476442,0.188482118271967,6424.38374186413,731.913862392572
2026-06-18,0.968,5975,0.186253640447743,0.187134611794948,6424.38374186413,713.145686211901
2026-06-18,0.968,6000,0.184709297052832,0.185306300725564,6424.38374186413,693.962055241409
2026-06-18,0.968,6025,0.183099813464594,0.184009622924284,6424.38374186413,675.453538284014
2026-06-18,0.968,6050,0.181560468507046,0.182281771874793,6424.38374186413,656.685362231144
2026-06-18,0.968,6075,0.179998184492408,0.180891924708669,6424.38374186413,638.436504578914
2026-06-18,0.968,6100,0.178456034798718,0.17916507395783,6424.38374186413,619.979919661848
2026-06-18,0.968,6125,0.176887689765869,0.177810818448048,6424.38374186413,602.094585338967
2026-06-18,0.968,6150,0.175335485571871,0.176077099193222,6424.38374186413,583.949591335436
2026-06-18,0.968,6175,0.173753803708715,0.174706563728278,6424.38374186413,566.37584805515
2026-06-18,0.968,6200,0.172227308237832,0.172958509527279,6424.38374186413,548.594377542806
2026-06-18,0.968,6225,0.170624675545764,0.171607582477067,6424.38374186413,531.384157338189
2026-06-18,0.968,6250,0.169200153348439,0.169837350138627,6424.38374186413,514.070073515033
2026-06-18,0.968,6275,0.167526172616007,0.168582295325994,6424.38374186413,497.275308148944
2026-06-18,0.968,6300,0.166066935515232,0.166907576083864,6424.38374186413,480.428611043174
2026-06-18,0.968,6325,0.164482451826318,0.165486639769489,6424.38374186413,463.945436839719
2026-06-18,0.968,6350,0.163063898533581,0.163814015275557,6424.38374186413,447.566126575701
2026-06-18,0.968,6375,0.161475046650754,0.162554793521998,6424.38374186413,431.706134877244
2026-06-18,0.968,6400,0.160046608824079,0.16091618791341,6424.38374186413,415.794211388677
2026-06-18,0.968,6425,0.158441870178839,0.159639964866252,6424.38374186413,400.342750389504
2026-06-18,0.968,6450,0.156982698561683,0.15817879599873,6424.38374186413,385.074781854254
2026-06-18,0.968,6475,0.155593408442874,0.15658227831248,6424.38374186413,369.962609046959
2026-06-18,0.968,6500,0.154312929833627,0.155054337981934,6424.38374186413,355.317823065576
2026-06-18,0.968,6525,0.152768481373888,0.153798607960434,6424.38374186413,340.932696321046
2026-06-18,0.968,6550,0.151534873755995,0.152236146994507,6424.38374186413,326.807228953567
2026-06-18,0.968,6575,0.150032822883351,0.151024730465261,6424.38374186413,313.045284683308
2026-06-18,0.968,6600,0.148838657795127,0.149543151954555,6424.38374186413,299.594931466004
2026-06-18,0.968,6625,0.14749581331519,0.148369125116296,6424.38374186413,286.611965068775
2026-06-18,0.968,6650,0.146209633411075,0.146961479793695,6424.38374186413,273.680930590514
2026-06-18,0.968,6675,0.144937106986943,0.145818863992052,6424.38374186413,261.373078590875
2026-06-18,0.968,6700,0.143719006908551,0.144437250299564,6424.38374186413,249.117158291003
2026-06-18,0.968,6725,0.142469714072272,0.143363258274235,6424.38374186413,237.484420379046
2026-06-18,0.968,6750,0.141315722601937,0.14204496258425,6424.38374186413,225.955546440307
2026-06-18,0.968,6775,0.140041625589594,0.141037219608188,6424.38374186413,214.945990976021
2026-06-18,0.968,6800,0.139036305070861,0.139779639747225,6424.38374186413,204.248026642316
2026-06-18,0.968,6825,0.137909243083809,0.138793482936694,6424.38374186413,194.017449194904
2026-06-18,0.968,6850,0.136834488101564,0.137595377480864,6424.38374186413,183.890735469881
2026-06-18,0.968,6875,0.135722534640498,0.136674965204701,6424.38374186413,174.335272143984
2026-06-18,0.968,6900,0.134801435804974,0.135537616759812,6424.38374186413,165.03946819575
2026-06-18,0.968,6925,0.133798976047256,0.134733377516086,6424.38374186413,156.314914889833
2026-06-18,0.968,6950,0.132901368077446,0.133661448515778,6424.38374186413,147.694225243825
2026-06-18,0.968,6975,0.131920631127742,0.13288759003307,6424.38374186413,139.592854143207
2026-06-18,0.968,7000,0.131099117305448,0.131838242112737,6424.38374186413,131.64727870973
2026-06-18,0.968,7050,0.129410219550235,0.130180358417892,6424.38374186413,117.00249272786
2026-06-18,0.968,7100,0.12785765621497,0.128610087439062,6424.38374186413,103.656003324885
2026-06-18,0.968,7150,0.126473820590546,0.127208345391912,6424.38374186413,91.659742367747
2026-06-18,0.968,7200,0.125123510978097,0.125899412695223,6424.38374186413,80.7540506510715
2026-06-18,0.968,7250,0.123960064109804,0.124719715703195,6424.38374186413,71.0427918396691
2026-06-18,0.968,7300,0.122909160444214,0.123718008716051,6424.38374186413,62.422102226599
2026-06-18,0.968,7400,0.121136107799083,0.121909651960423,6424.38374186413,47.8811798180063
2026-06-18,0.968,7500,0.119786265303113,0.120506414412945,6424.38374186413,36.5600332081588
2026-06-18,0.968,7600,0.118813079342221,0.119659745567911,6424.38374186413,27.9393435909988
2026-06-18,0.968,7700,0.118078322292288,0.119084368223995,6424.38374186413,21.2920648028496
2026-06-18,0.968,7800,0.117700764702619,0.118902688726524,6424.38374186413,16.3066057267844
2026-06-18,0.968,7900,0.11780095725831,0.118881272672883,6424.38374186413,12.5675114007232
2026-06-18,0.968,8000,0.118009274036607,0.119305179422226,6424.38374186413,9.76319069205829
2026-06-18,0.968,8200,0.118941319986919,0.120502772214082,6424.38374186413,5.97216450472111
2026-06-18,0.968,8400,0.119894169355241,0.122170274288335,6424.38374186413,3.68716242991128
2026-06-18,0.968,8600,0.12071926149349,0.12406766984767,6424.38374186413,2.2850020844785
2026-06-18,0.968,8800,0.122684828555614,0.126049406997995,6424.38374186413,1.48005816804722
2026-06-18,0.968,9000,0.125263722319299,0.130330078271543,6424.38374186413,1.09056917166597
2026-06-18,0.968,9200,0.128097327859489,0.131669835999222,6424.38374186413,0.727046116615659
2026-06-18,0.968,9400,0.130068554161445,0.137768440934848,6424.38374186413,0.597216451897349
2026-06-18,0.968,9600,0.13320162967692,0.142575222297076,6424.38374186413,0.493352721878761
2026-06-18,0.968,10000,0.13763288766171,0.151774441208802,6424.38374186413,0.337557123579733
2026-06-18,0.968,10400,0.144372349630761,0.163731916425741,6424.38374186413,0.311591193165135
2026-06-18,0.968,11000,NA,0.175375083224956,6424.38374186413,NA
2026-06-18,0.968,12000,NA,0.19547072372716,6424.38374186413,NA
2026-06-30,0.996,2600,0.443531227524613,0.445635707897101,6428.66503842242,3842.21719187994
2026-06-30,0.996,2800,0.422656988835391,0.424401871009909,6428.66503842242,3645.03186990211
2026-06-30,0.996,3000,0.402708472416201,0.404168457339899,6428.66503842242,3448.26353726639
2026-06-30,0.996,3100,0.392649974551781,0.393994006031443,6428.66503842242,3349.9314946233
2026-06-30,0.996,3200,0.382777046639369,0.384324288775793,6428.66503842242,3251.75582297248
2026-06-30,0.996,3300,0.373346946604075,0.374489139090505,6428.66503842242,3153.6843986418
2026-06-30,0.996,3400,0.364003384189299,0.36505824102818,6428.66503842242,3055.769345326
2026-06-30,0.996,3500,0.354731074645361,0.355950115359553,6428.66503842242,2958.01066301427
2026-06-30,0.996,3600,0.345743599051411,0.346871987008978,6428.66503842242,2860.40835171427
2026-06-30,0.996,3700,0.336979550071415,0.338024545513903,6428.66503842242,2763.0145350534
2026-06-30,0.996,3800,0.32858167224398,0.329548753385395,6428.66503842242,2665.93346043871
2026-06-30,0.996,3900,0.320283964562286,0.321358590469042,6428.66503842242,2569.11300412827
2026-06-30,0.996,4000,0.312220408983665,0.313216424134687,6428.66503842242,2472.55316616542
2026-06-30,0.996,4100,0.304481731024319,0.305404424167676,6428.66503842242,2376.41031751582
2026-06-30,0.996,4200,0.296980756562958,0.297977660253923,6428.66503842242,2280.73658187941
2026-06-30,0.996,4250,0.293296101469174,0.294255927171176,6428.66503842242,2233.03002326656
2026-06-30,0.996,4300,0.289776884625794,0.290700413485642,6428.66503842242,2185.53195926462
2026-06-30,0.996,4350,0.286273591361172,0.287162519986663,6428.66503842242,2138.13814260208
2026-06-30,0.996,4400,0.282780272124766,0.283636234841499,6428.66503842242,2090.84857331817
2026-06-30,0.996,4450,0.279409555830061,0.280116069940842,6428.66503842242,2043.71537499066
2026-06-30,0.996,4500,0.27602976816244,0.276823358605641,6428.66503842242,1996.79067130455
2026-06-30,0.996,4550,0.272637006880317,0.273401746841905,6428.66503842242,1949.91809140721
2026-06-30,0.996,4600,0.2694386664616,0.270175123757309,6428.66503842242,1903.35825339406
2026-06-30,0.996,4650,0.266205279355767,0.266914991104401,6428.66503842242,1856.90266283286
2026-06-30,0.996,4700,0.262934934314271,0.263716904616605,6428.66503842242,1810.60344313059
2026-06-30,0.996,4750,0.25981473768033,0.260474528210659,6428.66503842242,1764.51271822803
2026-06-30,0.996,4800,0.256640817703673,0.25736814978438,6428.66503842242,1718.63048785765
2026-06-30,0.996,4850,0.253588307993744,0.254202397070145,6428.66503842242,1672.9567522938
2026-06-30,0.996,4900,0.25055345077562,0.25114612903707,6428.66503842242,1627.54363493786
2026-06-30,0.996,4950,0.247445849988463,0.248018356676061,6428.66503842242,1582.23476503908
2026-06-30,0.996,5000,0.244503321034483,0.244977329154842,6428.66503842242,1537.29076078353
2026-06-30,0.996,5050,0.241473043886159,0.242007539952547,6428.66503842242,1492.55525109319
2026-06-30,0.996,5075,0.239972397127815,0.240497992515254,6428.66503842242,1470.26568174383
2026-06-30,0.996,5100,0.23850416345097,0.239021013719433,6428.66503842242,1448.08035980605
2026-06-30,0.996,5125,0.237065776043296,0.237574044465272,6428.66503842242,1425.99928507867
2026-06-30,0.996,5150,0.235583292694501,0.236083280640155,6428.66503842242,1403.91821058143
2026-06-30,0.996,5175,0.234128187755575,0.234620054131821,6428.66503842242,1381.94138314085
2026-06-30,0.996,5200,0.232628939436284,0.233112965677163,6428.66503842242,1359.96455595676
2026-06-30,0.996,5225,0.231222830650412,0.231699059975111,6428.66503842242,1338.19622322954
2026-06-30,0.996,5250,0.229770386383666,0.230239094696499,6428.66503842242,1316.42789058761
2026-06-30,0.996,5275,0.228338689655575,0.228800038046243,6428.66503842242,1294.76380532444
2026-06-30,0.996,5300,0.226860780846852,0.227315025720101,6428.66503842242,1273.0997200214
2026-06-30,0.996,5325,0.225465587307073,0.225912796183791,6428.66503842242,1251.64412941977
2026-06-30,0.996,5350,0.224022329373373,0.224462751236827,6428.66503842242,1230.18853879559
2026-06-30,0.996,5375,0.222594082031268,0.223027874478702,6428.66503842242,1208.83719540991
2026-06-30,0.996,5400,0.221117974022054,0.22160638315428,6428.66503842242,1187.53797587833
2026-06-30,0.996,5425,0.219715369337369,0.22013644748543,6428.66503842242,1166.34300355318
2026-06-30,0.996,5450,0.218263294834789,0.218737527200161,6428.66503842242,1145.25227854977
2026-06-30,0.996,5475,0.216821185192718,0.217288628798599,6428.66503842242,1124.21367729292
2026-06-30,0.996,5500,0.21538744712196,0.215848274408543,6428.66503842242,1103.27932325556
2026-06-30,0.996,5525,0.213960543358188,0.214414926474632,6428.66503842242,1082.44921665739
2026-06-30,0.996,5550,0.212482944068702,0.21298709924632,6428.66503842242,1061.67123366526
2026-06-30,0.996,5575,0.211010781665783,0.211508127420189,6428.66503842242,1040.94537447067
2026-06-30,0.996,5600,0.209597151431487,0.210087816256092,6428.66503842242,1020.42800979144
2026-06-30,0.996,5625,0.20813082856663,0.208615051694921,6428.66503842242,999.910645127419
2026-06-30,0.996,5650,0.206665728062652,0.207196770814037,6428.66503842242,979.549651602872
2026-06-30,0.996,5675,0.205200514053736,0.20572480035088,6428.66503842242,959.240781519063
2026-06-30,0.996,5700,0.203733883124834,0.204303358357451,6428.66503842242,939.088282596285
2026-06-30,0.996,5725,0.202264560382653,0.20282703701716,6428.66503842242,918.987907284777
2026-06-30,0.996,5750,0.200841832436475,0.201346987039631,6428.66503842242,899.043902987422
2026-06-30,0.996,5775,0.199362799201262,0.199911877159823,6428.66503842242,879.204146078821
2026-06-30,0.996,5800,0.197877405178383,0.19842012060305,6428.66503842242,859.416512657328
2026-06-30,0.996,5825,0.196384454636965,0.196921014310452,6428.66503842242,839.733126869011
2026-06-30,0.996,5850,0.194882761886955,0.195461591963796,6428.66503842242,820.206111877756
2026-06-30,0.996,5875,0.193418875594784,0.193991407311676,6428.66503842242,800.835467910429
2026-06-30,0.996,5900,0.191942879926356,0.192462145958266,6428.66503842242,781.51694775932
2026-06-30,0.996,5925,0.190406922945711,0.190967555561521,6428.66503842242,762.302674687532
2026-06-30,0.996,5950,0.188903808328063,0.189412569186851,6428.66503842242,743.192648975865
2026-06-30,0.996,5975,0.187385179185995,0.1879347680623,6428.66503842242,724.291118147748
2026-06-30,0.996,6000,0.185895256898136,0.186394277432466,6428.66503842242,705.493834434653
2026-06-30,0.996,6025,0.184341705633346,0.184881107877953,6428.66503842242,686.800798342323
2026-06-30,0.996,6050,0.182813696181203,0.183348325834172,6428.66503842242,668.264133072855
2026-06-30,0.996,6075,0.1812646823491,0.181838925371223,6428.66503842242,649.883838660474
2026-06-30,0.996,6100,0.179737272726902,0.180306810241717,6428.66503842242,631.65991534474
2026-06-30,0.996,6125,0.178229184555668,0.178750786024453,6428.66503842242,613.592363132316
2026-06-30,0.996,6150,0.176695052239673,0.177212748410968,6428.66503842242,595.68118181406
2026-06-30,0.996,6175,0.17513363435503,0.175690482890804,6428.66503842242,577.926371707924
2026-06-30,0.996,6200,0.173628724758639,0.17418182472105,6428.66503842242,560.432179703007
2026-06-30,0.996,6225,0.172092774326356,0.172684654124216,6428.66503842242,543.094358778259
2026-06-30,0.996,6250,0.170608504875486,0.171154864245245,6428.66503842242,525.965032594162
2026-06-30,0.996,6275,0.169089514700401,0.169674688830206,6428.66503842242,509.044200880374
2026-06-30,0.996,6300,0.167575994153693,0.168158242911979,6428.66503842242,492.279740202546
2026-06-30,0.996,6325,0.166107273569764,0.166686890032105,6428.66503842242,475.828021852157
2026-06-30,0.996,6350,0.164598321742361,0.165216843332141,6428.66503842242,459.532674098681
2026-06-30,0.996,6375,0.16312975948327,0.163746118658447,6428.66503842242,443.497944699582
2026-06-30,0.996,6400,0.161658187597071,0.162272727928364,6428.66503842242,427.67171025108
2026-06-30,0.996,6425,0.160222465081633,0.160876415346304,6428.66503842242,412.210341214947
2026-06-30,0.996,6450,0.158806349816773,0.159418333231041,6428.66503842242,396.921725090314
2026-06-30,0.996,6475,0.157387378884069,0.157998648672414,6428.66503842242,381.910108937408
2026-06-30,0.996,6500,0.155957157865702,0.156568109694699,6428.66503842242,367.106987535163
2026-06-30,0.996,6550,0.153217894720243,0.153829461367659,6428.66503842242,338.543217954153
2026-06-30,0.996,6600,0.150532512805781,0.151105548892055,6428.66503842242,311.074045384872
2026-06-30,0.996,6650,0.14792785545826,0.148504942652215,6428.66503842242,284.907964432577
2026-06-30,0.996,6700,0.145433194728277,0.146016303941311,6428.66503842242,260.097098927642
2026-06-30,0.996,6750,0.143039371494868,0.143588432427689,6428.66503842242,236.58932505543
2026-06-30,0.996,6800,0.140739712395228,0.141298570113938,6428.66503842242,214.488890241445
2026-06-30,0.996,6850,0.138574211767652,0.139145258316076,6428.66503842242,193.847917941573
2026-06-30,0.996,6900,0.136500353426937,0.137041207225088,6428.66503842242,174.510037633814
2026-06-30,0.996,7000,0.132693746298621,0.133222399043449,6428.66503842242,140.056293545558
2026-06-30,0.996,7100,0.129314596732483,0.129940397044741,6428.66503842242,111.02341088857
2026-06-30,0.996,7200,0.126490876453827,0.127124237068122,6428.66503842242,87.0986477034462
2026-06-30,0.996,7300,0.124098518307243,0.12480964915865,6428.66503842242,67.7086436793584
2026-06-30,0.996,7400,0.122225232797616,0.122888679060088,6428.66503842242,52.2800381280889
2026-06-30,0.996,7500,0.120788499069588,0.121469808826637,6428.66503842242,40.23947095985
2026-06-30,0.996,7600,0.119740291291814,0.120436898458708,6428.66503842242,30.9093346719932
2026-06-30,0.996,7800,0.118693668072088,0.119665631235544,6428.66503842242,18.3996544671934
2026-07-17,1.044,200,NA,1.06510150713642,6439.54029628284,NA
2026-07-17,1.044,400,NA,0.879797538673554,6439.54029628284,NA
2026-07-17,1.044,600,0.727227143526721,0.802976948635771,6439.54029628284,5840.08726891199
2026-07-17,1.044,800,0.685667545642366,0.73115229666829,6439.54029628284,5640.47796364762
2026-07-17,1.044,1000,0.649575971640669,0.675364474029743,6439.54029628284,5441.02493627567
2026-07-17,1.044,1200,0.614752326822047,0.630550506196431,6439.54029628284,5241.7281867998
2026-07-17,1.044,1400,0.584554665423206,0.595515798071031,6439.54029628284,5042.71794679691
2026-07-17,1.044,1600,0.555262827859993,0.56333368136962,6439.54029628284,4843.8639846859
2026-07-17,1.044,1800,0.530440992173789,0.536441234166025,6439.54029628284,4645.42676362328
2026-07-17,1.044,2000,0.505083080374241,0.509767536590831,6439.54029628284,4447.09372782579
2026-07-17,1.044,2200,0.480771597235312,0.485255188563875,6439.54029628284,4249.02115518274
2026-07-17,1.044,2400,0.458630700327293,0.461657135769997,6439.54029628284,4051.26113832777
2026-07-17,1.044,2500,0.44784047177475,0.45057774509132,6439.54029628284,3952.51136149058
2026-07-17,1.044,2600,0.437382910190665,0.439864728418902,6439.54029628284,3853.86576990218
2026-07-17,1.044,2700,0.426741640572126,0.429454509162705,6439.54029628284,3755.27227095319
2026-07-17,1.044,2800,0.416824088193033,0.418887912988198,6439.54029628284,3656.78295726198
2026-07-17,1.044,2900,0.406708976684494,0.408975126943419,6439.54029628284,3558.39782883584
2026-07-17,1.044,3000,0.396460216311963,0.398892352118824,6439.54029628284,3460.01270038176
2026-07-17,1.044,3100,0.386772532825215,0.389010601380209,6439.54029628284,3361.78384986716
2026-07-17,1.044,3200,0.377235178626327,0.379298769281177,6439.54029628284,3263.65918459907
2026-07-17,1.044,3300,0.367824186128843,0.369730619591688,6439.54029628284,3165.63870458917
2026-07-17,1.044,3400,0.358772890636834,0.36053378719406,6439.54029628284,3067.82659511216
2026-07-17,1.044,3500,0.349772524665337,0.351633671549357,6439.54029628284,2970.17076352453
2026-07-17,1.044,3600,0.340813314274968,0.342753995815822,6439.54029628284,2872.61911719935
2026-07-17,1.044,3650,0.336581695179348,0.338448835997251,6439.54029628284,2823.97352560732
2026-07-17,1.044,3700,0.332289466483687,0.334087692195933,6439.54029628284,2775.32793398332
2026-07-17,1.044,3750,0.328136232443597,0.33005801424799,6439.54029628284,2726.8386203041
2026-07-17,1.044,3800,0.324105717906048,0.325954818423604,6439.54029628284,2678.40139924416
2026-07-17,1.044,3850,0.320003698458488,0.321784733265679,6439.54029628284,2629.96417819777
2026-07-17,1.044,3900,0.316009177792218,0.317724094953935,6439.54029628284,2581.63114241088
2026-07-17,1.044,3950,0.312274787744643,0.313759682200272,6439.54029628284,2533.45438451017
2026-07-17,1.044,4000,0.308290227136751,0.309879296570711,6439.54029628284,2485.27762657923
2026-07-17,1.044,4050,0.304542209948161,0.306071718247573,6439.54029628284,2437.25714662151
2026-07-17,1.044,4100,0.300854406547517,0.302326650441161,6439.54029628284,2389.34085188637
2026-07-17,1.044,4150,0.29721737914468,0.298634661327622,6439.54029628284,2341.5287423453
2026-07-17,1.044,4200,0.293622514897582,0.294987121766742,6439.54029628284,2293.82081812172
2026-07-17,1.044,4225,0.291787958582739,0.293260824716278,6439.54029628284,2270.01894866551
2026-07-17,1.044,4250,0.290193895804587,0.291376141419048,6439.54029628284,2246.26917183098
2026-07-17,1.044,4275,0.28817889821474,0.289726502839372,6439.54029628284,2222.46730238342
2026-07-17,1.044,4300,0.286782574427705,0.287920530997131,6439.54029628284,2198.87380337744
2026-07-17,1.044,4325,0.284723153042087,0.286213605310699,6439.54029628284,2175.07193394439
2026-07-17,1.044,4350,0.283260470484344,0.284357085644683,6439.54029628284,2151.47843493249
2026-07-17,1.044,4375,0.281400350383462,0.282835208078578,6439.54029628284,2127.88493596707
2026-07-17,1.044,4400,0.27987121985177,0.280927576556553,6439.54029628284,2104.29143703836
2026-07-17,1.044,4425,0.277960401896867,0.279343387107365,6439.54029628284,2080.69793807638
2026-07-17,1.044,4450,0.276596441714819,0.277613773384381,6439.54029628284,2057.31280963826
2026-07-17,1.044,4475,0.274746125675784,0.276077886543968,6439.54029628284,2033.82349599096
2026-07-17,1.044,4500,0.273310041981809,0.274290324475201,6439.54029628284,2010.43836754129
2026-07-17,1.044,4525,0.271513870708955,0.272797062522797,6439.54029628284,1987.05323908567
2026-07-17,1.044,4550,0.270008565445989,0.271058362147388,6439.54029628284,1963.7202033167
2026-07-17,1.044,4575,0.268260666659445,0.269497790893172,6439.54029628284,1940.38716746422
2026-07-17,1.044,4600,0.266790358461565,0.267802482146187,6439.54029628284,1917.15831701126
2026-07-17,1.044,4625,0.265083521105259,0.266276276986012,6439.54029628284,1893.9294664371
2026-07-17,1.044,4650,0.263641662192688,0.264617552044949,6439.54029628284,1870.80480118261
2026-07-17,1.044,4675,0.261969265872786,0.263119403268373,6439.54029628284,1847.68013597302
2026-07-17,1.044,4700,0.260549889960281,0.261491015287062,6439.54029628284,1824.65965589882
2026-07-17,1.044,4725,0.258905867110211,0.260015159753577,6439.54029628284,1801.63917590211
2026-07-17,1.044,4750,0.2575035448782,0.258320789605123,6439.54029628284,1778.67078847778
2026-07-17,1.044,4775,0.255792895793219,0.256952563238088,6439.54029628284,1755.75449374587
2026-07-17,1.044,4800,0.254404322356235,0.255280727457961,6439.54029628284,1732.89029168257
2026-07-17,1.044,4825,0.252802355705327,0.253835694336122,6439.54029628284,1710.07818217097
2026-07-17,1.044,4850,0.251421323361853,0.252267327475399,6439.54029628284,1687.3702579397
2026-07-17,1.044,4875,0.249832367287312,0.250830072934326,6439.54029628284,1664.66233377296
2026-07-17,1.044,4900,0.248454781128402,0.249271807722116,6439.54029628284,1642.05859475956
2026-07-17,1.044,4925,0.246874564788629,0.247838323873317,6439.54029628284,1619.45485579693
2026-07-17,1.044,4950,0.245496684535512,0.246286117205494,6439.54029628284,1596.95530213439
2026-07-17,1.044,4975,0.243921280659624,0.244930180949503,6439.54029628284,1574.50784106982
2026-07-17,1.044,5000,0.242616105995042,0.243379038172202,6439.54029628284,1552.16456517065
2026-07-17,1.044,5025,0.241040650459855,0.242015972205345,6439.54029628284,1529.8212894958
2026-07-17,1.044,5050,0.239724799055071,0.240462571698397,6439.54029628284,1507.58219895799
2026-07-17,1.044,5075,0.238146055223599,0.239089504345722,6439.54029628284,1485.34310836574
2026-07-17,1.044,5100,0.236816865533317,0.23753076081206,6439.54029628284,1463.20820307248
2026-07-17,1.044,5125,0.235302177777488,0.236215142674477,6439.54029628284,1441.17748312752
2026-07-17,1.044,5150,0.233956017498148,0.234716094152982,6439.54029628284,1419.19885573853
2026-07-17,1.044,5175,0.232428902697753,0.233380879387719,6439.54029628284,1397.27232105687
2026-07-17,1.044,5200,0.231130583876993,0.231866710262149,6439.54029628284,1375.44997151869
2026-07-17,1.044,5225,0.229587575620305,0.230509896671189,6439.54029628284,1353.62762196724
2026-07-17,1.044,5250,0.228329819826686,0.229043134629531,6439.54029628284,1332.01364300979
2026-07-17,1.044,5275,0.226831673960493,0.227725571628477,6439.54029628284,1310.39966409253
2026-07-17,1.044,5300,0.225543810690825,0.226235432080524,6439.54029628284,1288.88987028654
2026-07-17,1.044,5325,0.224021690544294,0.224888755935789,6439.54029628284,1267.3800766814
2026-07-17,1.044,5350,0.222702308990395,0.223373447977333,6439.54029628284,1245.97446814546
2026-07-17,1.044,5375,0.221214608197914,0.222116230604578,6439.54029628284,1224.72513760977
2026-07-17,1.044,5400,0.219920692641184,0.220572277492034,6439.54029628284,1203.47580710246
2026-07-17,1.044,5425,0.218402035122881,0.219277774183447,6439.54029628284,1182.33066193903
2026-07-17,1.044,5450,0.217128026586182,0.217761086266871,6439.54029628284,1161.28970184668
2026-07-17,1.044,5475,0.215576091166059,0.216483994470373,6439.54029628284,1140.30083435882
2026-07-17,1.044,5500,0.214316785738988,0.214988227260244,6439.54029628284,1119.46824488393
2026-07-17,1.044,5525,0.212784571947497,0.213667621162678,6439.54029628284,1098.635655484
2026-07-17,1.044,5550,0.211479822344359,0.212133189368268,6439.54029628284,1077.90725117099
2026-07-17,1.044,5575,0.209962172400667,0.210821749085547,6439.54029628284,1057.28303219184
2026-07-17,1.044,5600,0.208663338005551,0.209299568839606,6439.54029628284,1036.76299849579
2026-07-17,1.044,5625,0.207154667466669,0.207992016537595,6439.54029628284,1016.34715008526
2026-07-17,1.044,5650,0.205804939203234,0.206476661721973,6439.54029628284,995.983394380647
2026-07-17,1.044,5675,0.204300616631103,0.205117038010663,6439.54029628284,975.723823664665
2026-07-17,1.044,5700,0.202948782705534,0.203603985453549,6439.54029628284,955.568438493622
2026-07-17,1.044,5725,0.201393901395692,0.202240407259276,6439.54029628284,935.465145909811
2026-07-17,1.044,5750,0.200085041749618,0.200724681224296,6439.54029628284,915.570223696499
2026-07-17,1.044,5775,0.198525724724976,0.199352490333476,6439.54029628284,895.675301562722
2026-07-17,1.044,5800,0.197156187084859,0.19782930149429,6439.54029628284,875.936657345392
2026-07-17,1.044,5825,0.19558818533169,0.196443997145062,6439.54029628284,856.250105644264
2026-07-17,1.044,5850,0.194250335651136,0.194908690780547,6439.54029628284,836.771924662002
2026-07-17,1.044,5875,0.192714959873985,0.19355237966722,6439.54029628284,817.397928901429
2026-07-17,1.044,5900,0.191309305980983,0.191953877827328,6439.54029628284,798.023933062297
2026-07-17,1.044,5925,0.189800029936909,0.190574762116608,6439.54029628284,778.910400489693
2026-07-17,1.044,5950,0.188369351842885,0.189001077112946,6439.54029628284,759.796867698937
2026-07-17,1.044,5975,0.186879415876225,0.187639108797055,6439.54029628284,740.995890913403
2026-07-17,1.044,6000,0.185418988137746,0.18603880513902,6439.54029628284,722.090728660382
2026-07-17,1.044,6025,0.183897983249998,0.184643803684522,6439.54029628284,703.498122276823
2026-07-17,1.044,6050,0.182446957503949,0.18309928886805,6439.54029628284,684.957608693253
2026-07-17,1.044,6075,0.180933153049374,0.181709338965405,6439.54029628284,666.677558107255
2026-07-17,1.044,6100,0.179484866992405,0.180126452349187,6439.54029628284,648.397507509068
2026-07-17,1.044,6125,0.177929139197654,0.178735489051165,6439.54029628284,630.377920073451
2026-07-17,1.044,6150,0.176477398079451,0.177151388514179,6439.54029628284,612.410425386773
2026-07-17,1.044,6175,0.174958366431408,0.175753058891149,6439.54029628284,594.75548643524
2026-07-17,1.044,6200,0.173537922117287,0.174202648657261,6439.54029628284,577.204732548364
2026-07-17,1.044,6225,0.172005993688854,0.1727903650572,6439.54029628284,559.8623494331
2026-07-17,1.044,6250,0.170527033795294,0.171224688409046,6439.54029628284,542.572058985136
2026-07-17,1.044,6275,0.169016692114467,0.169873753064242,6439.54029628284,525.698509442413
2026-07-17,1.044,6300,0.167636059075547,0.168326353185057,6439.54029628284,508.929145174827
2026-07-17,1.044,6325,0.166098521756908,0.166947301939322,6439.54029628284,492.368151365161
2026-07-17,1.044,6350,0.164686052619927,0.165410563957387,6439.54029628284,475.963435605735
2026-07-17,1.044,6375,0.163194781369527,0.164077062389103,6439.54029628284,459.923368229089
2026-07-17,1.044,6400,0.161863489800609,0.16254311342724,6439.54029628284,444.039578733338
2026-07-17,1.044,6425,0.160330097886061,0.161207322260615,6439.54029628284,428.36415964175
2026-07-17,1.044,6450,0.158769007565029,0.159843398603874,6439.54029628284,412.834103258072
2026-07-17,1.044,6475,0.157502735408543,0.158615295975512,6439.54029628284,398.091888915131
2026-07-17,1.044,6500,0.156188447752569,0.156863349864785,6439.54029628284,382.828747732725
2026-07-17,1.044,6525,0.154665763137246,0.155618352317324,6439.54029628284,368.190718399584
2026-07-17,1.044,6550,0.153448877561699,0.1541636280565,6439.54029628284,353.917337404743
2026-07-17,1.044,6575,0.152139116715515,0.152934164824064,6439.54029628284,340.060697344671
2026-07-17,1.044,6600,0.150893732378147,0.151530928295219,6439.54029628284,326.308242832358
2026-07-17,1.044,6625,0.149591698889987,0.150310369379712,6439.54029628284,312.972529107762
2026-07-17,1.044,6650,0.148310989923921,0.148951930048782,6439.54029628284,299.74100083495
2026-07-17,1.044,6675,0.147090395792778,0.147814390391728,6439.54029628284,287.134584063364
2026-07-17,1.044,6700,0.145888745490399,0.146495040561004,6439.54029628284,274.580259762225
2026-07-17,1.044,6725,0.144664240823077,0.145355311713823,6439.54029628284,262.494769436593
2026-07-17,1.044,6750,0.143496893022869,0.144110696154136,6439.54029628284,250.617649415179
2026-07-17,1.044,6775,0.142345344819101,0.143046169567586,6439.54029628284,239.261455734348
2026-07-17,1.044,6800,0.14120877286441,0.141832361285553,6439.54029628284,228.009447397118
2026-07-17,1.044,6825,0.14012844144273,0.140799768876971,6439.54029628284,217.330457978522
2026-07-17,1.044,6850,0.138977833874763,0.139656116105849,6439.54029628284,206.703561069287
2026-07-17,1.044,6875,0.137968192164803,0.138696902748439,6439.54029628284,196.753868529989
2026-07-17,1.044,6900,0.136973542565506,0.137581028273815,6439.54029628284,186.908361348497
2026-07-17,1.044,6925,0.135950016000112,0.136653449906997,6439.54029628284,177.531687700267
2026-07-17,1.044,6950,0.135029897818155,0.135609604065812,6439.54029628284,168.415477107781
2026-07-17,1.044,6975,0.134036403640928,0.134760767713005,6439.54029628284,159.71600772822
2026-07-17,1.044,7000,0.133150186473801,0.13379438506352,6439.54029628284,151.277001316322
2026-07-17,1.044,7025,0.132283148439907,0.132985270637154,6439.54029628284,143.306828864705
2026-07-17,1.044,7050,0.131436731051968,0.132056529281271,6439.54029628284,135.492934181307
2026-07-17,1.044,7100,0.129813175761705,0.130458052470673,6439.54029628284,121.011182557855
2026-07-17,1.044,7150,0.128350147450455,0.128972025730521,6439.54029628284,107.831746888684
2026-07-17,1.044,7200,0.126917973710584,0.127570525972759,6439.54029628284,95.746256427032
2026-07-17,1.044,7300,0.124531926438596,0.125137660241831,6439.54029628284,75.1175744286371
2026-07-17,1.044,7400,0.122540120236048,0.123224950392429,6439.54029628284,58.5521177327545
2026-07-17,1.044,7500,0.120952030291502,0.121736733006958,6439.54029628284,45.424774558091
2026-07-17,1.044,7600,0.119791050700436,0.120699830612124,6439.54029628284,35.2146187820655
2026-07-17,1.044,7700,0.118964448800983,0.119921252943307,6439.54029628284,27.2444462110369
2026-07-17,1.044,7800,0.118503385773373,0.119504550701674,6439.54029628284,21.1496082846616
2026-07-17,1.044,8000,0.118268425456927,0.119672363097048,6439.54029628284,12.9189725458624
2026-07-17,1.044,8200,0.118919172845057,0.120891951690848,6439.54029628284,8.12645049266864
2026-07-17,1.044,8400,0.120257032566432,0.122339041143829,6439.54029628284,5.20926312120404
2026-07-17,1.044,8600,0.120896537872451,0.123658894907377,6439.54029628284,3.25578946575607
2026-07-17,1.044,8800,0.12141883914284,0.125430736833161,6439.54029628284,2.05765893713119
2026-07-17,1.044,9000,0.121868352751891,0.127670021055153,6439.54029628284,1.32836209927965
2026-07-17,1.044,9200,0.122634563912109,0.131887966734667,6439.54029628284,0.96371368237296
2026-07-17,1.044,9400,0.124557652041932,0.135712646905139,6439.54029628284,0.729296839691104
2026-07-17,1.044,9600,0.125688781143771,0.135574014592258,6439.54029628284,0.442787366308168
2026-07-17,1.044,9800,0.126381699982232,0.139482674593107,6439.54029628284,0.338602104238213
2026-07-17,1.044,10000,0.128029538198956,0.145459911608079,6439.54029628284,0.312555788596061
2026-07-17,1.044,10200,NA,0.156910764515693,6439.54029628284,NA
2026-07-17,1.044,10400,NA,0.161746331166953,6439.54029628284,NA
2026-09-18,1.22,200,NA,1.00497085137149,6469.1208418421,NA
2026-09-18,1.22,400,0.740719803163126,0.840787895741147,6469.1208418421,6069.43611930217
2026-09-18,1.22,600,0.707499608126611,0.756653363370453,6469.1208418421,5869.85648924927
2026-09-18,1.22,800,0.659755607359964,0.690982859689351,6469.1208418421,5670.35567856117
2026-09-18,1.22,1000,0.620681010789782,0.640560264458061,6469.1208418421,5471.03877972392
2026-09-18,1.22,1200,0.58513517377243,0.598854063740297,6469.1208418421,5271.87951961692
2026-09-18,1.22,1400,0.55467392843989,0.565325381343187,6469.1208418421,5073.00926385043
2026-09-18,1.22,1600,0.528623895392356,0.536419955191425,6469.1208418421,4874.48055866001
2026-09-18,1.22,1800,0.50650347870431,0.510396627091122,6469.1208418421,4676.37222342492
2026-09-18,1.22,2000,0.481743784498262,0.485585147857466,6469.1208418421,4478.31643443105
2026-09-18,1.22,2200,0.459423881425118,0.462502508184903,6469.1208418421,4280.62846913049
2026-09-18,1.22,2300,0.448617740353273,0.451941178202998,6469.1208418421,4181.94212521677
2026-09-18,1.22,2400,0.438190388108645,0.441197155328246,6469.1208418421,4083.30832753867
2026-09-18,1.22,2500,0.428077382844317,0.430805469391284,6469.1208418421,3984.77962235527
2026-09-18,1.22,2600,0.418227641662591,0.420710040657764,6469.1208418421,3886.35600966385
2026-09-18,1.22,2700,0.408600248070305,0.410865542094538,6469.1208418421,3788.03748945314
2026-09-18,1.22,2800,0.398812821391008,0.401234981277903,6469.1208418421,3689.77151547155
2026-09-18,1.22,2900,0.389244745188691,0.391787846479604,6469.1208418421,3591.61063398299
2026-09-18,1.22,3000,0.38015990753208,0.382208895776556,6469.1208418421,3493.55484501329
2026-09-18,1.22,3100,0.370917479763987,0.372810643044297,6469.1208418421,3395.55160222367
2026-09-18,1.22,3200,0.362067489646479,0.3638164223466,6469.1208418421,3297.7585444865
2026-09-18,1.22,3300,0.353301073360914,0.355149980774555,6469.1208418421,3200.12312542638
2026-09-18,1.22,3400,0.34482239325931,0.34653507160887,6469.1208418421,3102.64534510501
2026-09-18,1.22,3450,0.340724572039294,0.342372668552513,6469.1208418421,3054.01154739324
2026-09-18,1.22,3500,0.336574309500293,0.338161903661087,6469.1208418421,3005.37774975456
2026-09-18,1.22,3550,0.332569537300783,0.334098007030004,6469.1208418421,2956.84904456886
2026-09-18,1.22,3600,0.3285089913937,0.330164983048527,6469.1208418421,2908.3728856273
2026-09-18,1.22,3650,0.324576675217379,0.326171974617287,6469.1208418421,2859.94927290989
2026-09-18,1.22,3700,0.320758177137054,0.322294520762086,6469.1208418421,2811.63075266908
2026-09-18,1.22,3750,0.317040197284282,0.318355897203629,6469.1208418421,2763.36477872864
2026-09-18,1.22,3800,0.313251339854566,0.314677134762397,6469.1208418421,2715.20389726041
2026-09-18,1.22,3850,0.309551359702298,0.31092542648051,6469.1208418421,2667.09556198318
2026-09-18,1.22,3900,0.305929356133299,0.307253489760635,6469.1208418421,2619.09231928362
2026-09-18,1.22,3950,0.302375318303008,0.303792424553295,6469.1208418421,2571.24671522055
2026-09-18,1.22,3975,0.30056845326421,0.302098572598543,6469.1208418421,2547.35018634065
2026-09-18,1.22,4000,0.298880071519911,0.300245843415405,6469.1208418421,2523.45365746359
2026-09-18,1.22,4025,0.297168679850696,0.298642790464025,6469.1208418421,2499.66222102626
2026-09-18,1.22,4050,0.295435219328922,0.296751698212291,6469.1208418421,2475.76569211545
2026-09-18,1.22,4075,0.293810385943944,0.295230842190636,6469.1208418421,2452.07934823358
2026-09-18,1.22,4100,0.2921604945975,0.293302291417355,6469.1208418421,2428.2353655966
2026-09-18,1.22,4125,0.290486549808299,0.291855658894512,6469.1208418421,2404.60156793995
2026-09-18,1.22,4150,0.288789492648699,0.290012425127099,6469.1208418421,2380.81013155006
2026-09-18,1.22,4175,0.28719077223904,0.288510783163273,6469.1208418421,2357.22888007787
2026-09-18,1.22,4200,0.285566353292608,0.286627650663649,6469.1208418421,2333.48998994074
2026-09-18,1.22,4225,0.283917219082313,0.28530553975253,6469.1208418421,2310.01383095273
2026-09-18,1.22,4250,0.282358406427053,0.28338175749635,6469.1208418421,2286.32748704285
2026-09-18,1.22,4275,0.280772617576862,0.282000047033626,6469.1208418421,2262.90387440544
2026-09-18,1.22,4300,0.27927084100782,0.280148026092202,6469.1208418421,2239.322622974
2026-09-18,1.22,4325,0.277632127278501,0.278816074302891,6469.1208418421,2215.95155647375
2026-09-18,1.22,4350,0.276075453463741,0.277027519939025,6469.1208418421,2192.42285129711
2026-09-18,1.22,4375,0.274596037658677,0.27573787769772,6469.1208418421,2169.2094235968
2026-09-18,1.22,4400,0.272984643112931,0.273903330841622,6469.1208418421,2145.68071840491
2026-09-18,1.22,4425,0.271549303167344,0.272551265104043,6469.1208418421,2122.5198368909
2026-09-18,1.22,4450,0.269984052017192,0.270870494011408,6469.1208418421,2099.14877040716
2026-09-18,1.22,4475,0.268489177276023,0.26955300740791,6469.1208418421,2076.0404351281
2026-09-18,1.22,4500,0.267060502980726,0.267915883766369,6469.1208418421,2052.82700751159
2026-09-18,1.22,4525,0.265600411682527,0.266533965065738,6469.1208418421,2029.77121844878
2026-09-18,1.22,4550,0.264109982988018,0.264935927140903,6469.1208418421,2006.61033702652
2026-09-18,1.22,4575,0.262680616312594,0.263582132926834,6469.1208418421,1983.65964046581
2026-09-18,1.22,4600,0.261219797418634,0.261928990828047,6469.1208418421,1960.55130524909
2026-09-18,1.22,4625,0.259728558327966,0.260686611752212,6469.1208418421,1937.70570114034
2026-09-18,1.22,4650,0.258379504400282,0.259064568260421,6469.1208418421,1914.7550046867
2026-09-18,1.22,4675,0.256911805069764,0.25775344913847,6469.1208418421,1891.96194690672
2026-09-18,1.22,4700,0.255496660999726,0.256241520280249,6469.1208418421,1869.11634290195
2026-09-18,1.22,4725,0.254130841810508,0.254944254145037,6469.1208418421,1846.48092387399
2026-09-18,1.22,4750,0.252731113602906,0.253371232272152,6469.1208418421,1823.68786607287
2026-09-18,1.22,4775,0.251298527025199,0.25208525274791,6469.1208418421,1801.10499327787
2026-09-18,1.22,4800,0.249911589514525,0.250608091616592,6469.1208418421,1778.46957426235
2026-09-18,1.22,4825,0.248567430560086,0.249328380620873,6469.1208418421,1756.04434020716
2026-09-18,1.22,4850,0.247188320379094,0.247862148705486,6469.1208418421,1733.51401355971
2026-09-18,1.22,4875,0.245775286191246,0.246585423326214,6469.1208418421,1711.14132578706
2026-09-18,1.22,4900,0.244474467933526,0.245126683755421,6469.1208418421,1688.76863787389
2026-09-18,1.22,4925,0.243065572455888,0.243921111857407,6469.1208418421,1666.55358888117
2026-09-18,1.22,4950,0.241763885448829,0.242395513512098,6469.1208418421,1644.23344719464
2026-09-18,1.22,4975,0.240425321996834,0.241184924986828,6469.1208418421,1622.17603685901
2026-09-18,1.22,5000,0.239050902625716,0.239730842174427,6469.1208418421,1599.96098772955
2026-09-18,1.22,5025,0.237708611846153,0.238578511950734,6469.1208418421,1578.06121609214
2026-09-18,1.22,5050,0.236396261050097,0.237121137204071,6469.1208418421,1556.00380562481
2026-09-18,1.22,5075,0.235111749232025,0.235890242645253,6469.1208418421,1534.20912653681
2026-09-18,1.22,5100,0.233789088549548,0.234491989419778,6469.1208418421,1512.30935488037
2026-09-18,1.22,5125,0.232429250634046,0.233310264472844,6469.1208418421,1490.61976824586
2026-09-18,1.22,5150,0.231157313416961,0.231839360519554,6469.1208418421,1468.82508902904
2026-09-18,1.22,5175,0.229846307945467,0.23070131110891,6469.1208418421,1447.3456873367
2026-09-18,1.22,5200,0.228557441466763,0.229279696820804,6469.1208418421,1425.70864695312
2026-09-18,1.22,5225,0.227229593463064,0.22805994058894,6469.1208418421,1404.28179164672
2026-09-18,1.22,5250,0.225980721177135,0.226682264935752,6469.1208418421,1382.85493612948
2026-09-18,1.22,5275,0.224691275968763,0.22549797666895,6469.1208418421,1361.638265607
2026-09-18,1.22,5300,0.223419048586488,0.22410086766057,6469.1208418421,1340.3165026497
2026-09-18,1.22,5325,0.222106431344863,0.222946717574359,6469.1208418421,1319.25747089958
2026-09-18,1.22,5350,0.220809587942789,0.221527952405736,6469.1208418421,1298.04080043735
2026-09-18,1.22,5375,0.21952705474863,0.220344547149151,6469.1208418421,1277.13940740554
2026-09-18,1.22,5400,0.218257423428032,0.21895646920488,6469.1208418421,1256.13292188708
2026-09-18,1.22,5425,0.216946235330002,0.217795072264886,6469.1208418421,1235.3891676189
2026-09-18,1.22,5450,0.215646687454482,0.216379803775973,6469.1208418421,1214.48777459346
2026-09-18,1.22,5475,0.214357471729813,0.215184389405827,6469.1208418421,1193.90165890591
2026-09-18,1.22,5500,0.213077326068386,0.213791713201863,6469.1208418421,1173.21045100052
2026-09-18,1.22,5525,0.211805031310744,0.212611081976878,6469.1208418421,1152.83452041781
2026-09-18,1.22,5550,0.210489617191012,0.211235986960336,6469.1208418421,1132.30095113177
2026-09-18,1.22,5575,0.209230143398282,0.210016445951298,6469.1208418421,1112.08265917864
2026-09-18,1.22,5600,0.207926499304144,0.208606297699278,6469.1208418421,1091.70672851549
2026-09-18,1.22,5625,0.206627360774,0.207442936250727,6469.1208418421,1071.69862174553
2026-09-18,1.22,5650,0.205331642962568,0.206042921515914,6469.1208418421,1051.53287621101
2026-09-18,1.22,5675,0.204038291001514,0.204835079373605,6469.1208418421,1031.68240793981
2026-09-18,1.22,5700,0.202746277380103,0.203441427463726,6469.1208418421,1011.72684733481
2026-09-18,1.22,5725,0.201454599325858,0.202233630432354,6469.1208418421,992.086564104292
2026-09-18,1.22,5750,0.200162277058326,0.200796892338752,6469.1208418421,972.28864227725
2026-09-18,1.22,5775,0.198823487324048,0.19958581836159,6469.1208418421,952.805997683128
2026-09-18,1.22,5800,0.197527488078576,0.198148750958146,6469.1208418421,933.218260689069
2026-09-18,1.22,5825,0.196228003212849,0.196974579910407,6469.1208418421,914.05089385143
2026-09-18,1.22,5850,0.19488062726651,0.195532805981021,6469.1208418421,894.620795672842
2026-09-18,1.22,5875,0.193571873121821,0.194303706109908,6469.1208418421,875.611067394297
2026-09-18,1.22,5900,0.192256911712172,0.192853844662596,6469.1208418421,856.443700412412
2026-09-18,1.22,5925,0.190934855807292,0.19165287175187,6469.1208418421,837.696703276459
2026-09-18,1.22,5950,0.18956295886516,0.190190762248549,6469.1208418421,818.686975100099
2026-09-18,1.22,5975,0.188224436886123,0.188971075283801,6469.1208418421,800.150163043505
2026-09-18,1.22,6000,0.18691728665353,0.187534126623986,6469.1208418421,781.508258453102
2026-09-18,1.22,6025,0.185558011169552,0.186291997986612,6469.1208418421,763.181631311153
2026-09-18,1.22,6050,0.184187203729312,0.184874805734506,6469.1208418421,744.749911909272
2026-09-18,1.22,6075,0.182844093240365,0.183646664543568,6469.1208418421,726.738562188479
2026-09-18,1.22,6100,0.181487013785914,0.182203876345691,6469.1208418421,708.569573774189
2026-09-18,1.22,6125,0.180154608849962,0.180984833012154,6469.1208418421,690.873501729951
2026-09-18,1.22,6150,0.178805866333264,0.179512526981832,6469.1208418421,672.967244376303
2026-09-18,1.22,6175,0.177439886345383,0.178297792470394,6469.1208418421,655.533903521307
2026-09-18,1.22,6200,0.176133242373921,0.17686944210073,6469.1208418421,638.048016218581
2026-09-18,1.22,6225,0.174768017484921,0.17565380507951,6469.1208418421,620.929952956663
2026-09-18,1.22,6250,0.173420552335342,0.174186406682598,6469.1208418421,603.654250571693
2026-09-18,1.22,6275,0.172051145662462,0.172965229601732,6469.1208418421,586.851464470996
2026-09-18,1.22,6300,0.170810388543098,0.171530410905748,6469.1208418421,570.101224678519
2026-09-18,1.22,6325,0.169393353015119,0.170336351755466,6469.1208418421,553.613716214528
2026-09-18,1.22,6350,0.168176645409496,0.168927832008279,6469.1208418421,537.28384631842
2026-09-18,1.22,6375,0.166782340846219,0.16771769997659,6469.1208418421,521.164161408688
2026-09-18,1.22,6400,0.165546604574166,0.166292311940308,6469.1208418421,505.149568967919
2026-09-18,1.22,6425,0.164169150546646,0.165098470341159,6469.1208418421,489.45025404016
2026-09-18,1.22,6450,0.162946403168607,0.163725020127596,6469.1208418421,473.908577753747
2026-09-18,1.22,6475,0.161429804164233,0.162650753653145,6469.1208418421,458.5710655636
2026-09-18,1.22,6500,0.160284392212078,0.161318650523915,6469.1208418421,443.595386243936
2026-09-18,1.22,6525,0.158882065760012,0.160136507063899,6469.1208418421,428.672253147918
2026-09-18,1.22,6550,0.157738331061607,0.158512637161228,6469.1208418421,413.696573724106
2026-09-18,1.22,6575,0.156519715699897,0.157367674717735,6469.1208418421,399.509087951777
2026-09-18,1.22,6600,0.155224941871206,0.156036392316524,6469.1208418421,385.163963548036
2026-09-18,1.22,6625,0.154074010814163,0.154886275730176,6469.1208418421,371.501940287685
2026-09-18,1.22,6650,0.152844293359768,0.153583897070587,6469.1208418421,357.734824537281
2026-09-18,1.22,6675,0.151645281028581,0.152460629931988,6469.1208418421,344.493171275212
2026-09-18,1.22,6700,0.150475921426093,0.151182081634296,6469.1208418421,331.304064288802
2026-09-18,1.22,6725,0.149297975174986,0.150118459885835,6469.1208418421,318.640419610408
2026-09-18,1.22,6750,0.148147606840505,0.148859149656632,6469.1208418421,305.976774923482
2026-09-18,1.22,6775,0.147024031055784,0.147814243126346,6469.1208418421,293.891139035454
2026-09-18,1.22,6800,0.145888734576463,0.146607656086725,6469.1208418421,281.805502983244
2026-09-18,1.22,6850,0.143731301530689,0.144459748433622,6469.1208418421,258.895340886336
2026-09-18,1.22,6900,0.141672142079545,0.142373488805229,6469.1208418421,237.193742362505
2026-09-18,1.22,6950,0.139710304236737,0.140385562143281,6469.1208418421,216.753253652174
2026-09-18,1.22,7000,0.137806682058395,0.138497292817582,6469.1208418421,197.521328641876
2026-09-18,1.22,7050,0.136004204713077,0.136712841220695,6469.1208418421,179.550513515621
2026-09-18,1.22,7100,0.134310127494677,0.134996807345003,6469.1208418421,162.788261854416
2026-09-18,1.22,7200,0.13120454360297,0.131893953247073,6469.1208418421,132.889449442163
2026-09-18,1.22,7300,0.12846809421584,0.129166708528402,6469.1208418421,107.509613833796
2026-09-18,1.22,7400,0.126117382923043,0.126831160040235,6469.1208418421,86.3334778850279
2026-09-18,1.22,7600,0.122609416456365,0.123298462448106,6469.1208418421,54.8582779735887
2026-09-18,1.22,7800,0.120472478182479,0.121280806659904,6469.1208418421,34.6279743653387
2026-09-18,1.22,8000,0.119723022242974,0.120678741540018,6469.1208418421,22.1745146648778
2026-09-18,1.22,8200,0.11989362380394,0.121017671070713,6469.1208418421,14.4502169297687
2026-09-18,1.22,8400,0.120619068501242,0.122343999417904,6469.1208418421,9.66850878633198
2026-09-18,1.22,8600,0.12182507055387,0.123572328474067,6469.1208418421,6.51573417813486
2026-09-18,1.22,8800,0.122800980778812,0.125173528821119,6469.1208418421,4.41388443666536
2026-09-18,1.22,9000,0.123338275906094,0.126621019033845,6469.1208418421,2.9425896249442
2026-09-18,1.22,9200,0.123921888469875,0.127756953323611,6469.1208418421,1.944211000738
2026-09-18,1.22,9400,0.123615888613669,0.129589964370576,6469.1208418421,1.28738296236624
2026-09-18,1.22,9600,0.125103461494814,0.134447293847618,6469.1208418421,1.05092486548709
2026-09-18,1.22,9800,0.127818171921304,0.13638703504371,6469.1208418421,0.788193649551102
2026-12-18,1.476,200,0.812762554142878,0.929663799342715,6513.24134592111,6313.42668240122
2026-12-18,1.476,400,0.772903410853772,0.789954898956481,6513.24134592111,6113.90326192237
2026-12-18,1.476,600,0.666244652841329,0.711396370045012,6513.24134592111,5914.27393488197
2026-12-18,1.476,800,0.621106701167375,0.648119283598885,6513.24134592111,5714.90937424468
2026-12-18,1.476,1000,0.581537838901165,0.599501272975758,6513.24134592111,5515.70367344597
2026-12-18,1.476,1200,0.550817170755085,0.562168790223741,6513.24134592111,5316.84216896933
2026-12-18,1.476,1400,0.523614763246036,0.531719376325877,6513.24134592111,5118.32486080624
2026-12-18,1.476,1600,0.500797157605525,0.504775769244953,6513.24134592111,4920.23117888924
2026-12-18,1.476,1800,0.475590726877928,0.480232816794042,6513.24134592111,4722.24340352837
2026-12-18,1.476,2000,0.453777958632565,0.457449168629793,6513.24134592111,4524.67925440939
2026-12-18,1.476,2200,0.433049021690012,0.436504046979418,6513.24134592111,4327.48577826839
2026-12-18,1.476,2400,0.413625829847118,0.41646129235721,6513.24134592111,4130.66297506094
2026-12-18,1.476,2500,0.404100949841002,0.406687122618204,6513.24134592111,4032.35748003511
2026-12-18,1.476,2600,0.395154069288407,0.397512429504405,6513.24134592111,3934.26379809536
2026-12-18,1.476,2700,0.386042792984614,0.388512318482462,6513.24134592111,3836.22306947443
2026-12-18,1.476,2800,0.377113406744506,0.379666235263154,6513.24134592111,3738.28824738331
2026-12-18,1.476,2900,0.368343188771088,0.370697891363193,6513.24134592111,3640.4063785866
2026-12-18,1.476,3000,0.359712755622237,0.361889800720721,6513.24134592111,3542.63041637318
2026-12-18,1.476,3100,0.351431214972842,0.353444684466072,6513.24134592111,3445.06626726127
2026-12-18,1.476,3200,0.34322519396135,0.345297547051955,6513.24134592111,3347.66097797503
2026-12-18,1.476,3300,0.335474214103908,0.337393983232906,6513.24134592111,3250.5204550849
2026-12-18,1.476,3400,0.327728439175505,0.329688473599459,6513.24134592111,3153.53879207554
2026-12-18,1.476,3500,0.320322589274319,0.322142872925187,6513.24134592111,3056.82189541359
2026-12-18,1.476,3600,0.313032129803568,0.314877943043474,6513.24134592111,2960.36976521804
2026-12-18,1.476,3700,0.306119181210838,0.30797698406474,6513.24134592111,2864.34126121362
2026-12-18,1.476,3800,0.299501843279957,0.301228917548214,6513.24134592111,2768.68343016369
2026-12-18,1.476,3850,0.296153132973536,0.297947545647435,6513.24134592111,2720.96042123275
2026-12-18,1.476,3900,0.292986994342509,0.294717693638368,6513.24134592111,2673.39627208517
2026-12-18,1.476,3950,0.289862846718064,0.291532479192707,6513.24134592111,2625.93802956967
2026-12-18,1.476,4000,0.286774450966548,0.288500030462073,6513.24134592111,2578.63864678663
2026-12-18,1.476,4050,0.283827728296119,0.285381795135266,6513.24134592111,2531.4451706648
2026-12-18,1.476,4100,0.280898059597223,0.282397676953084,6513.24134592111,2484.41055431652
2026-12-18,1.476,4125,0.279398635636316,0.281081768068234,6513.24134592111,2460.99915274883
2026-12-18,1.476,4150,0.277877324576271,0.279428931268629,6513.24134592111,2437.42889128286
2026-12-18,1.476,4175,0.276437096351321,0.278163927602593,6513.24134592111,2414.12339629246
2026-12-18,1.476,4200,0.275073424297195,0.276471612766646,6513.24134592111,2390.65904138012
2026-12-18,1.476,4225,0.273584821868047,0.275350098697275,6513.24134592111,2367.45945291871
2026-12-18,1.476,4250,0.272171122948711,0.273618194357316,6513.24134592111,2343.99509808432
2026-12-18,1.476,4275,0.270828145173231,0.272532882251612,6513.24134592111,2320.95436944802
2026-12-18,1.476,4300,0.269364743314317,0.270762870374687,6513.24134592111,2297.49001447938
2026-12-18,1.476,4325,0.268062592392201,0.269618678746144,6513.24134592111,2274.50223918163
2026-12-18,1.476,4350,0.266641917866782,0.267992777396107,6513.24134592111,2251.19674413792
2026-12-18,1.476,4375,0.265286037344626,0.266878505523907,6513.24134592111,2228.26192208732
2026-12-18,1.476,4400,0.263903937909208,0.26529662298984,6513.24134592111,2205.06233362098
2026-12-18,1.476,4425,0.262582437450932,0.26412212932614,6513.24134592111,2182.18046475252
2026-12-18,1.476,4450,0.261233632943075,0.262580210425825,6513.24134592111,2159.08678290353
2026-12-18,1.476,4475,0.25994151192853,0.261430415291285,6513.24134592111,2136.31082060542
2026-12-18,1.476,4500,0.258621160926039,0.25992341385708,6513.24134592111,2113.32304523317
2026-12-18,1.476,4525,0.257273522899707,0.258793962882106,6513.24134592111,2090.60003637222
2026-12-18,1.476,4550,0.256057514077052,0.257238731889741,6513.24134592111,2067.71816748508
2026-12-18,1.476,4575,0.25473312564568,0.256126997726037,6513.24134592111,2045.1010651027
2026-12-18,1.476,4600,0.253458028480203,0.254677437939927,6513.24134592111,2022.32510296963
2026-12-18,1.476,4625,0.252154180950291,0.253578400613299,6513.24134592111,1999.81390705771
2026-12-18,1.476,4650,0.250970493095512,0.252077268112025,6513.24134592111,1977.143851355
2026-12-18,1.476,4675,0.249682309829228,0.250988858922202,6513.24134592111,1954.73856202259
2026-12-18,1.476,4700,0.2484373923173,0.249509495358514,6513.24134592111,1932.12145978561
2026-12-18,1.476,4725,0.247162697657799,0.248428598740447,6513.24134592111,1909.82207692889
2026-12-18,1.476,4750,0.245928548272102,0.247036575189882,6513.24134592111,1887.3638343566
2026-12-18,1.476,4775,0.244664221124605,0.245959227929458,6513.24134592111,1865.17035834313
2026-12-18,1.476,4800,0.243437897176841,0.244579096931613,6513.24134592111,1842.81802217315
2026-12-18,1.476,4825,0.24218106703055,0.24350279668149,6513.24134592111,1820.73045276227
2026-12-18,1.476,4850,0.241025114107561,0.242066768721351,6513.24134592111,1798.48402328727
2026-12-18,1.476,4875,0.239772159136296,0.241054178211289,6513.24134592111,1776.55531341983
2026-12-18,1.476,4900,0.238615913719812,0.23968954543972,6513.24134592111,1754.46774391763
2026-12-18,1.476,4925,0.237364480587841,0.238608642273291,6513.24134592111,1732.59198742725
2026-12-18,1.476,4950,0.236205818243756,0.237248015498465,6513.24134592111,1710.61032431566
2026-12-18,1.476,4975,0.234953726492102,0.236222072442028,6513.24134592111,1688.89342768869
2026-12-18,1.476,5000,0.233909958503663,0.234981173587009,6513.24134592111,1667.22948431111
2026-12-18,1.476,5025,0.232594700671501,0.233826710780141,6513.24134592111,1645.45963439804
2026-12-18,1.476,5050,0.231482538972528,0.232465855831283,6513.24134592111,1623.74273787555
2026-12-18,1.476,5075,0.230278694532371,0.23147589893361,6513.24134592111,1602.34356085513
2026-12-18,1.476,5100,0.229099091545715,0.23011123181952,6513.24134592111,1580.67961752762
2026-12-18,1.476,5125,0.227942153021508,0.2291062730614,6513.24134592111,1559.43930035279
2026-12-18,1.476,5150,0.226806364105375,0.227790656379008,6513.24134592111,1537.98717015526
2026-12-18,1.476,5175,0.225636254788215,0.226768740856149,6513.24134592111,1516.85275965509
2026-12-18,1.476,5200,0.224485915994121,0.225443762781172,6513.24134592111,1495.50653589837
2026-12-18,1.476,5225,0.22330138732968,0.224403829513434,6513.24134592111,1474.47803198205
2026-12-18,1.476,5250,0.222187192291593,0.223119788158781,6513.24134592111,1453.34362139963
2026-12-18,1.476,5275,0.22103756581375,0.222111175705785,6513.24134592111,1432.52693047495
2026-12-18,1.476,5300,0.219903813583672,0.220812326467715,6513.24134592111,1411.49842655475
2026-12-18,1.476,5325,0.218734828110925,0.219781096700476,6513.24134592111,1390.78764213915
2026-12-18,1.476,5350,0.217580587220763,0.218466261455932,6513.24134592111,1369.86504479927
2026-12-18,1.476,5375,0.216439919047454,0.217460138399074,6513.24134592111,1349.36607353555
2026-12-18,1.476,5400,0.21526365456119,0.216175516568523,6513.24134592111,1328.6023358805
2026-12-18,1.476,5425,0.214147377435071,0.21514280250593,6513.24134592111,1308.26222462812
2026-12-18,1.476,5450,0.212994516794069,0.213837642102226,6513.24134592111,1287.65734699454
2026-12-18,1.476,5475,0.211852064119395,0.212823911886163,6513.24134592111,1267.47609529283
2026-12-18,1.476,5500,0.210673224671732,0.211542379136177,6513.24134592111,1247.03007746369
2026-12-18,1.476,5525,0.209549117160029,0.210543734890631,6513.24134592111,1227.06063915292
2026-12-18,1.476,5550,0.208387734189873,0.209237092810918,6513.24134592111,1206.77348104493
2026-12-18,1.476,5575,0.207233907156181,0.208206258128177,6513.24134592111,1186.90994923209
2026-12-18,1.476,5600,0.206086715068236,0.206917301718637,6513.24134592111,1166.83460422942
2026-12-18,1.476,5625,0.204901995919225,0.205896437717172,6513.24134592111,1147.12993221461
2026-12-18,1.476,5650,0.203765888607187,0.204578692089582,6513.24134592111,1127.21344710318
2026-12-18,1.476,5675,0.202591451550437,0.203564931896574,6513.24134592111,1107.72058822433
2026-12-18,1.476,5700,0.201421101835637,0.202258947272392,6513.24134592111,1087.9629630235
2026-12-18,1.476,5725,0.200254009130503,0.201249109111576,6513.24134592111,1068.68191716097
2026-12-18,1.476,5750,0.199089363911991,0.199951462007223,6513.24134592111,1049.13610496631
2026-12-18,1.476,5775,0.197926375865586,0.198901909632481,6513.24134592111,1030.01391904667
2026-12-18,1.476,5800,0.196764272430107,0.197609720223935,6513.24134592111,1010.67992017807
2026-12-18,1.476,5825,0.195562398173753,0.1965593564344,6513.24134592111,991.716594035863
2026-12-18,1.476,5850,0.194400177595356,0.195269453568293,6513.24134592111,972.594408013732
2026-12-18,1.476,5875,0.193236601942614,0.194254569530872,6513.24134592111,953.948801821697
2026-12-18,1.476,5900,0.192032128859719,0.19292475847381,6513.24134592111,934.932522366517
2026-12-18,1.476,5925,0.190864034837298,0.191902792019247,6513.24134592111,916.498729112795
2026-12-18,1.476,5950,0.189692447918665,0.190569911672224,6513.24134592111,897.747216009555
2026-12-18,1.476,5975,0.188516674268502,0.189538226575557,6513.24134592111,879.525236027056
2026-12-18,1.476,6000,0.187298479457142,0.188236844140084,6513.24134592111,860.985536147341
2026-12-18,1.476,6025,0.18611256050272,0.187192553446851,6513.24134592111,842.975369053995
2026-12-18,1.476,6050,0.184957353656425,0.185881373206855,6513.24134592111,824.75338901509
2026-12-18,1.476,6075,0.183757962247847,0.184858624586849,6513.24134592111,807.007988413857
2026-12-18,1.476,6100,0.182623823809939,0.183534556297612,6513.24134592111,789.050774591497
2026-12-18,1.476,6125,0.181371813694529,0.182493368363743,6513.24134592111,771.464233856832
2026-12-18,1.476,6150,0.180255079201715,0.181189532184325,6513.24134592111,753.824739737909
2026-12-18,1.476,6175,0.179020113308054,0.180162884378633,6513.24134592111,736.555918657083
2026-12-18,1.476,6200,0.177916750279105,0.178839598691397,6513.24134592111,719.181191069146
2026-12-18,1.476,6225,0.176624152980375,0.177823911533775,6513.24134592111,702.124182987863
2026-12-18,1.476,6250,0.175565784327792,0.176513238136986,6513.24134592111,685.120128299354
2026-12-18,1.476,6275,0.174283143886018,0.175504836395723,6513.24134592111,668.380839941016
2026-12-18,1.476,6300,0.173230322132482,0.174168068067989,6513.24134592111,651.641551682157
2026-12-18,1.476,6325,0.171919108132043,0.173163562893066,6513.24134592111,635.167029699903
2026-12-18,1.476,6350,0.170868358280197,0.171866432672743,6513.24134592111,618.798414465458
2026-12-18,1.476,6375,0.169593967028128,0.170862177208685,6513.24134592111,602.694565499586
2026-12-18,1.476,6400,0.168541552582699,0.169497672493969,6513.24134592111,586.537763315931
2026-12-18,1.476,6425,0.167265407970364,0.168558555622529,6513.24134592111,570.85754039353
2026-12-18,1.476,6450,0.166241721042864,0.167225552166303,6513.24134592111,555.124364604195
2026-12-18,1.476,6475,0.164959885613041,0.166245522148641,6513.24134592111,539.708908271804
2026-12-18,1.476,6500,0.1639272038557,0.164906019661556,6513.24134592111,524.293452088757
2026-12-18,1.476,6525,0.162603115630339,0.164051569325372,6513.24134592111,509.357601016693
2026-12-18,1.476,6550,0.161459025283126,0.16287151086377,6513.24134592111,494.371822779578
2026-12-18,1.476,6575,0.160357802113311,0.161802162791148,6513.24134592111,479.809670897727
2026-12-18,1.476,6600,0.15926482653249,0.160573767814809,6513.24134592111,465.194565470238
2026-12-18,1.476,6625,0.158145635385347,0.159319870752551,6513.24134592111,450.685366787317
2026-12-18,1.476,6650,0.157066431446059,0.15803941688156,6513.24134592111,436.387981067384
2026-12-18,1.476,6675,0.155959207939519,0.157100511449447,6513.24134592111,422.778988128997
2026-12-18,1.476,6700,0.154890209258381,0.15583100876778,6513.24134592111,408.905228828264
2026-12-18,1.476,6725,0.153791387445617,0.154901761878362,6513.24134592111,395.719862052182
2026-12-18,1.476,6750,0.152729142890414,0.153673093034978,6513.24134592111,382.322682043193
2026-12-18,1.476,6800,0.150644185512915,0.15155929157871,6513.24134592111,356.746247866144
2026-12-18,1.476,6850,0.148595976814538,0.149483767334739,6513.24134592111,332.122972766568
2026-12-18,1.476,6900,0.146579279124434,0.147510136910868,6513.24134592111,308.558762992987
2026-12-18,1.476,6950,0.14465917297308,0.145566305171406,6513.24134592111,286.053619123495
2026-12-18,1.476,7000,0.142763665379227,0.14368389066328,6513.24134592111,264.554587363079
2026-12-18,1.476,7050,0.140961689347388,0.141897477613739,6513.24134592111,244.220527624815
2026-12-18,1.476,7100,0.139255038110077,0.140172363488464,6513.24134592111,224.998487163546
2026-12-18,1.476,7150,0.137610032132614,0.138510171699116,6513.24134592111,206.835512048163
2026-12-18,1.476,7200,0.136030086458464,0.136952582132331,6513.24134592111,189.784555871856
2026-12-18,1.476,7250,0.134560130416932,0.135468528340845,6513.24134592111,173.845618527155
2026-12-18,1.476,7300,0.13312995494606,0.134025293544689,6513.24134592111,158.859840210852
2026-12-18,1.476,7400,0.130505755831579,0.131420507994795,6513.24134592111,132.012527226689
2026-12-18,1.476,7500,0.128169967527849,0.129065528334224,6513.24134592111,108.92489708732
2026-12-18,1.476,7600,0.126113660688647,0.127041285330555,6513.24134592111,89.3851367920583
2026-12-18,1.476,7700,0.124345012035141,0.125312282642493,6513.24134592111,73.0225732794179
2026-12-18,1.476,7800,0.122889390648743,0.123903093216167,6513.24134592111,59.5194868125418
2026-12-18,1.476,7900,0.12178846753942,0.122712469482032,6513.24134592111,48.4522513051556
2026-12-18,1.476,8000,0.121096515239169,0.12197683160467,6513.24134592111,39.6620067306823
2026-12-18,1.476,8200,0.120230434866816,0.121258512980255,6513.24134592111,26.6884531622912
2026-12-18,1.476,8400,0.120213933722543,0.121802466481869,6513.24134592111,18.4277414569796
2026-12-18,1.476,8600,0.121099890264868,0.122966171937696,6513.24134592111,13.0794601873071
2026-12-18,1.476,8800,0.122280929234518,0.124452763874235,6513.24134592111,9.42568387089355
2026-12-18,1.476,9000,0.123497769553608,0.125738868981506,6513.24134592111,6.77801985301189
2026-12-18,1.476,9200,0.12395522748974,0.126908288246846,6513.24134592111,4.76579521411961
2026-12-18,1.476,9400,0.124191096136734,0.127893786437694,6513.24134592111,3.30958000174508
2026-12-18,1.476,9600,0.125969250101267,0.128549679674086,6513.24134592111,2.38289760621819
2026-12-18,1.476,10000,0.122422103912509,0.133323245998768,6513.24134592111,1.16497216679909
2026-12-18,1.476,11000,0.120567413567756,0.152217331950194,6513.24134592111,0.556009438936481
2026-12-18,1.476,12000,0.159344240699465,0.16105961493684,6513.24134592111,0.39714959909367
2027-06-17,1.968,200,NA,0.867024614727068,6604.20068866557,NA
2027-06-17,1.968,400,NA,0.738984470391939,6604.20068866557,NA
2027-06-17,1.968,600,0.572306173438536,0.650310345684194,6604.20068866557,6005.60796319235
2027-06-17,1.968,800,0.546089061121117,0.589934712937488,6604.20068866557,5806.44691531515
2027-06-17,1.968,1000,0.517841678833299,0.547239810715777,6604.20068866557,5607.61062310059
2027-06-17,1.968,1200,0.492824263514679,0.513152239604377,6604.20068866557,5409.12614951408
2027-06-17,1.968,1400,0.470513679197009,0.486090384533424,6604.20068866557,5211.12880942051
2027-06-17,1.968,1600,0.453774492948434,0.462345653381697,6604.20068866557,5013.83510657471
2027-06-17,1.968,1800,0.433047006686311,0.440308566053418,6604.20068866557,4816.5955297038
2027-06-17,1.968,2000,0.413848395424248,0.420105044345593,6604.20068866557,4619.78896034431
2027-06-17,1.968,2200,0.396164923754982,0.401615169999364,6604.20068866557,4423.52365045377
2027-06-17,1.968,2400,0.379545680649042,0.384345004009197,6604.20068866557,4227.79959997884
2027-06-17,1.968,2500,0.371437394811316,0.375827866979142,6604.20068866557,4130.07288958244
2027-06-17,1.968,2600,0.363194286206597,0.368221843405902,6604.20068866557,4032.56268298111
2027-06-17,1.968,2700,0.355342004355447,0.360200195742428,6604.20068866557,3935.10660234175
2027-06-17,1.968,2800,0.347810204572058,0.352291046607277,6604.20068866557,3837.81289948991
2027-06-17,1.968,2900,0.340340663557262,0.344679925643651,6604.20068866557,3740.68157449587
2027-06-17,1.968,3000,0.333117502037829,0.337316922110624,6604.20068866557,3643.76675327398
2027-06-17,1.968,3100,0.326097763051044,0.330160520121645,6604.20068866557,3547.06843582586
2027-06-17,1.968,3200,0.319245832239577,0.323176071857595,6604.20068866557,3450.58662213034
2027-06-17,1.968,3300,0.312680392986761,0.316478585324577,6604.20068866557,3354.42956408797
2027-06-17,1.968,3400,0.306345539017077,0.310014065932176,6604.20068866557,3258.59726176837
2027-06-17,1.968,3500,0.3001947239924,0.303862152819975,6604.20068866557,3163.14384095866
2027-06-17,1.968,3600,0.294427846117027,0.297843361501397,6604.20068866557,3068.12342780424
2027-06-17,1.968,3650,0.291676841467728,0.29486038739079,6604.20068866557,3020.77559899548
2027-06-17,1.968,3700,0.288852770924473,0.292036763009255,6604.20068866557,2973.53602214489
2027-06-17,1.968,3750,0.286176344986238,0.289250823431549,6604.20068866557,2926.45882304847
2027-06-17,1.968,3800,0.283527940798043,0.286497783405867,6604.20068866557,2879.48987589055
2027-06-17,1.968,3850,0.280903374247703,0.283773271973433,6604.20068866557,2832.62918061154
2027-06-17,1.968,3900,0.278298841028019,0.281168108801339,6604.20068866557,2785.93086316699
2027-06-17,1.968,3950,0.275710877783167,0.27876086171717,6604.20068866557,2739.44904944013
2027-06-17,1.968,4000,0.273226538872174,0.275998904423356,6604.20068866557,2692.91310979747
2027-06-17,1.968,4050,0.270746836201374,0.27342925447278,6604.20068866557,2646.59367401054
2027-06-17,1.968,4100,0.26826954245462,0.27094934574686,6604.20068866557,2600.43661598763
2027-06-17,1.968,4150,0.265874305793684,0.268468592136741,6604.20068866557,2554.44193576818
2027-06-17,1.968,4200,0.263551461564069,0.266141187482412,6604.20068866557,2508.71788536921
2027-06-17,1.968,4225,0.261927734561206,0.264866882523201,6604.20068866557,2485.50404148426
2027-06-17,1.968,4250,0.261139069213714,0.263724489074822,6604.20068866557,2462.99383479179
2027-06-17,1.968,4275,0.259637176374869,0.262558939600298,6604.20068866557,2439.99649467965
2027-06-17,1.968,4300,0.258865895036347,0.261371033727371,6604.20068866557,2417.5404140491
2027-06-17,1.968,4325,0.257329253242571,0.260233612231868,6604.20068866557,2394.59719991394
2027-06-17,1.968,4350,0.256573319518002,0.259002137779229,6604.20068866557,2372.19524524888
2027-06-17,1.968,4375,0.255074273470333,0.257890344680268,6604.20068866557,2349.3602828622
2027-06-17,1.968,4400,0.254330576014722,0.256685985829908,6604.20068866557,2327.06658008232
2027-06-17,1.968,4425,0.252865227109551,0.255664266321346,6604.20068866557,2304.39399560675
2027-06-17,1.968,4450,0.252063366958446,0.254415839032985,6604.20068866557,2282.10029283794
2027-06-17,1.968,4475,0.250629020326592,0.253411270266192,6604.20068866557,2259.53596021665
2027-06-17,1.968,4500,0.249902722887058,0.252185499291207,6604.20068866557,2237.40463534862
2027-06-17,1.968,4525,0.248430400849629,0.251195312473273,6604.20068866557,2214.89442858723
2027-06-17,1.968,4550,0.247709674901878,0.249926256389884,6604.20068866557,2192.8172295563
2027-06-17,1.968,4575,0.24626372995703,0.249010926370114,6604.20068866557,2170.46940086742
2027-06-17,1.968,4600,0.245546390385472,0.247760697409128,6604.20068866557,2148.50045368078
2027-06-17,1.968,4625,0.244245804667358,0.246853083833445,6604.20068866557,2126.36912861211
2027-06-17,1.968,4650,0.243467924617357,0.245559615602589,6604.20068866557,2104.40018153192
2027-06-17,1.968,4675,0.242124445091839,0.244658534672691,6604.20068866557,2082.32298230456
2027-06-17,1.968,4700,0.241347946746189,0.243381369534541,6604.20068866557,2060.46228707621
2027-06-17,1.968,4725,0.240020865046347,0.242541876675463,6604.20068866557,2038.54746585472
2027-06-17,1.968,4750,0.239244034189433,0.241277945194541,6604.20068866557,2016.79502255285
2027-06-17,1.968,4775,0.237931025064731,0.24043886837472,6604.20068866557,1994.98845317714
2027-06-17,1.968,4800,0.237207464694932,0.239186061396432,6604.20068866557,1973.39838759746
2027-06-17,1.968,4825,0.235851196655274,0.23834587586619,6604.20068866557,1951.64594421421
2027-06-17,1.968,4850,0.235176505982386,0.237102231210287,6604.20068866557,1930.21825642115
2027-06-17,1.968,4875,0.233830955864851,0.236312101212527,6604.20068866557,1908.62819089277
2027-06-17,1.968,4900,0.233095760365712,0.235075139378174,6604.20068866557,1887.25462909079
2027-06-17,1.968,4925,0.231811297151037,0.234279135063275,6604.20068866557,1865.82694127485
2027-06-17,1.968,4950,0.231119100233091,0.23304719975148,6604.20068866557,1844.61575746983
2027-06-17,1.968,4975,0.229789428874414,0.232244243695639,6604.20068866557,1823.24219551562
2027-06-17,1.968,5000,0.22908702815351,0.231015781926009,6604.20068866557,1802.13926349572
2027-06-17,1.968,5025,0.227811767133468,0.23035082619337,6604.20068866557,1781.09045735347
2027-06-17,1.968,5050,0.227097631166047,0.22897842240803,6604.20068866557,1759.93339926607
2027-06-17,1.968,5075,0.225824414108018,0.228348474508894,6604.20068866557,1739.04697094653
2027-06-17,1.968,5100,0.22514496146639,0.227026650852581,6604.20068866557,1718.10641684757
2027-06-17,1.968,5125,0.223871867663083,0.226242229716685,6604.20068866557,1697.1658624551
2027-06-17,1.968,5150,0.223177484756431,0.225014168124723,6604.20068866557,1676.44181215302
2027-06-17,1.968,5175,0.221903245571876,0.224262783910931,6604.20068866557,1655.66363566285
2027-06-17,1.968,5200,0.221238310939515,0.223076599529575,6604.20068866557,1635.15608901307
2027-06-17,1.968,5225,0.219961221907881,0.222266000953375,6604.20068866557,1614.43203854513
2027-06-17,1.968,5250,0.219278665342736,0.221118542274344,6604.20068866557,1594.08686961811
2027-06-17,1.968,5275,0.218041034993397,0.220336593799883,6604.20068866557,1573.57932295294
2027-06-17,1.968,5300,0.217339906691961,0.219138487470938,6604.20068866557,1553.28828001164
2027-06-17,1.968,5325,0.216095795356137,0.218382722112028,6604.20068866557,1532.94311117355
2027-06-17,1.968,5350,0.215417679016885,0.21721856903929,6604.20068866557,1512.86857182006
2027-06-17,1.968,5375,0.214165681561641,0.216568371713556,6604.20068866557,1492.79403273512
2027-06-17,1.968,5400,0.213466853190406,0.215270171054348,6604.20068866557,1472.66536784967
2027-06-17,1.968,5425,0.21224669561672,0.214477177094152,6604.20068866557,1452.59082856388
2027-06-17,1.968,5450,0.211566589012023,0.213332160372016,6604.20068866557,1432.84104514902
2027-06-17,1.968,5475,0.21033508239965,0.21255916991105,6604.20068866557,1412.92888370986
2027-06-17,1.968,5500,0.209631963832768,0.211400895229987,6604.20068866557,1393.28735217221
2027-06-17,1.968,5525,0.208427302593609,0.210800901866272,6604.20068866557,1373.80819830769
2027-06-17,1.968,5550,0.207739110362733,0.209472933809273,6604.20068866557,1354.1125407285
2027-06-17,1.968,5575,0.206520006638748,0.208694894124762,6604.20068866557,1334.52513515106
2027-06-17,1.968,5600,0.205806785841276,0.207582748432895,6604.20068866557,1315.26248525234
2027-06-17,1.968,5625,0.204572520913372,0.206780997712192,6604.20068866557,1295.78333144755
2027-06-17,1.968,5650,0.203908308783602,0.20565104673341,6604.20068866557,1276.73718508726
2027-06-17,1.968,5675,0.202694270290269,0.20486200521891,6604.20068866557,1257.47453513035
2027-06-17,1.968,5700,0.20200216155693,0.203749688251001,6604.20068866557,1238.59076678284
2027-06-17,1.968,5725,0.200769863320369,0.202935035656737,6604.20068866557,1219.43636864132
2027-06-17,1.968,5750,0.200085516142054,0.201838159580559,6604.20068866557,1200.76910406295
2027-06-17,1.968,5775,0.198869466865076,0.200997303498062,6604.20068866557,1181.77708371191
2027-06-17,1.968,5800,0.198155629357436,0.19991376934536,6604.20068866557,1163.27219707553
2027-06-17,1.968,5825,0.196953636357453,0.199080938789632,6604.20068866557,1144.49668032247
2027-06-17,1.968,5850,0.196244437563831,0.198008451432337,6604.20068866557,1126.20829730188
2027-06-17,1.968,5875,0.195019771806807,0.197147340102477,6604.20068866557,1107.54103261016
2027-06-17,1.968,5900,0.194347665699583,0.196083980870567,6604.20068866557,1089.52327930218
2027-06-17,1.968,5925,0.193132931479183,0.195227742104002,6604.20068866557,1071.0725187186
2027-06-17,1.968,5950,0.192427692989291,0.19417140067873,6604.20068866557,1053.2171429552
2027-06-17,1.968,5975,0.191220923323134,0.193284880104171,6604.20068866557,1034.9287602453
2027-06-17,1.968,6000,0.190515155434565,0.192266802794472,6604.20068866557,1017.34401414401
2027-06-17,1.968,6025,0.189281358496255,0.191644335743917,6604.20068866557,999.651016642655
2027-06-17,1.968,6050,0.188606230247276,0.190366434278856,6604.20068866557,981.903892960889
2027-06-17,1.968,6075,0.187376606361696,0.189416699602469,6604.20068866557,963.886139669128
2027-06-17,1.968,6100,0.186697224442376,0.188434511972336,6604.20068866557,946.842653574195
2027-06-17,1.968,6125,0.185469720334287,0.187483956713449,6604.20068866557,929.041403993435
2027-06-17,1.968,6150,0.184752764205696,0.186500466541384,6604.20068866557,912.160295406821
2027-06-17,1.968,6175,0.183525557247716,0.185547335739021,6604.20068866557,894.575549537593
2027-06-17,1.968,6200,0.182864694532273,0.184592179746616,6604.20068866557,878.073322734886
2027-06-17,1.968,6225,0.18163543502665,0.18363457772278,6604.20068866557,860.705080936523
2027-06-17,1.968,6250,0.180934202242462,0.182674110135797,6604.20068866557,844.365231617766
2027-06-17,1.968,6275,0.179701115292096,0.181710359200182,6604.20068866557,827.213493414468
2027-06-17,1.968,6300,0.179020401727014,0.180835175149662,6604.20068866557,811.306652114437
2027-06-17,1.968,6325,0.177781383998078,0.179801946531347,6604.20068866557,794.263165609496
2027-06-17,1.968,6350,0.177119005846183,0.178917122710103,6604.20068866557,778.626953750724
2027-06-17,1.968,6375,0.175871982526603,0.178178290687349,6604.20068866557,762.34123062563
2027-06-17,1.968,6400,0.175195645595545,0.176948572796396,6604.20068866557,746.326137452699
2027-06-17,1.968,6425,0.173968778424786,0.176287007077929,6604.20068866557,730.473421524706
2027-06-17,1.968,6450,0.173276961748385,0.175046850807145,6604.20068866557,714.674832194202
2027-06-17,1.968,6475,0.172067735718937,0.174100702013708,6604.20068866557,698.605612889993
2027-06-17,1.968,6500,0.171388716724384,0.173176886190092,6604.20068866557,683.673038236211
2027-06-17,1.968,6525,0.170164884792103,0.172512479646734,6604.20068866557,668.361582171858
2027-06-17,1.968,6550,0.16949679006583,0.171304680723613,6604.20068866557,653.212503858076
2027-06-17,1.968,6575,0.168256291825038,0.17065116847159,6604.20068866557,638.171677301195
2027-06-17,1.968,6600,0.167597305870102,0.169485502290706,6604.20068866557,623.401480663104
2027-06-17,1.968,6625,0.16613598100605,0.168874585531825,6604.20068866557,608.321477468508
2027-06-17,1.968,6650,0.165189001298254,0.167923191063987,6604.20068866557,593.707472807479
2027-06-17,1.968,6675,0.164348102724165,0.16696120338394,6604.20068866557,579.41822342197
2027-06-17,1.968,6700,0.163407156240423,0.166017498584666,6604.20068866557,565.128974533378
2027-06-17,1.968,6725,0.162365971653495,0.165062224430709,6604.20068866557,550.785599600621
2027-06-17,1.968,6750,0.161429228490466,0.164124207247502,6604.20068866557,536.821106255392
2027-06-17,1.968,6775,0.160567000010074,0.163202940628395,6604.20068866557,523.181368508343
2027-06-17,1.968,6800,0.15995458338529,0.161917161047469,6604.20068866557,509.487504904762
2027-06-17,1.968,6825,0.158742003721459,0.161320877985579,6604.20068866557,496.118396642325
2027-06-17,1.968,6850,0.158130193620502,0.160036518526059,6604.20068866557,482.749288858605
2027-06-17,1.968,6875,0.156916496951659,0.159470844544738,6604.20068866557,469.759062200143
2027-06-17,1.968,6900,0.156303806896388,0.158214977589716,6604.20068866557,456.768835846653
2027-06-17,1.968,6950,0.154530710886549,0.156390333894007,6604.20068866557,431.546146408274
2027-06-17,1.968,7000,0.152778386862584,0.154618282566163,6604.20068866557,407.13534572634
2027-06-17,1.968,7050,0.151043858375752,0.152866475571746,6604.20068866557,383.482308702989
2027-06-17,1.968,7100,0.14935450034346,0.151162286227454,6604.20068866557,360.695286426627
2027-06-17,1.968,7150,0.147708654720488,0.149504075405555,6604.20068866557,338.774279445152
2027-06-17,1.968,7200,0.146105183983623,0.147890729011419,6604.20068866557,317.719287498061
2027-06-17,1.968,7300,0.14299194491139,0.144765414177854,6604.20068866557,278.099097008408
2027-06-17,1.968,7400,0.140080109148049,0.141851778924676,6604.20068866557,242.051218623236
2027-06-17,1.968,7500,0.137388348256027,0.139168612830345,6604.20068866557,209.575652769809
2027-06-17,1.968,7600,0.134916694395058,0.13668021640883,6604.20068866557,180.510021120518
2027-06-17,1.968,7700,0.132641156113544,0.134394588120334,6604.20068866557,154.691946130089
2027-06-17,1.968,7800,0.130585649338641,0.132374734119817,6604.20068866557,132.067301795104
2027-06-17,1.968,8000,0.127092029896224,0.128934538105144,6604.20068866557,95.20753427669
2027-06-17,1.968,8200,0.124458016242518,0.126536533524413,6604.20068866557,68.2528146334407
2027-06-17,1.968,8400,0.122722791592061,0.125099280729569,6604.20068866557,49.0922305587615
2027-06-17,1.968,8600,0.121777227931136,0.124592170640045,6604.20068866557,35.723122685394
2027-06-17,1.968,8800,0.121441328982306,0.124883356792068,6604.20068866557,26.4134602988771
2027-06-17,1.968,9000,0.121760421924239,0.125475447883738,6604.20068866557,19.81009527571
2027-06-17,1.968,9200,0.122746263249248,0.126646619927268,6604.20068866557,15.2635159940489
2027-06-17,1.968,9400,0.12379546710562,0.127974021332688,6604.20068866557,11.8535815819376
2027-06-17,1.968,9600,0.125031054220541,0.129618684030471,6604.20068866557,9.36378817942207
2027-06-17,1.968,9800,0.126503129603007,0.130727281383328,6604.20068866557,7.36112829574689
2027-06-17,1.968,10000,0.127046903533987,0.13249509126444,6604.20068866557,5.79147593114401
2027-06-17,1.968,10200,0.127246667133069,0.133949149629624,6604.20068866557,4.49245330004852
2027-06-17,1.968,10400,0.127359426286194,0.135588795409113,6604.20068866557,3.51818631188441
2027-12-17,2.476,400,0.554870463987618,0.673513318490719,6700.9769520766,6302.01865137827
2027-12-17,2.476,800,0.504790623112422,0.541456247323365,6700.9769520766,5903.82791858263
2027-12-17,2.476,1200,0.457942944071798,0.474403007560554,6700.9769520766,5507.33680044412
2027-12-17,2.476,1400,0.442731135576726,0.452085541205616,6700.9769520766,5310.3522457892
2027-12-17,2.476,1600,0.422731134772496,0.429897886665662,6700.9769520766,5113.31286486469
2027-12-17,2.476,1800,0.404120644112034,0.410622147633545,6700.9769520766,4916.82174672318
2027-12-17,2.476,2000,0.387350306287492,0.392916953592822,6700.9769520766,4720.93371765414
2027-12-17,2.476,2200,0.371241665439692,0.376098427246521,6700.9769520766,4525.48429880309
2027-12-17,2.476,2300,0.36368328803833,0.368362054892624,6700.9769520766,4428.06113389572
2027-12-17,2.476,2400,0.356221222487906,0.360502459830957,6700.9769520766,4330.69279529177
2027-12-17,2.476,2500,0.348632882111013,0.353430888959397,6700.9769520766,4233.54376182642
2027-12-17,2.476,2600,0.341584308358684,0.346197507193342,6700.9769520766,4136.55920714028
2027-12-17,2.476,2700,0.336651127169034,0.339037074469364,6700.9769520766,4040.2873941256
2027-12-17,2.476,2800,0.327837242827033,0.332117805252255,6700.9769520766,3943.02870809947
2027-12-17,2.476,2900,0.321277216159086,0.32540228365758,6700.9769520766,3846.592416232
2027-12-17,2.476,3000,0.314882137196481,0.319004253857605,6700.9769520766,3750.43025576817
2027-12-17,2.476,3100,0.308764931275215,0.312732579210672,6700.9769520766,3654.54222667629
2027-12-17,2.476,3200,0.303132770810969,0.306693584012991,6700.9769520766,3559.09280784259
2027-12-17,2.476,3300,0.29776896701758,0.300962783682409,6700.9769520766,3464.08199923056
2027-12-17,2.476,3400,0.292395607272498,0.295373011055475,6700.9769520766,3369.34532201635
2027-12-17,2.476,3500,0.287324395055104,0.289999214316379,6700.9769520766,3275.10208130073
2027-12-17,2.476,3600,0.282396333229232,0.284799115349251,6700.9769520766,3181.29745086289
2027-12-17,2.476,3700,0.277579017881089,0.279915843590855,6700.9769520766,3088.04108314139
2027-12-17,2.476,3800,0.272930391826731,0.275118954911637,6700.9769520766,2995.27815205316
2027-12-17,2.476,3900,0.268412286411149,0.270543323010294,6700.9769520766,2903.11830993976
2027-12-17,2.476,4000,0.263992925926731,0.266068421066871,6700.9769520766,2811.50673060115
2027-12-17,2.476,4100,0.2597158942327,0.261737391581003,6700.9769520766,2720.55306662364
2027-12-17,2.476,4150,0.257602749795404,0.259631801042903,6700.9769520766,2675.3229528719
2027-12-17,2.476,4200,0.255546710711443,0.257581542561747,6700.9769520766,2630.31214420762
2027-12-17,2.476,4250,0.253477316461762,0.255517009088309,6700.9769520766,2585.41098823323
2027-12-17,2.476,4300,0.251456442517507,0.25349956226561,6700.9769520766,2540.72913736725
2027-12-17,2.476,4350,0.249478470966286,0.251523766662272,6700.9769520766,2496.26659147529
2027-12-17,2.476,4400,0.247538237187864,0.249526415597945,6700.9769520766,2451.96852443773
2027-12-17,2.476,4450,0.24557388375547,0.247564318003451,6700.9769520766,2407.83493643028
2027-12-17,2.476,4500,0.243641284930411,0.245633055771805,6700.9769520766,2363.92065336096
2027-12-17,2.476,4550,0.24179030037639,0.243674922410057,6700.9769520766,2320.22567536847
2027-12-17,2.476,4600,0.239907503298412,0.24179484086498,6700.9769520766,2276.75000264985
2027-12-17,2.476,4650,0.238044875174941,0.239883359197223,6700.9769520766,2233.43880868139
2027-12-17,2.476,4700,0.236199117086793,0.238040347200998,6700.9769520766,2190.40174607634
2027-12-17,2.476,4750,0.234367179243576,0.236210610625998,6700.9769520766,2147.58398864317
2027-12-17,2.476,4800,0.232593694697601,0.23439141007418,6700.9769520766,2105.04036253585
2027-12-17,2.476,4850,0.23087254873409,0.232534173726339,6700.9769520766,2062.71604157494
2027-12-17,2.476,4900,0.229107768998285,0.230729685451856,6700.9769520766,2020.61102577745
2027-12-17,2.476,4950,0.227344672045957,0.228972462089072,6700.9769520766,1978.78014145969
2027-12-17,2.476,5000,0.225624343318005,0.227214540816433,6700.9769520766,1937.22338853198
2027-12-17,2.476,5050,0.223899878353668,0.225496029040616,6700.9769520766,1895.94076679588
2027-12-17,2.476,5100,0.222169645010134,0.223771459884566,6700.9769520766,1854.87745018061
2027-12-17,2.476,5150,0.220472358803388,0.222039341485933,6700.9769520766,1814.08826521279
2027-12-17,2.476,5200,0.218764575281553,0.220337508678793,6700.9769520766,1773.57321135029
2027-12-17,2.476,5250,0.217083577033522,0.218662165887096,6700.9769520766,1733.3871154744
2027-12-17,2.476,5300,0.215425755475355,0.21697212027681,6700.9769520766,1693.47515064245
2027-12-17,2.476,5350,0.213750725695355,0.215303223983559,6700.9769520766,1653.83731729414
2027-12-17,2.476,5400,0.212057517517332,0.213616104908945,6700.9769520766,1614.4187892364
2027-12-17,2.476,5450,0.210416382494839,0.211945349317485,6700.9769520766,1575.38404507507
2027-12-17,2.476,5500,0.208717567754917,0.210288074620293,6700.9769520766,1536.56860582605
2027-12-17,2.476,5550,0.207065122110793,0.208641567758293,6700.9769520766,1498.13695064466
2027-12-17,2.476,5600,0.205420830777887,0.206969634189295,6700.9769520766,1459.97942714497
2027-12-17,2.476,5650,0.20378222313203,0.20530462500364,6700.9769520766,1422.15086105078
2027-12-17,2.476,5700,0.202114376904982,0.203676680273667,6700.9769520766,1384.65125251576
2027-12-17,2.476,5750,0.200480734954678,0.202017973231459,6700.9769520766,1347.48060202455
2027-12-17,2.476,5800,0.198814478960926,0.200359395410258,6700.9769520766,1310.58408279035
2027-12-17,2.476,5850,0.197177131510928,0.198698859192306,6700.9769520766,1274.07134705999
2027-12-17,2.476,5900,0.195504032188002,0.197064937554191,6700.9769520766,1237.88756950307
2027-12-17,2.476,5950,0.193854929409845,0.195394072823367,6700.9769520766,1202.03274976972
2027-12-17,2.476,6000,0.192196865707809,0.193745153399342,6700.9769520766,1166.56171357611
2027-12-17,2.476,6050,0.190557397025128,0.192085783662914,6700.9769520766,1131.47446141323
2027-12-17,2.476,6100,0.188875528572566,0.19044320159797,6700.9769520766,1096.7161669578
2027-12-17,2.476,6150,0.187236629742886,0.188785936068485,6700.9769520766,1062.39648277959
2027-12-17,2.476,6200,0.185551826460061,0.187140642545176,6700.9769520766,1028.40575632791
2027-12-17,2.476,6250,0.18390454558169,0.185476637587191,6700.9769520766,994.853640062363
2027-12-17,2.476,6300,0.182235718555555,0.183820026166295,6700.9769520766,961.685307464253
2027-12-17,2.476,6350,0.180571171684247,0.18216831379318,6700.9769520766,928.955585348843
2027-12-17,2.476,6400,0.178908421683431,0.180273389003532,6700.9769520766,896.171037096074
2027-12-17,2.476,6450,0.177245039401898,0.178869945400933,6700.9769520766,864.811972092078
2027-12-17,2.476,6500,0.175578635269649,0.177218596243622,6700.9769520766,833.398080550447
2027-12-17,2.476,6550,0.173906844309421,0.17556273264565,6700.9769520766,802.422799182548
2027-12-17,2.476,6600,0.172253861408587,0.173926626328502,6700.9769520766,771.995780990644
2027-12-17,2.476,6650,0.170616918647352,0.172281170842377,6700.9769520766,742.062198973213
2027-12-17,2.476,6700,0.168967053348836,0.170676741134298,6700.9769520766,712.676880026406
2027-12-17,2.476,6750,0.166884642119945,0.169453290753234,6700.9769520766,683.683699108461
2027-12-17,2.476,6800,0.165281143588922,0.167842944381942,6700.9769520766,655.39333925448
2027-12-17,2.476,6850,0.163683101444032,0.16621419100204,6700.9769520766,627.59641564709
2027-12-17,2.476,6900,0.16208812727943,0.164616923601117,6700.9769520766,600.402581594916
2027-12-17,2.476,6950,0.160780653266723,0.162527390810432,6700.9769520766,573.318399929526
2027-12-17,2.476,7000,0.159237273063082,0.160933546747566,6700.9769520766,547.33074352496
2027-12-17,2.476,7050,0.157716602141788,0.159390090873966,6700.9769520766,522.055828836606
2027-12-17,2.476,7100,0.156216719213474,0.157842795186494,6700.9769520766,497.384003155622
2027-12-17,2.476,7200,0.153219441297794,0.154834131852339,6700.9769520766,449.959271906246
2027-12-17,2.476,7300,0.150338287229077,0.151894808976323,6700.9769520766,405.27585451502
2027-12-17,2.476,7400,0.147538206245671,0.149096447156182,6700.9769520766,363.443403597987
2027-12-17,2.476,7500,0.144869784733927,0.146381112743567,6700.9769520766,324.461919333802
2027-12-17,2.476,7600,0.142307491358576,0.143805225260048,6700.9769520766,288.386227683504
2027-12-17,2.476,7800,0.137598831086905,0.139148742626659,6700.9769520766,225.116701433921
2027-12-17,2.476,8000,0.13355096630083,0.135119109789653,6700.9769520766,173.25104156185
2027-12-17,2.476,8200,0.130144652674535,0.131752564655928,6700.9769520766,131.802374733351
2027-12-17,2.476,8400,0.127460430547717,0.129124348194211,6700.9769520766,99.6741752387251
2027-12-17,2.476,8600,0.125339476825114,0.127221587343731,6700.9769520766,75.1668286588487
2027-12-17,2.476,8800,0.123870662381332,0.126020875930922,6700.9769520766,56.9096775941418
2027-12-17,2.476,9000,0.123006551901743,0.125475690900722,6700.9769520766,43.4772392460959
2027-12-17,2.476,9200,0.122606592220657,0.12552922521406,6700.9769520766,33.6085090654844
2027-12-17,2.476,9400,0.12274591604055,0.126191177431395,6700.9769520766,26.4810927366804
2027-12-17,2.476,9600,0.123366256619733,0.127066342564425,6700.9769520766,21.1629436843107
2027-12-17,2.476,10000,0.125685709525505,0.129593710761152,6700.9769520766,14.2000062758085
2027-12-17,2.476,11000,0.131318783850026,0.137382654091598,6700.9769520766,5.86641183395486
2027-12-17,2.476,12000,0.139525677976432,0.141422628829238,6700.9769520766,2.57683511452641
2028-12-15,3.48,400,0.526848493631549,0.597649467111641,6916.94554355742,6518.71269532287
2028-12-15,3.48,800,0.460850766416919,0.482539635727013,6916.94554355742,6121.44893031604
2028-12-15,3.48,1200,0.407097034208596,0.429208592563766,6916.94554355742,5726.12333177536
2028-12-15,3.48,1600,0.378718633315463,0.390528140438307,6916.94554355742,5334.2750318529
2028-12-15,3.48,1800,0.366998687846641,0.374060975760438,6916.94554355742,5139.6904969516
2028-12-15,3.48,2000,0.352432929672501,0.359418800240746,6916.94554355742,4945.33398163463
2028-12-15,3.48,2200,0.340291449270998,0.345829980966436,6916.94554355742,4752.11756423486
2028-12-15,3.48,2400,0.32857152024584,0.333874698577602,6916.94554355742,4559.98423985373
2028-12-15,3.48,2600,0.317210979143477,0.322144567641234,6916.94554355742,4368.59197906583
2028-12-15,3.48,2700,0.311699951149898,0.316532806197275,6916.94554355742,4273.26638053178
2028-12-15,3.48,2800,0.306283739652448,0.311139616266273,6916.94554355742,4178.22580639017
2028-12-15,3.48,2900,0.301069224393942,0.305929045449909,6916.94554355742,4083.52726174303
2028-12-15,3.48,3000,0.296022589633773,0.300871458627301,6916.94554355742,3989.17074643711
2028-12-15,3.48,3100,0.291115911992847,0.295942298277348,6916.94554355742,3895.15626050148
2028-12-15,3.48,3200,0.286326017837203,0.291213569604906,6916.94554355742,3801.54080885304
2028-12-15,3.48,3300,0.281723043178184,0.286564013974203,6916.94554355742,3708.324391457
2028-12-15,3.48,3400,0.277274004499216,0.282062013017685,6916.94554355742,3615.56401320234
2028-12-15,3.48,3500,0.273030013510787,0.277758435719895,6916.94554355742,3523.37368379415
2028-12-15,3.48,3600,0.268879859820113,0.273546395353099,6916.94554355742,3431.63939377043
2028-12-15,3.48,3700,0.264874922456364,0.269476643467886,6916.94554355742,3340.47515253847
2028-12-15,3.48,3800,0.260987917451604,0.265523377481288,6916.94554355742,3249.88096036367
2028-12-15,3.48,3900,0.257195856708789,0.261725265906601,6916.94554355742,3159.91382203407
2028-12-15,3.48,4000,0.253537879641193,0.257996816969457,6916.94554355742,3070.57373764931
2028-12-15,3.48,4100,0.2499881886135,0.254377296539273,6916.94554355742,2981.91771168622
2028-12-15,3.48,4200,0.246524892452035,0.250897176472056,6916.94554355742,2894.00274957446
2028-12-15,3.48,4300,0.243179276464868,0.24748179438323,6916.94554355742,2806.82885129394
2028-12-15,3.48,4400,0.239975537867679,0.244209593390466,6916.94554355742,2720.5670310154
2028-12-15,3.48,4500,0.237022451208163,0.240965746222447,6916.94554355742,2635.2742940727
2028-12-15,3.48,4600,0.234063032282736,0.237867563725864,6916.94554355742,2550.83663080678
2028-12-15,3.48,4700,0.231173109084384,0.234848864808891,6916.94554355742,2467.31104548626
2028-12-15,3.48,4800,0.228375650938178,0.231892808394515,6916.94554355742,2384.75454362309
2028-12-15,3.48,4900,0.225614010439559,0.229059366126815,6916.94554355742,2303.22412992205
2028-12-15,3.48,5000,0.222912508495483,0.226219568164619,6916.94554355742,2222.60579441558
2028-12-15,3.48,5100,0.220256649506636,0.223470355438161,6916.94554355742,2143.07055190071
2028-12-15,3.48,5200,0.217633831659949,0.220761442494699,6916.94554355742,2064.56139764551
2028-12-15,3.48,5300,0.2150330278051,0.218113402249904,6916.94554355742,1987.13533625143
2028-12-15,3.48,5400,0.21244450969572,0.215481968505248,6916.94554355742,1910.73536327592
2028-12-15,3.48,5500,0.209859611229734,0.212888291450882,6916.94554355742,1835.41848313883
2028-12-15,3.48,5600,0.207270524140469,0.210292701692778,6916.94554355742,1761.1276909709
2028-12-15,3.48,5700,0.204670120754327,0.207716358152236,6916.94554355742,1687.91999194057
2028-12-15,3.48,5800,0.202079256876213,0.205123063958759,6916.94554355742,1615.79538592042
2028-12-15,3.48,5900,0.199462804182766,0.202506915109302,6916.94554355742,1544.69686819074
2028-12-15,3.48,6000,0.196841061286056,0.199914303837207,6916.94554355742,1474.79545312006
2028-12-15,3.48,6100,0.194206572512317,0.19728530098999,6916.94554355742,1405.97713109574
2028-12-15,3.48,6200,0.191577150278904,0.194639653953173,6916.94554355742,1338.35591179289
2028-12-15,3.48,6300,0.188920018142993,0.191970680778323,6916.94554355742,1271.87479050722
2028-12-15,3.48,6400,0.186252527080708,0.189319743829282,6916.94554355742,1206.7047816425
2028-12-15,3.48,6500,0.183590412951101,0.186654385350174,6916.94554355742,1142.84588563817
2028-12-15,3.48,6600,0.180924936019403,0.183990430839847,6916.94554355742,1080.35510714505
2028-12-15,3.48,6700,0.178270566419079,0.181342562889729,6916.94554355742,1019.34645564276
2028-12-15,3.48,6800,0.175618239034539,0.178724655441316,6916.94554355742,959.876936476993
2028-12-15,3.48,7000,0.170250914987336,0.174067121432051,6916.94554355742,846.80772617808
2028-12-15,3.48,7200,0.165313754867505,0.168504175115321,6916.94554355742,738.897458539568
2028-12-15,3.48,7400,0.160498359353538,0.163562723053613,6916.94554355742,639.594930014783
2028-12-15,3.48,7600,0.155885206502932,0.158830840544583,6916.94554355742,548.330092216904
2028-12-15,3.48,7800,0.15152964932739,0.15433852723459,6916.94554355742,465.501978309528
2028-12-15,3.48,8000,0.147446006329419,0.150141545917268,6916.94554355742,391.338609054131
2028-12-15,3.48,8200,0.143681866928429,0.146259129858975,6916.94554355742,325.896988944568
2028-12-15,3.48,8400,0.1402246448819,0.142749770774009,6916.94554355742,269.006103044322
2028-12-15,3.48,8600,0.137067712374523,0.13961278544995,6916.94554355742,220.209912035693
2028-12-15,3.48,8800,0.134301165406645,0.136978201943243,6916.94554355742,179.337401892891
2028-12-15,3.48,9000,0.131876195981478,0.134652791628897,6916.94554355742,145.191469474428
2028-12-15,3.48,9200,0.129783803302893,0.132720352729386,6916.94554355742,117.145060781485
2028-12-15,3.48,9400,0.128195095192988,0.131313657937887,6916.94554355742,94.7991415138696
2028-12-15,3.48,9600,0.12697268585594,0.130247179793986,6916.94554355742,76.842599344967
2028-12-15,3.48,10000,0.125414029197211,0.129367654179558,6916.94554355742,51.3044061464329
2028-12-15,3.48,11000,0.125887659986408,0.132434882715183,6916.94554355742,21.7758702113877
2028-12-15,3.48,12000,0.132228870232663,0.133628341162404,6916.94554355742,10.3178860994999
2029-12-21,4.5,400,0.480948941717236,0.54477466927343,7163.75762409451,6766.01656335244
2029-12-21,4.5,800,0.416706301353197,0.442506095591931,7163.75762409451,6369.22663493535
2029-12-21,4.5,1200,0.378896925854665,0.39193968552867,7163.75762409451,5975.23065770234
2029-12-21,4.5,1600,0.352500693721663,0.363748337136669,7163.75762409451,5585.99034205698
2029-12-21,4.5,1800,0.347020571958761,0.350373466086329,7163.75762409451,5394.07496680636
2029-12-21,4.5,2000,0.33108650941932,0.338048605359503,7163.75762409451,5200.55455572971
2029-12-21,4.5,2200,0.321261218947637,0.327478006535194,7163.75762409451,5009.76865003936
2029-12-21,4.5,2400,0.311177106656514,0.317365684919843,7163.75762409451,4819.81498516768
2029-12-21,4.5,2600,0.301525961573712,0.307973224140883,7163.75762409451,4631.10968144115
2029-12-21,4.5,2800,0.292321839976227,0.299097316625796,7163.75762409451,4443.71218471797
2029-12-21,4.5,2900,0.287973669498374,0.294854689588382,7163.75762409451,4350.60789410431
2029-12-21,4.5,3000,0.283729280078507,0.290773810290151,7163.75762409451,4257.91972375426
2029-12-21,4.5,3100,0.279658018868646,0.286747915694649,7163.75762409451,4165.64767385165
2029-12-21,4.5,3200,0.275652294682841,0.28292139485242,7163.75762409451,4073.85119014513
2029-12-21,4.5,3300,0.271777190088835,0.279119094799973,7163.75762409451,3982.47082675472
2029-12-21,4.5,3400,0.268081644923772,0.27547225620485,7163.75762409451,3891.68492109956
2029-12-21,4.5,3500,0.264469981945734,0.271955821833181,7163.75762409451,3801.43402744115
2029-12-21,4.5,3600,0.260990533303886,0.268488946482648,7163.75762409451,3711.71814559831
2029-12-21,4.5,3700,0.257621354419024,0.265176537820512,7163.75762409451,3622.65616732136
2029-12-21,4.5,3800,0.254343892617867,0.261940321385801,7163.75762409451,3534.18864664638
2029-12-21,4.5,3900,0.251195229527356,0.258818465542486,7163.75762409451,3446.43447531964
2029-12-21,4.5,4000,0.248153997697248,0.255792579289063,7163.75762409451,3359.39365315093
2029-12-21,4.5,4100,0.245202008979736,0.252846963146268,7163.75762409451,3273.06618016248
2029-12-21,4.5,4200,0.242323748268324,0.250012214698656,7163.75762409451,3187.51150231953
2029-12-21,4.5,4300,0.239679088287918,0.247270873103146,7163.75762409451,3102.96740252561
2029-12-21,4.5,4400,0.237191776420644,0.244607939118634,7163.75762409451,3019.37443498324
2029-12-21,4.5,4500,0.234718979070176,0.242010497774836,7163.75762409451,2936.55426270189
2029-12-21,4.5,4600,0.232368380554723,0.239541322105031,7163.75762409451,2854.80411394497
2029-12-21,4.5,4700,0.230121027877814,0.237110986515603,7163.75762409451,2774.00509744403
2029-12-21,4.5,4800,0.227856388253209,0.234780001653571,7163.75762409451,2694.09776795108
2029-12-21,4.5,4900,0.225639431034752,0.232501146554018,7163.75762409451,2615.14157057316
2029-12-21,4.5,5000,0.223493199762282,0.2302337867399,7163.75762409451,2537.13650531385
2029-12-21,4.5,5100,0.221344227200022,0.228034643539508,7163.75762409451,2460.08257246369
2029-12-21,4.5,5200,0.21921900423653,0.225893633494222,7163.75762409451,2384.03921783548
2029-12-21,4.5,5300,0.217111443078069,0.223773252826041,7163.75762409451,2308.94699538485
2029-12-21,4.5,5400,0.215016165045733,0.221696190735669,7163.75762409451,2234.865351287
2029-12-21,4.5,5500,0.212928381977335,0.219628445509021,7163.75762409451,2161.7348390968
2029-12-21,4.5,5600,0.210976106489062,0.217566081726144,7163.75762409451,2089.85268863471
2029-12-21,4.5,5675,0.20946796985995,0.216001377582485,7163.75762409451,2036.43150294605
2029-12-21,4.5,5700,0.208990145208785,0.215479960195427,7163.75762409451,2018.80277832199
2029-12-21,4.5,5800,0.206969755843307,0.213418601367816,7163.75762409451,1948.70400058127
2029-12-21,4.5,5900,0.204938521226448,0.211328388857171,7163.75762409451,1879.49690954916
2029-12-21,4.5,5950,0.203905908881742,0.210269092811031,7163.75762409451,1845.1905927324
2029-12-21,4.5,6000,0.202869860102256,0.209231936776315,7163.75762409451,1811.1815050882
2029-12-21,4.5,6100,0.200762768534099,0.207079893032346,7163.75762409451,1743.6388955567
2029-12-21,4.5,6200,0.198616072910015,0.204918013939912,7163.75762409451,1676.98797209911
2029-12-21,4.5,6300,0.196406005441342,0.202721106932333,7163.75762409451,1611.10984433216
2029-12-21,4.5,6400,0.194154240623735,0.200509590529461,7163.75762409451,1546.12340274997
2029-12-21,4.5,6500,0.191880524096488,0.198259021733767,7163.75762409451,1482.02864771452
2029-12-21,4.5,6600,0.189560431051966,0.195988853982086,7163.75762409451,1418.82557979163
2029-12-21,4.5,6700,0.187233634231136,0.193717118698097,7163.75762409451,1356.69253510837
2029-12-21,4.5,6800,0.18491659214116,0.191439984508039,7163.75762409451,1295.68896047354
2029-12-21,4.5,7000,0.180292160101061,0.186935577537857,7163.75762409451,1177.30800223656
2029-12-21,4.5,7200,0.175486703690714,0.1833353881629,7163.75762409451,1065.86265609997
2029-12-21,4.5,7400,0.171128693207783,0.178163218832189,7163.75762409451,956.066318708104
2029-12-21,4.5,7600,0.166927821726964,0.174616539614391,7163.75762409451,856.851328642086
2029-12-21,4.5,7800,0.162930214017397,0.169788781229803,7163.75762409451,759.776385875231
2029-12-21,4.5,8000,0.159131978023835,0.165892929970257,7163.75762409451,671.677755250249
2029-12-21,4.5,8200,0.155560453157014,0.162229334262672,7163.75762409451,590.593725166789
2029-12-21,4.5,8400,0.152196208972125,0.158796796775464,7163.75762409451,516.464849437976
2029-12-21,4.5,8600,0.149010828052554,0.155501801953725,7163.75762409451,448.875009288291
2029-12-21,4.5,8800,0.146053040687862,0.152470490891824,7163.75762409451,388.180877938319
2029-12-21,4.5,9000,0.143254911552846,0.14967938567525,7163.75762409451,333.906889883889
2029-12-21,4.5,9200,0.140622658535362,0.147188002909691,7163.75762409451,285.934153444037
2029-12-21,4.5,9400,0.138203446284416,0.144955769672704,7163.75762409451,243.905994262951
2029-12-21,4.5,9600,0.135984816177785,0.14302596801679,7163.75762409451,207.465737073667
2029-12-21,4.5,10000,0.132603160917364,0.136942130655776,7163.75762409451,144.393775058315
2029-12-21,4.5,11000,0.127204405897421,0.135802765315437,7163.75762409451,66.5198166088271
2029-12-21,4.5,12000,0.130645094930983,0.134039268039921,7163.75762409451,33.586860052962
2030-12-20,5.5,400,0.445517220964623,0.473375138121579,7432.79136373646,7034.51861643588
2030-12-20,5.5,800,0.372186850896341,0.413466526975212,7432.79136373646,6638.40493500591
2030-12-20,5.5,1200,0.362377095612798,0.367980834731411,7432.79136373646,6246.97951089797
2030-12-20,5.5,1600,0.335579267726881,0.341492041649141,7432.79136373646,5858.82352941372
2030-12-20,5.5,1800,0.32705193708021,0.333490029175923,7432.79136373646,5668.13835647595
2030-12-20,5.5,2000,0.318408450426842,0.322790451633775,7432.79136373646,5477.69993392554
2030-12-20,5.5,2200,0.309546338854987,0.313871443528569,7432.79136373646,5288.74201368477
2030-12-20,5.5,2400,0.300553915173302,0.305734383897824,7432.79136373646,5101.01784535943
2030-12-20,5.5,2600,0.291889223178024,0.29814053518446,7432.79136373646,4914.71249167091
2030-12-20,5.5,2800,0.283773783618773,0.290938532295288,7432.79136373646,4730.01101568013
2030-12-20,5.5,2900,0.27991868034121,0.287431843486766,7432.79136373646,4638.27715357092
2030-12-20,5.5,3000,0.276147138089905,0.284102707689115,7432.79136373646,4547.03679226556
2030-12-20,5.5,3100,0.272448782367933,0.280852309539899,7432.79136373646,4456.22824407252
2030-12-20,5.5,3200,0.268953559741016,0.277669412341218,7432.79136373646,4365.97488438234
2030-12-20,5.5,3300,0.265499196563753,0.274544597365941,7432.79136373646,4276.1533376905
2030-12-20,5.5,3400,0.262204683701446,0.271528581967655,7432.79136373646,4186.94866714514
2030-12-20,5.5,3500,0.258987575095583,0.26860517699515,7432.79136373646,4098.29918483386
2030-12-20,5.5,3600,0.255892087177142,0.265760740173418,7432.79136373646,4010.26657862481
2030-12-20,5.5,3700,0.252900218353871,0.263033709076862,7432.79136373646,3922.91253564316
2030-12-20,5.5,3800,0.250046476018908,0.260359405535463,7432.79136373646,3836.23705670998
2030-12-20,5.5,3900,0.247215645819991,0.257730016771454,7432.79136373646,3750.11676580177
2030-12-20,5.5,4000,0.244539295115157,0.255225283787827,7432.79136373646,3664.8601014448
2030-12-20,5.5,4100,0.241952182429751,0.25278661402551,7432.79136373646,3580.34368797996
2030-12-20,5.5,4200,0.239482241183685,0.250444041909939,7432.79136373646,3496.69090110181
2030-12-20,5.5,4300,0.237073359628398,0.248184448744016,7432.79136373646,3413.84005289657
2030-12-20,5.5,4400,0.234753803840586,0.245960207564391,7432.79136373646,3331.7911435894
2030-12-20,5.5,4500,0.232510787197857,0.243835654862114,7432.79136373646,3250.66754773501
2030-12-20,5.5,4600,0.230367959909398,0.241764503032112,7432.79136373646,3170.46926654527
2030-12-20,5.5,4700,0.2283117313595,0.239771802177815,7432.79136373646,3091.25798622666
2030-12-20,5.5,4800,0.226330334723991,0.237847764098966,7432.79136373646,3013.033707849
2030-12-20,5.5,4900,0.224444516522893,0.236014024874163,7432.79136373646,2935.9198061174
2030-12-20,5.5,5000,0.222731744167961,0.234085307335933,7432.79136373646,2859.73121829131
2030-12-20,5.5,5100,0.221114721669001,0.232238579653674,7432.79136373646,2784.71469475582
2030-12-20,5.5,5200,0.219526367170636,0.230410130050057,7432.79136373646,2710.62348524659
2030-12-20,5.5,5300,0.217962191698057,0.228623492173426,7432.79136373646,2637.51927765596
2030-12-20,5.5,5400,0.216418300576671,0.226873717062933,7432.79136373646,2565.40207080701
2030-12-20,5.5,5500,0.214840400028687,0.2251313094416,7432.79136373646,2494.08680334874
2030-12-20,5.5,5600,0.213279234619773,0.223369875336625,7432.79136373646,2423.63516161824
2030-12-20,5.5,5675,0.21207513188312,0.222067891324977,7432.79136373646,2371.33619741196
2030-12-20,5.5,5700,0.211659600488587,0.221637238889811,7432.79136373646,2353.98545915205
2030-12-20,5.5,5800,0.210031375634246,0.219883371926274,7432.79136373646,2285.13769552002
2030-12-20,5.5,5900,0.208370652424183,0.218131167810091,7432.79136373646,2217.09187057593
2030-12-20,5.5,6000,0.210149193906219,0.216334568274372,7432.79136373646,2159.28618651555
2030-12-20,5.5,6100,0.204910200871107,0.214516768489914,7432.79136373646,2082.97422350292
2030-12-20,5.5,6150,0.204009835749919,0.213605258347891,7432.79136373646,2049.87662463218
2030-12-20,5.5,6200,0.203091494356812,0.212677549304874,7432.79136373646,2016.90240134502
2030-12-20,5.5,6300,0.201244169609471,0.210816588103292,7432.79136373646,1951.57083029493
2030-12-20,5.5,6400,0.199305840240195,0.208892175458145,7432.79136373646,1886.67107282673
2030-12-20,5.5,6500,0.197319897004292,0.206926139533312,7432.79136373646,1822.38819164389
2030-12-20,5.5,6600,0.195266476100918,0.204938631821003,7432.79136373646,1758.72218566433
2030-12-20,5.5,6700,0.193166021079221,0.202909012903292,7432.79136373646,1695.67305566292
2030-12-20,5.5,6800,0.191018015637247,0.200856457256798,7432.79136373646,1633.30248935748
2030-12-20,5.5,7000,0.186670379505721,0.196715369118272,7432.79136373646,1511.02886117963
2030-12-20,5.5,7200,0.182318472241556,0.192575842836808,7432.79136373646,1392.51817586912
2030-12-20,5.5,7400,0.178028764519689,0.1884919898547,7432.79136373646,1278.32562239472
2030-12-20,5.5,7600,0.173975518289843,0.184501313222356,7432.79136373646,1169.35007732888
2030-12-20,5.5,7800,0.170207037761502,0.18062650403223,7432.79136373646,1066.02335331926
2030-12-20,5.5,8000,0.16657690665681,0.176904363641375,7432.79136373646,968.125137664458
2030-12-20,5.5,8200,0.163084552212384,0.17337085186959,7432.79136373646,875.902181171644
2030-12-20,5.5,8400,0.159788092740377,0.170031488694878,7432.79136373646,789.662921315439
2030-12-20,5.5,8600,0.156627306740328,0.166880151544425,7432.79136373646,709.222295631559
2030-12-20,5.5,8800,0.153712082418007,0.163898909693807,7432.79136373646,634.888742322131
2030-12-20,5.5,9000,0.151075207712247,0.16109411854648,7432.79136373646,566.723948202911
2030-12-20,5.5,9200,0.148568785105743,0.158460447590377,7432.79136373646,504.111037522931
2030-12-20,5.5,9400,0.146196623562304,0.15597927313887,7432.79136373646,446.864948662046
2030-12-20,5.5,9600,0.143885497407945,0.153676968064484,7432.79136373646,394.677241725317
2030-12-20,5.5,10000,0.139552865756211,0.149569038356555,7432.79136373646,304.860101016248
2030-12-20,5.5,11000,0.130732863206971,0.137414630906678,7432.79136373646,143.85547475561
2030-12-20,5.5,12000,0.128747720617444,0.138313562373178,7432.79136373646,80.8107511225612
